exec_ts,product_delivery,side,qty_mw,price
2026-03-02 13:30:00+00:00,2026-03-03 00:00:00+00:00,SELL,10.0,23.23
2026-03-02 14:30:00+00:00,2026-03-03 01:00:00+00:00,SELL,10.0,25.11
2026-03-02 15:30:00+00:00,2026-03-03 02:00:00+00:00,BUY,10.0,24.07
2026-03-02 16:30:00+00:00,2026-03-03 03:00:00+00:00,SELL,10.0,31.32
2026-03-02 17:30:00+00:00,2026-03-03 04:00:00+00:00,SELL,10.0,29.43
2026-03-02 18:30:00+00:00,2026-03-03 05:00:00+00:00,BUY,10.0,29.1
2026-03-02 19:30:00+00:00,2026-03-03 06:00:00+00:00,BUY,10.0,38.94
2026-03-02 20:30:00+00:00,2026-03-03 07:00:00+00:00,SELL,10.0,46.29
2026-03-02 21:30:00+00:00,2026-03-03 08:00:00+00:00,BUY,10.0,43.42
2026-03-02 22:30:00+00:00,2026-03-03 09:00:00+00:00,BUY,10.0,41.1
2026-03-02 23:15:00+00:00,2026-03-03 00:00:00+00:00,BUY,10.0,26.39
2026-03-02 23:30:00+00:00,2026-03-03 10:00:00+00:00,BUY,10.0,36.4
2026-03-03 00:15:00+00:00,2026-03-03 01:00:00+00:00,BUY,10.0,32.56
2026-03-03 00:30:00+00:00,2026-03-03 11:00:00+00:00,BUY,10.0,41.8
2026-03-03 01:15:00+00:00,2026-03-03 02:00:00+00:00,SELL,10.0,32.69
2026-03-03 01:30:00+00:00,2026-03-03 12:00:00+00:00,BUY,10.0,33.29
2026-03-03 02:15:00+00:00,2026-03-03 03:00:00+00:00,BUY,10.0,32.13
2026-03-03 02:30:00+00:00,2026-03-03 13:00:00+00:00,SELL,10.0,28.8
2026-03-03 03:15:00+00:00,2026-03-03 04:00:00+00:00,BUY,10.0,34.02
2026-03-03 03:30:00+00:00,2026-03-03 14:00:00+00:00,SELL,10.0,39.02
2026-03-03 04:15:00+00:00,2026-03-03 05:00:00+00:00,SELL,10.0,38.57
2026-03-03 04:30:00+00:00,2026-03-03 15:00:00+00:00,BUY,10.0,36.7
2026-03-03 05:15:00+00:00,2026-03-03 06:00:00+00:00,SELL,10.0,46.74
2026-03-03 05:30:00+00:00,2026-03-03 16:00:00+00:00,BUY,10.0,38.91
2026-03-03 06:15:00+00:00,2026-03-03 07:00:00+00:00,BUY,10.0,47.89
2026-03-03 06:30:00+00:00,2026-03-03 17:00:00+00:00,SELL,10.0,43.92
2026-03-03 07:15:00+00:00,2026-03-03 08:00:00+00:00,SELL,10.0,87.85
2026-03-03 07:30:00+00:00,2026-03-03 18:00:00+00:00,SELL,10.0,39.25
2026-03-03 08:15:00+00:00,2026-03-03 09:00:00+00:00,SELL,10.0,47.07
2026-03-03 08:30:00+00:00,2026-03-03 19:00:00+00:00,SELL,10.0,32.79
2026-03-03 09:15:00+00:00,2026-03-03 10:00:00+00:00,SELL,10.0,37.54
2026-03-03 09:30:00+00:00,2026-03-03 20:00:00+00:00,BUY,10.0,27.79
2026-03-03 10:15:00+00:00,2026-03-03 11:00:00+00:00,SELL,10.0,41.42
2026-03-03 10:30:00+00:00,2026-03-03 21:00:00+00:00,SELL,10.0,27.27
2026-03-03 11:15:00+00:00,2026-03-03 12:00:00+00:00,SELL,10.0,34.05
2026-03-03 11:30:00+00:00,2026-03-03 22:00:00+00:00,BUY,10.0,24.79
2026-03-03 12:15:00+00:00,2026-03-03 13:00:00+00:00,BUY,10.0,32.52
2026-03-03 12:30:00+00:00,2026-03-03 23:00:00+00:00,BUY,10.0,24.76
2026-03-03 13:15:00+00:00,2026-03-03 14:00:00+00:00,BUY,10.0,37.43
2026-03-03 13:30:00+00:00,2026-03-04 00:00:00+00:00,SELL,10.0,18.06
2026-03-03 14:15:00+00:00,2026-03-03 15:00:00+00:00,SELL,10.0,35.62
2026-03-03 14:30:00+00:00,2026-03-04 01:00:00+00:00,SELL,10.0,24.33
2026-03-03 15:15:00+00:00,2026-03-03 16:00:00+00:00,SELL,10.0,42.84
2026-03-03 15:30:00+00:00,2026-03-04 02:00:00+00:00,BUY,10.0,25.47
2026-03-03 16:15:00+00:00,2026-03-03 17:00:00+00:00,BUY,10.0,43.97
2026-03-03 16:30:00+00:00,2026-03-04 03:00:00+00:00,BUY,10.0,31.6
2026-03-03 17:15:00+00:00,2026-03-03 18:00:00+00:00,BUY,10.0,44.43
2026-03-03 17:30:00+00:00,2026-03-04 04:00:00+00:00,BUY,10.0,33.76
2026-03-03 18:15:00+00:00,2026-03-03 19:00:00+00:00,BUY,10.0,40.02
2026-03-03 18:30:00+00:00,2026-03-04 05:00:00+00:00,BUY,10.0,33.68
2026-03-03 19:15:00+00:00,2026-03-03 20:00:00+00:00,SELL,10.0,35.06
2026-03-03 19:30:00+00:00,2026-03-04 06:00:00+00:00,BUY,10.0,31.6
2026-03-03 20:15:00+00:00,2026-03-03 21:00:00+00:00,BUY,10.0,30.95
2026-03-03 20:30:00+00:00,2026-03-04 07:00:00+00:00,SELL,10.0,40.84
2026-03-03 21:15:00+00:00,2026-03-03 22:00:00+00:00,SELL,10.0,36.39
2026-03-03 21:30:00+00:00,2026-03-04 08:00:00+00:00,BUY,10.0,45.62
2026-03-03 22:15:00+00:00,2026-03-03 23:00:00+00:00,SELL,10.0,33.61
2026-03-03 22:30:00+00:00,2026-03-04 09:00:00+00:00,SELL,10.0,37.02
2026-03-03 23:15:00+00:00,2026-03-04 00:00:00+00:00,BUY,10.0,25.01
2026-03-03 23:30:00+00:00,2026-03-04 10:00:00+00:00,BUY,10.0,39.67
2026-03-04 00:15:00+00:00,2026-03-04 01:00:00+00:00,BUY,10.0,24.43
2026-03-04 00:30:00+00:00,2026-03-04 11:00:00+00:00,BUY,10.0,36.61
2026-03-04 01:15:00+00:00,2026-03-04 02:00:00+00:00,SELL,10.0,24.91
2026-03-04 01:30:00+00:00,2026-03-04 12:00:00+00:00,SELL,10.0,37.98
2026-03-04 02:15:00+00:00,2026-03-04 03:00:00+00:00,SELL,10.0,30.74
2026-03-04 02:30:00+00:00,2026-03-04 13:00:00+00:00,BUY,10.0,22.57
2026-03-04 03:15:00+00:00,2026-03-04 04:00:00+00:00,SELL,10.0,36.04
2026-03-04 03:30:00+00:00,2026-03-04 14:00:00+00:00,SELL,10.0,29.03
2026-03-04 04:15:00+00:00,2026-03-04 05:00:00+00:00,SELL,10.0,73.42
2026-03-04 04:30:00+00:00,2026-03-04 15:00:00+00:00,BUY,10.0,34.09
2026-03-04 05:15:00+00:00,2026-03-04 06:00:00+00:00,SELL,10.0,26.48
2026-03-04 05:30:00+00:00,2026-03-04 16:00:00+00:00,SELL,10.0,34.81
2026-03-04 06:15:00+00:00,2026-03-04 07:00:00+00:00,BUY,10.0,34.81
2026-03-04 06:30:00+00:00,2026-03-04 17:00:00+00:00,SELL,10.0,38.4
2026-03-04 07:15:00+00:00,2026-03-04 08:00:00+00:00,SELL,10.0,44.29
2026-03-04 07:30:00+00:00,2026-03-04 18:00:00+00:00,BUY,10.0,35.64
2026-03-04 08:15:00+00:00,2026-03-04 09:00:00+00:00,BUY,10.0,39.71
2026-03-04 08:30:00+00:00,2026-03-04 19:00:00+00:00,SELL,10.0,38.63
2026-03-04 09:15:00+00:00,2026-03-04 10:00:00+00:00,SELL,10.0,41.57
2026-03-04 09:30:00+00:00,2026-03-04 20:00:00+00:00,BUY,10.0,30.94
2026-03-04 10:15:00+00:00,2026-03-04 11:00:00+00:00,SELL,10.0,37.67
2026-03-04 10:30:00+00:00,2026-03-04 21:00:00+00:00,SELL,10.0,32.63
2026-03-04 11:15:00+00:00,2026-03-04 12:00:00+00:00,BUY,10.0,34.17
2026-03-04 11:30:00+00:00,2026-03-04 22:00:00+00:00,SELL,10.0,25.3
2026-03-04 12:15:00+00:00,2026-03-04 13:00:00+00:00,SELL,10.0,36.7
2026-03-04 12:30:00+00:00,2026-03-04 23:00:00+00:00,SELL,10.0,20.44
2026-03-04 13:15:00+00:00,2026-03-04 14:00:00+00:00,BUY,10.0,29.76
2026-03-04 13:30:00+00:00,2026-03-05 00:00:00+00:00,BUY,10.0,31.58
2026-03-04 14:15:00+00:00,2026-03-04 15:00:00+00:00,SELL,10.0,36.05
2026-03-04 14:30:00+00:00,2026-03-05 01:00:00+00:00,BUY,10.0,24.96
2026-03-04 15:15:00+00:00,2026-03-04 16:00:00+00:00,BUY,10.0,33.89
2026-03-04 15:30:00+00:00,2026-03-05 02:00:00+00:00,BUY,10.0,27.28
2026-03-04 16:15:00+00:00,2026-03-04 17:00:00+00:00,BUY,10.0,41.08
2026-03-04 16:30:00+00:00,2026-03-05 03:00:00+00:00,BUY,10.0,28.74
2026-03-04 17:15:00+00:00,2026-03-04 18:00:00+00:00,SELL,10.0,36.25
2026-03-04 17:30:00+00:00,2026-03-05 04:00:00+00:00,SELL,10.0,26.72
2026-03-04 18:15:00+00:00,2026-03-04 19:00:00+00:00,BUY,10.0,41.24
2026-03-04 18:30:00+00:00,2026-03-05 05:00:00+00:00,BUY,10.0,31.84
2026-03-04 19:15:00+00:00,2026-03-04 20:00:00+00:00,SELL,10.0,31.29
2026-03-04 19:30:00+00:00,2026-03-05 06:00:00+00:00,BUY,10.0,38.6
2026-03-04 20:15:00+00:00,2026-03-04 21:00:00+00:00,BUY,10.0,31.81
2026-03-04 20:30:00+00:00,2026-03-05 07:00:00+00:00,BUY,10.0,33.36
2026-03-04 21:15:00+00:00,2026-03-04 22:00:00+00:00,BUY,10.0,25.54
2026-03-04 21:30:00+00:00,2026-03-05 08:00:00+00:00,SELL,10.0,38.66
2026-03-04 22:15:00+00:00,2026-03-04 23:00:00+00:00,BUY,10.0,11.83
2026-03-04 22:30:00+00:00,2026-03-05 09:00:00+00:00,SELL,10.0,37.33
2026-03-04 23:15:00+00:00,2026-03-05 00:00:00+00:00,SELL,10.0,29.6
2026-03-04 23:30:00+00:00,2026-03-05 10:00:00+00:00,BUY,10.0,40.3
2026-03-05 00:15:00+00:00,2026-03-05 01:00:00+00:00,SELL,10.0,20.76
2026-03-05 00:30:00+00:00,2026-03-05 11:00:00+00:00,SELL,10.0,28.32
2026-03-05 01:15:00+00:00,2026-03-05 02:00:00+00:00,SELL,10.0,29.64
2026-03-05 01:30:00+00:00,2026-03-05 12:00:00+00:00,BUY,10.0,29.92
2026-03-05 02:15:00+00:00,2026-03-05 03:00:00+00:00,SELL,10.0,29.2
2026-03-05 02:30:00+00:00,2026-03-05 13:00:00+00:00,BUY,10.0,32.65
2026-03-05 03:15:00+00:00,2026-03-05 04:00:00+00:00,BUY,10.0,27.23
2026-03-05 03:30:00+00:00,2026-03-05 14:00:00+00:00,SELL,10.0,23.16
2026-03-05 04:15:00+00:00,2026-03-05 05:00:00+00:00,SELL,10.0,30.38
2026-03-05 04:30:00+00:00,2026-03-05 15:00:00+00:00,BUY,10.0,37.72
2026-03-05 05:15:00+00:00,2026-03-05 06:00:00+00:00,SELL,10.0,38.75
2026-03-05 05:30:00+00:00,2026-03-05 16:00:00+00:00,BUY,10.0,35.03
2026-03-05 06:15:00+00:00,2026-03-05 07:00:00+00:00,SELL,10.0,34.29
2026-03-05 06:30:00+00:00,2026-03-05 17:00:00+00:00,SELL,10.0,30.31
2026-03-05 07:15:00+00:00,2026-03-05 08:00:00+00:00,BUY,10.0,34.11
2026-03-05 07:30:00+00:00,2026-03-05 18:00:00+00:00,BUY,10.0,37.16
2026-03-05 08:15:00+00:00,2026-03-05 09:00:00+00:00,BUY,10.0,37.66
2026-03-05 08:30:00+00:00,2026-03-05 19:00:00+00:00,SELL,10.0,34.39
2026-03-05 09:15:00+00:00,2026-03-05 10:00:00+00:00,SELL,10.0,39.24
2026-03-05 09:30:00+00:00,2026-03-05 20:00:00+00:00,BUY,10.0,31.23
2026-03-05 10:15:00+00:00,2026-03-05 11:00:00+00:00,BUY,10.0,30.17
2026-03-05 10:30:00+00:00,2026-03-05 21:00:00+00:00,SELL,10.0,29.84
2026-03-05 11:15:00+00:00,2026-03-05 12:00:00+00:00,SELL,10.0,27.4
2026-03-05 11:30:00+00:00,2026-03-05 22:00:00+00:00,SELL,10.0,22.74
2026-03-05 12:15:00+00:00,2026-03-05 13:00:00+00:00,SELL,10.0,31.12
2026-03-05 12:30:00+00:00,2026-03-05 23:00:00+00:00,BUY,10.0,23.27
2026-03-05 13:15:00+00:00,2026-03-05 14:00:00+00:00,BUY,10.0,21.37
2026-03-05 13:30:00+00:00,2026-03-06 00:00:00+00:00,BUY,10.0,10.74
2026-03-05 14:15:00+00:00,2026-03-05 15:00:00+00:00,SELL,10.0,35.82
2026-03-05 14:30:00+00:00,2026-03-06 01:00:00+00:00,SELL,10.0,6.71
2026-03-05 15:15:00+00:00,2026-03-05 16:00:00+00:00,SELL,10.0,32.08
2026-03-05 15:30:00+00:00,2026-03-06 02:00:00+00:00,BUY,10.0,13.73
2026-03-05 16:15:00+00:00,2026-03-05 17:00:00+00:00,BUY,10.0,30.5
2026-03-05 16:30:00+00:00,2026-03-06 03:00:00+00:00,SELL,10.0,17.25
2026-03-05 17:15:00+00:00,2026-03-05 18:00:00+00:00,SELL,10.0,34.62
2026-03-05 17:30:00+00:00,2026-03-06 04:00:00+00:00,BUY,10.0,26.8
2026-03-05 18:15:00+00:00,2026-03-05 19:00:00+00:00,BUY,10.0,32.29
2026-03-05 18:30:00+00:00,2026-03-06 05:00:00+00:00,SELL,10.0,26.17
2026-03-05 19:15:00+00:00,2026-03-05 20:00:00+00:00,SELL,10.0,35.83
2026-03-05 19:30:00+00:00,2026-03-06 06:00:00+00:00,SELL,10.0,38.09
2026-03-05 20:15:00+00:00,2026-03-05 21:00:00+00:00,BUY,10.0,24.99
2026-03-05 20:30:00+00:00,2026-03-06 07:00:00+00:00,BUY,10.0,24.83
2026-03-05 21:15:00+00:00,2026-03-05 22:00:00+00:00,BUY,10.0,26.47
2026-03-05 21:30:00+00:00,2026-03-06 08:00:00+00:00,SELL,10.0,39.4
2026-03-05 22:15:00+00:00,2026-03-05 23:00:00+00:00,SELL,10.0,22.84
2026-03-05 22:30:00+00:00,2026-03-06 09:00:00+00:00,SELL,10.0,34.47
2026-03-05 23:15:00+00:00,2026-03-06 00:00:00+00:00,SELL,10.0,24.6
2026-03-05 23:30:00+00:00,2026-03-06 10:00:00+00:00,SELL,10.0,34.23
2026-03-06 00:15:00+00:00,2026-03-06 01:00:00+00:00,BUY,10.0,22.0
2026-03-06 00:30:00+00:00,2026-03-06 11:00:00+00:00,BUY,10.0,28.05
2026-03-06 01:15:00+00:00,2026-03-06 02:00:00+00:00,SELL,10.0,27.94
2026-03-06 01:30:00+00:00,2026-03-06 12:00:00+00:00,BUY,10.0,28.34
2026-03-06 02:15:00+00:00,2026-03-06 03:00:00+00:00,BUY,10.0,30.64
2026-03-06 02:30:00+00:00,2026-03-06 13:00:00+00:00,BUY,10.0,23.69
2026-03-06 03:15:00+00:00,2026-03-06 04:00:00+00:00,SELL,10.0,30.85
2026-03-06 03:30:00+00:00,2026-03-06 14:00:00+00:00,SELL,10.0,28.14
2026-03-06 04:15:00+00:00,2026-03-06 05:00:00+00:00,BUY,10.0,-4.81
2026-03-06 04:30:00+00:00,2026-03-06 15:00:00+00:00,BUY,10.0,23.3
2026-03-06 05:15:00+00:00,2026-03-06 06:00:00+00:00,BUY,10.0,39.19
2026-03-06 05:30:00+00:00,2026-03-06 16:00:00+00:00,SELL,10.0,25.69
2026-03-06 06:15:00+00:00,2026-03-06 07:00:00+00:00,SELL,10.0,35.72
2026-03-06 06:30:00+00:00,2026-03-06 17:00:00+00:00,BUY,10.0,31.52
2026-03-06 07:15:00+00:00,2026-03-06 08:00:00+00:00,BUY,10.0,43.05
2026-03-06 07:30:00+00:00,2026-03-06 18:00:00+00:00,BUY,10.0,35.54
2026-03-06 08:15:00+00:00,2026-03-06 09:00:00+00:00,BUY,10.0,39.84
2026-03-06 08:30:00+00:00,2026-03-06 19:00:00+00:00,SELL,10.0,27.21
2026-03-06 09:15:00+00:00,2026-03-06 10:00:00+00:00,BUY,10.0,37.36
2026-03-06 09:30:00+00:00,2026-03-06 20:00:00+00:00,BUY,10.0,21.45
2026-03-06 10:15:00+00:00,2026-03-06 11:00:00+00:00,SELL,10.0,32.99
2026-03-06 10:30:00+00:00,2026-03-06 21:00:00+00:00,SELL,10.0,13.27
2026-03-06 11:15:00+00:00,2026-03-06 12:00:00+00:00,SELL,10.0,28.71
2026-03-06 11:30:00+00:00,2026-03-06 22:00:00+00:00,SELL,10.0,20.06
2026-03-06 12:15:00+00:00,2026-03-06 13:00:00+00:00,SELL,10.0,26.66
2026-03-06 12:30:00+00:00,2026-03-06 23:00:00+00:00,BUY,10.0,-31.88
2026-03-06 13:15:00+00:00,2026-03-06 14:00:00+00:00,BUY,10.0,31.02
2026-03-06 13:30:00+00:00,2026-03-07 00:00:00+00:00,SELL,10.0,16.41
2026-03-06 14:15:00+00:00,2026-03-06 15:00:00+00:00,SELL,10.0,30.98
2026-03-06 14:30:00+00:00,2026-03-07 01:00:00+00:00,BUY,10.0,18.8
2026-03-06 15:15:00+00:00,2026-03-06 16:00:00+00:00,BUY,10.0,32.87
2026-03-06 15:30:00+00:00,2026-03-07 02:00:00+00:00,BUY,10.0,15.27
2026-03-06 16:15:00+00:00,2026-03-06 17:00:00+00:00,SELL,10.0,34.32
2026-03-06 16:30:00+00:00,2026-03-07 03:00:00+00:00,BUY,10.0,25.1
2026-03-06 17:15:00+00:00,2026-03-06 18:00:00+00:00,SELL,10.0,36.8
2026-03-06 17:30:00+00:00,2026-03-07 04:00:00+00:00,BUY,10.0,31.4
2026-03-06 18:15:00+00:00,2026-03-06 19:00:00+00:00,BUY,10.0,30.17
2026-03-06 18:30:00+00:00,2026-03-07 05:00:00+00:00,BUY,10.0,28.92
2026-03-06 19:15:00+00:00,2026-03-06 20:00:00+00:00,SELL,10.0,26.9
2026-03-06 19:30:00+00:00,2026-03-07 06:00:00+00:00,SELL,10.0,30.23
2026-03-06 20:15:00+00:00,2026-03-06 21:00:00+00:00,BUY,10.0,33.36
2026-03-06 20:30:00+00:00,2026-03-07 07:00:00+00:00,BUY,10.0,31.99
2026-03-06 21:15:00+00:00,2026-03-06 22:00:00+00:00,BUY,10.0,28.2
2026-03-06 21:30:00+00:00,2026-03-07 08:00:00+00:00,SELL,10.0,34.84
2026-03-06 22:15:00+00:00,2026-03-06 23:00:00+00:00,SELL,10.0,56.14
2026-03-06 22:30:00+00:00,2026-03-07 09:00:00+00:00,BUY,10.0,35.56
2026-03-06 23:15:00+00:00,2026-03-07 00:00:00+00:00,BUY,10.0,19.82
2026-03-06 23:30:00+00:00,2026-03-07 10:00:00+00:00,SELL,10.0,27.14
2026-03-07 00:15:00+00:00,2026-03-07 01:00:00+00:00,SELL,10.0,21.78
2026-03-07 00:30:00+00:00,2026-03-07 11:00:00+00:00,BUY,10.0,33.33
2026-03-07 01:15:00+00:00,2026-03-07 02:00:00+00:00,SELL,10.0,3.96
2026-03-07 01:30:00+00:00,2026-03-07 12:00:00+00:00,BUY,10.0,34.58
2026-03-07 02:15:00+00:00,2026-03-07 03:00:00+00:00,SELL,10.0,63.61
2026-03-07 02:30:00+00:00,2026-03-07 13:00:00+00:00,SELL,10.0,18.58
2026-03-07 03:15:00+00:00,2026-03-07 04:00:00+00:00,SELL,10.0,62.83
2026-03-07 03:30:00+00:00,2026-03-07 14:00:00+00:00,SELL,10.0,23.88
2026-03-07 04:15:00+00:00,2026-03-07 05:00:00+00:00,SELL,10.0,29.76
2026-03-07 04:30:00+00:00,2026-03-07 15:00:00+00:00,BUY,10.0,25.25
2026-03-07 05:15:00+00:00,2026-03-07 06:00:00+00:00,BUY,10.0,30.06
2026-03-07 05:30:00+00:00,2026-03-07 16:00:00+00:00,BUY,10.0,29.89
2026-03-07 06:15:00+00:00,2026-03-07 07:00:00+00:00,SELL,10.0,30.24
2026-03-07 06:30:00+00:00,2026-03-07 17:00:00+00:00,BUY,10.0,36.95
2026-03-07 07:15:00+00:00,2026-03-07 08:00:00+00:00,BUY,10.0,33.02
2026-03-07 07:30:00+00:00,2026-03-07 18:00:00+00:00,SELL,10.0,42.52
2026-03-07 08:15:00+00:00,2026-03-07 09:00:00+00:00,SELL,10.0,34.43
2026-03-07 08:30:00+00:00,2026-03-07 19:00:00+00:00,BUY,10.0,30.61
2026-03-07 09:15:00+00:00,2026-03-07 10:00:00+00:00,BUY,10.0,31.5
2026-03-07 09:30:00+00:00,2026-03-07 20:00:00+00:00,SELL,10.0,31.98
2026-03-07 10:15:00+00:00,2026-03-07 11:00:00+00:00,SELL,10.0,30.45
2026-03-07 10:30:00+00:00,2026-03-07 21:00:00+00:00,SELL,10.0,27.13
2026-03-07 11:15:00+00:00,2026-03-07 12:00:00+00:00,SELL,10.0,27.9
2026-03-07 11:30:00+00:00,2026-03-07 22:00:00+00:00,SELL,10.0,3.55
2026-03-07 12:15:00+00:00,2026-03-07 13:00:00+00:00,BUY,10.0,17.87
2026-03-07 12:30:00+00:00,2026-03-07 23:00:00+00:00,BUY,10.0,21.6
2026-03-07 13:15:00+00:00,2026-03-07 14:00:00+00:00,BUY,10.0,21.77
2026-03-07 13:30:00+00:00,2026-03-08 00:00:00+00:00,SELL,10.0,31.56
2026-03-07 14:15:00+00:00,2026-03-07 15:00:00+00:00,SELL,10.0,23.29
2026-03-07 14:30:00+00:00,2026-03-08 01:00:00+00:00,BUY,10.0,23.39
2026-03-07 15:15:00+00:00,2026-03-07 16:00:00+00:00,SELL,10.0,22.6
2026-03-07 15:30:00+00:00,2026-03-08 02:00:00+00:00,SELL,10.0,36.76
2026-03-07 16:15:00+00:00,2026-03-07 17:00:00+00:00,SELL,10.0,30.34
2026-03-07 16:30:00+00:00,2026-03-08 03:00:00+00:00,SELL,10.0,31.75
2026-03-07 17:15:00+00:00,2026-03-07 18:00:00+00:00,BUY,10.0,34.73
2026-03-07 17:30:00+00:00,2026-03-08 04:00:00+00:00,BUY,10.0,38.24
2026-03-07 18:15:00+00:00,2026-03-07 19:00:00+00:00,SELL,10.0,28.16
2026-03-07 18:30:00+00:00,2026-03-08 05:00:00+00:00,SELL,10.0,40.57
2026-03-07 19:15:00+00:00,2026-03-07 20:00:00+00:00,BUY,10.0,29.67
2026-03-07 19:30:00+00:00,2026-03-08 06:00:00+00:00,BUY,10.0,40.47
2026-03-07 20:15:00+00:00,2026-03-07 21:00:00+00:00,BUY,10.0,27.32
2026-03-07 20:30:00+00:00,2026-03-08 07:00:00+00:00,SELL,10.0,39.71
2026-03-07 21:15:00+00:00,2026-03-07 22:00:00+00:00,BUY,10.0,8.88
2026-03-07 21:30:00+00:00,2026-03-08 08:00:00+00:00,BUY,10.0,46.1
2026-03-07 22:15:00+00:00,2026-03-07 23:00:00+00:00,SELL,10.0,18.15
2026-03-07 22:30:00+00:00,2026-03-08 09:00:00+00:00,BUY,10.0,42.31
2026-03-07 23:15:00+00:00,2026-03-08 00:00:00+00:00,BUY,10.0,28.42
2026-03-07 23:30:00+00:00,2026-03-08 10:00:00+00:00,SELL,10.0,42.23
2026-03-08 00:15:00+00:00,2026-03-08 01:00:00+00:00,SELL,10.0,28.6
2026-03-08 00:30:00+00:00,2026-03-08 11:00:00+00:00,SELL,10.0,41.58
2026-03-08 01:15:00+00:00,2026-03-08 02:00:00+00:00,BUY,10.0,31.96
2026-03-08 01:30:00+00:00,2026-03-08 12:00:00+00:00,BUY,10.0,34.87
2026-03-08 02:15:00+00:00,2026-03-08 03:00:00+00:00,BUY,10.0,33.09
2026-03-08 02:30:00+00:00,2026-03-08 13:00:00+00:00,BUY,10.0,39.92
2026-03-08 03:15:00+00:00,2026-03-08 04:00:00+00:00,SELL,10.0,38.86
2026-03-08 03:30:00+00:00,2026-03-08 14:00:00+00:00,BUY,10.0,33.84
2026-03-08 04:15:00+00:00,2026-03-08 05:00:00+00:00,BUY,10.0,40.37
2026-03-08 04:30:00+00:00,2026-03-08 15:00:00+00:00,BUY,10.0,30.57
2026-03-08 05:15:00+00:00,2026-03-08 06:00:00+00:00,SELL,10.0,40.04
2026-03-08 05:30:00+00:00,2026-03-08 16:00:00+00:00,SELL,10.0,36.44
2026-03-08 06:15:00+00:00,2026-03-08 07:00:00+00:00,BUY,10.0,39.14
2026-03-08 06:30:00+00:00,2026-03-08 17:00:00+00:00,BUY,10.0,41.83
2026-03-08 07:15:00+00:00,2026-03-08 08:00:00+00:00,SELL,10.0,43.49
2026-03-08 07:30:00+00:00,2026-03-08 18:00:00+00:00,SELL,10.0,43.78
2026-03-08 08:15:00+00:00,2026-03-08 09:00:00+00:00,SELL,10.0,42.68
2026-03-08 08:30:00+00:00,2026-03-08 19:00:00+00:00,BUY,10.0,44.31
2026-03-08 09:15:00+00:00,2026-03-08 10:00:00+00:00,BUY,10.0,41.58
2026-03-08 09:30:00+00:00,2026-03-08 20:00:00+00:00,BUY,10.0,38.01
2026-03-08 10:15:00+00:00,2026-03-08 11:00:00+00:00,BUY,10.0,38.92
2026-03-08 10:30:00+00:00,2026-03-08 21:00:00+00:00,SELL,10.0,31.76
2026-03-08 11:15:00+00:00,2026-03-08 12:00:00+00:00,SELL,10.0,37.09
2026-03-08 11:30:00+00:00,2026-03-08 22:00:00+00:00,SELL,10.0,37.53
2026-03-08 12:15:00+00:00,2026-03-08 13:00:00+00:00,SELL,10.0,38.39
2026-03-08 12:30:00+00:00,2026-03-08 23:00:00+00:00,BUY,10.0,23.33
2026-03-08 13:15:00+00:00,2026-03-08 14:00:00+00:00,SELL,10.0,32.17
2026-03-08 13:30:00+00:00,2026-03-09 00:00:00+00:00,BUY,10.0,16.41
2026-03-08 14:15:00+00:00,2026-03-08 15:00:00+00:00,SELL,10.0,34.91
2026-03-08 14:30:00+00:00,2026-03-09 01:00:00+00:00,SELL,10.0,25.29
2026-03-08 15:15:00+00:00,2026-03-08 16:00:00+00:00,BUY,10.0,37.3
2026-03-08 15:30:00+00:00,2026-03-09 02:00:00+00:00,BUY,10.0,25.47
2026-03-08 16:15:00+00:00,2026-03-08 17:00:00+00:00,SELL,10.0,41.18
2026-03-08 16:30:00+00:00,2026-03-09 03:00:00+00:00,SELL,10.0,21.58
2026-03-08 17:15:00+00:00,2026-03-08 18:00:00+00:00,BUY,10.0,47.1
2026-03-08 17:30:00+00:00,2026-03-09 04:00:00+00:00,BUY,10.0,26.69
2026-03-08 18:15:00+00:00,2026-03-08 19:00:00+00:00,SELL,10.0,42.88
2026-03-08 18:30:00+00:00,2026-03-09 05:00:00+00:00,SELL,10.0,36.43
2026-03-08 19:15:00+00:00,2026-03-08 20:00:00+00:00,SELL,10.0,35.94
2026-03-08 19:30:00+00:00,2026-03-09 06:00:00+00:00,BUY,10.0,42.74
2026-03-08 20:15:00+00:00,2026-03-08 21:00:00+00:00,BUY,10.0,33.36
2026-03-08 20:30:00+00:00,2026-03-09 07:00:00+00:00,BUY,10.0,44.08
2026-03-08 21:15:00+00:00,2026-03-08 22:00:00+00:00,BUY,10.0,36.42
2026-03-08 21:30:00+00:00,2026-03-09 08:00:00+00:00,BUY,10.0,36.02
2026-03-08 22:15:00+00:00,2026-03-08 23:00:00+00:00,SELL,10.0,26.68
2026-03-08 22:30:00+00:00,2026-03-09 09:00:00+00:00,SELL,10.0,36.85
2026-03-08 23:15:00+00:00,2026-03-09 00:00:00+00:00,SELL,10.0,14.92
2026-03-08 23:30:00+00:00,2026-03-09 10:00:00+00:00,BUY,10.0,35.41
2026-03-09 00:15:00+00:00,2026-03-09 01:00:00+00:00,BUY,10.0,19.97
2026-03-09 00:30:00+00:00,2026-03-09 11:00:00+00:00,BUY,10.0,27.22
2026-03-09 01:15:00+00:00,2026-03-09 02:00:00+00:00,SELL,10.0,21.36
2026-03-09 01:30:00+00:00,2026-03-09 12:00:00+00:00,BUY,10.0,32.94
2026-03-09 02:15:00+00:00,2026-03-09 03:00:00+00:00,BUY,10.0,20.02
2026-03-09 02:30:00+00:00,2026-03-09 13:00:00+00:00,BUY,10.0,39.35
2026-03-09 03:15:00+00:00,2026-03-09 04:00:00+00:00,SELL,10.0,22.74
2026-03-09 03:30:00+00:00,2026-03-09 14:00:00+00:00,SELL,10.0,16.78
2026-03-09 04:15:00+00:00,2026-03-09 05:00:00+00:00,BUY,10.0,32.86
2026-03-09 04:30:00+00:00,2026-03-09 15:00:00+00:00,BUY,10.0,23.88
2026-03-09 05:15:00+00:00,2026-03-09 06:00:00+00:00,SELL,10.0,33.12
2026-03-09 05:30:00+00:00,2026-03-09 16:00:00+00:00,SELL,10.0,27.59
2026-03-09 06:15:00+00:00,2026-03-09 07:00:00+00:00,SELL,10.0,37.15
2026-03-09 06:30:00+00:00,2026-03-09 17:00:00+00:00,SELL,10.0,37.91
2026-03-09 07:15:00+00:00,2026-03-09 08:00:00+00:00,SELL,10.0,36.79
2026-03-09 07:30:00+00:00,2026-03-09 18:00:00+00:00,SELL,10.0,41.05
2026-03-09 08:15:00+00:00,2026-03-09 09:00:00+00:00,BUY,10.0,33.41
2026-03-09 08:30:00+00:00,2026-03-09 19:00:00+00:00,BUY,10.0,33.91
2026-03-09 09:15:00+00:00,2026-03-09 10:00:00+00:00,SELL,10.0,28.0
2026-03-09 09:30:00+00:00,2026-03-09 20:00:00+00:00,BUY,10.0,31.7
2026-03-09 10:15:00+00:00,2026-03-09 11:00:00+00:00,SELL,10.0,80.06
2026-03-09 10:30:00+00:00,2026-03-09 21:00:00+00:00,BUY,10.0,20.42
2026-03-09 11:15:00+00:00,2026-03-09 12:00:00+00:00,SELL,10.0,29.88
2026-03-09 11:30:00+00:00,2026-03-09 22:00:00+00:00,SELL,10.0,20.81
2026-03-09 12:15:00+00:00,2026-03-09 13:00:00+00:00,SELL,10.0,51.59
2026-03-09 12:30:00+00:00,2026-03-09 23:00:00+00:00,BUY,10.0,22.46
2026-03-09 13:15:00+00:00,2026-03-09 14:00:00+00:00,BUY,10.0,27.67
2026-03-09 13:30:00+00:00,2026-03-10 00:00:00+00:00,SELL,10.0,8.8
2026-03-09 14:15:00+00:00,2026-03-09 15:00:00+00:00,SELL,10.0,24.01
2026-03-09 14:30:00+00:00,2026-03-10 01:00:00+00:00,BUY,10.0,19.95
2026-03-09 15:15:00+00:00,2026-03-09 16:00:00+00:00,BUY,10.0,26.67
2026-03-09 15:30:00+00:00,2026-03-10 02:00:00+00:00,SELL,10.0,25.5
2026-03-09 16:15:00+00:00,2026-03-09 17:00:00+00:00,BUY,10.0,35.0
2026-03-09 16:30:00+00:00,2026-03-10 03:00:00+00:00,SELL,10.0,21.67
2026-03-09 17:15:00+00:00,2026-03-09 18:00:00+00:00,BUY,10.0,71.32
2026-03-09 17:30:00+00:00,2026-03-10 04:00:00+00:00,BUY,10.0,24.22
2026-03-09 18:15:00+00:00,2026-03-09 19:00:00+00:00,SELL,10.0,30.79
2026-03-09 18:30:00+00:00,2026-03-10 05:00:00+00:00,SELL,10.0,30.75
2026-03-09 19:15:00+00:00,2026-03-09 20:00:00+00:00,SELL,10.0,28.07
2026-03-09 19:30:00+00:00,2026-03-10 06:00:00+00:00,BUY,10.0,32.88
2026-03-09 20:15:00+00:00,2026-03-09 21:00:00+00:00,SELL,10.0,18.14
2026-03-09 20:30:00+00:00,2026-03-10 07:00:00+00:00,BUY,10.0,34.12
2026-03-09 21:15:00+00:00,2026-03-09 22:00:00+00:00,BUY,10.0,22.9
2026-03-09 21:30:00+00:00,2026-03-10 08:00:00+00:00,BUY,10.0,33.02
2026-03-09 22:15:00+00:00,2026-03-09 23:00:00+00:00,SELL,10.0,16.56
2026-03-09 22:30:00+00:00,2026-03-10 09:00:00+00:00,SELL,10.0,38.05
2026-03-09 23:15:00+00:00,2026-03-10 00:00:00+00:00,BUY,10.0,5.91
2026-03-09 23:30:00+00:00,2026-03-10 10:00:00+00:00,SELL,10.0,37.74
2026-03-10 00:15:00+00:00,2026-03-10 01:00:00+00:00,SELL,10.0,14.53
2026-03-10 00:30:00+00:00,2026-03-10 11:00:00+00:00,BUY,10.0,27.48
2026-03-10 01:15:00+00:00,2026-03-10 02:00:00+00:00,BUY,10.0,18.43
2026-03-10 01:30:00+00:00,2026-03-10 12:00:00+00:00,SELL,10.0,33.14
2026-03-10 02:15:00+00:00,2026-03-10 03:00:00+00:00,BUY,10.0,24.43
2026-03-10 02:30:00+00:00,2026-03-10 13:00:00+00:00,BUY,10.0,23.6
2026-03-10 03:15:00+00:00,2026-03-10 04:00:00+00:00,SELL,10.0,20.94
2026-03-10 03:30:00+00:00,2026-03-10 14:00:00+00:00,BUY,10.0,31.35
2026-03-10 04:15:00+00:00,2026-03-10 05:00:00+00:00,BUY,10.0,27.99
2026-03-10 04:30:00+00:00,2026-03-10 15:00:00+00:00,SELL,10.0,25.36
2026-03-10 05:15:00+00:00,2026-03-10 06:00:00+00:00,SELL,10.0,29.89
2026-03-10 05:30:00+00:00,2026-03-10 16:00:00+00:00,SELL,10.0,25.67
2026-03-10 06:15:00+00:00,2026-03-10 07:00:00+00:00,SELL,10.0,35.22
2026-03-10 06:30:00+00:00,2026-03-10 17:00:00+00:00,SELL,10.0,36.22
2026-03-10 07:15:00+00:00,2026-03-10 08:00:00+00:00,SELL,10.0,34.74
2026-03-10 07:30:00+00:00,2026-03-10 18:00:00+00:00,SELL,10.0,29.15
2026-03-10 08:15:00+00:00,2026-03-10 09:00:00+00:00,BUY,10.0,34.16
2026-03-10 08:30:00+00:00,2026-03-10 19:00:00+00:00,SELL,10.0,36.34
2026-03-10 09:15:00+00:00,2026-03-10 10:00:00+00:00,BUY,10.0,34.96
2026-03-10 09:30:00+00:00,2026-03-10 20:00:00+00:00,BUY,10.0,32.11
2026-03-10 10:15:00+00:00,2026-03-10 11:00:00+00:00,SELL,10.0,28.88
2026-03-10 10:30:00+00:00,2026-03-10 21:00:00+00:00,SELL,10.0,27.55
2026-03-10 11:15:00+00:00,2026-03-10 12:00:00+00:00,BUY,10.0,26.47
2026-03-10 11:30:00+00:00,2026-03-10 22:00:00+00:00,BUY,10.0,31.4
2026-03-10 12:15:00+00:00,2026-03-10 13:00:00+00:00,SELL,10.0,19.87
2026-03-10 12:30:00+00:00,2026-03-10 23:00:00+00:00,BUY,10.0,28.61
2026-03-10 13:15:00+00:00,2026-03-10 14:00:00+00:00,SELL,10.0,28.54
2026-03-10 13:30:00+00:00,2026-03-11 00:00:00+00:00,BUY,10.0,9.29
2026-03-10 14:15:00+00:00,2026-03-10 15:00:00+00:00,BUY,10.0,25.9
2026-03-10 14:30:00+00:00,2026-03-11 01:00:00+00:00,SELL,10.0,23.46
2026-03-10 15:15:00+00:00,2026-03-10 16:00:00+00:00,BUY,10.0,25.02
2026-03-10 15:30:00+00:00,2026-03-11 02:00:00+00:00,BUY,10.0,17.5
2026-03-10 16:15:00+00:00,2026-03-10 17:00:00+00:00,BUY,10.0,35.14
2026-03-10 16:30:00+00:00,2026-03-11 03:00:00+00:00,BUY,10.0,20.75
2026-03-10 17:15:00+00:00,2026-03-10 18:00:00+00:00,BUY,10.0,28.23
2026-03-10 17:30:00+00:00,2026-03-11 04:00:00+00:00,BUY,10.0,28.15
2026-03-10 18:15:00+00:00,2026-03-10 19:00:00+00:00,BUY,10.0,33.05
2026-03-10 18:30:00+00:00,2026-03-11 05:00:00+00:00,BUY,10.0,34.61
2026-03-10 19:15:00+00:00,2026-03-10 20:00:00+00:00,SELL,10.0,29.98
2026-03-10 19:30:00+00:00,2026-03-11 06:00:00+00:00,BUY,10.0,32.78
2026-03-10 20:15:00+00:00,2026-03-10 21:00:00+00:00,BUY,10.0,29.04
2026-03-10 20:30:00+00:00,2026-03-11 07:00:00+00:00,BUY,10.0,37.86
2026-03-10 21:15:00+00:00,2026-03-10 22:00:00+00:00,SELL,10.0,23.83
2026-03-10 21:30:00+00:00,2026-03-11 08:00:00+00:00,BUY,10.0,34.32
2026-03-10 22:15:00+00:00,2026-03-10 23:00:00+00:00,SELL,10.0,23.23
2026-03-10 22:30:00+00:00,2026-03-11 09:00:00+00:00,BUY,10.0,32.53
2026-03-10 23:15:00+00:00,2026-03-11 00:00:00+00:00,SELL,10.0,-18.97
2026-03-10 23:30:00+00:00,2026-03-11 10:00:00+00:00,BUY,10.0,38.26
2026-03-11 00:15:00+00:00,2026-03-11 01:00:00+00:00,BUY,10.0,11.91
2026-03-11 00:30:00+00:00,2026-03-11 11:00:00+00:00,BUY,10.0,31.11
2026-03-11 01:15:00+00:00,2026-03-11 02:00:00+00:00,SELL,10.0,8.8
2026-03-11 01:30:00+00:00,2026-03-11 12:00:00+00:00,SELL,10.0,24.93
2026-03-11 02:15:00+00:00,2026-03-11 03:00:00+00:00,SELL,10.0,16.34
2026-03-11 02:30:00+00:00,2026-03-11 13:00:00+00:00,SELL,10.0,25.48
2026-03-11 03:15:00+00:00,2026-03-11 04:00:00+00:00,SELL,10.0,18.67
2026-03-11 03:30:00+00:00,2026-03-11 14:00:00+00:00,BUY,10.0,27.63
2026-03-11 04:15:00+00:00,2026-03-11 05:00:00+00:00,SELL,10.0,26.1
2026-03-11 04:30:00+00:00,2026-03-11 15:00:00+00:00,SELL,10.0,21.98
2026-03-11 05:15:00+00:00,2026-03-11 06:00:00+00:00,SELL,10.0,74.01
2026-03-11 05:30:00+00:00,2026-03-11 16:00:00+00:00,SELL,10.0,29.42
2026-03-11 06:15:00+00:00,2026-03-11 07:00:00+00:00,SELL,10.0,31.65
2026-03-11 06:30:00+00:00,2026-03-11 17:00:00+00:00,BUY,10.0,28.3
2026-03-11 07:15:00+00:00,2026-03-11 08:00:00+00:00,SELL,10.0,30.74
2026-03-11 07:30:00+00:00,2026-03-11 18:00:00+00:00,SELL,10.0,29.52
2026-03-11 08:15:00+00:00,2026-03-11 09:00:00+00:00,SELL,10.0,28.31
2026-03-11 08:30:00+00:00,2026-03-11 19:00:00+00:00,SELL,10.0,40.1
2026-03-11 09:15:00+00:00,2026-03-11 10:00:00+00:00,SELL,10.0,30.58
2026-03-11 09:30:00+00:00,2026-03-11 20:00:00+00:00,SELL,10.0,32.21
2026-03-11 10:15:00+00:00,2026-03-11 11:00:00+00:00,SELL,10.0,24.27
2026-03-11 10:30:00+00:00,2026-03-11 21:00:00+00:00,BUY,10.0,31.69
2026-03-11 11:15:00+00:00,2026-03-11 12:00:00+00:00,BUY,10.0,17.52
2026-03-11 11:30:00+00:00,2026-03-11 22:00:00+00:00,BUY,10.0,19.54
2026-03-11 12:15:00+00:00,2026-03-11 13:00:00+00:00,BUY,10.0,18.75
2026-03-11 12:30:00+00:00,2026-03-11 23:00:00+00:00,BUY,10.0,20.25
2026-03-11 13:15:00+00:00,2026-03-11 14:00:00+00:00,SELL,10.0,21.82
2026-03-11 13:30:00+00:00,2026-03-12 00:00:00+00:00,BUY,10.0,28.36
2026-03-11 14:15:00+00:00,2026-03-11 15:00:00+00:00,BUY,10.0,19.16
2026-03-11 14:30:00+00:00,2026-03-12 01:00:00+00:00,BUY,10.0,28.53
2026-03-11 15:15:00+00:00,2026-03-11 16:00:00+00:00,BUY,10.0,23.85
2026-03-11 15:30:00+00:00,2026-03-12 02:00:00+00:00,BUY,10.0,35.94
2026-03-11 16:15:00+00:00,2026-03-11 17:00:00+00:00,SELL,10.0,23.63
2026-03-11 16:30:00+00:00,2026-03-12 03:00:00+00:00,BUY,10.0,25.16
2026-03-11 17:15:00+00:00,2026-03-11 18:00:00+00:00,BUY,10.0,24.23
2026-03-11 17:30:00+00:00,2026-03-12 04:00:00+00:00,SELL,10.0,28.63
2026-03-11 18:15:00+00:00,2026-03-11 19:00:00+00:00,BUY,10.0,34.0
2026-03-11 18:30:00+00:00,2026-03-12 05:00:00+00:00,SELL,10.0,39.09
2026-03-11 19:15:00+00:00,2026-03-11 20:00:00+00:00,BUY,10.0,28.69
2026-03-11 19:30:00+00:00,2026-03-12 06:00:00+00:00,SELL,10.0,41.36
2026-03-11 20:15:00+00:00,2026-03-11 21:00:00+00:00,SELL,10.0,22.12
2026-03-11 20:30:00+00:00,2026-03-12 07:00:00+00:00,SELL,10.0,37.91
2026-03-11 21:15:00+00:00,2026-03-11 22:00:00+00:00,SELL,10.0,10.03
2026-03-11 21:30:00+00:00,2026-03-12 08:00:00+00:00,BUY,10.0,43.74
2026-03-11 22:15:00+00:00,2026-03-11 23:00:00+00:00,SELL,10.0,6.23
2026-03-11 22:30:00+00:00,2026-03-12 09:00:00+00:00,SELL,10.0,36.38
2026-03-11 23:15:00+00:00,2026-03-12 00:00:00+00:00,SELL,10.0,26.12
2026-03-11 23:30:00+00:00,2026-03-12 10:00:00+00:00,BUY,10.0,34.23
2026-03-12 00:15:00+00:00,2026-03-12 01:00:00+00:00,SELL,10.0,29.11
2026-03-12 00:30:00+00:00,2026-03-12 11:00:00+00:00,BUY,10.0,35.97
2026-03-12 01:15:00+00:00,2026-03-12 02:00:00+00:00,SELL,10.0,32.82
2026-03-12 01:30:00+00:00,2026-03-12 12:00:00+00:00,SELL,10.0,32.31
2026-03-12 02:15:00+00:00,2026-03-12 03:00:00+00:00,SELL,10.0,24.36
2026-03-12 02:30:00+00:00,2026-03-12 13:00:00+00:00,BUY,10.0,25.66
2026-03-12 03:15:00+00:00,2026-03-12 04:00:00+00:00,BUY,10.0,34.84
2026-03-12 03:30:00+00:00,2026-03-12 14:00:00+00:00,SELL,10.0,27.98
2026-03-12 04:15:00+00:00,2026-03-12 05:00:00+00:00,BUY,10.0,39.63
2026-03-12 04:30:00+00:00,2026-03-12 15:00:00+00:00,BUY,10.0,25.8
2026-03-12 05:15:00+00:00,2026-03-12 06:00:00+00:00,BUY,10.0,42.73
2026-03-12 05:30:00+00:00,2026-03-12 16:00:00+00:00,BUY,10.0,30.56
2026-03-12 06:15:00+00:00,2026-03-12 07:00:00+00:00,BUY,10.0,39.19
2026-03-12 06:30:00+00:00,2026-03-12 17:00:00+00:00,SELL,10.0,44.73
2026-03-12 07:15:00+00:00,2026-03-12 08:00:00+00:00,SELL,10.0,45.29
2026-03-12 07:30:00+00:00,2026-03-12 18:00:00+00:00,SELL,10.0,41.24
2026-03-12 08:15:00+00:00,2026-03-12 09:00:00+00:00,BUY,10.0,39.4
2026-03-12 08:30:00+00:00,2026-03-12 19:00:00+00:00,BUY,10.0,41.61
2026-03-12 09:15:00+00:00,2026-03-12 10:00:00+00:00,SELL,10.0,35.9
2026-03-12 09:30:00+00:00,2026-03-12 20:00:00+00:00,SELL,10.0,31.27
2026-03-12 10:15:00+00:00,2026-03-12 11:00:00+00:00,SELL,10.0,41.02
2026-03-12 10:30:00+00:00,2026-03-12 21:00:00+00:00,SELL,10.0,27.59
2026-03-12 11:15:00+00:00,2026-03-12 12:00:00+00:00,BUY,10.0,35.37
2026-03-12 11:30:00+00:00,2026-03-12 22:00:00+00:00,BUY,10.0,28.53
2026-03-12 12:15:00+00:00,2026-03-12 13:00:00+00:00,SELL,10.0,31.62
2026-03-12 12:30:00+00:00,2026-03-12 23:00:00+00:00,SELL,10.0,29.76
2026-03-12 13:15:00+00:00,2026-03-12 14:00:00+00:00,BUY,10.0,33.01
2026-03-12 13:30:00+00:00,2026-03-13 00:00:00+00:00,BUY,10.0,36.63
2026-03-12 14:15:00+00:00,2026-03-12 15:00:00+00:00,SELL,10.0,31.01
2026-03-12 14:30:00+00:00,2026-03-13 01:00:00+00:00,SELL,10.0,45.12
2026-03-12 15:15:00+00:00,2026-03-12 16:00:00+00:00,SELL,10.0,34.55
2026-03-12 15:30:00+00:00,2026-03-13 02:00:00+00:00,BUY,10.0,41.18
2026-03-12 16:15:00+00:00,2026-03-12 17:00:00+00:00,BUY,10.0,39.26
2026-03-12 16:30:00+00:00,2026-03-13 03:00:00+00:00,SELL,10.0,38.2
2026-03-12 17:15:00+00:00,2026-03-12 18:00:00+00:00,BUY,10.0,40.93
2026-03-12 17:30:00+00:00,2026-03-13 04:00:00+00:00,BUY,10.0,39.08
2026-03-12 18:15:00+00:00,2026-03-12 19:00:00+00:00,SELL,10.0,44.2
2026-03-12 18:30:00+00:00,2026-03-13 05:00:00+00:00,SELL,10.0,52.3
2026-03-12 19:15:00+00:00,2026-03-12 20:00:00+00:00,BUY,10.0,31.28
2026-03-12 19:30:00+00:00,2026-03-13 06:00:00+00:00,SELL,10.0,52.5
2026-03-12 20:15:00+00:00,2026-03-12 21:00:00+00:00,BUY,10.0,34.59
2026-03-12 20:30:00+00:00,2026-03-13 07:00:00+00:00,SELL,10.0,64.01
2026-03-12 21:15:00+00:00,2026-03-12 22:00:00+00:00,SELL,10.0,27.5
2026-03-12 21:30:00+00:00,2026-03-13 08:00:00+00:00,BUY,10.0,71.25
2026-03-12 22:15:00+00:00,2026-03-12 23:00:00+00:00,BUY,10.0,29.49
2026-03-12 22:30:00+00:00,2026-03-13 09:00:00+00:00,SELL,10.0,57.35
2026-03-12 23:15:00+00:00,2026-03-13 00:00:00+00:00,SELL,10.0,33.67
2026-03-12 23:30:00+00:00,2026-03-13 10:00:00+00:00,SELL,10.0,64.34
2026-03-13 00:15:00+00:00,2026-03-13 01:00:00+00:00,BUY,10.0,63.4
2026-03-13 00:30:00+00:00,2026-03-13 11:00:00+00:00,SELL,10.0,49.27
2026-03-13 01:15:00+00:00,2026-03-13 02:00:00+00:00,SELL,10.0,37.08
2026-03-13 01:30:00+00:00,2026-03-13 12:00:00+00:00,BUY,10.0,56.12
2026-03-13 02:15:00+00:00,2026-03-13 03:00:00+00:00,BUY,10.0,32.28
2026-03-13 02:30:00+00:00,2026-03-13 13:00:00+00:00,SELL,10.0,41.48
2026-03-13 03:15:00+00:00,2026-03-13 04:00:00+00:00,SELL,10.0,32.94
2026-03-13 03:30:00+00:00,2026-03-13 14:00:00+00:00,BUY,10.0,49.53
2026-03-13 04:15:00+00:00,2026-03-13 05:00:00+00:00,BUY,10.0,5.59
2026-03-13 04:30:00+00:00,2026-03-13 15:00:00+00:00,SELL,10.0,66.25
2026-03-13 05:15:00+00:00,2026-03-13 06:00:00+00:00,BUY,10.0,43.71
2026-03-13 05:30:00+00:00,2026-03-13 16:00:00+00:00,BUY,10.0,50.3
2026-03-13 06:15:00+00:00,2026-03-13 07:00:00+00:00,BUY,10.0,45.19
2026-03-13 06:30:00+00:00,2026-03-13 17:00:00+00:00,BUY,10.0,58.31
2026-03-13 07:15:00+00:00,2026-03-13 08:00:00+00:00,SELL,10.0,45.1
2026-03-13 07:30:00+00:00,2026-03-13 18:00:00+00:00,SELL,10.0,54.1
2026-03-13 08:15:00+00:00,2026-03-13 09:00:00+00:00,BUY,10.0,45.07
2026-03-13 08:30:00+00:00,2026-03-13 19:00:00+00:00,BUY,10.0,66.56
2026-03-13 09:15:00+00:00,2026-03-13 10:00:00+00:00,BUY,10.0,39.68
2026-03-13 09:30:00+00:00,2026-03-13 20:00:00+00:00,BUY,10.0,75.3
2026-03-13 10:15:00+00:00,2026-03-13 11:00:00+00:00,BUY,10.0,35.78
2026-03-13 10:30:00+00:00,2026-03-13 21:00:00+00:00,BUY,10.0,51.29
2026-03-13 11:15:00+00:00,2026-03-13 12:00:00+00:00,SELL,10.0,38.54
2026-03-13 11:30:00+00:00,2026-03-13 22:00:00+00:00,SELL,10.0,47.41
2026-03-13 12:15:00+00:00,2026-03-13 13:00:00+00:00,BUY,10.0,39.74
2026-03-13 12:30:00+00:00,2026-03-13 23:00:00+00:00,SELL,10.0,38.45
2026-03-13 13:15:00+00:00,2026-03-13 14:00:00+00:00,SELL,10.0,39.8
2026-03-13 13:30:00+00:00,2026-03-14 00:00:00+00:00,SELL,10.0,-65.69
2026-03-13 14:15:00+00:00,2026-03-13 15:00:00+00:00,BUY,10.0,39.35
2026-03-13 14:30:00+00:00,2026-03-14 01:00:00+00:00,SELL,10.0,-91.44
2026-03-13 15:15:00+00:00,2026-03-13 16:00:00+00:00,SELL,10.0,37.46
2026-03-13 15:30:00+00:00,2026-03-14 02:00:00+00:00,BUY,10.0,-0.37
2026-03-13 16:15:00+00:00,2026-03-13 17:00:00+00:00,SELL,10.0,46.15
2026-03-13 16:30:00+00:00,2026-03-14 03:00:00+00:00,BUY,10.0,-42.8
2026-03-13 17:15:00+00:00,2026-03-13 18:00:00+00:00,BUY,10.0,46.19
2026-03-13 17:30:00+00:00,2026-03-14 04:00:00+00:00,SELL,10.0,25.52
2026-03-13 18:15:00+00:00,2026-03-13 19:00:00+00:00,SELL,10.0,45.22
2026-03-13 18:30:00+00:00,2026-03-14 05:00:00+00:00,BUY,10.0,21.5
2026-03-13 19:15:00+00:00,2026-03-13 20:00:00+00:00,SELL,10.0,-7.06
2026-03-13 19:30:00+00:00,2026-03-14 06:00:00+00:00,BUY,10.0,28.76
2026-03-13 20:15:00+00:00,2026-03-13 21:00:00+00:00,SELL,10.0,43.07
2026-03-13 20:30:00+00:00,2026-03-14 07:00:00+00:00,SELL,10.0,25.08
2026-03-13 21:15:00+00:00,2026-03-13 22:00:00+00:00,BUY,10.0,36.51
2026-03-13 21:30:00+00:00,2026-03-14 08:00:00+00:00,SELL,10.0,27.93
2026-03-13 22:15:00+00:00,2026-03-13 23:00:00+00:00,BUY,10.0,30.09
2026-03-13 22:30:00+00:00,2026-03-14 09:00:00+00:00,BUY,10.0,25.41
2026-03-13 23:15:00+00:00,2026-03-14 00:00:00+00:00,BUY,10.0,-16.14
2026-03-13 23:30:00+00:00,2026-03-14 10:00:00+00:00,BUY,10.0,29.22
2026-03-14 00:15:00+00:00,2026-03-14 01:00:00+00:00,BUY,10.0,-28.72
2026-03-14 00:30:00+00:00,2026-03-14 11:00:00+00:00,BUY,10.0,18.56
2026-03-14 01:15:00+00:00,2026-03-14 02:00:00+00:00,SELL,10.0,93.75
2026-03-14 01:30:00+00:00,2026-03-14 12:00:00+00:00,SELL,10.0,9.88
2026-03-14 02:15:00+00:00,2026-03-14 03:00:00+00:00,SELL,10.0,83.0
2026-03-14 02:30:00+00:00,2026-03-14 13:00:00+00:00,SELL,10.0,21.35
2026-03-14 03:15:00+00:00,2026-03-14 04:00:00+00:00,BUY,10.0,25.89
2026-03-14 03:30:00+00:00,2026-03-14 14:00:00+00:00,BUY,10.0,-9.83
2026-03-14 04:15:00+00:00,2026-03-14 05:00:00+00:00,SELL,10.0,24.06
2026-03-14 04:30:00+00:00,2026-03-14 15:00:00+00:00,BUY,10.0,14.67
2026-03-14 05:15:00+00:00,2026-03-14 06:00:00+00:00,SELL,10.0,29.11
2026-03-14 05:30:00+00:00,2026-03-14 16:00:00+00:00,BUY,10.0,24.47
2026-03-14 06:15:00+00:00,2026-03-14 07:00:00+00:00,BUY,10.0,28.17
2026-03-14 06:30:00+00:00,2026-03-14 17:00:00+00:00,BUY,10.0,7.38
2026-03-14 07:15:00+00:00,2026-03-14 08:00:00+00:00,BUY,10.0,33.27
2026-03-14 07:30:00+00:00,2026-03-14 18:00:00+00:00,BUY,10.0,21.96
2026-03-14 08:15:00+00:00,2026-03-14 09:00:00+00:00,SELL,10.0,23.98
2026-03-14 08:30:00+00:00,2026-03-14 19:00:00+00:00,BUY,10.0,9.75
2026-03-14 09:15:00+00:00,2026-03-14 10:00:00+00:00,SELL,10.0,30.72
2026-03-14 09:30:00+00:00,2026-03-14 20:00:00+00:00,SELL,10.0,-13.57
2026-03-14 10:15:00+00:00,2026-03-14 11:00:00+00:00,SELL,10.0,23.14
2026-03-14 10:30:00+00:00,2026-03-14 21:00:00+00:00,SELL,10.0,10.44
2026-03-14 11:15:00+00:00,2026-03-14 12:00:00+00:00,BUY,10.0,29.91
2026-03-14 11:30:00+00:00,2026-03-14 22:00:00+00:00,BUY,10.0,13.06
2026-03-14 12:15:00+00:00,2026-03-14 13:00:00+00:00,BUY,10.0,25.31
2026-03-14 12:30:00+00:00,2026-03-14 23:00:00+00:00,SELL,10.0,-34.45
2026-03-14 13:15:00+00:00,2026-03-14 14:00:00+00:00,SELL,10.0,39.58
2026-03-14 13:30:00+00:00,2026-03-15 00:00:00+00:00,SELL,10.0,14.99
2026-03-14 14:15:00+00:00,2026-03-14 15:00:00+00:00,SELL,10.0,33.3
2026-03-14 14:30:00+00:00,2026-03-15 01:00:00+00:00,SELL,10.0,13.06
2026-03-14 15:15:00+00:00,2026-03-14 16:00:00+00:00,SELL,10.0,29.12
2026-03-14 15:30:00+00:00,2026-03-15 02:00:00+00:00,SELL,10.0,15.76
2026-03-14 16:15:00+00:00,2026-03-14 17:00:00+00:00,SELL,10.0,44.61
2026-03-14 16:30:00+00:00,2026-03-15 03:00:00+00:00,BUY,10.0,19.4
2026-03-14 17:15:00+00:00,2026-03-14 18:00:00+00:00,SELL,10.0,30.86
2026-03-14 17:30:00+00:00,2026-03-15 04:00:00+00:00,BUY,10.0,25.46
2026-03-14 18:15:00+00:00,2026-03-14 19:00:00+00:00,SELL,10.0,48.13
2026-03-14 18:30:00+00:00,2026-03-15 05:00:00+00:00,BUY,10.0,29.66
2026-03-14 19:15:00+00:00,2026-03-14 20:00:00+00:00,BUY,10.0,61.3
2026-03-14 19:30:00+00:00,2026-03-15 06:00:00+00:00,BUY,10.0,37.77
2026-03-14 20:15:00+00:00,2026-03-14 21:00:00+00:00,BUY,10.0,33.2
2026-03-14 20:30:00+00:00,2026-03-15 07:00:00+00:00,BUY,10.0,36.39
2026-03-14 21:15:00+00:00,2026-03-14 22:00:00+00:00,SELL,10.0,22.37
2026-03-14 21:30:00+00:00,2026-03-15 08:00:00+00:00,BUY,10.0,36.51
2026-03-14 22:15:00+00:00,2026-03-14 23:00:00+00:00,BUY,10.0,19.12
2026-03-14 22:30:00+00:00,2026-03-15 09:00:00+00:00,BUY,10.0,34.44
2026-03-14 23:15:00+00:00,2026-03-15 00:00:00+00:00,BUY,10.0,14.89
2026-03-14 23:30:00+00:00,2026-03-15 10:00:00+00:00,SELL,10.0,40.46
2026-03-15 00:15:00+00:00,2026-03-15 01:00:00+00:00,BUY,10.0,14.16
2026-03-15 00:30:00+00:00,2026-03-15 11:00:00+00:00,SELL,10.0,22.34
2026-03-15 01:15:00+00:00,2026-03-15 02:00:00+00:00,BUY,10.0,16.47
2026-03-15 01:30:00+00:00,2026-03-15 12:00:00+00:00,SELL,10.0,18.95
2026-03-15 02:15:00+00:00,2026-03-15 03:00:00+00:00,SELL,10.0,14.75
2026-03-15 02:30:00+00:00,2026-03-15 13:00:00+00:00,BUY,10.0,31.24
2026-03-15 03:15:00+00:00,2026-03-15 04:00:00+00:00,SELL,10.0,21.86
2026-03-15 03:30:00+00:00,2026-03-15 14:00:00+00:00,SELL,10.0,30.42
2026-03-15 04:15:00+00:00,2026-03-15 05:00:00+00:00,SELL,10.0,29.31
2026-03-15 04:30:00+00:00,2026-03-15 15:00:00+00:00,SELL,10.0,29.44
2026-03-15 05:15:00+00:00,2026-03-15 06:00:00+00:00,SELL,10.0,34.38
2026-03-15 05:30:00+00:00,2026-03-15 16:00:00+00:00,BUY,10.0,35.71
2026-03-15 06:15:00+00:00,2026-03-15 07:00:00+00:00,SELL,10.0,32.86
2026-03-15 06:30:00+00:00,2026-03-15 17:00:00+00:00,BUY,10.0,30.51
2026-03-15 07:15:00+00:00,2026-03-15 08:00:00+00:00,SELL,10.0,31.05
2026-03-15 07:30:00+00:00,2026-03-15 18:00:00+00:00,BUY,10.0,28.67
2026-03-15 08:15:00+00:00,2026-03-15 09:00:00+00:00,SELL,10.0,31.77
2026-03-15 08:30:00+00:00,2026-03-15 19:00:00+00:00,SELL,10.0,29.69
2026-03-15 09:15:00+00:00,2026-03-15 10:00:00+00:00,BUY,10.0,96.36
2026-03-15 09:30:00+00:00,2026-03-15 20:00:00+00:00,BUY,10.0,36.89
2026-03-15 10:15:00+00:00,2026-03-15 11:00:00+00:00,BUY,10.0,27.37
2026-03-15 10:30:00+00:00,2026-03-15 21:00:00+00:00,BUY,10.0,29.58
2026-03-15 11:15:00+00:00,2026-03-15 12:00:00+00:00,BUY,10.0,23.82
2026-03-15 11:30:00+00:00,2026-03-15 22:00:00+00:00,BUY,10.0,17.45
2026-03-15 12:15:00+00:00,2026-03-15 13:00:00+00:00,SELL,10.0,23.65
2026-03-15 12:30:00+00:00,2026-03-15 23:00:00+00:00,SELL,10.0,4.38
2026-03-15 13:15:00+00:00,2026-03-15 14:00:00+00:00,BUY,10.0,23.35
2026-03-15 13:30:00+00:00,2026-03-16 00:00:00+00:00,SELL,10.0,20.17
2026-03-15 14:15:00+00:00,2026-03-15 15:00:00+00:00,BUY,10.0,59.4
2026-03-15 14:30:00+00:00,2026-03-16 01:00:00+00:00,BUY,10.0,19.96
2026-03-15 15:15:00+00:00,2026-03-15 16:00:00+00:00,SELL,10.0,32.26
2026-03-15 15:30:00+00:00,2026-03-16 02:00:00+00:00,SELL,10.0,15.29
2026-03-15 16:15:00+00:00,2026-03-15 17:00:00+00:00,SELL,10.0,29.48
2026-03-15 16:30:00+00:00,2026-03-16 03:00:00+00:00,BUY,10.0,19.03
2026-03-15 17:15:00+00:00,2026-03-15 18:00:00+00:00,SELL,10.0,29.75
2026-03-15 17:30:00+00:00,2026-03-16 04:00:00+00:00,SELL,10.0,36.8
2026-03-15 18:15:00+00:00,2026-03-15 19:00:00+00:00,BUY,10.0,27.28
2026-03-15 18:30:00+00:00,2026-03-16 05:00:00+00:00,SELL,10.0,33.55
2026-03-15 19:15:00+00:00,2026-03-15 20:00:00+00:00,SELL,10.0,27.59
2026-03-15 19:30:00+00:00,2026-03-16 06:00:00+00:00,BUY,10.0,33.98
2026-03-15 20:15:00+00:00,2026-03-15 21:00:00+00:00,SELL,10.0,25.06
2026-03-15 20:30:00+00:00,2026-03-16 07:00:00+00:00,SELL,10.0,39.93
2026-03-15 21:15:00+00:00,2026-03-15 22:00:00+00:00,SELL,10.0,45.49
2026-03-15 21:30:00+00:00,2026-03-16 08:00:00+00:00,BUY,10.0,43.47
2026-03-15 22:15:00+00:00,2026-03-15 23:00:00+00:00,BUY,10.0,-5.75
2026-03-15 22:30:00+00:00,2026-03-16 09:00:00+00:00,BUY,10.0,36.67
2026-03-15 23:15:00+00:00,2026-03-16 00:00:00+00:00,BUY,10.0,20.18
2026-03-15 23:30:00+00:00,2026-03-16 10:00:00+00:00,SELL,10.0,31.63
2026-03-16 00:15:00+00:00,2026-03-16 01:00:00+00:00,SELL,10.0,20.96
2026-03-16 00:30:00+00:00,2026-03-16 11:00:00+00:00,SELL,10.0,27.41
2026-03-16 01:15:00+00:00,2026-03-16 02:00:00+00:00,BUY,10.0,23.73
2026-03-16 01:30:00+00:00,2026-03-16 12:00:00+00:00,SELL,10.0,23.02
2026-03-16 02:15:00+00:00,2026-03-16 03:00:00+00:00,SELL,10.0,19.48
2026-03-16 02:30:00+00:00,2026-03-16 13:00:00+00:00,SELL,10.0,34.01
2026-03-16 03:15:00+00:00,2026-03-16 04:00:00+00:00,BUY,10.0,31.49
2026-03-16 03:30:00+00:00,2026-03-16 14:00:00+00:00,SELL,10.0,16.41
2026-03-16 04:15:00+00:00,2026-03-16 05:00:00+00:00,BUY,10.0,33.5
2026-03-16 04:30:00+00:00,2026-03-16 15:00:00+00:00,SELL,10.0,23.36
2026-03-16 05:15:00+00:00,2026-03-16 06:00:00+00:00,SELL,10.0,33.68
2026-03-16 05:30:00+00:00,2026-03-16 16:00:00+00:00,SELL,10.0,34.66
2026-03-16 06:15:00+00:00,2026-03-16 07:00:00+00:00,BUY,10.0,39.37
2026-03-16 06:30:00+00:00,2026-03-16 17:00:00+00:00,SELL,10.0,32.07
2026-03-16 07:15:00+00:00,2026-03-16 08:00:00+00:00,SELL,10.0,42.33
2026-03-16 07:30:00+00:00,2026-03-16 18:00:00+00:00,SELL,10.0,31.25
2026-03-16 08:15:00+00:00,2026-03-16 09:00:00+00:00,SELL,10.0,38.16
2026-03-16 08:30:00+00:00,2026-03-16 19:00:00+00:00,SELL,10.0,34.38
2026-03-16 09:15:00+00:00,2026-03-16 10:00:00+00:00,BUY,10.0,35.59
2026-03-16 09:30:00+00:00,2026-03-16 20:00:00+00:00,SELL,10.0,28.51
2026-03-16 10:15:00+00:00,2026-03-16 11:00:00+00:00,BUY,10.0,28.08
2026-03-16 10:30:00+00:00,2026-03-16 21:00:00+00:00,SELL,10.0,29.81
2026-03-16 11:15:00+00:00,2026-03-16 12:00:00+00:00,BUY,10.0,25.57
2026-03-16 11:30:00+00:00,2026-03-16 22:00:00+00:00,BUY,10.0,22.29
2026-03-16 12:15:00+00:00,2026-03-16 13:00:00+00:00,BUY,10.0,30.04
2026-03-16 12:30:00+00:00,2026-03-16 23:00:00+00:00,SELL,10.0,0.19
2026-03-16 13:15:00+00:00,2026-03-16 14:00:00+00:00,BUY,10.0,27.8
2026-03-16 13:30:00+00:00,2026-03-17 00:00:00+00:00,BUY,10.0,-93.96
2026-03-16 14:15:00+00:00,2026-03-16 15:00:00+00:00,BUY,10.0,25.08
2026-03-16 14:30:00+00:00,2026-03-17 01:00:00+00:00,BUY,10.0,-78.89
2026-03-16 15:15:00+00:00,2026-03-16 16:00:00+00:00,BUY,10.0,33.91
2026-03-16 15:30:00+00:00,2026-03-17 02:00:00+00:00,SELL,10.0,-74.53
2026-03-16 16:15:00+00:00,2026-03-16 17:00:00+00:00,BUY,10.0,33.2
2026-03-16 16:30:00+00:00,2026-03-17 03:00:00+00:00,BUY,10.0,-82.64
2026-03-16 17:15:00+00:00,2026-03-16 18:00:00+00:00,BUY,10.0,28.8
2026-03-16 17:30:00+00:00,2026-03-17 04:00:00+00:00,BUY,10.0,-12.67
2026-03-16 18:15:00+00:00,2026-03-16 19:00:00+00:00,BUY,10.0,35.81
2026-03-16 18:30:00+00:00,2026-03-17 05:00:00+00:00,SELL,10.0,12.66
2026-03-16 19:15:00+00:00,2026-03-16 20:00:00+00:00,BUY,10.0,30.77
2026-03-16 19:30:00+00:00,2026-03-17 06:00:00+00:00,SELL,10.0,19.87
2026-03-16 20:15:00+00:00,2026-03-16 21:00:00+00:00,BUY,10.0,32.57
2026-03-16 20:30:00+00:00,2026-03-17 07:00:00+00:00,SELL,10.0,-6.82
2026-03-16 21:15:00+00:00,2026-03-16 22:00:00+00:00,SELL,10.0,21.26
2026-03-16 21:30:00+00:00,2026-03-17 08:00:00+00:00,SELL,10.0,20.08
2026-03-16 22:15:00+00:00,2026-03-16 23:00:00+00:00,BUY,10.0,21.72
2026-03-16 22:30:00+00:00,2026-03-17 09:00:00+00:00,SELL,10.0,-1.25
2026-03-16 23:15:00+00:00,2026-03-17 00:00:00+00:00,SELL,10.0,-67.08
2026-03-16 23:30:00+00:00,2026-03-17 10:00:00+00:00,SELL,10.0,20.29
2026-03-17 00:15:00+00:00,2026-03-17 01:00:00+00:00,SELL,10.0,-35.27
2026-03-17 00:30:00+00:00,2026-03-17 11:00:00+00:00,SELL,10.0,-24.71
2026-03-17 01:15:00+00:00,2026-03-17 02:00:00+00:00,BUY,10.0,-54.39
2026-03-17 01:30:00+00:00,2026-03-17 12:00:00+00:00,SELL,10.0,-52.94
2026-03-17 02:15:00+00:00,2026-03-17 03:00:00+00:00,SELL,10.0,-26.48
2026-03-17 02:30:00+00:00,2026-03-17 13:00:00+00:00,BUY,10.0,16.57
2026-03-17 03:15:00+00:00,2026-03-17 04:00:00+00:00,SELL,10.0,64.23
2026-03-17 03:30:00+00:00,2026-03-17 14:00:00+00:00,BUY,10.0,-79.49
2026-03-17 04:15:00+00:00,2026-03-17 05:00:00+00:00,BUY,10.0,16.63
2026-03-17 04:30:00+00:00,2026-03-17 15:00:00+00:00,BUY,10.0,10.89
2026-03-17 05:15:00+00:00,2026-03-17 06:00:00+00:00,BUY,10.0,20.49
2026-03-17 05:30:00+00:00,2026-03-17 16:00:00+00:00,BUY,10.0,-4.82
2026-03-17 06:15:00+00:00,2026-03-17 07:00:00+00:00,BUY,10.0,41.32
2026-03-17 06:30:00+00:00,2026-03-17 17:00:00+00:00,BUY,10.0,10.1
2026-03-17 07:15:00+00:00,2026-03-17 08:00:00+00:00,BUY,10.0,30.88
2026-03-17 07:30:00+00:00,2026-03-17 18:00:00+00:00,BUY,10.0,24.51
2026-03-17 08:15:00+00:00,2026-03-17 09:00:00+00:00,BUY,10.0,34.94
2026-03-17 08:30:00+00:00,2026-03-17 19:00:00+00:00,BUY,10.0,17.02
2026-03-17 09:15:00+00:00,2026-03-17 10:00:00+00:00,BUY,10.0,22.96
2026-03-17 09:30:00+00:00,2026-03-17 20:00:00+00:00,SELL,10.0,-16.58
2026-03-17 10:15:00+00:00,2026-03-17 11:00:00+00:00,BUY,10.0,64.33
2026-03-17 10:30:00+00:00,2026-03-17 21:00:00+00:00,SELL,10.0,-57.35
2026-03-17 11:15:00+00:00,2026-03-17 12:00:00+00:00,BUY,10.0,5.77
2026-03-17 11:30:00+00:00,2026-03-17 22:00:00+00:00,BUY,10.0,-99.45
2026-03-17 12:15:00+00:00,2026-03-17 13:00:00+00:00,SELL,10.0,22.51
2026-03-17 12:30:00+00:00,2026-03-17 23:00:00+00:00,BUY,10.0,-69.41
2026-03-17 13:15:00+00:00,2026-03-17 14:00:00+00:00,SELL,10.0,-19.72
2026-03-17 13:30:00+00:00,2026-03-18 00:00:00+00:00,SELL,10.0,-119.57
2026-03-17 14:15:00+00:00,2026-03-17 15:00:00+00:00,SELL,10.0,56.33
2026-03-17 14:30:00+00:00,2026-03-18 01:00:00+00:00,SELL,10.0,-120.52
2026-03-17 15:15:00+00:00,2026-03-17 16:00:00+00:00,SELL,10.0,30.73
2026-03-17 15:30:00+00:00,2026-03-18 02:00:00+00:00,SELL,10.0,-90.47
2026-03-17 16:15:00+00:00,2026-03-17 17:00:00+00:00,SELL,10.0,28.37
2026-03-17 16:30:00+00:00,2026-03-18 03:00:00+00:00,BUY,10.0,-59.49
2026-03-17 17:15:00+00:00,2026-03-17 18:00:00+00:00,SELL,10.0,22.39
2026-03-17 17:30:00+00:00,2026-03-18 04:00:00+00:00,SELL,10.0,-33.59
2026-03-17 18:15:00+00:00,2026-03-17 19:00:00+00:00,SELL,10.0,23.98
2026-03-17 18:30:00+00:00,2026-03-18 05:00:00+00:00,BUY,10.0,-78.9
2026-03-17 19:15:00+00:00,2026-03-17 20:00:00+00:00,BUY,10.0,26.99
2026-03-17 19:30:00+00:00,2026-03-18 06:00:00+00:00,BUY,10.0,15.57
2026-03-17 20:15:00+00:00,2026-03-17 21:00:00+00:00,BUY,10.0,12.0
2026-03-17 20:30:00+00:00,2026-03-18 07:00:00+00:00,SELL,10.0,6.7
2026-03-17 21:15:00+00:00,2026-03-17 22:00:00+00:00,SELL,10.0,-56.49
2026-03-17 21:30:00+00:00,2026-03-18 08:00:00+00:00,SELL,10.0,16.54
2026-03-17 22:15:00+00:00,2026-03-17 23:00:00+00:00,SELL,10.0,-62.74
2026-03-17 22:30:00+00:00,2026-03-18 09:00:00+00:00,BUY,10.0,-1.3
2026-03-17 23:15:00+00:00,2026-03-18 00:00:00+00:00,BUY,10.0,-136.11
2026-03-17 23:30:00+00:00,2026-03-18 10:00:00+00:00,BUY,10.0,-94.43
2026-03-18 00:15:00+00:00,2026-03-18 01:00:00+00:00,BUY,10.0,-59.04
2026-03-18 00:30:00+00:00,2026-03-18 11:00:00+00:00,BUY,10.0,-43.89
2026-03-18 01:15:00+00:00,2026-03-18 02:00:00+00:00,BUY,10.0,-57.54
2026-03-18 01:30:00+00:00,2026-03-18 12:00:00+00:00,BUY,10.0,-50.64
2026-03-18 02:15:00+00:00,2026-03-18 03:00:00+00:00,SELL,10.0,-12.09
2026-03-18 02:30:00+00:00,2026-03-18 13:00:00+00:00,SELL,10.0,-111.9
2026-03-18 03:15:00+00:00,2026-03-18 04:00:00+00:00,BUY,10.0,0.27
2026-03-18 03:30:00+00:00,2026-03-18 14:00:00+00:00,BUY,10.0,-57.94
2026-03-18 04:15:00+00:00,2026-03-18 05:00:00+00:00,SELL,10.0,-21.11
2026-03-18 04:30:00+00:00,2026-03-18 15:00:00+00:00,SELL,10.0,-34.15
2026-03-18 05:15:00+00:00,2026-03-18 06:00:00+00:00,SELL,10.0,19.78
2026-03-18 05:30:00+00:00,2026-03-18 16:00:00+00:00,SELL,10.0,-51.33
2026-03-18 06:15:00+00:00,2026-03-18 07:00:00+00:00,BUY,10.0,53.09
2026-03-18 06:30:00+00:00,2026-03-18 17:00:00+00:00,SELL,10.0,-34.45
2026-03-18 07:15:00+00:00,2026-03-18 08:00:00+00:00,BUY,10.0,29.32
2026-03-18 07:30:00+00:00,2026-03-18 18:00:00+00:00,SELL,10.0,-7.21
2026-03-18 08:15:00+00:00,2026-03-18 09:00:00+00:00,SELL,10.0,48.67
2026-03-18 08:30:00+00:00,2026-03-18 19:00:00+00:00,BUY,10.0,2.63
2026-03-18 09:15:00+00:00,2026-03-18 10:00:00+00:00,SELL,10.0,13.48
2026-03-18 09:30:00+00:00,2026-03-18 20:00:00+00:00,BUY,10.0,1.67
2026-03-18 10:15:00+00:00,2026-03-18 11:00:00+00:00,SELL,10.0,41.33
2026-03-18 10:30:00+00:00,2026-03-18 21:00:00+00:00,BUY,10.0,-93.08
2026-03-18 11:15:00+00:00,2026-03-18 12:00:00+00:00,SELL,10.0,22.75
2026-03-18 11:30:00+00:00,2026-03-18 22:00:00+00:00,BUY,10.0,-97.41
2026-03-18 12:15:00+00:00,2026-03-18 13:00:00+00:00,BUY,10.0,-73.46
2026-03-18 12:30:00+00:00,2026-03-18 23:00:00+00:00,SELL,10.0,-114.93
2026-03-18 13:15:00+00:00,2026-03-18 14:00:00+00:00,SELL,10.0,41.34
2026-03-18 13:30:00+00:00,2026-03-19 00:00:00+00:00,BUY,10.0,-109.24
2026-03-18 14:15:00+00:00,2026-03-18 15:00:00+00:00,BUY,10.0,11.4
2026-03-18 14:30:00+00:00,2026-03-19 01:00:00+00:00,BUY,10.0,-81.86
2026-03-18 15:15:00+00:00,2026-03-18 16:00:00+00:00,BUY,10.0,40.72
2026-03-18 15:30:00+00:00,2026-03-19 02:00:00+00:00,SELL,10.0,-6.74
2026-03-18 16:15:00+00:00,2026-03-18 17:00:00+00:00,BUY,10.0,34.67
2026-03-18 16:30:00+00:00,2026-03-19 03:00:00+00:00,SELL,10.0,-47.38
2026-03-18 17:15:00+00:00,2026-03-18 18:00:00+00:00,BUY,10.0,41.87
2026-03-18 17:30:00+00:00,2026-03-19 04:00:00+00:00,BUY,10.0,15.17
2026-03-18 18:15:00+00:00,2026-03-18 19:00:00+00:00,SELL,10.0,18.19
2026-03-18 18:30:00+00:00,2026-03-19 05:00:00+00:00,SELL,10.0,14.33
2026-03-18 19:15:00+00:00,2026-03-18 20:00:00+00:00,SELL,10.0,8.89
2026-03-18 19:30:00+00:00,2026-03-19 06:00:00+00:00,BUY,10.0,29.93
2026-03-18 20:15:00+00:00,2026-03-18 21:00:00+00:00,SELL,10.0,-28.7
2026-03-18 20:30:00+00:00,2026-03-19 07:00:00+00:00,BUY,10.0,28.84
2026-03-18 21:15:00+00:00,2026-03-18 22:00:00+00:00,SELL,10.0,-60.3
2026-03-18 21:30:00+00:00,2026-03-19 08:00:00+00:00,SELL,10.0,24.38
2026-03-18 22:15:00+00:00,2026-03-18 23:00:00+00:00,BUY,10.0,-87.19
2026-03-18 22:30:00+00:00,2026-03-19 09:00:00+00:00,BUY,10.0,28.82
2026-03-18 23:15:00+00:00,2026-03-19 00:00:00+00:00,SELL,10.0,-90.91
2026-03-18 23:30:00+00:00,2026-03-19 10:00:00+00:00,SELL,10.0,9.49
2026-03-19 00:15:00+00:00,2026-03-19 01:00:00+00:00,SELL,10.0,-59.82
2026-03-19 00:30:00+00:00,2026-03-19 11:00:00+00:00,BUY,10.0,9.63
2026-03-19 01:15:00+00:00,2026-03-19 02:00:00+00:00,BUY,10.0,-15.36
2026-03-19 01:30:00+00:00,2026-03-19 12:00:00+00:00,BUY,10.0,15.36
2026-03-19 02:15:00+00:00,2026-03-19 03:00:00+00:00,BUY,10.0,2.67
2026-03-19 02:30:00+00:00,2026-03-19 13:00:00+00:00,BUY,10.0,-14.68
2026-03-19 03:15:00+00:00,2026-03-19 04:00:00+00:00,SELL,10.0,15.88
2026-03-19 03:30:00+00:00,2026-03-19 14:00:00+00:00,SELL,10.0,1.52
2026-03-19 04:15:00+00:00,2026-03-19 05:00:00+00:00,BUY,10.0,17.94
2026-03-19 04:30:00+00:00,2026-03-19 15:00:00+00:00,BUY,10.0,18.81
2026-03-19 05:15:00+00:00,2026-03-19 06:00:00+00:00,SELL,10.0,24.87
2026-03-19 05:30:00+00:00,2026-03-19 16:00:00+00:00,BUY,10.0,5.49
2026-03-19 06:15:00+00:00,2026-03-19 07:00:00+00:00,SELL,10.0,28.21
2026-03-19 06:30:00+00:00,2026-03-19 17:00:00+00:00,BUY,10.0,13.78
2026-03-19 07:15:00+00:00,2026-03-19 08:00:00+00:00,BUY,10.0,27.57
2026-03-19 07:30:00+00:00,2026-03-19 18:00:00+00:00,SELL,10.0,30.19
2026-03-19 08:15:00+00:00,2026-03-19 09:00:00+00:00,SELL,10.0,26.69
2026-03-19 08:30:00+00:00,2026-03-19 19:00:00+00:00,BUY,10.0,26.65
2026-03-19 09:15:00+00:00,2026-03-19 10:00:00+00:00,BUY,10.0,32.96
2026-03-19 09:30:00+00:00,2026-03-19 20:00:00+00:00,BUY,10.0,1.58
2026-03-19 10:15:00+00:00,2026-03-19 11:00:00+00:00,SELL,10.0,49.32
2026-03-19 10:30:00+00:00,2026-03-19 21:00:00+00:00,SELL,10.0,-1.32
2026-03-19 11:15:00+00:00,2026-03-19 12:00:00+00:00,SELL,10.0,17.96
2026-03-19 11:30:00+00:00,2026-03-19 22:00:00+00:00,SELL,10.0,-26.83
2026-03-19 12:15:00+00:00,2026-03-19 13:00:00+00:00,SELL,10.0,33.44
2026-03-19 12:30:00+00:00,2026-03-19 23:00:00+00:00,SELL,10.0,-50.96
2026-03-19 13:15:00+00:00,2026-03-19 14:00:00+00:00,BUY,10.0,22.16
2026-03-19 13:30:00+00:00,2026-03-20 00:00:00+00:00,SELL,10.0,26.38
2026-03-19 14:15:00+00:00,2026-03-19 15:00:00+00:00,SELL,10.0,12.54
2026-03-19 14:30:00+00:00,2026-03-20 01:00:00+00:00,SELL,10.0,32.84
2026-03-19 15:15:00+00:00,2026-03-19 16:00:00+00:00,SELL,10.0,25.36
2026-03-19 15:30:00+00:00,2026-03-20 02:00:00+00:00,BUY,10.0,36.39
2026-03-19 16:15:00+00:00,2026-03-19 17:00:00+00:00,SELL,10.0,22.64
2026-03-19 16:30:00+00:00,2026-03-20 03:00:00+00:00,BUY,10.0,34.08
2026-03-19 17:15:00+00:00,2026-03-19 18:00:00+00:00,BUY,10.0,27.95
2026-03-19 17:30:00+00:00,2026-03-20 04:00:00+00:00,BUY,10.0,34.07
2026-03-19 18:15:00+00:00,2026-03-19 19:00:00+00:00,SELL,10.0,25.58
2026-03-19 18:30:00+00:00,2026-03-20 05:00:00+00:00,BUY,10.0,37.23
2026-03-19 19:15:00+00:00,2026-03-19 20:00:00+00:00,SELL,10.0,22.2
2026-03-19 19:30:00+00:00,2026-03-20 06:00:00+00:00,SELL,10.0,32.25
2026-03-19 20:15:00+00:00,2026-03-19 21:00:00+00:00,BUY,10.0,20.56
2026-03-19 20:30:00+00:00,2026-03-20 07:00:00+00:00,SELL,10.0,55.62
2026-03-19 21:15:00+00:00,2026-03-19 22:00:00+00:00,BUY,10.0,-8.33
2026-03-19 21:30:00+00:00,2026-03-20 08:00:00+00:00,BUY,10.0,38.45
2026-03-19 22:15:00+00:00,2026-03-19 23:00:00+00:00,BUY,10.0,-16.68
2026-03-19 22:30:00+00:00,2026-03-20 09:00:00+00:00,SELL,10.0,42.34
2026-03-19 23:15:00+00:00,2026-03-20 00:00:00+00:00,BUY,10.0,13.87
2026-03-19 23:30:00+00:00,2026-03-20 10:00:00+00:00,BUY,10.0,40.16
2026-03-20 00:15:00+00:00,2026-03-20 01:00:00+00:00,BUY,10.0,22.3
2026-03-20 00:30:00+00:00,2026-03-20 11:00:00+00:00,SELL,10.0,33.36
2026-03-20 01:15:00+00:00,2026-03-20 02:00:00+00:00,SELL,10.0,23.36
2026-03-20 01:30:00+00:00,2026-03-20 12:00:00+00:00,BUY,10.0,40.0
2026-03-20 02:15:00+00:00,2026-03-20 03:00:00+00:00,SELL,10.0,20.85
2026-03-20 02:30:00+00:00,2026-03-20 13:00:00+00:00,SELL,10.0,23.59
2026-03-20 03:15:00+00:00,2026-03-20 04:00:00+00:00,SELL,10.0,22.23
2026-03-20 03:30:00+00:00,2026-03-20 14:00:00+00:00,BUY,10.0,28.9
2026-03-20 04:15:00+00:00,2026-03-20 05:00:00+00:00,SELL,10.0,22.45
2026-03-20 04:30:00+00:00,2026-03-20 15:00:00+00:00,BUY,10.0,35.75
2026-03-20 05:15:00+00:00,2026-03-20 06:00:00+00:00,BUY,10.0,25.4
2026-03-20 05:30:00+00:00,2026-03-20 16:00:00+00:00,SELL,10.0,35.65
2026-03-20 06:15:00+00:00,2026-03-20 07:00:00+00:00,BUY,10.0,33.94
2026-03-20 06:30:00+00:00,2026-03-20 17:00:00+00:00,BUY,10.0,42.19
2026-03-20 07:15:00+00:00,2026-03-20 08:00:00+00:00,SELL,10.0,29.94
2026-03-20 07:30:00+00:00,2026-03-20 18:00:00+00:00,SELL,10.0,44.34
2026-03-20 08:15:00+00:00,2026-03-20 09:00:00+00:00,BUY,10.0,37.91
2026-03-20 08:30:00+00:00,2026-03-20 19:00:00+00:00,SELL,10.0,46.13
2026-03-20 09:15:00+00:00,2026-03-20 10:00:00+00:00,SELL,10.0,32.76
2026-03-20 09:30:00+00:00,2026-03-20 20:00:00+00:00,BUY,10.0,37.07
2026-03-20 10:15:00+00:00,2026-03-20 11:00:00+00:00,BUY,10.0,24.74
2026-03-20 10:30:00+00:00,2026-03-20 21:00:00+00:00,SELL,10.0,38.25
2026-03-20 11:15:00+00:00,2026-03-20 12:00:00+00:00,SELL,10.0,32.52
2026-03-20 11:30:00+00:00,2026-03-20 22:00:00+00:00,BUY,10.0,30.8
2026-03-20 12:15:00+00:00,2026-03-20 13:00:00+00:00,BUY,10.0,22.94
2026-03-20 12:30:00+00:00,2026-03-20 23:00:00+00:00,SELL,10.0,32.47
2026-03-20 13:15:00+00:00,2026-03-20 14:00:00+00:00,SELL,10.0,26.64
2026-03-20 13:30:00+00:00,2026-03-21 00:00:00+00:00,SELL,10.0,33.13
2026-03-20 14:15:00+00:00,2026-03-20 15:00:00+00:00,SELL,10.0,29.38
2026-03-20 14:30:00+00:00,2026-03-21 01:00:00+00:00,SELL,10.0,32.85
2026-03-20 15:15:00+00:00,2026-03-20 16:00:00+00:00,BUY,10.0,25.3
2026-03-20 15:30:00+00:00,2026-03-21 02:00:00+00:00,BUY,10.0,33.87
2026-03-20 16:15:00+00:00,2026-03-20 17:00:00+00:00,SELL,10.0,31.23
2026-03-20 16:30:00+00:00,2026-03-21 03:00:00+00:00,BUY,10.0,28.24
2026-03-20 17:15:00+00:00,2026-03-20 18:00:00+00:00,BUY,10.0,34.96
2026-03-20 17:30:00+00:00,2026-03-21 04:00:00+00:00,BUY,10.0,39.93
2026-03-20 18:15:00+00:00,2026-03-20 19:00:00+00:00,BUY,10.0,25.83
2026-03-20 18:30:00+00:00,2026-03-21 05:00:00+00:00,BUY,10.0,39.34
2026-03-20 19:15:00+00:00,2026-03-20 20:00:00+00:00,SELL,10.0,11.58
2026-03-20 19:30:00+00:00,2026-03-21 06:00:00+00:00,SELL,10.0,45.96
2026-03-20 20:15:00+00:00,2026-03-20 21:00:00+00:00,BUY,10.0,26.6
2026-03-20 20:30:00+00:00,2026-03-21 07:00:00+00:00,SELL,10.0,57.94
2026-03-20 21:15:00+00:00,2026-03-20 22:00:00+00:00,SELL,10.0,17.28
2026-03-20 21:30:00+00:00,2026-03-21 08:00:00+00:00,BUY,10.0,54.46
2026-03-20 22:15:00+00:00,2026-03-20 23:00:00+00:00,BUY,10.0,19.5
2026-03-20 22:30:00+00:00,2026-03-21 09:00:00+00:00,BUY,10.0,51.5
2026-03-20 23:15:00+00:00,2026-03-21 00:00:00+00:00,BUY,10.0,30.42
2026-03-20 23:30:00+00:00,2026-03-21 10:00:00+00:00,BUY,10.0,43.87
2026-03-21 00:15:00+00:00,2026-03-21 01:00:00+00:00,BUY,10.0,32.86
2026-03-21 00:30:00+00:00,2026-03-21 11:00:00+00:00,BUY,10.0,43.43
2026-03-21 01:15:00+00:00,2026-03-21 02:00:00+00:00,SELL,10.0,31.5
2026-03-21 01:30:00+00:00,2026-03-21 12:00:00+00:00,SELL,10.0,52.08
2026-03-21 02:15:00+00:00,2026-03-21 03:00:00+00:00,SELL,10.0,23.92
2026-03-21 02:30:00+00:00,2026-03-21 13:00:00+00:00,SELL,10.0,40.69
2026-03-21 03:15:00+00:00,2026-03-21 04:00:00+00:00,SELL,10.0,33.99
2026-03-21 03:30:00+00:00,2026-03-21 14:00:00+00:00,BUY,10.0,46.07
2026-03-21 04:15:00+00:00,2026-03-21 05:00:00+00:00,SELL,10.0,37.61
2026-03-21 04:30:00+00:00,2026-03-21 15:00:00+00:00,BUY,10.0,36.94
2026-03-21 05:15:00+00:00,2026-03-21 06:00:00+00:00,BUY,10.0,36.95
2026-03-21 05:30:00+00:00,2026-03-21 16:00:00+00:00,SELL,10.0,47.91
2026-03-21 06:15:00+00:00,2026-03-21 07:00:00+00:00,BUY,10.0,185.2
2026-03-21 06:30:00+00:00,2026-03-21 17:00:00+00:00,SELL,10.0,47.06
2026-03-21 07:15:00+00:00,2026-03-21 08:00:00+00:00,SELL,10.0,67.57
2026-03-21 07:30:00+00:00,2026-03-21 18:00:00+00:00,BUY,10.0,45.34
2026-03-21 08:15:00+00:00,2026-03-21 09:00:00+00:00,SELL,10.0,43.86
2026-03-21 08:30:00+00:00,2026-03-21 19:00:00+00:00,SELL,10.0,39.87
2026-03-21 09:15:00+00:00,2026-03-21 10:00:00+00:00,SELL,10.0,39.46
2026-03-21 09:30:00+00:00,2026-03-21 20:00:00+00:00,SELL,10.0,42.08
2026-03-21 10:15:00+00:00,2026-03-21 11:00:00+00:00,SELL,10.0,40.17
2026-03-21 10:30:00+00:00,2026-03-21 21:00:00+00:00,SELL,10.0,37.24
2026-03-21 11:15:00+00:00,2026-03-21 12:00:00+00:00,BUY,10.0,40.9
2026-03-21 11:30:00+00:00,2026-03-21 22:00:00+00:00,BUY,10.0,35.49
2026-03-21 12:15:00+00:00,2026-03-21 13:00:00+00:00,BUY,10.0,36.76
2026-03-21 12:30:00+00:00,2026-03-21 23:00:00+00:00,SELL,10.0,33.72
2026-03-21 13:15:00+00:00,2026-03-21 14:00:00+00:00,SELL,10.0,37.61
2026-03-21 13:30:00+00:00,2026-03-22 00:00:00+00:00,SELL,10.0,31.73
2026-03-21 14:15:00+00:00,2026-03-21 15:00:00+00:00,SELL,10.0,34.22
2026-03-21 14:30:00+00:00,2026-03-22 01:00:00+00:00,SELL,10.0,22.32
2026-03-21 15:15:00+00:00,2026-03-21 16:00:00+00:00,BUY,10.0,37.57
2026-03-21 15:30:00+00:00,2026-03-22 02:00:00+00:00,SELL,10.0,35.08
2026-03-21 16:15:00+00:00,2026-03-21 17:00:00+00:00,BUY,10.0,39.85
2026-03-21 16:30:00+00:00,2026-03-22 03:00:00+00:00,BUY,10.0,25.65
2026-03-21 17:15:00+00:00,2026-03-21 18:00:00+00:00,SELL,10.0,41.72
2026-03-21 17:30:00+00:00,2026-03-22 04:00:00+00:00,BUY,10.0,28.65
2026-03-21 18:15:00+00:00,2026-03-21 19:00:00+00:00,BUY,10.0,33.2
2026-03-21 18:30:00+00:00,2026-03-22 05:00:00+00:00,SELL,10.0,35.41
2026-03-21 19:15:00+00:00,2026-03-21 20:00:00+00:00,BUY,10.0,37.06
2026-03-21 19:30:00+00:00,2026-03-22 06:00:00+00:00,BUY,10.0,48.14
2026-03-21 20:15:00+00:00,2026-03-21 21:00:00+00:00,BUY,10.0,41.83
2026-03-21 20:30:00+00:00,2026-03-22 07:00:00+00:00,BUY,10.0,41.12
2026-03-21 21:15:00+00:00,2026-03-21 22:00:00+00:00,SELL,10.0,34.21
2026-03-21 21:30:00+00:00,2026-03-22 08:00:00+00:00,BUY,10.0,41.73
2026-03-21 22:15:00+00:00,2026-03-21 23:00:00+00:00,BUY,10.0,30.33
2026-03-21 22:30:00+00:00,2026-03-22 09:00:00+00:00,SELL,10.0,40.38
2026-03-21 23:15:00+00:00,2026-03-22 00:00:00+00:00,BUY,10.0,33.37
2026-03-21 23:30:00+00:00,2026-03-22 10:00:00+00:00,BUY,10.0,40.22
2026-03-22 00:15:00+00:00,2026-03-22 01:00:00+00:00,BUY,10.0,29.12
2026-03-22 00:30:00+00:00,2026-03-22 11:00:00+00:00,SELL,10.0,31.99
2026-03-22 01:15:00+00:00,2026-03-22 02:00:00+00:00,BUY,10.0,36.25
2026-03-22 01:30:00+00:00,2026-03-22 12:00:00+00:00,BUY,10.0,37.1
2026-03-22 02:15:00+00:00,2026-03-22 03:00:00+00:00,SELL,10.0,31.62
2026-03-22 02:30:00+00:00,2026-03-22 13:00:00+00:00,SELL,10.0,40.14
2026-03-22 03:15:00+00:00,2026-03-22 04:00:00+00:00,SELL,10.0,79.18
2026-03-22 03:30:00+00:00,2026-03-22 14:00:00+00:00,BUY,10.0,32.1
2026-03-22 04:15:00+00:00,2026-03-22 05:00:00+00:00,BUY,10.0,40.99
2026-03-22 04:30:00+00:00,2026-03-22 15:00:00+00:00,BUY,10.0,40.95
2026-03-22 05:15:00+00:00,2026-03-22 06:00:00+00:00,SELL,10.0,50.0
2026-03-22 05:30:00+00:00,2026-03-22 16:00:00+00:00,BUY,10.0,39.35
2026-03-22 06:15:00+00:00,2026-03-22 07:00:00+00:00,SELL,10.0,45.37
2026-03-22 06:30:00+00:00,2026-03-22 17:00:00+00:00,SELL,10.0,38.4
2026-03-22 07:15:00+00:00,2026-03-22 08:00:00+00:00,SELL,10.0,44.1
2026-03-22 07:30:00+00:00,2026-03-22 18:00:00+00:00,SELL,10.0,40.22
2026-03-22 08:15:00+00:00,2026-03-22 09:00:00+00:00,BUY,10.0,40.89
2026-03-22 08:30:00+00:00,2026-03-22 19:00:00+00:00,BUY,10.0,40.81
2026-03-22 09:15:00+00:00,2026-03-22 10:00:00+00:00,SELL,10.0,46.53
2026-03-22 09:30:00+00:00,2026-03-22 20:00:00+00:00,SELL,10.0,36.32
2026-03-22 10:15:00+00:00,2026-03-22 11:00:00+00:00,BUY,10.0,33.12
2026-03-22 10:30:00+00:00,2026-03-22 21:00:00+00:00,BUY,10.0,33.9
2026-03-22 11:15:00+00:00,2026-03-22 12:00:00+00:00,SELL,10.0,39.81
2026-03-22 11:30:00+00:00,2026-03-22 22:00:00+00:00,SELL,10.0,30.66
2026-03-22 12:15:00+00:00,2026-03-22 13:00:00+00:00,BUY,10.0,42.23
2026-03-22 12:30:00+00:00,2026-03-22 23:00:00+00:00,SELL,10.0,26.89
2026-03-22 13:15:00+00:00,2026-03-22 14:00:00+00:00,SELL,10.0,35.87
2026-03-22 13:30:00+00:00,2026-03-23 00:00:00+00:00,SELL,10.0,34.28
2026-03-22 14:15:00+00:00,2026-03-22 15:00:00+00:00,SELL,10.0,40.06
2026-03-22 14:30:00+00:00,2026-03-23 01:00:00+00:00,BUY,10.0,39.15
2026-03-22 15:15:00+00:00,2026-03-22 16:00:00+00:00,SELL,10.0,41.85
2026-03-22 15:30:00+00:00,2026-03-23 02:00:00+00:00,BUY,10.0,45.43
2026-03-22 16:15:00+00:00,2026-03-22 17:00:00+00:00,BUY,10.0,41.71
2026-03-22 16:30:00+00:00,2026-03-23 03:00:00+00:00,SELL,10.0,39.03
2026-03-22 17:15:00+00:00,2026-03-22 18:00:00+00:00,BUY,10.0,42.34
2026-03-22 17:30:00+00:00,2026-03-23 04:00:00+00:00,BUY,10.0,40.09
2026-03-22 18:15:00+00:00,2026-03-22 19:00:00+00:00,SELL,10.0,45.94
2026-03-22 18:30:00+00:00,2026-03-23 05:00:00+00:00,BUY,10.0,46.17
2026-03-22 19:15:00+00:00,2026-03-22 20:00:00+00:00,BUY,10.0,39.01
2026-03-22 19:30:00+00:00,2026-03-23 06:00:00+00:00,BUY,10.0,52.29
2026-03-22 20:15:00+00:00,2026-03-22 21:00:00+00:00,SELL,10.0,37.1
2026-03-22 20:30:00+00:00,2026-03-23 07:00:00+00:00,SELL,10.0,55.54
2026-03-22 21:15:00+00:00,2026-03-22 22:00:00+00:00,BUY,10.0,36.75
2026-03-22 21:30:00+00:00,2026-03-23 08:00:00+00:00,SELL,10.0,55.28
2026-03-22 22:15:00+00:00,2026-03-22 23:00:00+00:00,BUY,10.0,32.58
2026-03-22 22:30:00+00:00,2026-03-23 09:00:00+00:00,SELL,10.0,47.58
2026-03-22 23:15:00+00:00,2026-03-23 00:00:00+00:00,BUY,10.0,31.42
2026-03-22 23:30:00+00:00,2026-03-23 10:00:00+00:00,BUY,10.0,53.01
2026-03-23 00:15:00+00:00,2026-03-23 01:00:00+00:00,SELL,10.0,37.84
2026-03-23 00:30:00+00:00,2026-03-23 11:00:00+00:00,BUY,10.0,52.46
2026-03-23 01:15:00+00:00,2026-03-23 02:00:00+00:00,SELL,10.0,59.57
2026-03-23 01:30:00+00:00,2026-03-23 12:00:00+00:00,SELL,10.0,42.79
2026-03-23 02:15:00+00:00,2026-03-23 03:00:00+00:00,BUY,10.0,35.05
2026-03-23 02:30:00+00:00,2026-03-23 13:00:00+00:00,SELL,10.0,51.78
2026-03-23 03:15:00+00:00,2026-03-23 04:00:00+00:00,SELL,10.0,34.27
2026-03-23 03:30:00+00:00,2026-03-23 14:00:00+00:00,SELL,10.0,43.49
2026-03-23 04:15:00+00:00,2026-03-23 05:00:00+00:00,SELL,10.0,40.28
2026-03-23 04:30:00+00:00,2026-03-23 15:00:00+00:00,BUY,10.0,49.03
2026-03-23 05:15:00+00:00,2026-03-23 06:00:00+00:00,SELL,10.0,48.53
2026-03-23 05:30:00+00:00,2026-03-23 16:00:00+00:00,SELL,10.0,46.09
2026-03-23 06:15:00+00:00,2026-03-23 07:00:00+00:00,BUY,10.0,46.4
2026-03-23 06:30:00+00:00,2026-03-23 17:00:00+00:00,BUY,10.0,43.02
2026-03-23 07:15:00+00:00,2026-03-23 08:00:00+00:00,BUY,10.0,51.36
2026-03-23 07:30:00+00:00,2026-03-23 18:00:00+00:00,SELL,10.0,49.77
2026-03-23 08:15:00+00:00,2026-03-23 09:00:00+00:00,BUY,10.0,45.54
2026-03-23 08:30:00+00:00,2026-03-23 19:00:00+00:00,BUY,10.0,47.24
2026-03-23 09:15:00+00:00,2026-03-23 10:00:00+00:00,SELL,10.0,112.81
2026-03-23 09:30:00+00:00,2026-03-23 20:00:00+00:00,BUY,10.0,43.82
2026-03-23 10:15:00+00:00,2026-03-23 11:00:00+00:00,SELL,10.0,43.23
2026-03-23 10:30:00+00:00,2026-03-23 21:00:00+00:00,SELL,10.0,48.03
2026-03-23 11:15:00+00:00,2026-03-23 12:00:00+00:00,BUY,10.0,37.34
2026-03-23 11:30:00+00:00,2026-03-23 22:00:00+00:00,BUY,10.0,36.02
2026-03-23 12:15:00+00:00,2026-03-23 13:00:00+00:00,BUY,10.0,35.67
2026-03-23 12:30:00+00:00,2026-03-23 23:00:00+00:00,SELL,10.0,37.98
2026-03-23 13:15:00+00:00,2026-03-23 14:00:00+00:00,BUY,10.0,125.99
2026-03-23 13:30:00+00:00,2026-03-24 00:00:00+00:00,SELL,10.0,39.28
2026-03-23 14:15:00+00:00,2026-03-23 15:00:00+00:00,SELL,10.0,43.79
2026-03-23 14:30:00+00:00,2026-03-24 01:00:00+00:00,SELL,10.0,40.92
2026-03-23 15:15:00+00:00,2026-03-23 16:00:00+00:00,BUY,10.0,45.28
2026-03-23 15:30:00+00:00,2026-03-24 02:00:00+00:00,SELL,10.0,37.48
2026-03-23 16:15:00+00:00,2026-03-23 17:00:00+00:00,SELL,10.0,39.74
2026-03-23 16:30:00+00:00,2026-03-24 03:00:00+00:00,SELL,10.0,46.07
2026-03-23 17:15:00+00:00,2026-03-23 18:00:00+00:00,BUY,10.0,44.49
2026-03-23 17:30:00+00:00,2026-03-24 04:00:00+00:00,BUY,10.0,42.18
2026-03-23 18:15:00+00:00,2026-03-23 19:00:00+00:00,SELL,10.0,46.46
2026-03-23 18:30:00+00:00,2026-03-24 05:00:00+00:00,SELL,10.0,46.49
2026-03-23 19:15:00+00:00,2026-03-23 20:00:00+00:00,SELL,10.0,44.11
2026-03-23 19:30:00+00:00,2026-03-24 06:00:00+00:00,SELL,10.0,59.97
2026-03-23 20:15:00+00:00,2026-03-23 21:00:00+00:00,BUY,10.0,43.33
2026-03-23 20:30:00+00:00,2026-03-24 07:00:00+00:00,BUY,10.0,50.92
2026-03-23 21:15:00+00:00,2026-03-23 22:00:00+00:00,SELL,10.0,32.72
2026-03-23 21:30:00+00:00,2026-03-24 08:00:00+00:00,BUY,10.0,57.54
2026-03-23 22:15:00+00:00,2026-03-23 23:00:00+00:00,BUY,10.0,32.33
2026-03-23 22:30:00+00:00,2026-03-24 09:00:00+00:00,BUY,10.0,54.16
2026-03-23 23:15:00+00:00,2026-03-24 00:00:00+00:00,BUY,10.0,36.98
2026-03-23 23:30:00+00:00,2026-03-24 10:00:00+00:00,SELL,10.0,60.42
2026-03-24 00:15:00+00:00,2026-03-24 01:00:00+00:00,BUY,10.0,35.71
2026-03-24 00:30:00+00:00,2026-03-24 11:00:00+00:00,SELL,10.0,46.32
2026-03-24 01:15:00+00:00,2026-03-24 02:00:00+00:00,BUY,10.0,130.34
2026-03-24 01:30:00+00:00,2026-03-24 12:00:00+00:00,BUY,10.0,46.24
2026-03-24 02:15:00+00:00,2026-03-24 03:00:00+00:00,BUY,10.0,41.68
2026-03-24 02:30:00+00:00,2026-03-24 13:00:00+00:00,BUY,10.0,45.85
2026-03-24 03:15:00+00:00,2026-03-24 04:00:00+00:00,SELL,10.0,40.84
2026-03-24 03:30:00+00:00,2026-03-24 14:00:00+00:00,SELL,10.0,37.91
2026-03-24 04:15:00+00:00,2026-03-24 05:00:00+00:00,BUY,10.0,44.4
2026-03-24 04:30:00+00:00,2026-03-24 15:00:00+00:00,SELL,10.0,46.96
2026-03-24 05:15:00+00:00,2026-03-24 06:00:00+00:00,BUY,10.0,51.2
2026-03-24 05:30:00+00:00,2026-03-24 16:00:00+00:00,SELL,10.0,123.8
2026-03-24 06:15:00+00:00,2026-03-24 07:00:00+00:00,SELL,10.0,199.59
2026-03-24 06:30:00+00:00,2026-03-24 17:00:00+00:00,SELL,10.0,47.77
2026-03-24 07:15:00+00:00,2026-03-24 08:00:00+00:00,SELL,10.0,54.89
2026-03-24 07:30:00+00:00,2026-03-24 18:00:00+00:00,BUY,10.0,67.8
2026-03-24 08:15:00+00:00,2026-03-24 09:00:00+00:00,SELL,10.0,49.34
2026-03-24 08:30:00+00:00,2026-03-24 19:00:00+00:00,BUY,10.0,53.82
2026-03-24 09:15:00+00:00,2026-03-24 10:00:00+00:00,BUY,10.0,49.19
2026-03-24 09:30:00+00:00,2026-03-24 20:00:00+00:00,BUY,10.0,48.77
2026-03-24 10:15:00+00:00,2026-03-24 11:00:00+00:00,BUY,10.0,109.92
2026-03-24 10:30:00+00:00,2026-03-24 21:00:00+00:00,SELL,10.0,51.99
2026-03-24 11:15:00+00:00,2026-03-24 12:00:00+00:00,SELL,10.0,40.64
2026-03-24 11:30:00+00:00,2026-03-24 22:00:00+00:00,BUY,10.0,43.67
2026-03-24 12:15:00+00:00,2026-03-24 13:00:00+00:00,SELL,10.0,162.61
2026-03-24 12:30:00+00:00,2026-03-24 23:00:00+00:00,BUY,10.0,43.72
2026-03-24 13:15:00+00:00,2026-03-24 14:00:00+00:00,BUY,10.0,140.24
2026-03-24 13:30:00+00:00,2026-03-25 00:00:00+00:00,SELL,10.0,48.61
2026-03-24 14:15:00+00:00,2026-03-24 15:00:00+00:00,BUY,10.0,91.84
2026-03-24 14:30:00+00:00,2026-03-25 01:00:00+00:00,SELL,10.0,43.65
2026-03-24 15:15:00+00:00,2026-03-24 16:00:00+00:00,BUY,10.0,114.97
2026-03-24 15:30:00+00:00,2026-03-25 02:00:00+00:00,SELL,10.0,50.27
2026-03-24 16:15:00+00:00,2026-03-24 17:00:00+00:00,BUY,10.0,47.82
2026-03-24 16:30:00+00:00,2026-03-25 03:00:00+00:00,SELL,10.0,45.71
2026-03-24 17:15:00+00:00,2026-03-24 18:00:00+00:00,SELL,10.0,-28.99
2026-03-24 17:30:00+00:00,2026-03-25 04:00:00+00:00,BUY,10.0,52.19
2026-03-24 18:15:00+00:00,2026-03-24 19:00:00+00:00,SELL,10.0,52.34
2026-03-24 18:30:00+00:00,2026-03-25 05:00:00+00:00,BUY,10.0,64.99
2026-03-24 19:15:00+00:00,2026-03-24 20:00:00+00:00,SELL,10.0,75.39
2026-03-24 19:30:00+00:00,2026-03-25 06:00:00+00:00,BUY,10.0,68.31
2026-03-24 20:15:00+00:00,2026-03-24 21:00:00+00:00,BUY,10.0,42.2
2026-03-24 20:30:00+00:00,2026-03-25 07:00:00+00:00,SELL,10.0,114.27
2026-03-24 21:15:00+00:00,2026-03-24 22:00:00+00:00,SELL,10.0,39.4
2026-03-24 21:30:00+00:00,2026-03-25 08:00:00+00:00,BUY,10.0,71.41
2026-03-24 22:15:00+00:00,2026-03-24 23:00:00+00:00,SELL,10.0,42.06
2026-03-24 22:30:00+00:00,2026-03-25 09:00:00+00:00,SELL,10.0,75.47
2026-03-24 23:15:00+00:00,2026-03-25 00:00:00+00:00,BUY,10.0,43.77
2026-03-24 23:30:00+00:00,2026-03-25 10:00:00+00:00,BUY,10.0,77.46
2026-03-25 00:15:00+00:00,2026-03-25 01:00:00+00:00,BUY,10.0,154.82
2026-03-25 00:30:00+00:00,2026-03-25 11:00:00+00:00,BUY,10.0,55.52
2026-03-25 01:15:00+00:00,2026-03-25 02:00:00+00:00,BUY,10.0,42.72
2026-03-25 01:30:00+00:00,2026-03-25 12:00:00+00:00,BUY,10.0,58.7
2026-03-25 02:15:00+00:00,2026-03-25 03:00:00+00:00,BUY,10.0,37.49
2026-03-25 02:30:00+00:00,2026-03-25 13:00:00+00:00,SELL,10.0,56.9
2026-03-25 03:15:00+00:00,2026-03-25 04:00:00+00:00,SELL,10.0,85.0
2026-03-25 03:30:00+00:00,2026-03-25 14:00:00+00:00,BUY,10.0,50.79
2026-03-25 04:15:00+00:00,2026-03-25 05:00:00+00:00,SELL,10.0,51.4
2026-03-25 04:30:00+00:00,2026-03-25 15:00:00+00:00,BUY,10.0,53.04
2026-03-25 05:15:00+00:00,2026-03-25 06:00:00+00:00,SELL,10.0,58.45
2026-03-25 05:30:00+00:00,2026-03-25 16:00:00+00:00,BUY,10.0,54.03
2026-03-25 06:15:00+00:00,2026-03-25 07:00:00+00:00,BUY,10.0,27.82
2026-03-25 06:30:00+00:00,2026-03-25 17:00:00+00:00,BUY,10.0,62.97
2026-03-25 07:15:00+00:00,2026-03-25 08:00:00+00:00,SELL,10.0,61.39
2026-03-25 07:30:00+00:00,2026-03-25 18:00:00+00:00,BUY,10.0,65.39
2026-03-25 08:15:00+00:00,2026-03-25 09:00:00+00:00,BUY,10.0,43.01
2026-03-25 08:30:00+00:00,2026-03-25 19:00:00+00:00,SELL,10.0,57.39
2026-03-25 09:15:00+00:00,2026-03-25 10:00:00+00:00,SELL,10.0,113.05
2026-03-25 09:30:00+00:00,2026-03-25 20:00:00+00:00,SELL,10.0,64.18
2026-03-25 10:15:00+00:00,2026-03-25 11:00:00+00:00,SELL,10.0,46.52
2026-03-25 10:30:00+00:00,2026-03-25 21:00:00+00:00,SELL,10.0,55.44
2026-03-25 11:15:00+00:00,2026-03-25 12:00:00+00:00,SELL,10.0,43.13
2026-03-25 11:30:00+00:00,2026-03-25 22:00:00+00:00,SELL,10.0,51.07
2026-03-25 12:15:00+00:00,2026-03-25 13:00:00+00:00,BUY,10.0,167.05
2026-03-25 12:30:00+00:00,2026-03-25 23:00:00+00:00,BUY,10.0,42.17
2026-03-25 13:15:00+00:00,2026-03-25 14:00:00+00:00,SELL,10.0,38.96
2026-03-25 13:30:00+00:00,2026-03-26 00:00:00+00:00,SELL,10.0,46.36
2026-03-25 14:15:00+00:00,2026-03-25 15:00:00+00:00,SELL,10.0,123.76
2026-03-25 14:30:00+00:00,2026-03-26 01:00:00+00:00,SELL,10.0,49.01
2026-03-25 15:15:00+00:00,2026-03-25 16:00:00+00:00,SELL,10.0,85.62
2026-03-25 15:30:00+00:00,2026-03-26 02:00:00+00:00,BUY,10.0,51.74
2026-03-25 16:15:00+00:00,2026-03-25 17:00:00+00:00,SELL,10.0,49.96
2026-03-25 16:30:00+00:00,2026-03-26 03:00:00+00:00,SELL,10.0,52.76
2026-03-25 17:15:00+00:00,2026-03-25 18:00:00+00:00,SELL,10.0,56.48
2026-03-25 17:30:00+00:00,2026-03-26 04:00:00+00:00,BUY,10.0,59.02
2026-03-25 18:15:00+00:00,2026-03-25 19:00:00+00:00,BUY,10.0,53.01
2026-03-25 18:30:00+00:00,2026-03-26 05:00:00+00:00,SELL,10.0,53.47
2026-03-25 19:15:00+00:00,2026-03-25 20:00:00+00:00,BUY,10.0,45.77
2026-03-25 19:30:00+00:00,2026-03-26 06:00:00+00:00,SELL,10.0,82.1
2026-03-25 20:15:00+00:00,2026-03-25 21:00:00+00:00,BUY,10.0,42.04
2026-03-25 20:30:00+00:00,2026-03-26 07:00:00+00:00,SELL,10.0,46.99
2026-03-25 21:15:00+00:00,2026-03-25 22:00:00+00:00,BUY,10.0,40.6
2026-03-25 21:30:00+00:00,2026-03-26 08:00:00+00:00,SELL,10.0,56.79
2026-03-25 22:15:00+00:00,2026-03-25 23:00:00+00:00,SELL,10.0,38.01
2026-03-25 22:30:00+00:00,2026-03-26 09:00:00+00:00,BUY,10.0,68.15
2026-03-25 23:15:00+00:00,2026-03-26 00:00:00+00:00,BUY,10.0,42.34
2026-03-25 23:30:00+00:00,2026-03-26 10:00:00+00:00,SELL,10.0,60.77
2026-03-26 00:15:00+00:00,2026-03-26 01:00:00+00:00,BUY,10.0,42.65
2026-03-26 00:30:00+00:00,2026-03-26 11:00:00+00:00,SELL,10.0,53.96
2026-03-26 01:15:00+00:00,2026-03-26 02:00:00+00:00,SELL,10.0,40.71
2026-03-26 01:30:00+00:00,2026-03-26 12:00:00+00:00,SELL,10.0,61.09
2026-03-26 02:15:00+00:00,2026-03-26 03:00:00+00:00,BUY,10.0,104.68
2026-03-26 02:30:00+00:00,2026-03-26 13:00:00+00:00,BUY,10.0,44.79
2026-03-26 03:15:00+00:00,2026-03-26 04:00:00+00:00,SELL,10.0,39.4
2026-03-26 03:30:00+00:00,2026-03-26 14:00:00+00:00,SELL,10.0,37.72
2026-03-26 04:15:00+00:00,2026-03-26 05:00:00+00:00,BUY,10.0,47.8
2026-03-26 04:30:00+00:00,2026-03-26 15:00:00+00:00,SELL,10.0,46.06
2026-03-26 05:15:00+00:00,2026-03-26 06:00:00+00:00,BUY,10.0,69.02
2026-03-26 05:30:00+00:00,2026-03-26 16:00:00+00:00,SELL,10.0,66.58
2026-03-26 06:15:00+00:00,2026-03-26 07:00:00+00:00,BUY,10.0,44.31
2026-03-26 06:30:00+00:00,2026-03-26 17:00:00+00:00,BUY,10.0,55.28
2026-03-26 07:15:00+00:00,2026-03-26 08:00:00+00:00,BUY,10.0,147.94
2026-03-26 07:30:00+00:00,2026-03-26 18:00:00+00:00,BUY,10.0,52.79
2026-03-26 08:15:00+00:00,2026-03-26 09:00:00+00:00,SELL,10.0,45.05
2026-03-26 08:30:00+00:00,2026-03-26 19:00:00+00:00,SELL,10.0,60.36
2026-03-26 09:15:00+00:00,2026-03-26 10:00:00+00:00,BUY,10.0,50.82
2026-03-26 09:30:00+00:00,2026-03-26 20:00:00+00:00,BUY,10.0,52.73
2026-03-26 10:15:00+00:00,2026-03-26 11:00:00+00:00,BUY,10.0,41.57
2026-03-26 10:30:00+00:00,2026-03-26 21:00:00+00:00,SELL,10.0,53.91
2026-03-26 11:15:00+00:00,2026-03-26 12:00:00+00:00,BUY,10.0,43.55
2026-03-26 11:30:00+00:00,2026-03-26 22:00:00+00:00,SELL,10.0,42.34
2026-03-26 12:15:00+00:00,2026-03-26 13:00:00+00:00,SELL,10.0,39.2
2026-03-26 12:30:00+00:00,2026-03-26 23:00:00+00:00,SELL,10.0,45.3
2026-03-26 13:15:00+00:00,2026-03-26 14:00:00+00:00,BUY,10.0,34.42
2026-03-26 13:30:00+00:00,2026-03-27 00:00:00+00:00,SELL,10.0,29.36
2026-03-26 14:15:00+00:00,2026-03-26 15:00:00+00:00,BUY,10.0,38.52
2026-03-26 14:30:00+00:00,2026-03-27 01:00:00+00:00,SELL,10.0,46.85
2026-03-26 15:15:00+00:00,2026-03-26 16:00:00+00:00,BUY,10.0,45.89
2026-03-26 15:30:00+00:00,2026-03-27 02:00:00+00:00,SELL,10.0,40.93
2026-03-26 16:15:00+00:00,2026-03-26 17:00:00+00:00,SELL,10.0,46.56
2026-03-26 16:30:00+00:00,2026-03-27 03:00:00+00:00,SELL,10.0,44.36
2026-03-26 17:15:00+00:00,2026-03-26 18:00:00+00:00,SELL,10.0,50.68
2026-03-26 17:30:00+00:00,2026-03-27 04:00:00+00:00,BUY,10.0,40.7
2026-03-26 18:15:00+00:00,2026-03-26 19:00:00+00:00,BUY,10.0,50.63
2026-03-26 18:30:00+00:00,2026-03-27 05:00:00+00:00,BUY,10.0,43.8
2026-03-26 19:15:00+00:00,2026-03-26 20:00:00+00:00,SELL,10.0,48.94
2026-03-26 19:30:00+00:00,2026-03-27 06:00:00+00:00,SELL,10.0,48.15
2026-03-26 20:15:00+00:00,2026-03-26 21:00:00+00:00,BUY,10.0,64.04
2026-03-26 20:30:00+00:00,2026-03-27 07:00:00+00:00,SELL,10.0,49.6
2026-03-26 21:15:00+00:00,2026-03-26 22:00:00+00:00,BUY,10.0,33.32
2026-03-26 21:30:00+00:00,2026-03-27 08:00:00+00:00,SELL,10.0,50.35
2026-03-26 22:15:00+00:00,2026-03-26 23:00:00+00:00,BUY,10.0,37.58
2026-03-26 22:30:00+00:00,2026-03-27 09:00:00+00:00,BUY,10.0,50.45
2026-03-26 23:15:00+00:00,2026-03-27 00:00:00+00:00,BUY,10.0,33.15
2026-03-26 23:30:00+00:00,2026-03-27 10:00:00+00:00,BUY,10.0,59.98
2026-03-27 00:15:00+00:00,2026-03-27 01:00:00+00:00,BUY,10.0,35.82
2026-03-27 00:30:00+00:00,2026-03-27 11:00:00+00:00,SELL,10.0,43.71
2026-03-27 01:15:00+00:00,2026-03-27 02:00:00+00:00,BUY,10.0,34.44
2026-03-27 01:30:00+00:00,2026-03-27 12:00:00+00:00,BUY,10.0,57.73
2026-03-27 02:15:00+00:00,2026-03-27 03:00:00+00:00,BUY,10.0,72.12
2026-03-27 02:30:00+00:00,2026-03-27 13:00:00+00:00,BUY,10.0,35.76
2026-03-27 03:15:00+00:00,2026-03-27 04:00:00+00:00,SELL,10.0,35.87
2026-03-27 03:30:00+00:00,2026-03-27 14:00:00+00:00,BUY,10.0,40.58
2026-03-27 04:15:00+00:00,2026-03-27 05:00:00+00:00,SELL,10.0,42.62
2026-03-27 04:30:00+00:00,2026-03-27 15:00:00+00:00,BUY,10.0,46.54
2026-03-27 05:15:00+00:00,2026-03-27 06:00:00+00:00,BUY,10.0,44.66
2026-03-27 05:30:00+00:00,2026-03-27 16:00:00+00:00,SELL,10.0,45.66
2026-03-27 06:15:00+00:00,2026-03-27 07:00:00+00:00,BUY,10.0,50.74
2026-03-27 06:30:00+00:00,2026-03-27 17:00:00+00:00,SELL,10.0,54.7
2026-03-27 07:15:00+00:00,2026-03-27 08:00:00+00:00,BUY,10.0,47.26
2026-03-27 07:30:00+00:00,2026-03-27 18:00:00+00:00,BUY,10.0,55.15
2026-03-27 08:15:00+00:00,2026-03-27 09:00:00+00:00,SELL,10.0,100.6
2026-03-27 08:30:00+00:00,2026-03-27 19:00:00+00:00,SELL,10.0,50.85
2026-03-27 09:15:00+00:00,2026-03-27 10:00:00+00:00,SELL,10.0,51.23
2026-03-27 09:30:00+00:00,2026-03-27 20:00:00+00:00,SELL,10.0,48.41
2026-03-27 10:15:00+00:00,2026-03-27 11:00:00+00:00,BUY,10.0,42.89
2026-03-27 10:30:00+00:00,2026-03-27 21:00:00+00:00,BUY,10.0,41.31
2026-03-27 11:15:00+00:00,2026-03-27 12:00:00+00:00,SELL,10.0,45.45
2026-03-27 11:30:00+00:00,2026-03-27 22:00:00+00:00,BUY,10.0,41.6
2026-03-27 12:15:00+00:00,2026-03-27 13:00:00+00:00,SELL,10.0,40.06
2026-03-27 12:30:00+00:00,2026-03-27 23:00:00+00:00,SELL,10.0,30.44
2026-03-27 13:15:00+00:00,2026-03-27 14:00:00+00:00,SELL,10.0,42.11
2026-03-27 13:30:00+00:00,2026-03-28 00:00:00+00:00,BUY,10.0,39.48
2026-03-27 14:15:00+00:00,2026-03-27 15:00:00+00:00,SELL,10.0,46.99
2026-03-27 14:30:00+00:00,2026-03-28 01:00:00+00:00,BUY,10.0,39.69
2026-03-27 15:15:00+00:00,2026-03-27 16:00:00+00:00,BUY,10.0,40.14
2026-03-27 15:30:00+00:00,2026-03-28 02:00:00+00:00,BUY,10.0,42.75
2026-03-27 16:15:00+00:00,2026-03-27 17:00:00+00:00,BUY,10.0,53.31
2026-03-27 16:30:00+00:00,2026-03-28 03:00:00+00:00,SELL,10.0,40.38
2026-03-27 17:15:00+00:00,2026-03-27 18:00:00+00:00,SELL,10.0,52.16
2026-03-27 17:30:00+00:00,2026-03-28 04:00:00+00:00,BUY,10.0,37.42
2026-03-27 18:15:00+00:00,2026-03-27 19:00:00+00:00,BUY,10.0,42.64
2026-03-27 18:30:00+00:00,2026-03-28 05:00:00+00:00,BUY,10.0,46.57
2026-03-27 19:15:00+00:00,2026-03-27 20:00:00+00:00,BUY,10.0,44.16
2026-03-27 19:30:00+00:00,2026-03-28 06:00:00+00:00,SELL,10.0,51.62
2026-03-27 20:15:00+00:00,2026-03-27 21:00:00+00:00,SELL,10.0,38.81
2026-03-27 20:30:00+00:00,2026-03-28 07:00:00+00:00,BUY,10.0,60.12
2026-03-27 21:15:00+00:00,2026-03-27 22:00:00+00:00,SELL,10.0,37.59
2026-03-27 21:30:00+00:00,2026-03-28 08:00:00+00:00,SELL,10.0,66.19
2026-03-27 22:15:00+00:00,2026-03-27 23:00:00+00:00,BUY,10.0,29.46
2026-03-27 22:30:00+00:00,2026-03-28 09:00:00+00:00,BUY,10.0,59.15
2026-03-27 23:15:00+00:00,2026-03-28 00:00:00+00:00,SELL,10.0,32.28
2026-03-27 23:30:00+00:00,2026-03-28 10:00:00+00:00,SELL,10.0,51.14
2026-03-28 00:15:00+00:00,2026-03-28 01:00:00+00:00,SELL,10.0,37.06
2026-03-28 00:30:00+00:00,2026-03-28 11:00:00+00:00,SELL,10.0,56.83
2026-03-28 01:15:00+00:00,2026-03-28 02:00:00+00:00,SELL,10.0,44.06
2026-03-28 01:30:00+00:00,2026-03-28 12:00:00+00:00,SELL,10.0,36.14
2026-03-28 02:15:00+00:00,2026-03-28 03:00:00+00:00,BUY,10.0,38.91
2026-03-28 02:30:00+00:00,2026-03-28 13:00:00+00:00,SELL,10.0,48.55
2026-03-28 03:15:00+00:00,2026-03-28 04:00:00+00:00,SELL,10.0,40.83
2026-03-28 03:30:00+00:00,2026-03-28 14:00:00+00:00,SELL,10.0,41.46
2026-03-28 04:15:00+00:00,2026-03-28 05:00:00+00:00,SELL,10.0,46.38
2026-03-28 04:30:00+00:00,2026-03-28 15:00:00+00:00,SELL,10.0,52.68
2026-03-28 05:15:00+00:00,2026-03-28 06:00:00+00:00,BUY,10.0,48.52
2026-03-28 05:30:00+00:00,2026-03-28 16:00:00+00:00,SELL,10.0,45.23
2026-03-28 06:15:00+00:00,2026-03-28 07:00:00+00:00,SELL,10.0,58.99
2026-03-28 06:30:00+00:00,2026-03-28 17:00:00+00:00,BUY,10.0,57.2
2026-03-28 07:15:00+00:00,2026-03-28 08:00:00+00:00,BUY,10.0,61.46
2026-03-28 07:30:00+00:00,2026-03-28 18:00:00+00:00,BUY,10.0,66.68
2026-03-28 08:15:00+00:00,2026-03-28 09:00:00+00:00,SELL,10.0,54.9
2026-03-28 08:30:00+00:00,2026-03-28 19:00:00+00:00,SELL,10.0,56.19
2026-03-28 09:15:00+00:00,2026-03-28 10:00:00+00:00,BUY,10.0,51.47
2026-03-28 09:30:00+00:00,2026-03-28 20:00:00+00:00,BUY,10.0,49.9
2026-03-28 10:15:00+00:00,2026-03-28 11:00:00+00:00,BUY,10.0,46.06
2026-03-28 10:30:00+00:00,2026-03-28 21:00:00+00:00,SELL,10.0,41.59
2026-03-28 11:15:00+00:00,2026-03-28 12:00:00+00:00,BUY,10.0,36.66
2026-03-28 11:30:00+00:00,2026-03-28 22:00:00+00:00,BUY,10.0,41.77
2026-03-28 12:15:00+00:00,2026-03-28 13:00:00+00:00,BUY,10.0,52.61
2026-03-28 12:30:00+00:00,2026-03-28 23:00:00+00:00,SELL,10.0,44.44
2026-03-28 13:15:00+00:00,2026-03-28 14:00:00+00:00,BUY,10.0,39.12
2026-03-28 13:30:00+00:00,2026-03-29 00:00:00+00:00,BUY,10.0,53.08
2026-03-28 14:15:00+00:00,2026-03-28 15:00:00+00:00,BUY,10.0,49.56
2026-03-28 14:30:00+00:00,2026-03-29 01:00:00+00:00,BUY,10.0,57.13
2026-03-28 15:15:00+00:00,2026-03-28 16:00:00+00:00,BUY,10.0,46.45
2026-03-28 15:30:00+00:00,2026-03-29 02:00:00+00:00,BUY,10.0,57.33
2026-03-28 16:15:00+00:00,2026-03-28 17:00:00+00:00,SELL,10.0,54.06
2026-03-28 16:30:00+00:00,2026-03-29 03:00:00+00:00,BUY,10.0,68.17
2026-03-28 17:15:00+00:00,2026-03-28 18:00:00+00:00,SELL,10.0,96.04
2026-03-28 17:30:00+00:00,2026-03-29 04:00:00+00:00,BUY,10.0,76.05
2026-03-28 18:15:00+00:00,2026-03-28 19:00:00+00:00,BUY,10.0,58.75
2026-03-28 18:30:00+00:00,2026-03-29 05:00:00+00:00,BUY,10.0,89.22
2026-03-28 19:15:00+00:00,2026-03-28 20:00:00+00:00,SELL,10.0,45.11
2026-03-28 19:30:00+00:00,2026-03-29 06:00:00+00:00,BUY,10.0,68.75
2026-03-28 20:15:00+00:00,2026-03-28 21:00:00+00:00,BUY,10.0,43.26
2026-03-28 20:30:00+00:00,2026-03-29 07:00:00+00:00,BUY,10.0,107.01
2026-03-28 21:15:00+00:00,2026-03-28 22:00:00+00:00,SELL,10.0,39.94
2026-03-28 21:30:00+00:00,2026-03-29 08:00:00+00:00,BUY,10.0,150.97
2026-03-28 22:15:00+00:00,2026-03-28 23:00:00+00:00,BUY,10.0,81.42
2026-03-28 22:30:00+00:00,2026-03-29 09:00:00+00:00,BUY,10.0,70.52
2026-03-28 23:15:00+00:00,2026-03-29 00:00:00+00:00,SELL,10.0,119.72
2026-03-28 23:30:00+00:00,2026-03-29 10:00:00+00:00,SELL,10.0,78.48
2026-03-29 00:15:00+00:00,2026-03-29 01:00:00+00:00,SELL,10.0,47.77
2026-03-29 00:30:00+00:00,2026-03-29 11:00:00+00:00,SELL,10.0,64.34
2026-03-29 01:15:00+00:00,2026-03-29 02:00:00+00:00,SELL,10.0,43.74
2026-03-29 01:30:00+00:00,2026-03-29 12:00:00+00:00,BUY,10.0,64.88
2026-03-29 02:15:00+00:00,2026-03-29 03:00:00+00:00,SELL,10.0,48.81
2026-03-29 02:30:00+00:00,2026-03-29 13:00:00+00:00,SELL,10.0,61.23
2026-03-29 03:15:00+00:00,2026-03-29 04:00:00+00:00,SELL,10.0,46.79
2026-03-29 03:30:00+00:00,2026-03-29 14:00:00+00:00,BUY,10.0,60.3
2026-03-29 04:15:00+00:00,2026-03-29 05:00:00+00:00,SELL,10.0,90.89
2026-03-29 04:30:00+00:00,2026-03-29 15:00:00+00:00,SELL,10.0,70.58
2026-03-29 05:15:00+00:00,2026-03-29 06:00:00+00:00,SELL,10.0,48.14
2026-03-29 05:30:00+00:00,2026-03-29 16:00:00+00:00,SELL,10.0,70.58
2026-03-29 06:15:00+00:00,2026-03-29 07:00:00+00:00,SELL,10.0,216.98
2026-03-29 06:30:00+00:00,2026-03-29 17:00:00+00:00,BUY,10.0,103.23
2026-03-29 07:15:00+00:00,2026-03-29 08:00:00+00:00,SELL,10.0,90.32
2026-03-29 07:30:00+00:00,2026-03-29 18:00:00+00:00,BUY,10.0,133.51
2026-03-29 08:15:00+00:00,2026-03-29 09:00:00+00:00,SELL,10.0,69.06
2026-03-29 08:30:00+00:00,2026-03-29 19:00:00+00:00,SELL,10.0,98.82
2026-03-29 09:15:00+00:00,2026-03-29 10:00:00+00:00,BUY,10.0,56.47
2026-03-29 09:30:00+00:00,2026-03-29 20:00:00+00:00,SELL,10.0,81.34
2026-03-29 10:15:00+00:00,2026-03-29 11:00:00+00:00,BUY,10.0,62.97
2026-03-29 10:30:00+00:00,2026-03-29 21:00:00+00:00,BUY,10.0,66.34
2026-03-29 11:15:00+00:00,2026-03-29 12:00:00+00:00,SELL,10.0,56.06
2026-03-29 11:30:00+00:00,2026-03-29 22:00:00+00:00,SELL,10.0,62.86
2026-03-29 12:15:00+00:00,2026-03-29 13:00:00+00:00,BUY,10.0,94.5
2026-03-29 12:30:00+00:00,2026-03-29 23:00:00+00:00,SELL,10.0,52.4
2026-03-29 13:15:00+00:00,2026-03-29 14:00:00+00:00,SELL,10.0,59.75
2026-03-29 13:30:00+00:00,2026-03-30 00:00:00+00:00,BUY,10.0,28.82
2026-03-29 14:15:00+00:00,2026-03-29 15:00:00+00:00,BUY,10.0,51.87
2026-03-29 14:30:00+00:00,2026-03-30 01:00:00+00:00,BUY,10.0,29.81
2026-03-29 15:15:00+00:00,2026-03-29 16:00:00+00:00,BUY,10.0,164.51
2026-03-29 15:30:00+00:00,2026-03-30 02:00:00+00:00,SELL,10.0,30.05
2026-03-29 16:15:00+00:00,2026-03-29 17:00:00+00:00,SELL,10.0,54.39
2026-03-29 16:30:00+00:00,2026-03-30 03:00:00+00:00,BUY,10.0,24.64
2026-03-29 17:15:00+00:00,2026-03-29 18:00:00+00:00,SELL,10.0,54.75
2026-03-29 17:30:00+00:00,2026-03-30 04:00:00+00:00,SELL,10.0,29.97
2026-03-29 18:15:00+00:00,2026-03-29 19:00:00+00:00,BUY,10.0,-47.31
2026-03-29 18:30:00+00:00,2026-03-30 05:00:00+00:00,BUY,10.0,39.14
2026-03-29 19:15:00+00:00,2026-03-29 20:00:00+00:00,BUY,10.0,56.83
2026-03-29 19:30:00+00:00,2026-03-30 06:00:00+00:00,BUY,10.0,41.55
2026-03-29 20:15:00+00:00,2026-03-29 21:00:00+00:00,SELL,10.0,39.39
2026-03-29 20:30:00+00:00,2026-03-30 07:00:00+00:00,SELL,10.0,49.41
2026-03-29 21:15:00+00:00,2026-03-29 22:00:00+00:00,BUY,10.0,130.35
2026-03-29 21:30:00+00:00,2026-03-30 08:00:00+00:00,BUY,10.0,49.4
2026-03-29 22:15:00+00:00,2026-03-29 23:00:00+00:00,BUY,10.0,46.84
2026-03-29 22:30:00+00:00,2026-03-30 09:00:00+00:00,BUY,10.0,42.5
2026-03-29 23:15:00+00:00,2026-03-30 00:00:00+00:00,SELL,10.0,31.15
2026-03-29 23:30:00+00:00,2026-03-30 10:00:00+00:00,BUY,10.0,44.67
2026-03-30 00:15:00+00:00,2026-03-30 01:00:00+00:00,SELL,10.0,31.21
2026-03-30 00:30:00+00:00,2026-03-30 11:00:00+00:00,SELL,10.0,41.14
2026-03-30 01:15:00+00:00,2026-03-30 02:00:00+00:00,BUY,10.0,30.9
2026-03-30 01:30:00+00:00,2026-03-30 12:00:00+00:00,SELL,10.0,36.96
2026-03-30 02:15:00+00:00,2026-03-30 03:00:00+00:00,SELL,10.0,27.07
2026-03-30 02:30:00+00:00,2026-03-30 13:00:00+00:00,SELL,10.0,39.65
2026-03-30 03:15:00+00:00,2026-03-30 04:00:00+00:00,BUY,10.0,33.0
2026-03-30 03:30:00+00:00,2026-03-30 14:00:00+00:00,BUY,10.0,47.08
2026-03-30 04:15:00+00:00,2026-03-30 05:00:00+00:00,SELL,10.0,40.87
2026-03-30 04:30:00+00:00,2026-03-30 15:00:00+00:00,BUY,10.0,50.61
2026-03-30 05:15:00+00:00,2026-03-30 06:00:00+00:00,SELL,10.0,44.03
2026-03-30 05:30:00+00:00,2026-03-30 16:00:00+00:00,BUY,10.0,34.13
2026-03-30 06:15:00+00:00,2026-03-30 07:00:00+00:00,BUY,10.0,45.43
2026-03-30 06:30:00+00:00,2026-03-30 17:00:00+00:00,BUY,10.0,42.24
2026-03-30 07:15:00+00:00,2026-03-30 08:00:00+00:00,SELL,10.0,47.3
2026-03-30 07:30:00+00:00,2026-03-30 18:00:00+00:00,SELL,10.0,49.37
2026-03-30 08:15:00+00:00,2026-03-30 09:00:00+00:00,SELL,10.0,45.15
2026-03-30 08:30:00+00:00,2026-03-30 19:00:00+00:00,SELL,10.0,44.27
2026-03-30 09:15:00+00:00,2026-03-30 10:00:00+00:00,SELL,10.0,46.49
2026-03-30 09:30:00+00:00,2026-03-30 20:00:00+00:00,SELL,10.0,37.09
2026-03-30 10:15:00+00:00,2026-03-30 11:00:00+00:00,BUY,10.0,43.2
2026-03-30 10:30:00+00:00,2026-03-30 21:00:00+00:00,BUY,10.0,36.88
2026-03-30 11:15:00+00:00,2026-03-30 12:00:00+00:00,BUY,10.0,40.39
2026-03-30 11:30:00+00:00,2026-03-30 22:00:00+00:00,BUY,10.0,34.62
2026-03-30 12:15:00+00:00,2026-03-30 13:00:00+00:00,BUY,10.0,38.66
2026-03-30 12:30:00+00:00,2026-03-30 23:00:00+00:00,BUY,10.0,30.97
2026-03-30 13:15:00+00:00,2026-03-30 14:00:00+00:00,SELL,10.0,143.08
2026-03-30 13:30:00+00:00,2026-03-31 00:00:00+00:00,BUY,10.0,28.09
2026-03-30 14:15:00+00:00,2026-03-30 15:00:00+00:00,SELL,10.0,41.94
2026-03-30 14:30:00+00:00,2026-03-31 01:00:00+00:00,SELL,10.0,31.19
2026-03-30 15:15:00+00:00,2026-03-30 16:00:00+00:00,SELL,10.0,33.47
2026-03-30 15:30:00+00:00,2026-03-31 02:00:00+00:00,BUY,10.0,34.09
2026-03-30 16:15:00+00:00,2026-03-30 17:00:00+00:00,SELL,10.0,45.6
2026-03-30 16:30:00+00:00,2026-03-31 03:00:00+00:00,SELL,10.0,34.15
2026-03-30 17:15:00+00:00,2026-03-30 18:00:00+00:00,BUY,10.0,50.6
2026-03-30 17:30:00+00:00,2026-03-31 04:00:00+00:00,BUY,10.0,39.66
2026-03-30 18:15:00+00:00,2026-03-30 19:00:00+00:00,BUY,10.0,45.46
2026-03-30 18:30:00+00:00,2026-03-31 05:00:00+00:00,SELL,10.0,34.96
2026-03-30 19:15:00+00:00,2026-03-30 20:00:00+00:00,BUY,10.0,40.38
2026-03-30 19:30:00+00:00,2026-03-31 06:00:00+00:00,SELL,10.0,54.59
2026-03-30 20:15:00+00:00,2026-03-30 21:00:00+00:00,SELL,10.0,33.4
2026-03-30 20:30:00+00:00,2026-03-31 07:00:00+00:00,BUY,10.0,48.54
2026-03-30 21:15:00+00:00,2026-03-30 22:00:00+00:00,SELL,10.0,37.61
2026-03-30 21:30:00+00:00,2026-03-31 08:00:00+00:00,BUY,10.0,51.15
2026-03-30 22:15:00+00:00,2026-03-30 23:00:00+00:00,SELL,10.0,27.62
2026-03-30 22:30:00+00:00,2026-03-31 09:00:00+00:00,SELL,10.0,57.08
2026-03-30 23:15:00+00:00,2026-03-31 00:00:00+00:00,SELL,10.0,29.2
2026-03-30 23:30:00+00:00,2026-03-31 10:00:00+00:00,SELL,10.0,46.75
2026-03-31 00:15:00+00:00,2026-03-31 01:00:00+00:00,BUY,10.0,32.01
2026-03-31 00:30:00+00:00,2026-03-31 11:00:00+00:00,SELL,10.0,48.14
2026-03-31 01:15:00+00:00,2026-03-31 02:00:00+00:00,SELL,10.0,29.52
2026-03-31 01:30:00+00:00,2026-03-31 12:00:00+00:00,BUY,10.0,38.48
2026-03-31 02:15:00+00:00,2026-03-31 03:00:00+00:00,BUY,10.0,34.05
2026-03-31 02:30:00+00:00,2026-03-31 13:00:00+00:00,BUY,10.0,39.28
2026-03-31 03:15:00+00:00,2026-03-31 04:00:00+00:00,SELL,10.0,41.03
2026-03-31 03:30:00+00:00,2026-03-31 14:00:00+00:00,BUY,10.0,45.57
2026-03-31 04:15:00+00:00,2026-03-31 05:00:00+00:00,BUY,10.0,36.26
2026-03-31 04:30:00+00:00,2026-03-31 15:00:00+00:00,SELL,10.0,46.14
2026-03-31 05:15:00+00:00,2026-03-31 06:00:00+00:00,BUY,10.0,48.45
2026-03-31 05:30:00+00:00,2026-03-31 16:00:00+00:00,BUY,10.0,41.0
2026-03-31 06:15:00+00:00,2026-03-31 07:00:00+00:00,SELL,10.0,46.09
2026-03-31 06:30:00+00:00,2026-03-31 17:00:00+00:00,SELL,10.0,45.48
2026-03-31 07:15:00+00:00,2026-03-31 08:00:00+00:00,SELL,10.0,42.79
2026-03-31 07:30:00+00:00,2026-03-31 18:00:00+00:00,SELL,10.0,39.55
2026-03-31 08:15:00+00:00,2026-03-31 09:00:00+00:00,BUY,10.0,51.6
2026-03-31 08:30:00+00:00,2026-03-31 19:00:00+00:00,SELL,10.0,36.76
2026-03-31 09:15:00+00:00,2026-03-31 10:00:00+00:00,BUY,10.0,45.65
2026-03-31 09:30:00+00:00,2026-03-31 20:00:00+00:00,BUY,10.0,35.08
2026-03-31 10:15:00+00:00,2026-03-31 11:00:00+00:00,BUY,10.0,43.49
2026-03-31 10:30:00+00:00,2026-03-31 21:00:00+00:00,SELL,10.0,42.88
2026-03-31 11:15:00+00:00,2026-03-31 12:00:00+00:00,SELL,10.0,37.95
2026-03-31 11:30:00+00:00,2026-03-31 22:00:00+00:00,SELL,10.0,33.01
2026-03-31 12:15:00+00:00,2026-03-31 13:00:00+00:00,SELL,10.0,39.06
2026-03-31 12:30:00+00:00,2026-03-31 23:00:00+00:00,BUY,10.0,35.08
2026-03-31 13:15:00+00:00,2026-03-31 14:00:00+00:00,SELL,10.0,41.98
2026-03-31 13:30:00+00:00,2026-04-01 00:00:00+00:00,BUY,10.0,30.11
2026-03-31 14:15:00+00:00,2026-03-31 15:00:00+00:00,BUY,10.0,109.51
2026-03-31 14:30:00+00:00,2026-04-01 01:00:00+00:00,BUY,10.0,35.41
2026-03-31 15:15:00+00:00,2026-03-31 16:00:00+00:00,SELL,10.0,38.4
2026-03-31 15:30:00+00:00,2026-04-01 02:00:00+00:00,BUY,10.0,34.95
2026-03-31 16:15:00+00:00,2026-03-31 17:00:00+00:00,BUY,10.0,130.32
2026-03-31 16:30:00+00:00,2026-04-01 03:00:00+00:00,SELL,10.0,38.32
2026-03-31 17:15:00+00:00,2026-03-31 18:00:00+00:00,BUY,10.0,36.7
2026-03-31 17:30:00+00:00,2026-04-01 04:00:00+00:00,BUY,10.0,44.54
2026-03-31 18:15:00+00:00,2026-03-31 19:00:00+00:00,BUY,10.0,37.03
2026-03-31 18:30:00+00:00,2026-04-01 05:00:00+00:00,BUY,10.0,44.43
2026-03-31 19:15:00+00:00,2026-03-31 20:00:00+00:00,SELL,10.0,33.98
2026-03-31 19:30:00+00:00,2026-04-01 06:00:00+00:00,SELL,10.0,49.68
2026-03-31 20:15:00+00:00,2026-03-31 21:00:00+00:00,BUY,10.0,41.12
2026-03-31 20:30:00+00:00,2026-04-01 07:00:00+00:00,SELL,10.0,49.96
2026-03-31 21:15:00+00:00,2026-03-31 22:00:00+00:00,BUY,10.0,30.43
2026-03-31 21:30:00+00:00,2026-04-01 08:00:00+00:00,BUY,10.0,92.39
2026-03-31 22:15:00+00:00,2026-03-31 23:00:00+00:00,SELL,10.0,30.04
2026-03-31 22:30:00+00:00,2026-04-01 09:00:00+00:00,SELL,10.0,51.76
2026-03-31 23:15:00+00:00,2026-04-01 00:00:00+00:00,SELL,10.0,34.35
2026-03-31 23:30:00+00:00,2026-04-01 10:00:00+00:00,SELL,10.0,56.17
2026-04-01 00:15:00+00:00,2026-04-01 01:00:00+00:00,SELL,10.0,38.35
2026-04-01 00:30:00+00:00,2026-04-01 11:00:00+00:00,SELL,10.0,56.04
2026-04-01 01:15:00+00:00,2026-04-01 02:00:00+00:00,SELL,10.0,35.3
2026-04-01 01:30:00+00:00,2026-04-01 12:00:00+00:00,BUY,10.0,52.8
2026-04-01 02:15:00+00:00,2026-04-01 03:00:00+00:00,BUY,10.0,40.27
2026-04-01 02:30:00+00:00,2026-04-01 13:00:00+00:00,BUY,10.0,53.87
2026-04-01 03:15:00+00:00,2026-04-01 04:00:00+00:00,SELL,10.0,40.25
2026-04-01 03:30:00+00:00,2026-04-01 14:00:00+00:00,BUY,10.0,48.12
2026-04-01 04:15:00+00:00,2026-04-01 05:00:00+00:00,SELL,10.0,45.1
2026-04-01 04:30:00+00:00,2026-04-01 15:00:00+00:00,BUY,10.0,43.49
2026-04-01 05:15:00+00:00,2026-04-01 06:00:00+00:00,BUY,10.0,50.61
2026-04-01 05:30:00+00:00,2026-04-01 16:00:00+00:00,SELL,10.0,48.88
2026-04-01 06:15:00+00:00,2026-04-01 07:00:00+00:00,BUY,10.0,281.3
2026-04-01 06:30:00+00:00,2026-04-01 17:00:00+00:00,SELL,10.0,48.45
2026-04-01 07:15:00+00:00,2026-04-01 08:00:00+00:00,SELL,10.0,90.85
2026-04-01 07:30:00+00:00,2026-04-01 18:00:00+00:00,SELL,10.0,49.55
2026-04-01 08:15:00+00:00,2026-04-01 09:00:00+00:00,BUY,10.0,56.36
2026-04-01 08:30:00+00:00,2026-04-01 19:00:00+00:00,BUY,10.0,56.68
2026-04-01 09:15:00+00:00,2026-04-01 10:00:00+00:00,BUY,10.0,52.19
2026-04-01 09:30:00+00:00,2026-04-01 20:00:00+00:00,SELL,10.0,41.92
2026-04-01 10:15:00+00:00,2026-04-01 11:00:00+00:00,BUY,10.0,49.26
2026-04-01 10:30:00+00:00,2026-04-01 21:00:00+00:00,SELL,10.0,42.88
2026-04-01 11:15:00+00:00,2026-04-01 12:00:00+00:00,SELL,10.0,49.54
2026-04-01 11:30:00+00:00,2026-04-01 22:00:00+00:00,BUY,10.0,33.61
2026-04-01 12:15:00+00:00,2026-04-01 13:00:00+00:00,SELL,10.0,49.67
2026-04-01 12:30:00+00:00,2026-04-01 23:00:00+00:00,SELL,10.0,43.58
2026-04-01 13:15:00+00:00,2026-04-01 14:00:00+00:00,SELL,10.0,49.94
2026-04-01 13:30:00+00:00,2026-04-02 00:00:00+00:00,SELL,10.0,48.29
2026-04-01 14:15:00+00:00,2026-04-01 15:00:00+00:00,SELL,10.0,44.02
2026-04-01 14:30:00+00:00,2026-04-02 01:00:00+00:00,SELL,10.0,44.08
2026-04-01 15:15:00+00:00,2026-04-01 16:00:00+00:00,BUY,10.0,50.32
2026-04-01 15:30:00+00:00,2026-04-02 02:00:00+00:00,SELL,10.0,44.75
2026-04-01 16:15:00+00:00,2026-04-01 17:00:00+00:00,BUY,10.0,47.03
2026-04-01 16:30:00+00:00,2026-04-02 03:00:00+00:00,BUY,10.0,48.93
2026-04-01 17:15:00+00:00,2026-04-01 18:00:00+00:00,BUY,10.0,46.43
2026-04-01 17:30:00+00:00,2026-04-02 04:00:00+00:00,SELL,10.0,51.28
2026-04-01 18:15:00+00:00,2026-04-01 19:00:00+00:00,SELL,10.0,87.5
2026-04-01 18:30:00+00:00,2026-04-02 05:00:00+00:00,BUY,10.0,54.53
2026-04-01 19:15:00+00:00,2026-04-01 20:00:00+00:00,BUY,10.0,45.07
2026-04-01 19:30:00+00:00,2026-04-02 06:00:00+00:00,SELL,10.0,68.43
2026-04-01 20:15:00+00:00,2026-04-01 21:00:00+00:00,BUY,10.0,40.56
2026-04-01 20:30:00+00:00,2026-04-02 07:00:00+00:00,BUY,10.0,76.13
2026-04-01 21:15:00+00:00,2026-04-01 22:00:00+00:00,SELL,10.0,35.4
2026-04-01 21:30:00+00:00,2026-04-02 08:00:00+00:00,SELL,10.0,96.9
2026-04-01 22:15:00+00:00,2026-04-01 23:00:00+00:00,BUY,10.0,41.88
2026-04-01 22:30:00+00:00,2026-04-02 09:00:00+00:00,SELL,10.0,70.35
2026-04-01 23:15:00+00:00,2026-04-02 00:00:00+00:00,BUY,10.0,44.64
2026-04-01 23:30:00+00:00,2026-04-02 10:00:00+00:00,BUY,10.0,61.05
2026-04-02 00:15:00+00:00,2026-04-02 01:00:00+00:00,BUY,10.0,44.62
2026-04-02 00:30:00+00:00,2026-04-02 11:00:00+00:00,SELL,10.0,50.08
2026-04-02 01:15:00+00:00,2026-04-02 02:00:00+00:00,BUY,10.0,48.47
2026-04-02 01:30:00+00:00,2026-04-02 12:00:00+00:00,BUY,10.0,51.41
2026-04-02 02:15:00+00:00,2026-04-02 03:00:00+00:00,SELL,10.0,48.96
2026-04-02 02:30:00+00:00,2026-04-02 13:00:00+00:00,BUY,10.0,53.18
2026-04-02 03:15:00+00:00,2026-04-02 04:00:00+00:00,BUY,10.0,124.34
2026-04-02 03:30:00+00:00,2026-04-02 14:00:00+00:00,BUY,10.0,50.34
2026-04-02 04:15:00+00:00,2026-04-02 05:00:00+00:00,SELL,10.0,57.25
2026-04-02 04:30:00+00:00,2026-04-02 15:00:00+00:00,BUY,10.0,52.94
2026-04-02 05:15:00+00:00,2026-04-02 06:00:00+00:00,BUY,10.0,62.27
2026-04-02 05:30:00+00:00,2026-04-02 16:00:00+00:00,SELL,10.0,62.97
2026-04-02 06:15:00+00:00,2026-04-02 07:00:00+00:00,SELL,10.0,41.35
2026-04-02 06:30:00+00:00,2026-04-02 17:00:00+00:00,SELL,10.0,66.45
2026-04-02 07:15:00+00:00,2026-04-02 08:00:00+00:00,BUY,10.0,110.32
2026-04-02 07:30:00+00:00,2026-04-02 18:00:00+00:00,BUY,10.0,61.92
2026-04-02 08:15:00+00:00,2026-04-02 09:00:00+00:00,BUY,10.0,69.6
2026-04-02 08:30:00+00:00,2026-04-02 19:00:00+00:00,SELL,10.0,55.78
2026-04-02 09:15:00+00:00,2026-04-02 10:00:00+00:00,SELL,10.0,149.89
2026-04-02 09:30:00+00:00,2026-04-02 20:00:00+00:00,BUY,10.0,59.21
2026-04-02 10:15:00+00:00,2026-04-02 11:00:00+00:00,BUY,10.0,56.91
2026-04-02 10:30:00+00:00,2026-04-02 21:00:00+00:00,SELL,10.0,44.73
2026-04-02 11:15:00+00:00,2026-04-02 12:00:00+00:00,SELL,10.0,54.72
2026-04-02 11:30:00+00:00,2026-04-02 22:00:00+00:00,BUY,10.0,43.0
2026-04-02 12:15:00+00:00,2026-04-02 13:00:00+00:00,SELL,10.0,51.64
2026-04-02 12:30:00+00:00,2026-04-02 23:00:00+00:00,BUY,10.0,40.93
2026-04-02 13:15:00+00:00,2026-04-02 14:00:00+00:00,SELL,10.0,52.28
2026-04-02 13:30:00+00:00,2026-04-03 00:00:00+00:00,BUY,10.0,38.17
2026-04-02 14:15:00+00:00,2026-04-02 15:00:00+00:00,SELL,10.0,56.38
2026-04-02 14:30:00+00:00,2026-04-03 01:00:00+00:00,SELL,10.0,35.85
2026-04-02 15:15:00+00:00,2026-04-02 16:00:00+00:00,BUY,10.0,59.4
2026-04-02 15:30:00+00:00,2026-04-03 02:00:00+00:00,BUY,10.0,35.19
2026-04-02 16:15:00+00:00,2026-04-02 17:00:00+00:00,BUY,10.0,60.88
2026-04-02 16:30:00+00:00,2026-04-03 03:00:00+00:00,BUY,10.0,34.26
2026-04-02 17:15:00+00:00,2026-04-02 18:00:00+00:00,SELL,10.0,59.04
2026-04-02 17:30:00+00:00,2026-04-03 04:00:00+00:00,SELL,10.0,34.2
2026-04-02 18:15:00+00:00,2026-04-02 19:00:00+00:00,BUY,10.0,54.81
2026-04-02 18:30:00+00:00,2026-04-03 05:00:00+00:00,BUY,10.0,41.88
2026-04-02 19:15:00+00:00,2026-04-02 20:00:00+00:00,SELL,10.0,87.33
2026-04-02 19:30:00+00:00,2026-04-03 06:00:00+00:00,SELL,10.0,51.36
2026-04-02 20:15:00+00:00,2026-04-02 21:00:00+00:00,BUY,10.0,44.34
2026-04-02 20:30:00+00:00,2026-04-03 07:00:00+00:00,BUY,10.0,44.88
2026-04-02 21:15:00+00:00,2026-04-02 22:00:00+00:00,SELL,10.0,40.61
2026-04-02 21:30:00+00:00,2026-04-03 08:00:00+00:00,BUY,10.0,44.5
2026-04-02 22:15:00+00:00,2026-04-02 23:00:00+00:00,SELL,10.0,40.61
2026-04-02 22:30:00+00:00,2026-04-03 09:00:00+00:00,BUY,10.0,42.3
2026-04-02 23:15:00+00:00,2026-04-03 00:00:00+00:00,SELL,10.0,35.04
2026-04-02 23:30:00+00:00,2026-04-03 10:00:00+00:00,SELL,10.0,40.68
2026-04-03 00:15:00+00:00,2026-04-03 01:00:00+00:00,BUY,10.0,77.45
2026-04-03 00:30:00+00:00,2026-04-03 11:00:00+00:00,SELL,10.0,39.89
2026-04-03 01:15:00+00:00,2026-04-03 02:00:00+00:00,SELL,10.0,38.1
2026-04-03 01:30:00+00:00,2026-04-03 12:00:00+00:00,BUY,10.0,35.86
2026-04-03 02:15:00+00:00,2026-04-03 03:00:00+00:00,SELL,10.0,38.52
2026-04-03 02:30:00+00:00,2026-04-03 13:00:00+00:00,BUY,10.0,37.98
2026-04-03 03:15:00+00:00,2026-04-03 04:00:00+00:00,BUY,10.0,90.34
2026-04-03 03:30:00+00:00,2026-04-03 14:00:00+00:00,SELL,10.0,40.63
2026-04-03 04:15:00+00:00,2026-04-03 05:00:00+00:00,SELL,10.0,47.16
2026-04-03 04:30:00+00:00,2026-04-03 15:00:00+00:00,BUY,10.0,36.5
2026-04-03 05:15:00+00:00,2026-04-03 06:00:00+00:00,BUY,10.0,54.95
2026-04-03 05:30:00+00:00,2026-04-03 16:00:00+00:00,BUY,10.0,38.02
2026-04-03 06:15:00+00:00,2026-04-03 07:00:00+00:00,SELL,10.0,117.9
2026-04-03 06:30:00+00:00,2026-04-03 17:00:00+00:00,SELL,10.0,41.73
2026-04-03 07:15:00+00:00,2026-04-03 08:00:00+00:00,SELL,10.0,46.76
2026-04-03 07:30:00+00:00,2026-04-03 18:00:00+00:00,BUY,10.0,58.46
2026-04-03 08:15:00+00:00,2026-04-03 09:00:00+00:00,SELL,10.0,45.79
2026-04-03 08:30:00+00:00,2026-04-03 19:00:00+00:00,SELL,10.0,50.44
2026-04-03 09:15:00+00:00,2026-04-03 10:00:00+00:00,BUY,10.0,46.37
2026-04-03 09:30:00+00:00,2026-04-03 20:00:00+00:00,BUY,10.0,44.07
2026-04-03 10:15:00+00:00,2026-04-03 11:00:00+00:00,BUY,10.0,41.48
2026-04-03 10:30:00+00:00,2026-04-03 21:00:00+00:00,BUY,10.0,43.45
2026-04-03 11:15:00+00:00,2026-04-03 12:00:00+00:00,SELL,10.0,40.66
2026-04-03 11:30:00+00:00,2026-04-03 22:00:00+00:00,BUY,10.0,27.76
2026-04-03 12:15:00+00:00,2026-04-03 13:00:00+00:00,SELL,10.0,41.12
2026-04-03 12:30:00+00:00,2026-04-03 23:00:00+00:00,SELL,10.0,33.4
2026-04-03 13:15:00+00:00,2026-04-03 14:00:00+00:00,BUY,10.0,43.9
2026-04-03 13:30:00+00:00,2026-04-04 00:00:00+00:00,SELL,10.0,30.14
2026-04-03 14:15:00+00:00,2026-04-03 15:00:00+00:00,SELL,10.0,41.2
2026-04-03 14:30:00+00:00,2026-04-04 01:00:00+00:00,BUY,10.0,38.1
2026-04-03 15:15:00+00:00,2026-04-03 16:00:00+00:00,SELL,10.0,42.31
2026-04-03 15:30:00+00:00,2026-04-04 02:00:00+00:00,SELL,10.0,31.7
2026-04-03 16:15:00+00:00,2026-04-03 17:00:00+00:00,BUY,10.0,46.33
2026-04-03 16:30:00+00:00,2026-04-04 03:00:00+00:00,SELL,10.0,39.16
2026-04-03 17:15:00+00:00,2026-04-03 18:00:00+00:00,SELL,10.0,168.45
2026-04-03 17:30:00+00:00,2026-04-04 04:00:00+00:00,BUY,10.0,40.99
2026-04-03 18:15:00+00:00,2026-04-03 19:00:00+00:00,BUY,10.0,58.36
2026-04-03 18:30:00+00:00,2026-04-04 05:00:00+00:00,SELL,10.0,47.4
2026-04-03 19:15:00+00:00,2026-04-03 20:00:00+00:00,SELL,10.0,49.5
2026-04-03 19:30:00+00:00,2026-04-04 06:00:00+00:00,SELL,10.0,49.66
2026-04-03 20:15:00+00:00,2026-04-03 21:00:00+00:00,SELL,10.0,47.0
2026-04-03 20:30:00+00:00,2026-04-04 07:00:00+00:00,SELL,10.0,44.23
2026-04-03 21:15:00+00:00,2026-04-03 22:00:00+00:00,SELL,10.0,33.25
2026-04-03 21:30:00+00:00,2026-04-04 08:00:00+00:00,BUY,10.0,57.51
2026-04-03 22:15:00+00:00,2026-04-03 23:00:00+00:00,BUY,10.0,37.93
2026-04-03 22:30:00+00:00,2026-04-04 09:00:00+00:00,BUY,10.0,44.06
2026-04-03 23:15:00+00:00,2026-04-04 00:00:00+00:00,BUY,10.0,35.26
2026-04-03 23:30:00+00:00,2026-04-04 10:00:00+00:00,SELL,10.0,35.59
2026-04-04 00:15:00+00:00,2026-04-04 01:00:00+00:00,SELL,10.0,86.15
2026-04-04 00:30:00+00:00,2026-04-04 11:00:00+00:00,SELL,10.0,38.78
2026-04-04 01:15:00+00:00,2026-04-04 02:00:00+00:00,BUY,10.0,36.52
2026-04-04 01:30:00+00:00,2026-04-04 12:00:00+00:00,BUY,10.0,39.37
2026-04-04 02:15:00+00:00,2026-04-04 03:00:00+00:00,BUY,10.0,41.14
2026-04-04 02:30:00+00:00,2026-04-04 13:00:00+00:00,BUY,10.0,32.69
2026-04-04 03:15:00+00:00,2026-04-04 04:00:00+00:00,SELL,10.0,42.47
2026-04-04 03:30:00+00:00,2026-04-04 14:00:00+00:00,SELL,10.0,31.73
2026-04-04 04:15:00+00:00,2026-04-04 05:00:00+00:00,BUY,10.0,45.45
2026-04-04 04:30:00+00:00,2026-04-04 15:00:00+00:00,SELL,10.0,42.44
2026-04-04 05:15:00+00:00,2026-04-04 06:00:00+00:00,BUY,10.0,49.09
2026-04-04 05:30:00+00:00,2026-04-04 16:00:00+00:00,SELL,10.0,43.81
2026-04-04 06:15:00+00:00,2026-04-04 07:00:00+00:00,BUY,10.0,45.88
2026-04-04 06:30:00+00:00,2026-04-04 17:00:00+00:00,SELL,10.0,47.51
2026-04-04 07:15:00+00:00,2026-04-04 08:00:00+00:00,SELL,10.0,57.99
2026-04-04 07:30:00+00:00,2026-04-04 18:00:00+00:00,BUY,10.0,46.23
2026-04-04 08:15:00+00:00,2026-04-04 09:00:00+00:00,SELL,10.0,47.68
2026-04-04 08:30:00+00:00,2026-04-04 19:00:00+00:00,BUY,10.0,45.76
2026-04-04 09:15:00+00:00,2026-04-04 10:00:00+00:00,BUY,10.0,41.27
2026-04-04 09:30:00+00:00,2026-04-04 20:00:00+00:00,SELL,10.0,54.66
2026-04-04 10:15:00+00:00,2026-04-04 11:00:00+00:00,BUY,10.0,38.01
2026-04-04 10:30:00+00:00,2026-04-04 21:00:00+00:00,SELL,10.0,36.97
2026-04-04 11:15:00+00:00,2026-04-04 12:00:00+00:00,SELL,10.0,40.25
2026-04-04 11:30:00+00:00,2026-04-04 22:00:00+00:00,BUY,10.0,37.3
2026-04-04 12:15:00+00:00,2026-04-04 13:00:00+00:00,SELL,10.0,34.42
2026-04-04 12:30:00+00:00,2026-04-04 23:00:00+00:00,BUY,10.0,40.77
2026-04-04 13:15:00+00:00,2026-04-04 14:00:00+00:00,BUY,10.0,36.55
2026-04-04 13:30:00+00:00,2026-04-05 00:00:00+00:00,BUY,10.0,36.22
2026-04-04 14:15:00+00:00,2026-04-04 15:00:00+00:00,BUY,10.0,40.65
2026-04-04 14:30:00+00:00,2026-04-05 01:00:00+00:00,SELL,10.0,37.66
2026-04-04 15:15:00+00:00,2026-04-04 16:00:00+00:00,BUY,10.0,47.05
2026-04-04 15:30:00+00:00,2026-04-05 02:00:00+00:00,SELL,10.0,39.51
2026-04-04 16:15:00+00:00,2026-04-04 17:00:00+00:00,BUY,10.0,46.94
2026-04-04 16:30:00+00:00,2026-04-05 03:00:00+00:00,BUY,10.0,35.96
2026-04-04 17:15:00+00:00,2026-04-04 18:00:00+00:00,SELL,10.0,82.12
2026-04-04 17:30:00+00:00,2026-04-05 04:00:00+00:00,SELL,10.0,40.49
2026-04-04 18:15:00+00:00,2026-04-04 19:00:00+00:00,SELL,10.0,83.68
2026-04-04 18:30:00+00:00,2026-04-05 05:00:00+00:00,BUY,10.0,40.17
2026-04-04 19:15:00+00:00,2026-04-04 20:00:00+00:00,BUY,10.0,50.23
2026-04-04 19:30:00+00:00,2026-04-05 06:00:00+00:00,BUY,10.0,47.78
2026-04-04 20:15:00+00:00,2026-04-04 21:00:00+00:00,BUY,10.0,41.34
2026-04-04 20:30:00+00:00,2026-04-05 07:00:00+00:00,SELL,10.0,50.4
2026-04-04 21:15:00+00:00,2026-04-04 22:00:00+00:00,SELL,10.0,37.67
2026-04-04 21:30:00+00:00,2026-04-05 08:00:00+00:00,BUY,10.0,50.65
2026-04-04 22:15:00+00:00,2026-04-04 23:00:00+00:00,SELL,10.0,40.5
2026-04-04 22:30:00+00:00,2026-04-05 09:00:00+00:00,BUY,10.0,50.84
2026-04-04 23:15:00+00:00,2026-04-05 00:00:00+00:00,SELL,10.0,33.42
2026-04-04 23:30:00+00:00,2026-04-05 10:00:00+00:00,BUY,10.0,44.47
2026-04-05 00:15:00+00:00,2026-04-05 01:00:00+00:00,BUY,10.0,36.53
2026-04-05 00:30:00+00:00,2026-04-05 11:00:00+00:00,BUY,10.0,43.07
2026-04-05 01:15:00+00:00,2026-04-05 02:00:00+00:00,BUY,10.0,39.1
2026-04-05 01:30:00+00:00,2026-04-05 12:00:00+00:00,BUY,10.0,31.77
2026-04-05 02:15:00+00:00,2026-04-05 03:00:00+00:00,SELL,10.0,35.84
2026-04-05 02:30:00+00:00,2026-04-05 13:00:00+00:00,SELL,10.0,35.92
2026-04-05 03:15:00+00:00,2026-04-05 04:00:00+00:00,BUY,10.0,36.44
2026-04-05 03:30:00+00:00,2026-04-05 14:00:00+00:00,SELL,10.0,43.24
2026-04-05 04:15:00+00:00,2026-04-05 05:00:00+00:00,SELL,10.0,39.56
2026-04-05 04:30:00+00:00,2026-04-05 15:00:00+00:00,BUY,10.0,47.44
2026-04-05 05:15:00+00:00,2026-04-05 06:00:00+00:00,SELL,10.0,49.86
2026-04-05 05:30:00+00:00,2026-04-05 16:00:00+00:00,BUY,10.0,43.34
2026-04-05 06:15:00+00:00,2026-04-05 07:00:00+00:00,BUY,10.0,50.23
2026-04-05 06:30:00+00:00,2026-04-05 17:00:00+00:00,BUY,10.0,48.0
2026-04-05 07:15:00+00:00,2026-04-05 08:00:00+00:00,SELL,10.0,47.52
2026-04-05 07:30:00+00:00,2026-04-05 18:00:00+00:00,SELL,10.0,48.12
2026-04-05 08:15:00+00:00,2026-04-05 09:00:00+00:00,SELL,10.0,48.11
2026-04-05 08:30:00+00:00,2026-04-05 19:00:00+00:00,BUY,10.0,51.27
2026-04-05 09:15:00+00:00,2026-04-05 10:00:00+00:00,SELL,10.0,46.16
2026-04-05 09:30:00+00:00,2026-04-05 20:00:00+00:00,SELL,10.0,47.03
2026-04-05 10:15:00+00:00,2026-04-05 11:00:00+00:00,SELL,10.0,40.04
2026-04-05 10:30:00+00:00,2026-04-05 21:00:00+00:00,SELL,10.0,40.55
2026-04-05 11:15:00+00:00,2026-04-05 12:00:00+00:00,SELL,10.0,32.06
2026-04-05 11:30:00+00:00,2026-04-05 22:00:00+00:00,BUY,10.0,37.54
2026-04-05 12:15:00+00:00,2026-04-05 13:00:00+00:00,BUY,10.0,34.39
2026-04-05 12:30:00+00:00,2026-04-05 23:00:00+00:00,BUY,10.0,36.98
2026-04-05 13:15:00+00:00,2026-04-05 14:00:00+00:00,BUY,10.0,36.97
2026-04-05 13:30:00+00:00,2026-04-06 00:00:00+00:00,BUY,10.0,29.7
2026-04-05 14:15:00+00:00,2026-04-05 15:00:00+00:00,SELL,10.0,41.51
2026-04-05 14:30:00+00:00,2026-04-06 01:00:00+00:00,SELL,10.0,30.0
2026-04-05 15:15:00+00:00,2026-04-05 16:00:00+00:00,SELL,10.0,41.1
2026-04-05 15:30:00+00:00,2026-04-06 02:00:00+00:00,SELL,10.0,30.33
2026-04-05 16:15:00+00:00,2026-04-05 17:00:00+00:00,SELL,10.0,43.17
2026-04-05 16:30:00+00:00,2026-04-06 03:00:00+00:00,BUY,10.0,28.03
2026-04-05 17:15:00+00:00,2026-04-05 18:00:00+00:00,BUY,10.0,44.83
2026-04-05 17:30:00+00:00,2026-04-06 04:00:00+00:00,BUY,10.0,30.71
2026-04-05 18:15:00+00:00,2026-04-05 19:00:00+00:00,SELL,10.0,46.85
2026-04-05 18:30:00+00:00,2026-04-06 05:00:00+00:00,BUY,10.0,34.77
2026-04-05 19:15:00+00:00,2026-04-05 20:00:00+00:00,BUY,10.0,44.3
2026-04-05 19:30:00+00:00,2026-04-06 06:00:00+00:00,BUY,10.0,33.76
2026-04-05 20:15:00+00:00,2026-04-05 21:00:00+00:00,BUY,10.0,34.67
2026-04-05 20:30:00+00:00,2026-04-06 07:00:00+00:00,SELL,10.0,49.89
2026-04-05 21:15:00+00:00,2026-04-05 22:00:00+00:00,SELL,10.0,34.93
2026-04-05 21:30:00+00:00,2026-04-06 08:00:00+00:00,SELL,10.0,39.24
2026-04-05 22:15:00+00:00,2026-04-05 23:00:00+00:00,SELL,10.0,36.96
2026-04-05 22:30:00+00:00,2026-04-06 09:00:00+00:00,BUY,10.0,49.88
2026-04-05 23:15:00+00:00,2026-04-06 00:00:00+00:00,SELL,10.0,28.65
2026-04-05 23:30:00+00:00,2026-04-06 10:00:00+00:00,SELL,10.0,36.35
2026-04-06 00:15:00+00:00,2026-04-06 01:00:00+00:00,BUY,10.0,25.86
2026-04-06 00:30:00+00:00,2026-04-06 11:00:00+00:00,SELL,10.0,38.91
2026-04-06 01:15:00+00:00,2026-04-06 02:00:00+00:00,BUY,10.0,30.43
2026-04-06 01:30:00+00:00,2026-04-06 12:00:00+00:00,BUY,10.0,37.5
2026-04-06 02:15:00+00:00,2026-04-06 03:00:00+00:00,SELL,10.0,29.16
2026-04-06 02:30:00+00:00,2026-04-06 13:00:00+00:00,SELL,10.0,35.53
2026-04-06 03:15:00+00:00,2026-04-06 04:00:00+00:00,SELL,10.0,29.92
2026-04-06 03:30:00+00:00,2026-04-06 14:00:00+00:00,BUY,10.0,35.73
2026-04-06 04:15:00+00:00,2026-04-06 05:00:00+00:00,SELL,10.0,33.28
2026-04-06 04:30:00+00:00,2026-04-06 15:00:00+00:00,BUY,10.0,34.97
2026-04-06 05:15:00+00:00,2026-04-06 06:00:00+00:00,SELL,10.0,32.39
2026-04-06 05:30:00+00:00,2026-04-06 16:00:00+00:00,SELL,10.0,40.63
2026-04-06 06:15:00+00:00,2026-04-06 07:00:00+00:00,BUY,10.0,43.76
2026-04-06 06:30:00+00:00,2026-04-06 17:00:00+00:00,SELL,10.0,32.12
2026-04-06 07:15:00+00:00,2026-04-06 08:00:00+00:00,BUY,10.0,36.38
2026-04-06 07:30:00+00:00,2026-04-06 18:00:00+00:00,BUY,10.0,41.56
2026-04-06 08:15:00+00:00,2026-04-06 09:00:00+00:00,SELL,10.0,42.17
2026-04-06 08:30:00+00:00,2026-04-06 19:00:00+00:00,BUY,10.0,29.61
2026-04-06 09:15:00+00:00,2026-04-06 10:00:00+00:00,BUY,10.0,89.35
2026-04-06 09:30:00+00:00,2026-04-06 20:00:00+00:00,SELL,10.0,33.13
2026-04-06 10:15:00+00:00,2026-04-06 11:00:00+00:00,BUY,10.0,35.16
2026-04-06 10:30:00+00:00,2026-04-06 21:00:00+00:00,SELL,10.0,33.89
2026-04-06 11:15:00+00:00,2026-04-06 12:00:00+00:00,SELL,10.0,34.87
2026-04-06 11:30:00+00:00,2026-04-06 22:00:00+00:00,BUY,10.0,36.41
2026-04-06 12:15:00+00:00,2026-04-06 13:00:00+00:00,BUY,10.0,32.04
2026-04-06 12:30:00+00:00,2026-04-06 23:00:00+00:00,BUY,10.0,21.14
2026-04-06 13:15:00+00:00,2026-04-06 14:00:00+00:00,SELL,10.0,30.51
2026-04-06 13:30:00+00:00,2026-04-07 00:00:00+00:00,BUY,10.0,-27.61
2026-04-06 14:15:00+00:00,2026-04-06 15:00:00+00:00,SELL,10.0,29.55
2026-04-06 14:30:00+00:00,2026-04-07 01:00:00+00:00,SELL,10.0,16.6
2026-04-06 15:15:00+00:00,2026-04-06 16:00:00+00:00,BUY,10.0,37.42
2026-04-06 15:30:00+00:00,2026-04-07 02:00:00+00:00,BUY,10.0,0.7
2026-04-06 16:15:00+00:00,2026-04-06 17:00:00+00:00,BUY,10.0,32.34
2026-04-06 16:30:00+00:00,2026-04-07 03:00:00+00:00,SELL,10.0,-4.39
2026-04-06 17:15:00+00:00,2026-04-06 18:00:00+00:00,SELL,10.0,40.2
2026-04-06 17:30:00+00:00,2026-04-07 04:00:00+00:00,SELL,10.0,5.62
2026-04-06 18:15:00+00:00,2026-04-06 19:00:00+00:00,SELL,10.0,30.81
2026-04-06 18:30:00+00:00,2026-04-07 05:00:00+00:00,SELL,10.0,23.72
2026-04-06 19:15:00+00:00,2026-04-06 20:00:00+00:00,BUY,10.0,31.73
2026-04-06 19:30:00+00:00,2026-04-07 06:00:00+00:00,BUY,10.0,24.88
2026-04-06 20:15:00+00:00,2026-04-06 21:00:00+00:00,BUY,10.0,28.7
2026-04-06 20:30:00+00:00,2026-04-07 07:00:00+00:00,SELL,10.0,24.68
2026-04-06 21:15:00+00:00,2026-04-06 22:00:00+00:00,SELL,10.0,31.21
2026-04-06 21:30:00+00:00,2026-04-07 08:00:00+00:00,BUY,10.0,18.91
2026-04-06 22:15:00+00:00,2026-04-06 23:00:00+00:00,SELL,10.0,21.22
2026-04-06 22:30:00+00:00,2026-04-07 09:00:00+00:00,BUY,10.0,19.86
2026-04-06 23:15:00+00:00,2026-04-07 00:00:00+00:00,SELL,10.0,-11.25
2026-04-06 23:30:00+00:00,2026-04-07 10:00:00+00:00,SELL,10.0,8.7
2026-04-07 00:15:00+00:00,2026-04-07 01:00:00+00:00,BUY,10.0,18.17
2026-04-07 00:30:00+00:00,2026-04-07 11:00:00+00:00,BUY,10.0,-18.62
2026-04-07 01:15:00+00:00,2026-04-07 02:00:00+00:00,SELL,10.0,-5.37
2026-04-07 01:30:00+00:00,2026-04-07 12:00:00+00:00,BUY,10.0,-47.82
2026-04-07 02:15:00+00:00,2026-04-07 03:00:00+00:00,BUY,10.0,8.58
2026-04-07 02:30:00+00:00,2026-04-07 13:00:00+00:00,SELL,10.0,-63.6
2026-04-07 03:15:00+00:00,2026-04-07 04:00:00+00:00,BUY,10.0,13.05
2026-04-07 03:30:00+00:00,2026-04-07 14:00:00+00:00,SELL,10.0,-116.65
2026-04-07 04:15:00+00:00,2026-04-07 05:00:00+00:00,BUY,10.0,25.51
2026-04-07 04:30:00+00:00,2026-04-07 15:00:00+00:00,BUY,10.0,-67.1
2026-04-07 05:15:00+00:00,2026-04-07 06:00:00+00:00,SELL,10.0,27.46
2026-04-07 05:30:00+00:00,2026-04-07 16:00:00+00:00,SELL,10.0,9.22
2026-04-07 06:15:00+00:00,2026-04-07 07:00:00+00:00,BUY,10.0,30.66
2026-04-07 06:30:00+00:00,2026-04-07 17:00:00+00:00,BUY,10.0,15.31
2026-04-07 07:15:00+00:00,2026-04-07 08:00:00+00:00,SELL,10.0,28.73
2026-04-07 07:30:00+00:00,2026-04-07 18:00:00+00:00,BUY,10.0,24.82
2026-04-07 08:15:00+00:00,2026-04-07 09:00:00+00:00,SELL,10.0,22.43
2026-04-07 08:30:00+00:00,2026-04-07 19:00:00+00:00,BUY,10.0,22.6
2026-04-07 09:15:00+00:00,2026-04-07 10:00:00+00:00,BUY,10.0,29.34
2026-04-07 09:30:00+00:00,2026-04-07 20:00:00+00:00,SELL,10.0,19.11
2026-04-07 10:15:00+00:00,2026-04-07 11:00:00+00:00,SELL,10.0,4.73
2026-04-07 10:30:00+00:00,2026-04-07 21:00:00+00:00,SELL,10.0,17.13
2026-04-07 11:15:00+00:00,2026-04-07 12:00:00+00:00,SELL,10.0,23.11
2026-04-07 11:30:00+00:00,2026-04-07 22:00:00+00:00,BUY,10.0,-22.41
2026-04-07 12:15:00+00:00,2026-04-07 13:00:00+00:00,BUY,10.0,40.03
2026-04-07 12:30:00+00:00,2026-04-07 23:00:00+00:00,SELL,10.0,0.59
2026-04-07 13:15:00+00:00,2026-04-07 14:00:00+00:00,BUY,10.0,-48.84
2026-04-07 13:30:00+00:00,2026-04-08 00:00:00+00:00,BUY,10.0,31.18
2026-04-07 14:15:00+00:00,2026-04-07 15:00:00+00:00,SELL,10.0,-17.4
2026-04-07 14:30:00+00:00,2026-04-08 01:00:00+00:00,SELL,10.0,22.76
2026-04-07 15:15:00+00:00,2026-04-07 16:00:00+00:00,BUY,10.0,23.72
2026-04-07 15:30:00+00:00,2026-04-08 02:00:00+00:00,BUY,10.0,26.37
2026-04-07 16:15:00+00:00,2026-04-07 17:00:00+00:00,SELL,10.0,20.21
2026-04-07 16:30:00+00:00,2026-04-08 03:00:00+00:00,SELL,10.0,32.15
2026-04-07 17:15:00+00:00,2026-04-07 18:00:00+00:00,SELL,10.0,27.26
2026-04-07 17:30:00+00:00,2026-04-08 04:00:00+00:00,SELL,10.0,33.05
2026-04-07 18:15:00+00:00,2026-04-07 19:00:00+00:00,SELL,10.0,27.68
2026-04-07 18:30:00+00:00,2026-04-08 05:00:00+00:00,SELL,10.0,38.9
2026-04-07 19:15:00+00:00,2026-04-07 20:00:00+00:00,BUY,10.0,18.59
2026-04-07 19:30:00+00:00,2026-04-08 06:00:00+00:00,SELL,10.0,33.15
2026-04-07 20:15:00+00:00,2026-04-07 21:00:00+00:00,BUY,10.0,15.23
2026-04-07 20:30:00+00:00,2026-04-08 07:00:00+00:00,BUY,10.0,37.75
2026-04-07 21:15:00+00:00,2026-04-07 22:00:00+00:00,SELL,10.0,14.21
2026-04-07 21:30:00+00:00,2026-04-08 08:00:00+00:00,SELL,10.0,37.64
2026-04-07 22:15:00+00:00,2026-04-07 23:00:00+00:00,BUY,10.0,9.73
2026-04-07 22:30:00+00:00,2026-04-08 09:00:00+00:00,SELL,10.0,41.91
2026-04-07 23:15:00+00:00,2026-04-08 00:00:00+00:00,SELL,10.0,27.73
2026-04-07 23:30:00+00:00,2026-04-08 10:00:00+00:00,BUY,10.0,36.14
2026-04-08 00:15:00+00:00,2026-04-08 01:00:00+00:00,BUY,10.0,23.31
2026-04-08 00:30:00+00:00,2026-04-08 11:00:00+00:00,SELL,10.0,25.25
2026-04-08 01:15:00+00:00,2026-04-08 02:00:00+00:00,SELL,10.0,22.35
2026-04-08 01:30:00+00:00,2026-04-08 12:00:00+00:00,SELL,10.0,21.82
2026-04-08 02:15:00+00:00,2026-04-08 03:00:00+00:00,BUY,10.0,29.41
2026-04-08 02:30:00+00:00,2026-04-08 13:00:00+00:00,SELL,10.0,23.13
2026-04-08 03:15:00+00:00,2026-04-08 04:00:00+00:00,BUY,10.0,25.12
2026-04-08 03:30:00+00:00,2026-04-08 14:00:00+00:00,BUY,10.0,23.39
2026-04-08 04:15:00+00:00,2026-04-08 05:00:00+00:00,BUY,10.0,33.6
2026-04-08 04:30:00+00:00,2026-04-08 15:00:00+00:00,BUY,10.0,18.4
2026-04-08 05:15:00+00:00,2026-04-08 06:00:00+00:00,BUY,10.0,32.92
2026-04-08 05:30:00+00:00,2026-04-08 16:00:00+00:00,BUY,10.0,35.45
2026-04-08 06:15:00+00:00,2026-04-08 07:00:00+00:00,SELL,10.0,35.63
2026-04-08 06:30:00+00:00,2026-04-08 17:00:00+00:00,SELL,10.0,39.9
2026-04-08 07:15:00+00:00,2026-04-08 08:00:00+00:00,BUY,10.0,36.82
2026-04-08 07:30:00+00:00,2026-04-08 18:00:00+00:00,SELL,10.0,33.52
2026-04-08 08:15:00+00:00,2026-04-08 09:00:00+00:00,BUY,10.0,36.69
2026-04-08 08:30:00+00:00,2026-04-08 19:00:00+00:00,BUY,10.0,40.96
2026-04-08 09:15:00+00:00,2026-04-08 10:00:00+00:00,SELL,10.0,31.63
2026-04-08 09:30:00+00:00,2026-04-08 20:00:00+00:00,BUY,10.0,31.13
2026-04-08 10:15:00+00:00,2026-04-08 11:00:00+00:00,BUY,10.0,24.53
2026-04-08 10:30:00+00:00,2026-04-08 21:00:00+00:00,BUY,10.0,25.94
2026-04-08 11:15:00+00:00,2026-04-08 12:00:00+00:00,BUY,10.0,16.69
2026-04-08 11:30:00+00:00,2026-04-08 22:00:00+00:00,BUY,10.0,27.97
2026-04-08 12:15:00+00:00,2026-04-08 13:00:00+00:00,BUY,10.0,18.39
2026-04-08 12:30:00+00:00,2026-04-08 23:00:00+00:00,BUY,10.0,20.04
2026-04-08 13:15:00+00:00,2026-04-08 14:00:00+00:00,SELL,10.0,22.45
2026-04-08 13:30:00+00:00,2026-04-09 00:00:00+00:00,BUY,10.0,12.76
2026-04-08 14:15:00+00:00,2026-04-08 15:00:00+00:00,SELL,10.0,14.34
2026-04-08 14:30:00+00:00,2026-04-09 01:00:00+00:00,BUY,10.0,-14.49
2026-04-08 15:15:00+00:00,2026-04-08 16:00:00+00:00,SELL,10.0,34.08
2026-04-08 15:30:00+00:00,2026-04-09 02:00:00+00:00,BUY,10.0,28.56
2026-04-08 16:15:00+00:00,2026-04-08 17:00:00+00:00,BUY,10.0,35.88
2026-04-08 16:30:00+00:00,2026-04-09 03:00:00+00:00,SELL,10.0,21.28
2026-04-08 17:15:00+00:00,2026-04-08 18:00:00+00:00,BUY,10.0,31.21
2026-04-08 17:30:00+00:00,2026-04-09 04:00:00+00:00,BUY,10.0,34.49
2026-04-08 18:15:00+00:00,2026-04-08 19:00:00+00:00,SELL,10.0,34.61
2026-04-08 18:30:00+00:00,2026-04-09 05:00:00+00:00,SELL,10.0,35.2
2026-04-08 19:15:00+00:00,2026-04-08 20:00:00+00:00,SELL,10.0,27.78
2026-04-08 19:30:00+00:00,2026-04-09 06:00:00+00:00,SELL,10.0,34.66
2026-04-08 20:15:00+00:00,2026-04-08 21:00:00+00:00,SELL,10.0,24.76
2026-04-08 20:30:00+00:00,2026-04-09 07:00:00+00:00,BUY,10.0,37.35
2026-04-08 21:15:00+00:00,2026-04-08 22:00:00+00:00,SELL,10.0,71.22
2026-04-08 21:30:00+00:00,2026-04-09 08:00:00+00:00,BUY,10.0,37.23
2026-04-08 22:15:00+00:00,2026-04-08 23:00:00+00:00,SELL,10.0,20.18
2026-04-08 22:30:00+00:00,2026-04-09 09:00:00+00:00,BUY,10.0,36.98
2026-04-08 23:15:00+00:00,2026-04-09 00:00:00+00:00,SELL,10.0,24.18
2026-04-08 23:30:00+00:00,2026-04-09 10:00:00+00:00,BUY,10.0,27.35
2026-04-09 00:15:00+00:00,2026-04-09 01:00:00+00:00,SELL,10.0,14.41
2026-04-09 00:30:00+00:00,2026-04-09 11:00:00+00:00,SELL,10.0,27.7
2026-04-09 01:15:00+00:00,2026-04-09 02:00:00+00:00,SELL,10.0,33.16
2026-04-09 01:30:00+00:00,2026-04-09 12:00:00+00:00,BUY,10.0,13.03
2026-04-09 02:15:00+00:00,2026-04-09 03:00:00+00:00,BUY,10.0,27.66
2026-04-09 02:30:00+00:00,2026-04-09 13:00:00+00:00,SELL,10.0,25.41
2026-04-09 03:15:00+00:00,2026-04-09 04:00:00+00:00,SELL,10.0,99.59
2026-04-09 03:30:00+00:00,2026-04-09 14:00:00+00:00,SELL,10.0,18.48
2026-04-09 04:15:00+00:00,2026-04-09 05:00:00+00:00,BUY,10.0,36.64
2026-04-09 04:30:00+00:00,2026-04-09 15:00:00+00:00,BUY,10.0,21.85
2026-04-09 05:15:00+00:00,2026-04-09 06:00:00+00:00,BUY,10.0,36.56
2026-04-09 05:30:00+00:00,2026-04-09 16:00:00+00:00,SELL,10.0,33.55
2026-04-09 06:15:00+00:00,2026-04-09 07:00:00+00:00,SELL,10.0,37.73
2026-04-09 06:30:00+00:00,2026-04-09 17:00:00+00:00,SELL,10.0,25.39
2026-04-09 07:15:00+00:00,2026-04-09 08:00:00+00:00,SELL,10.0,42.59
2026-04-09 07:30:00+00:00,2026-04-09 18:00:00+00:00,SELL,10.0,36.21
2026-04-09 08:15:00+00:00,2026-04-09 09:00:00+00:00,SELL,10.0,39.23
2026-04-09 08:30:00+00:00,2026-04-09 19:00:00+00:00,SELL,10.0,30.2
2026-04-09 09:15:00+00:00,2026-04-09 10:00:00+00:00,SELL,10.0,34.94
2026-04-09 09:30:00+00:00,2026-04-09 20:00:00+00:00,BUY,10.0,29.05
2026-04-09 10:15:00+00:00,2026-04-09 11:00:00+00:00,BUY,10.0,30.58
2026-04-09 10:30:00+00:00,2026-04-09 21:00:00+00:00,BUY,10.0,28.72
2026-04-09 11:15:00+00:00,2026-04-09 12:00:00+00:00,SELL,10.0,25.37
2026-04-09 11:30:00+00:00,2026-04-09 22:00:00+00:00,BUY,10.0,11.92
2026-04-09 12:15:00+00:00,2026-04-09 13:00:00+00:00,BUY,10.0,28.21
2026-04-09 12:30:00+00:00,2026-04-09 23:00:00+00:00,BUY,10.0,14.94
2026-04-09 13:15:00+00:00,2026-04-09 14:00:00+00:00,BUY,10.0,25.92
2026-04-09 13:30:00+00:00,2026-04-10 00:00:00+00:00,SELL,10.0,49.47
2026-04-09 14:15:00+00:00,2026-04-09 15:00:00+00:00,SELL,10.0,30.03
2026-04-09 14:30:00+00:00,2026-04-10 01:00:00+00:00,SELL,10.0,38.81
2026-04-09 15:15:00+00:00,2026-04-09 16:00:00+00:00,BUY,10.0,35.15
2026-04-09 15:30:00+00:00,2026-04-10 02:00:00+00:00,BUY,10.0,43.45
2026-04-09 16:15:00+00:00,2026-04-09 17:00:00+00:00,BUY,10.0,32.62
2026-04-09 16:30:00+00:00,2026-04-10 03:00:00+00:00,BUY,10.0,43.07
2026-04-09 17:15:00+00:00,2026-04-09 18:00:00+00:00,BUY,10.0,39.05
2026-04-09 17:30:00+00:00,2026-04-10 04:00:00+00:00,BUY,10.0,48.86
2026-04-09 18:15:00+00:00,2026-04-09 19:00:00+00:00,BUY,10.0,34.49
2026-04-09 18:30:00+00:00,2026-04-10 05:00:00+00:00,BUY,10.0,53.45
2026-04-09 19:15:00+00:00,2026-04-09 20:00:00+00:00,SELL,10.0,33.26
2026-04-09 19:30:00+00:00,2026-04-10 06:00:00+00:00,BUY,10.0,53.18
2026-04-09 20:15:00+00:00,2026-04-09 21:00:00+00:00,SELL,10.0,32.99
2026-04-09 20:30:00+00:00,2026-04-10 07:00:00+00:00,SELL,10.0,81.32
2026-04-09 21:15:00+00:00,2026-04-09 22:00:00+00:00,SELL,10.0,28.54
2026-04-09 21:30:00+00:00,2026-04-10 08:00:00+00:00,BUY,10.0,73.29
2026-04-09 22:15:00+00:00,2026-04-09 23:00:00+00:00,SELL,10.0,21.78
2026-04-09 22:30:00+00:00,2026-04-10 09:00:00+00:00,SELL,10.0,70.98
2026-04-09 23:15:00+00:00,2026-04-10 00:00:00+00:00,BUY,10.0,38.19
2026-04-09 23:30:00+00:00,2026-04-10 10:00:00+00:00,SELL,10.0,88.49
2026-04-10 00:15:00+00:00,2026-04-10 01:00:00+00:00,BUY,10.0,32.56
2026-04-10 00:30:00+00:00,2026-04-10 11:00:00+00:00,SELL,10.0,51.81
2026-04-10 01:15:00+00:00,2026-04-10 02:00:00+00:00,SELL,10.0,35.54
2026-04-10 01:30:00+00:00,2026-04-10 12:00:00+00:00,SELL,10.0,45.79
2026-04-10 02:15:00+00:00,2026-04-10 03:00:00+00:00,SELL,10.0,37.25
2026-04-10 02:30:00+00:00,2026-04-10 13:00:00+00:00,BUY,10.0,53.14
2026-04-10 03:15:00+00:00,2026-04-10 04:00:00+00:00,SELL,10.0,81.89
2026-04-10 03:30:00+00:00,2026-04-10 14:00:00+00:00,BUY,10.0,46.91
2026-04-10 04:15:00+00:00,2026-04-10 05:00:00+00:00,SELL,10.0,44.03
2026-04-10 04:30:00+00:00,2026-04-10 15:00:00+00:00,SELL,10.0,56.35
2026-04-10 05:15:00+00:00,2026-04-10 06:00:00+00:00,SELL,10.0,47.91
2026-04-10 05:30:00+00:00,2026-04-10 16:00:00+00:00,BUY,10.0,64.21
2026-04-10 06:15:00+00:00,2026-04-10 07:00:00+00:00,BUY,10.0,43.98
2026-04-10 06:30:00+00:00,2026-04-10 17:00:00+00:00,BUY,10.0,54.69
2026-04-10 07:15:00+00:00,2026-04-10 08:00:00+00:00,SELL,10.0,47.33
2026-04-10 07:30:00+00:00,2026-04-10 18:00:00+00:00,SELL,10.0,59.89
2026-04-10 08:15:00+00:00,2026-04-10 09:00:00+00:00,BUY,10.0,56.19
2026-04-10 08:30:00+00:00,2026-04-10 19:00:00+00:00,SELL,10.0,58.9
2026-04-10 09:15:00+00:00,2026-04-10 10:00:00+00:00,BUY,10.0,40.18
2026-04-10 09:30:00+00:00,2026-04-10 20:00:00+00:00,BUY,10.0,66.22
2026-04-10 10:15:00+00:00,2026-04-10 11:00:00+00:00,BUY,10.0,44.12
2026-04-10 10:30:00+00:00,2026-04-10 21:00:00+00:00,BUY,10.0,57.67
2026-04-10 11:15:00+00:00,2026-04-10 12:00:00+00:00,BUY,10.0,36.68
2026-04-10 11:30:00+00:00,2026-04-10 22:00:00+00:00,SELL,10.0,47.08
2026-04-10 12:15:00+00:00,2026-04-10 13:00:00+00:00,SELL,10.0,40.72
2026-04-10 12:30:00+00:00,2026-04-10 23:00:00+00:00,BUY,10.0,44.89
2026-04-10 13:15:00+00:00,2026-04-10 14:00:00+00:00,SELL,10.0,41.14
2026-04-10 13:30:00+00:00,2026-04-11 00:00:00+00:00,SELL,10.0,35.1
2026-04-10 14:15:00+00:00,2026-04-10 15:00:00+00:00,BUY,10.0,46.28
2026-04-10 14:30:00+00:00,2026-04-11 01:00:00+00:00,BUY,10.0,42.52
2026-04-10 15:15:00+00:00,2026-04-10 16:00:00+00:00,SELL,10.0,43.28
2026-04-10 15:30:00+00:00,2026-04-11 02:00:00+00:00,SELL,10.0,36.26
2026-04-10 16:15:00+00:00,2026-04-10 17:00:00+00:00,SELL,10.0,48.17
2026-04-10 16:30:00+00:00,2026-04-11 03:00:00+00:00,SELL,10.0,45.13
2026-04-10 17:15:00+00:00,2026-04-10 18:00:00+00:00,BUY,10.0,45.11
2026-04-10 17:30:00+00:00,2026-04-11 04:00:00+00:00,SELL,10.0,45.05
2026-04-10 18:15:00+00:00,2026-04-10 19:00:00+00:00,BUY,10.0,41.64
2026-04-10 18:30:00+00:00,2026-04-11 05:00:00+00:00,SELL,10.0,54.02
2026-04-10 19:15:00+00:00,2026-04-10 20:00:00+00:00,SELL,10.0,48.17
2026-04-10 19:30:00+00:00,2026-04-11 06:00:00+00:00,SELL,10.0,56.51
2026-04-10 20:15:00+00:00,2026-04-10 21:00:00+00:00,SELL,10.0,44.2
2026-04-10 20:30:00+00:00,2026-04-11 07:00:00+00:00,SELL,10.0,60.86
2026-04-10 21:15:00+00:00,2026-04-10 22:00:00+00:00,BUY,10.0,71.16
2026-04-10 21:30:00+00:00,2026-04-11 08:00:00+00:00,BUY,10.0,52.74
2026-04-10 22:15:00+00:00,2026-04-10 23:00:00+00:00,SELL,10.0,31.51
2026-04-10 22:30:00+00:00,2026-04-11 09:00:00+00:00,BUY,10.0,64.44
2026-04-10 23:15:00+00:00,2026-04-11 00:00:00+00:00,BUY,10.0,31.5
2026-04-10 23:30:00+00:00,2026-04-11 10:00:00+00:00,SELL,10.0,56.03
2026-04-11 00:15:00+00:00,2026-04-11 01:00:00+00:00,SELL,10.0,33.11
2026-04-11 00:30:00+00:00,2026-04-11 11:00:00+00:00,BUY,10.0,46.22
2026-04-11 01:15:00+00:00,2026-04-11 02:00:00+00:00,BUY,10.0,31.11
2026-04-11 01:30:00+00:00,2026-04-11 12:00:00+00:00,SELL,10.0,37.62
2026-04-11 02:15:00+00:00,2026-04-11 03:00:00+00:00,BUY,10.0,37.88
2026-04-11 02:30:00+00:00,2026-04-11 13:00:00+00:00,BUY,10.0,47.9
2026-04-11 03:15:00+00:00,2026-04-11 04:00:00+00:00,BUY,10.0,44.46
2026-04-11 03:30:00+00:00,2026-04-11 14:00:00+00:00,SELL,10.0,47.03
2026-04-11 04:15:00+00:00,2026-04-11 05:00:00+00:00,BUY,10.0,42.06
2026-04-11 04:30:00+00:00,2026-04-11 15:00:00+00:00,BUY,10.0,45.79
2026-04-11 05:15:00+00:00,2026-04-11 06:00:00+00:00,BUY,10.0,45.98
2026-04-11 05:30:00+00:00,2026-04-11 16:00:00+00:00,BUY,10.0,50.48
2026-04-11 06:15:00+00:00,2026-04-11 07:00:00+00:00,BUY,10.0,50.64
2026-04-11 06:30:00+00:00,2026-04-11 17:00:00+00:00,SELL,10.0,44.43
2026-04-11 07:15:00+00:00,2026-04-11 08:00:00+00:00,SELL,10.0,49.02
2026-04-11 07:30:00+00:00,2026-04-11 18:00:00+00:00,BUY,10.0,51.93
2026-04-11 08:15:00+00:00,2026-04-11 09:00:00+00:00,SELL,10.0,55.76
2026-04-11 08:30:00+00:00,2026-04-11 19:00:00+00:00,BUY,10.0,52.86
2026-04-11 09:15:00+00:00,2026-04-11 10:00:00+00:00,BUY,10.0,47.21
2026-04-11 09:30:00+00:00,2026-04-11 20:00:00+00:00,SELL,10.0,47.23
2026-04-11 10:15:00+00:00,2026-04-11 11:00:00+00:00,SELL,10.0,93.79
2026-04-11 10:30:00+00:00,2026-04-11 21:00:00+00:00,BUY,10.0,46.9
2026-04-11 11:15:00+00:00,2026-04-11 12:00:00+00:00,BUY,10.0,38.31
2026-04-11 11:30:00+00:00,2026-04-11 22:00:00+00:00,SELL,10.0,41.62
2026-04-11 12:15:00+00:00,2026-04-11 13:00:00+00:00,SELL,10.0,47.98
2026-04-11 12:30:00+00:00,2026-04-11 23:00:00+00:00,SELL,10.0,41.85
2026-04-11 13:15:00+00:00,2026-04-11 14:00:00+00:00,BUY,10.0,45.23
2026-04-11 13:30:00+00:00,2026-04-12 00:00:00+00:00,SELL,10.0,37.51
2026-04-11 14:15:00+00:00,2026-04-11 15:00:00+00:00,SELL,10.0,39.15
2026-04-11 14:30:00+00:00,2026-04-12 01:00:00+00:00,SELL,10.0,32.57
2026-04-11 15:15:00+00:00,2026-04-11 16:00:00+00:00,SELL,10.0,45.5
2026-04-11 15:30:00+00:00,2026-04-12 02:00:00+00:00,SELL,10.0,33.22
2026-04-11 16:15:00+00:00,2026-04-11 17:00:00+00:00,BUY,10.0,43.57
2026-04-11 16:30:00+00:00,2026-04-12 03:00:00+00:00,BUY,10.0,39.13
2026-04-11 17:15:00+00:00,2026-04-11 18:00:00+00:00,SELL,10.0,47.72
2026-04-11 17:30:00+00:00,2026-04-12 04:00:00+00:00,SELL,10.0,38.12
2026-04-11 18:15:00+00:00,2026-04-11 19:00:00+00:00,SELL,10.0,51.74
2026-04-11 18:30:00+00:00,2026-04-12 05:00:00+00:00,SELL,10.0,36.5
2026-04-11 19:15:00+00:00,2026-04-11 20:00:00+00:00,BUY,10.0,43.19
2026-04-11 19:30:00+00:00,2026-04-12 06:00:00+00:00,BUY,10.0,54.09
2026-04-11 20:15:00+00:00,2026-04-11 21:00:00+00:00,SELL,10.0,38.64
2026-04-11 20:30:00+00:00,2026-04-12 07:00:00+00:00,SELL,10.0,47.31
2026-04-11 21:15:00+00:00,2026-04-11 22:00:00+00:00,BUY,10.0,39.29
2026-04-11 21:30:00+00:00,2026-04-12 08:00:00+00:00,BUY,10.0,40.39
2026-04-11 22:15:00+00:00,2026-04-11 23:00:00+00:00,BUY,10.0,36.35
2026-04-11 22:30:00+00:00,2026-04-12 09:00:00+00:00,SELL,10.0,47.41
2026-04-11 23:15:00+00:00,2026-04-12 00:00:00+00:00,BUY,10.0,23.32
2026-04-11 23:30:00+00:00,2026-04-12 10:00:00+00:00,SELL,10.0,40.25
2026-04-12 00:15:00+00:00,2026-04-12 01:00:00+00:00,BUY,10.0,30.56
2026-04-12 00:30:00+00:00,2026-04-12 11:00:00+00:00,BUY,10.0,37.65
2026-04-12 01:15:00+00:00,2026-04-12 02:00:00+00:00,BUY,10.0,124.84
2026-04-12 01:30:00+00:00,2026-04-12 12:00:00+00:00,BUY,10.0,41.38
2026-04-12 02:15:00+00:00,2026-04-12 03:00:00+00:00,SELL,10.0,84.4
2026-04-12 02:30:00+00:00,2026-04-12 13:00:00+00:00,BUY,10.0,40.81
2026-04-12 03:15:00+00:00,2026-04-12 04:00:00+00:00,BUY,10.0,33.3
2026-04-12 03:30:00+00:00,2026-04-12 14:00:00+00:00,BUY,10.0,37.91
2026-04-12 04:15:00+00:00,2026-04-12 05:00:00+00:00,BUY,10.0,124.81
2026-04-12 04:30:00+00:00,2026-04-12 15:00:00+00:00,SELL,10.0,37.75
2026-04-12 05:15:00+00:00,2026-04-12 06:00:00+00:00,SELL,10.0,43.13
2026-04-12 05:30:00+00:00,2026-04-12 16:00:00+00:00,BUY,10.0,34.96
2026-04-12 06:15:00+00:00,2026-04-12 07:00:00+00:00,BUY,10.0,37.08
2026-04-12 06:30:00+00:00,2026-04-12 17:00:00+00:00,BUY,10.0,45.8
2026-04-12 07:15:00+00:00,2026-04-12 08:00:00+00:00,SELL,10.0,36.79
2026-04-12 07:30:00+00:00,2026-04-12 18:00:00+00:00,BUY,10.0,46.86
2026-04-12 08:15:00+00:00,2026-04-12 09:00:00+00:00,BUY,10.0,39.21
2026-04-12 08:30:00+00:00,2026-04-12 19:00:00+00:00,SELL,10.0,47.61
2026-04-12 09:15:00+00:00,2026-04-12 10:00:00+00:00,BUY,10.0,36.74
2026-04-12 09:30:00+00:00,2026-04-12 20:00:00+00:00,BUY,10.0,40.6
2026-04-12 10:15:00+00:00,2026-04-12 11:00:00+00:00,SELL,10.0,29.96
2026-04-12 10:30:00+00:00,2026-04-12 21:00:00+00:00,SELL,10.0,36.13
2026-04-12 11:15:00+00:00,2026-04-12 12:00:00+00:00,SELL,10.0,31.89
2026-04-12 11:30:00+00:00,2026-04-12 22:00:00+00:00,BUY,10.0,36.6
2026-04-12 12:15:00+00:00,2026-04-12 13:00:00+00:00,SELL,10.0,34.77
2026-04-12 12:30:00+00:00,2026-04-12 23:00:00+00:00,BUY,10.0,35.47
2026-04-12 13:15:00+00:00,2026-04-12 14:00:00+00:00,SELL,10.0,29.86
2026-04-12 13:30:00+00:00,2026-04-13 00:00:00+00:00,SELL,10.0,1.21
2026-04-12 14:15:00+00:00,2026-04-12 15:00:00+00:00,BUY,10.0,31.56
2026-04-12 14:30:00+00:00,2026-04-13 01:00:00+00:00,SELL,10.0,11.13
2026-04-12 15:15:00+00:00,2026-04-12 16:00:00+00:00,SELL,10.0,32.24
2026-04-12 15:30:00+00:00,2026-04-13 02:00:00+00:00,BUY,10.0,10.94
2026-04-12 16:15:00+00:00,2026-04-12 17:00:00+00:00,SELL,10.0,98.2
2026-04-12 16:30:00+00:00,2026-04-13 03:00:00+00:00,BUY,10.0,25.71
2026-04-12 17:15:00+00:00,2026-04-12 18:00:00+00:00,SELL,10.0,-14.21
2026-04-12 17:30:00+00:00,2026-04-13 04:00:00+00:00,BUY,10.0,19.5
2026-04-12 18:15:00+00:00,2026-04-12 19:00:00+00:00,BUY,10.0,44.49
2026-04-12 18:30:00+00:00,2026-04-13 05:00:00+00:00,BUY,10.0,27.79
2026-04-12 19:15:00+00:00,2026-04-12 20:00:00+00:00,SELL,10.0,34.08
2026-04-12 19:30:00+00:00,2026-04-13 06:00:00+00:00,BUY,10.0,29.43
2026-04-12 20:15:00+00:00,2026-04-12 21:00:00+00:00,BUY,10.0,37.79
2026-04-12 20:30:00+00:00,2026-04-13 07:00:00+00:00,SELL,10.0,33.65
2026-04-12 21:15:00+00:00,2026-04-12 22:00:00+00:00,SELL,10.0,92.36
2026-04-12 21:30:00+00:00,2026-04-13 08:00:00+00:00,SELL,10.0,31.55
2026-04-12 22:15:00+00:00,2026-04-12 23:00:00+00:00,SELL,10.0,28.12
2026-04-12 22:30:00+00:00,2026-04-13 09:00:00+00:00,SELL,10.0,27.4
2026-04-12 23:15:00+00:00,2026-04-13 00:00:00+00:00,BUY,10.0,-7.07
2026-04-12 23:30:00+00:00,2026-04-13 10:00:00+00:00,BUY,10.0,25.46
2026-04-13 00:15:00+00:00,2026-04-13 01:00:00+00:00,BUY,10.0,14.21
2026-04-13 00:30:00+00:00,2026-04-13 11:00:00+00:00,SELL,10.0,36.2
2026-04-13 01:15:00+00:00,2026-04-13 02:00:00+00:00,SELL,10.0,-4.54
2026-04-13 01:30:00+00:00,2026-04-13 12:00:00+00:00,BUY,10.0,27.64
2026-04-13 02:15:00+00:00,2026-04-13 03:00:00+00:00,SELL,10.0,25.86
2026-04-13 02:30:00+00:00,2026-04-13 13:00:00+00:00,BUY,10.0,24.83
2026-04-13 03:15:00+00:00,2026-04-13 04:00:00+00:00,SELL,10.0,31.17
2026-04-13 03:30:00+00:00,2026-04-13 14:00:00+00:00,SELL,10.0,27.72
2026-04-13 04:15:00+00:00,2026-04-13 05:00:00+00:00,SELL,10.0,30.15
2026-04-13 04:30:00+00:00,2026-04-13 15:00:00+00:00,BUY,10.0,21.4
2026-04-13 05:15:00+00:00,2026-04-13 06:00:00+00:00,SELL,10.0,31.83
2026-04-13 05:30:00+00:00,2026-04-13 16:00:00+00:00,BUY,10.0,19.04
2026-04-13 06:15:00+00:00,2026-04-13 07:00:00+00:00,BUY,10.0,36.53
2026-04-13 06:30:00+00:00,2026-04-13 17:00:00+00:00,SELL,10.0,20.58
2026-04-13 07:15:00+00:00,2026-04-13 08:00:00+00:00,BUY,10.0,39.87
2026-04-13 07:30:00+00:00,2026-04-13 18:00:00+00:00,BUY,10.0,32.18
2026-04-13 08:15:00+00:00,2026-04-13 09:00:00+00:00,BUY,10.0,29.41
2026-04-13 08:30:00+00:00,2026-04-13 19:00:00+00:00,BUY,10.0,32.86
2026-04-13 09:15:00+00:00,2026-04-13 10:00:00+00:00,SELL,10.0,29.52
2026-04-13 09:30:00+00:00,2026-04-13 20:00:00+00:00,BUY,10.0,27.34
2026-04-13 10:15:00+00:00,2026-04-13 11:00:00+00:00,BUY,10.0,32.31
2026-04-13 10:30:00+00:00,2026-04-13 21:00:00+00:00,BUY,10.0,23.32
2026-04-13 11:15:00+00:00,2026-04-13 12:00:00+00:00,SELL,10.0,23.56
2026-04-13 11:30:00+00:00,2026-04-13 22:00:00+00:00,SELL,10.0,9.0
2026-04-13 12:15:00+00:00,2026-04-13 13:00:00+00:00,SELL,10.0,22.86
2026-04-13 12:30:00+00:00,2026-04-13 23:00:00+00:00,SELL,10.0,14.6
2026-04-13 13:15:00+00:00,2026-04-13 14:00:00+00:00,BUY,10.0,28.04
2026-04-13 13:30:00+00:00,2026-04-14 00:00:00+00:00,SELL,10.0,1.18
2026-04-13 14:15:00+00:00,2026-04-13 15:00:00+00:00,SELL,10.0,16.43
2026-04-13 14:30:00+00:00,2026-04-14 01:00:00+00:00,SELL,10.0,-21.19
2026-04-13 15:15:00+00:00,2026-04-13 16:00:00+00:00,SELL,10.0,22.23
2026-04-13 15:30:00+00:00,2026-04-14 02:00:00+00:00,BUY,10.0,-1.54
2026-04-13 16:15:00+00:00,2026-04-13 17:00:00+00:00,BUY,10.0,25.68
2026-04-13 16:30:00+00:00,2026-04-14 03:00:00+00:00,SELL,10.0,-11.46
2026-04-13 17:15:00+00:00,2026-04-13 18:00:00+00:00,SELL,10.0,34.91
2026-04-13 17:30:00+00:00,2026-04-14 04:00:00+00:00,BUY,10.0,-65.5
2026-04-13 18:15:00+00:00,2026-04-13 19:00:00+00:00,SELL,10.0,32.98
2026-04-13 18:30:00+00:00,2026-04-14 05:00:00+00:00,BUY,10.0,8.32
2026-04-13 19:15:00+00:00,2026-04-13 20:00:00+00:00,SELL,10.0,28.83
2026-04-13 19:30:00+00:00,2026-04-14 06:00:00+00:00,BUY,10.0,22.19
2026-04-13 20:15:00+00:00,2026-04-13 21:00:00+00:00,SELL,10.0,23.44
2026-04-13 20:30:00+00:00,2026-04-14 07:00:00+00:00,SELL,10.0,26.65
2026-04-13 21:15:00+00:00,2026-04-13 22:00:00+00:00,BUY,10.0,14.48
2026-04-13 21:30:00+00:00,2026-04-14 08:00:00+00:00,SELL,10.0,30.91
2026-04-13 22:15:00+00:00,2026-04-13 23:00:00+00:00,BUY,10.0,13.06
2026-04-13 22:30:00+00:00,2026-04-14 09:00:00+00:00,SELL,10.0,32.27
2026-04-13 23:15:00+00:00,2026-04-14 00:00:00+00:00,BUY,10.0,15.54
2026-04-13 23:30:00+00:00,2026-04-14 10:00:00+00:00,SELL,10.0,26.48
2026-04-14 00:15:00+00:00,2026-04-14 01:00:00+00:00,BUY,10.0,7.38
2026-04-14 00:30:00+00:00,2026-04-14 11:00:00+00:00,BUY,10.0,25.56
2026-04-14 01:15:00+00:00,2026-04-14 02:00:00+00:00,SELL,10.0,1.9
2026-04-14 01:30:00+00:00,2026-04-14 12:00:00+00:00,BUY,10.0,27.35
2026-04-14 02:15:00+00:00,2026-04-14 03:00:00+00:00,BUY,10.0,31.33
2026-04-14 02:30:00+00:00,2026-04-14 13:00:00+00:00,BUY,10.0,24.93
2026-04-14 03:15:00+00:00,2026-04-14 04:00:00+00:00,SELL,10.0,-0.69
2026-04-14 03:30:00+00:00,2026-04-14 14:00:00+00:00,BUY,10.0,22.58
2026-04-14 04:15:00+00:00,2026-04-14 05:00:00+00:00,SELL,10.0,36.95
2026-04-14 04:30:00+00:00,2026-04-14 15:00:00+00:00,BUY,10.0,25.89
2026-04-14 05:15:00+00:00,2026-04-14 06:00:00+00:00,SELL,10.0,32.15
2026-04-14 05:30:00+00:00,2026-04-14 16:00:00+00:00,SELL,10.0,21.3
2026-04-14 06:15:00+00:00,2026-04-14 07:00:00+00:00,BUY,10.0,29.44
2026-04-14 06:30:00+00:00,2026-04-14 17:00:00+00:00,BUY,10.0,23.02
2026-04-14 07:15:00+00:00,2026-04-14 08:00:00+00:00,BUY,10.0,32.4
2026-04-14 07:30:00+00:00,2026-04-14 18:00:00+00:00,SELL,10.0,31.96
2026-04-14 08:15:00+00:00,2026-04-14 09:00:00+00:00,BUY,10.0,31.92
2026-04-14 08:30:00+00:00,2026-04-14 19:00:00+00:00,BUY,10.0,26.7
2026-04-14 09:15:00+00:00,2026-04-14 10:00:00+00:00,BUY,10.0,26.08
2026-04-14 09:30:00+00:00,2026-04-14 20:00:00+00:00,BUY,10.0,21.61
2026-04-14 10:15:00+00:00,2026-04-14 11:00:00+00:00,SELL,10.0,23.34
2026-04-14 10:30:00+00:00,2026-04-14 21:00:00+00:00,SELL,10.0,26.89
2026-04-14 11:15:00+00:00,2026-04-14 12:00:00+00:00,SELL,10.0,25.01
2026-04-14 11:30:00+00:00,2026-04-14 22:00:00+00:00,BUY,10.0,4.33
2026-04-14 12:15:00+00:00,2026-04-14 13:00:00+00:00,SELL,10.0,24.11
2026-04-14 12:30:00+00:00,2026-04-14 23:00:00+00:00,BUY,10.0,-31.48
2026-04-14 13:15:00+00:00,2026-04-14 14:00:00+00:00,SELL,10.0,19.53
2026-04-14 13:30:00+00:00,2026-04-15 00:00:00+00:00,BUY,10.0,11.62
2026-04-14 14:15:00+00:00,2026-04-14 15:00:00+00:00,SELL,10.0,22.91
2026-04-14 14:30:00+00:00,2026-04-15 01:00:00+00:00,SELL,10.0,23.29
2026-04-14 15:15:00+00:00,2026-04-14 16:00:00+00:00,BUY,10.0,22.86
2026-04-14 15:30:00+00:00,2026-04-15 02:00:00+00:00,SELL,10.0,25.97
2026-04-14 16:15:00+00:00,2026-04-14 17:00:00+00:00,SELL,10.0,26.15
2026-04-14 16:30:00+00:00,2026-04-15 03:00:00+00:00,SELL,10.0,23.06
2026-04-14 17:15:00+00:00,2026-04-14 18:00:00+00:00,BUY,10.0,32.07
2026-04-14 17:30:00+00:00,2026-04-15 04:00:00+00:00,SELL,10.0,29.73
2026-04-14 18:15:00+00:00,2026-04-14 19:00:00+00:00,SELL,10.0,31.73
2026-04-14 18:30:00+00:00,2026-04-15 05:00:00+00:00,BUY,10.0,27.17
2026-04-14 19:15:00+00:00,2026-04-14 20:00:00+00:00,SELL,10.0,28.65
2026-04-14 19:30:00+00:00,2026-04-15 06:00:00+00:00,BUY,10.0,36.91
2026-04-14 20:15:00+00:00,2026-04-14 21:00:00+00:00,BUY,10.0,97.45
2026-04-14 20:30:00+00:00,2026-04-15 07:00:00+00:00,SELL,10.0,34.86
2026-04-14 21:15:00+00:00,2026-04-14 22:00:00+00:00,SELL,10.0,1.12
2026-04-14 21:30:00+00:00,2026-04-15 08:00:00+00:00,BUY,10.0,42.68
2026-04-14 22:15:00+00:00,2026-04-14 23:00:00+00:00,SELL,10.0,29.19
2026-04-14 22:30:00+00:00,2026-04-15 09:00:00+00:00,BUY,10.0,39.51
2026-04-14 23:15:00+00:00,2026-04-15 00:00:00+00:00,SELL,10.0,14.25
2026-04-14 23:30:00+00:00,2026-04-15 10:00:00+00:00,SELL,10.0,35.09
2026-04-15 00:15:00+00:00,2026-04-15 01:00:00+00:00,BUY,10.0,24.71
2026-04-15 00:30:00+00:00,2026-04-15 11:00:00+00:00,SELL,10.0,35.99
2026-04-15 01:15:00+00:00,2026-04-15 02:00:00+00:00,BUY,10.0,21.14
2026-04-15 01:30:00+00:00,2026-04-15 12:00:00+00:00,BUY,10.0,35.81
2026-04-15 02:15:00+00:00,2026-04-15 03:00:00+00:00,BUY,10.0,22.08
2026-04-15 02:30:00+00:00,2026-04-15 13:00:00+00:00,SELL,10.0,30.33
2026-04-15 03:15:00+00:00,2026-04-15 04:00:00+00:00,BUY,10.0,30.29
2026-04-15 03:30:00+00:00,2026-04-15 14:00:00+00:00,SELL,10.0,35.9
2026-04-15 04:15:00+00:00,2026-04-15 05:00:00+00:00,SELL,10.0,26.29
2026-04-15 04:30:00+00:00,2026-04-15 15:00:00+00:00,SELL,10.0,36.83
2026-04-15 05:15:00+00:00,2026-04-15 06:00:00+00:00,SELL,10.0,39.37
2026-04-15 05:30:00+00:00,2026-04-15 16:00:00+00:00,SELL,10.0,33.32
2026-04-15 06:15:00+00:00,2026-04-15 07:00:00+00:00,BUY,10.0,38.01
2026-04-15 06:30:00+00:00,2026-04-15 17:00:00+00:00,SELL,10.0,31.04
2026-04-15 07:15:00+00:00,2026-04-15 08:00:00+00:00,SELL,10.0,38.31
2026-04-15 07:30:00+00:00,2026-04-15 18:00:00+00:00,BUY,10.0,42.22
2026-04-15 08:15:00+00:00,2026-04-15 09:00:00+00:00,SELL,10.0,37.44
2026-04-15 08:30:00+00:00,2026-04-15 19:00:00+00:00,BUY,10.0,36.54
2026-04-15 09:15:00+00:00,2026-04-15 10:00:00+00:00,BUY,10.0,34.33
2026-04-15 09:30:00+00:00,2026-04-15 20:00:00+00:00,BUY,10.0,29.34
2026-04-15 10:15:00+00:00,2026-04-15 11:00:00+00:00,BUY,10.0,37.51
2026-04-15 10:30:00+00:00,2026-04-15 21:00:00+00:00,SELL,10.0,21.44
2026-04-15 11:15:00+00:00,2026-04-15 12:00:00+00:00,SELL,10.0,34.37
2026-04-15 11:30:00+00:00,2026-04-15 22:00:00+00:00,SELL,10.0,9.6
2026-04-15 12:15:00+00:00,2026-04-15 13:00:00+00:00,BUY,10.0,29.53
2026-04-15 12:30:00+00:00,2026-04-15 23:00:00+00:00,BUY,10.0,21.75
2026-04-15 13:15:00+00:00,2026-04-15 14:00:00+00:00,BUY,10.0,33.95
2026-04-15 13:30:00+00:00,2026-04-16 00:00:00+00:00,BUY,10.0,35.35
2026-04-15 14:15:00+00:00,2026-04-15 15:00:00+00:00,BUY,10.0,34.14
2026-04-15 14:30:00+00:00,2026-04-16 01:00:00+00:00,SELL,10.0,38.06
2026-04-15 15:15:00+00:00,2026-04-15 16:00:00+00:00,BUY,10.0,31.45
2026-04-15 15:30:00+00:00,2026-04-16 02:00:00+00:00,SELL,10.0,42.24
2026-04-15 16:15:00+00:00,2026-04-15 17:00:00+00:00,BUY,10.0,32.9
2026-04-15 16:30:00+00:00,2026-04-16 03:00:00+00:00,BUY,10.0,39.9
2026-04-15 17:15:00+00:00,2026-04-15 18:00:00+00:00,SELL,10.0,36.64
2026-04-15 17:30:00+00:00,2026-04-16 04:00:00+00:00,SELL,10.0,37.76
2026-04-15 18:15:00+00:00,2026-04-15 19:00:00+00:00,SELL,10.0,33.16
2026-04-15 18:30:00+00:00,2026-04-16 05:00:00+00:00,SELL,10.0,49.57
2026-04-15 19:15:00+00:00,2026-04-15 20:00:00+00:00,SELL,10.0,29.98
2026-04-15 19:30:00+00:00,2026-04-16 06:00:00+00:00,BUY,10.0,62.2
2026-04-15 20:15:00+00:00,2026-04-15 21:00:00+00:00,BUY,10.0,30.3
2026-04-15 20:30:00+00:00,2026-04-16 07:00:00+00:00,SELL,10.0,58.8
2026-04-15 21:15:00+00:00,2026-04-15 22:00:00+00:00,BUY,10.0,39.2
2026-04-15 21:30:00+00:00,2026-04-16 08:00:00+00:00,BUY,10.0,45.87
2026-04-15 22:15:00+00:00,2026-04-15 23:00:00+00:00,SELL,10.0,28.58
2026-04-15 22:30:00+00:00,2026-04-16 09:00:00+00:00,BUY,10.0,63.45
2026-04-15 23:15:00+00:00,2026-04-16 00:00:00+00:00,SELL,10.0,30.4
2026-04-15 23:30:00+00:00,2026-04-16 10:00:00+00:00,SELL,10.0,52.73
2026-04-16 00:15:00+00:00,2026-04-16 01:00:00+00:00,BUY,10.0,36.34
2026-04-16 00:30:00+00:00,2026-04-16 11:00:00+00:00,BUY,10.0,43.97
2026-04-16 01:15:00+00:00,2026-04-16 02:00:00+00:00,BUY,10.0,4.61
2026-04-16 01:30:00+00:00,2026-04-16 12:00:00+00:00,SELL,10.0,43.87
2026-04-16 02:15:00+00:00,2026-04-16 03:00:00+00:00,SELL,10.0,35.38
2026-04-16 02:30:00+00:00,2026-04-16 13:00:00+00:00,SELL,10.0,41.28
2026-04-16 03:15:00+00:00,2026-04-16 04:00:00+00:00,BUY,10.0,35.05
2026-04-16 03:30:00+00:00,2026-04-16 14:00:00+00:00,BUY,10.0,39.87
2026-04-16 04:15:00+00:00,2026-04-16 05:00:00+00:00,BUY,10.0,235.31
2026-04-16 04:30:00+00:00,2026-04-16 15:00:00+00:00,BUY,10.0,41.79
2026-04-16 05:15:00+00:00,2026-04-16 06:00:00+00:00,SELL,10.0,48.1
2026-04-16 05:30:00+00:00,2026-04-16 16:00:00+00:00,SELL,10.0,43.7
2026-04-16 06:15:00+00:00,2026-04-16 07:00:00+00:00,BUY,10.0,47.77
2026-04-16 06:30:00+00:00,2026-04-16 17:00:00+00:00,SELL,10.0,61.86
2026-04-16 07:15:00+00:00,2026-04-16 08:00:00+00:00,SELL,10.0,42.8
2026-04-16 07:30:00+00:00,2026-04-16 18:00:00+00:00,BUY,10.0,53.37
2026-04-16 08:15:00+00:00,2026-04-16 09:00:00+00:00,SELL,10.0,49.03
2026-04-16 08:30:00+00:00,2026-04-16 19:00:00+00:00,BUY,10.0,46.01
2026-04-16 09:15:00+00:00,2026-04-16 10:00:00+00:00,BUY,10.0,48.9
2026-04-16 09:30:00+00:00,2026-04-16 20:00:00+00:00,SELL,10.0,43.47
2026-04-16 10:15:00+00:00,2026-04-16 11:00:00+00:00,SELL,10.0,36.63
2026-04-16 10:30:00+00:00,2026-04-16 21:00:00+00:00,SELL,10.0,45.02
2026-04-16 11:15:00+00:00,2026-04-16 12:00:00+00:00,BUY,10.0,44.27
2026-04-16 11:30:00+00:00,2026-04-16 22:00:00+00:00,SELL,10.0,41.09
2026-04-16 12:15:00+00:00,2026-04-16 13:00:00+00:00,BUY,10.0,43.37
2026-04-16 12:30:00+00:00,2026-04-16 23:00:00+00:00,SELL,10.0,44.13
2026-04-16 13:15:00+00:00,2026-04-16 14:00:00+00:00,SELL,10.0,38.82
2026-04-16 13:30:00+00:00,2026-04-17 00:00:00+00:00,SELL,10.0,32.0
2026-04-16 14:15:00+00:00,2026-04-16 15:00:00+00:00,SELL,10.0,36.68
2026-04-16 14:30:00+00:00,2026-04-17 01:00:00+00:00,SELL,10.0,27.72
2026-04-16 15:15:00+00:00,2026-04-16 16:00:00+00:00,BUY,10.0,40.76
2026-04-16 15:30:00+00:00,2026-04-17 02:00:00+00:00,BUY,10.0,27.42
2026-04-16 16:15:00+00:00,2026-04-16 17:00:00+00:00,BUY,10.0,53.09
2026-04-16 16:30:00+00:00,2026-04-17 03:00:00+00:00,SELL,10.0,32.3
2026-04-16 17:15:00+00:00,2026-04-16 18:00:00+00:00,SELL,10.0,46.5
2026-04-16 17:30:00+00:00,2026-04-17 04:00:00+00:00,BUY,10.0,45.55
2026-04-16 18:15:00+00:00,2026-04-16 19:00:00+00:00,SELL,10.0,42.2
2026-04-16 18:30:00+00:00,2026-04-17 05:00:00+00:00,SELL,10.0,44.86
2026-04-16 19:15:00+00:00,2026-04-16 20:00:00+00:00,BUY,10.0,43.19
2026-04-16 19:30:00+00:00,2026-04-17 06:00:00+00:00,SELL,10.0,46.93
2026-04-16 20:15:00+00:00,2026-04-16 21:00:00+00:00,BUY,10.0,38.97
2026-04-16 20:30:00+00:00,2026-04-17 07:00:00+00:00,SELL,10.0,51.78
2026-04-16 21:15:00+00:00,2026-04-16 22:00:00+00:00,BUY,10.0,35.48
2026-04-16 21:30:00+00:00,2026-04-17 08:00:00+00:00,BUY,10.0,53.86
2026-04-16 22:15:00+00:00,2026-04-16 23:00:00+00:00,BUY,10.0,38.08
2026-04-16 22:30:00+00:00,2026-04-17 09:00:00+00:00,SELL,10.0,46.75
2026-04-16 23:15:00+00:00,2026-04-17 00:00:00+00:00,BUY,10.0,29.11
2026-04-16 23:30:00+00:00,2026-04-17 10:00:00+00:00,SELL,10.0,36.52
2026-04-17 00:15:00+00:00,2026-04-17 01:00:00+00:00,BUY,10.0,28.24
2026-04-17 00:30:00+00:00,2026-04-17 11:00:00+00:00,SELL,10.0,38.26
2026-04-17 01:15:00+00:00,2026-04-17 02:00:00+00:00,SELL,10.0,26.27
2026-04-17 01:30:00+00:00,2026-04-17 12:00:00+00:00,SELL,10.0,33.1
2026-04-17 02:15:00+00:00,2026-04-17 03:00:00+00:00,BUY,10.0,28.66
2026-04-17 02:30:00+00:00,2026-04-17 13:00:00+00:00,SELL,10.0,33.51
2026-04-17 03:15:00+00:00,2026-04-17 04:00:00+00:00,SELL,10.0,34.15
2026-04-17 03:30:00+00:00,2026-04-17 14:00:00+00:00,SELL,10.0,37.82
2026-04-17 04:15:00+00:00,2026-04-17 05:00:00+00:00,BUY,10.0,41.27
2026-04-17 04:30:00+00:00,2026-04-17 15:00:00+00:00,SELL,10.0,35.34
2026-04-17 05:15:00+00:00,2026-04-17 06:00:00+00:00,BUY,10.0,53.76
2026-04-17 05:30:00+00:00,2026-04-17 16:00:00+00:00,BUY,10.0,41.63
2026-04-17 06:15:00+00:00,2026-04-17 07:00:00+00:00,BUY,10.0,46.36
2026-04-17 06:30:00+00:00,2026-04-17 17:00:00+00:00,BUY,10.0,48.31
2026-04-17 07:15:00+00:00,2026-04-17 08:00:00+00:00,SELL,10.0,47.41
2026-04-17 07:30:00+00:00,2026-04-17 18:00:00+00:00,BUY,10.0,47.28
2026-04-17 08:15:00+00:00,2026-04-17 09:00:00+00:00,BUY,10.0,43.17
2026-04-17 08:30:00+00:00,2026-04-17 19:00:00+00:00,BUY,10.0,51.92
2026-04-17 09:15:00+00:00,2026-04-17 10:00:00+00:00,BUY,10.0,33.99
2026-04-17 09:30:00+00:00,2026-04-17 20:00:00+00:00,SELL,10.0,39.99
2026-04-17 10:15:00+00:00,2026-04-17 11:00:00+00:00,BUY,10.0,34.41
2026-04-17 10:30:00+00:00,2026-04-17 21:00:00+00:00,SELL,10.0,39.5
2026-04-17 11:15:00+00:00,2026-04-17 12:00:00+00:00,BUY,10.0,29.82
2026-04-17 11:30:00+00:00,2026-04-17 22:00:00+00:00,BUY,10.0,38.49
2026-04-17 12:15:00+00:00,2026-04-17 13:00:00+00:00,BUY,10.0,30.2
2026-04-17 12:30:00+00:00,2026-04-17 23:00:00+00:00,SELL,10.0,30.13
2026-04-17 13:15:00+00:00,2026-04-17 14:00:00+00:00,BUY,10.0,29.51
2026-04-17 13:30:00+00:00,2026-04-18 00:00:00+00:00,BUY,10.0,32.3
2026-04-17 14:15:00+00:00,2026-04-17 15:00:00+00:00,BUY,10.0,31.05
2026-04-17 14:30:00+00:00,2026-04-18 01:00:00+00:00,SELL,10.0,33.33
2026-04-17 15:15:00+00:00,2026-04-17 16:00:00+00:00,SELL,10.0,38.52
2026-04-17 15:30:00+00:00,2026-04-18 02:00:00+00:00,BUY,10.0,37.58
2026-04-17 16:15:00+00:00,2026-04-17 17:00:00+00:00,SELL,10.0,174.75
2026-04-17 16:30:00+00:00,2026-04-18 03:00:00+00:00,SELL,10.0,41.36
2026-04-17 17:15:00+00:00,2026-04-17 18:00:00+00:00,SELL,10.0,43.35
2026-04-17 17:30:00+00:00,2026-04-18 04:00:00+00:00,BUY,10.0,48.57
2026-04-17 18:15:00+00:00,2026-04-17 19:00:00+00:00,SELL,10.0,46.55
2026-04-17 18:30:00+00:00,2026-04-18 05:00:00+00:00,BUY,10.0,41.14
2026-04-17 19:15:00+00:00,2026-04-17 20:00:00+00:00,BUY,10.0,105.38
2026-04-17 19:30:00+00:00,2026-04-18 06:00:00+00:00,BUY,10.0,54.21
2026-04-17 20:15:00+00:00,2026-04-17 21:00:00+00:00,BUY,10.0,34.37
2026-04-17 20:30:00+00:00,2026-04-18 07:00:00+00:00,SELL,10.0,52.42
2026-04-17 21:15:00+00:00,2026-04-17 22:00:00+00:00,SELL,10.0,34.93
2026-04-17 21:30:00+00:00,2026-04-18 08:00:00+00:00,BUY,10.0,58.06
2026-04-17 22:15:00+00:00,2026-04-17 23:00:00+00:00,BUY,10.0,28.11
2026-04-17 22:30:00+00:00,2026-04-18 09:00:00+00:00,SELL,10.0,54.74
2026-04-17 23:15:00+00:00,2026-04-18 00:00:00+00:00,SELL,10.0,35.43
2026-04-17 23:30:00+00:00,2026-04-18 10:00:00+00:00,BUY,10.0,58.15
2026-04-18 00:15:00+00:00,2026-04-18 01:00:00+00:00,BUY,10.0,35.18
2026-04-18 00:30:00+00:00,2026-04-18 11:00:00+00:00,BUY,10.0,49.72
2026-04-18 01:15:00+00:00,2026-04-18 02:00:00+00:00,SELL,10.0,99.02
2026-04-18 01:30:00+00:00,2026-04-18 12:00:00+00:00,BUY,10.0,40.12
2026-04-18 02:15:00+00:00,2026-04-18 03:00:00+00:00,BUY,10.0,42.17
2026-04-18 02:30:00+00:00,2026-04-18 13:00:00+00:00,BUY,10.0,43.66
2026-04-18 03:15:00+00:00,2026-04-18 04:00:00+00:00,SELL,10.0,174.4
2026-04-18 03:30:00+00:00,2026-04-18 14:00:00+00:00,SELL,10.0,45.11
2026-04-18 04:15:00+00:00,2026-04-18 05:00:00+00:00,SELL,10.0,44.27
2026-04-18 04:30:00+00:00,2026-04-18 15:00:00+00:00,SELL,10.0,45.64
2026-04-18 05:15:00+00:00,2026-04-18 06:00:00+00:00,SELL,10.0,53.89
2026-04-18 05:30:00+00:00,2026-04-18 16:00:00+00:00,BUY,10.0,46.41
2026-04-18 06:15:00+00:00,2026-04-18 07:00:00+00:00,BUY,10.0,57.85
2026-04-18 06:30:00+00:00,2026-04-18 17:00:00+00:00,BUY,10.0,47.5
2026-04-18 07:15:00+00:00,2026-04-18 08:00:00+00:00,SELL,10.0,48.43
2026-04-18 07:30:00+00:00,2026-04-18 18:00:00+00:00,BUY,10.0,49.82
2026-04-18 08:15:00+00:00,2026-04-18 09:00:00+00:00,BUY,10.0,57.33
2026-04-18 08:30:00+00:00,2026-04-18 19:00:00+00:00,SELL,10.0,49.26
2026-04-18 09:15:00+00:00,2026-04-18 10:00:00+00:00,SELL,10.0,50.3
2026-04-18 09:30:00+00:00,2026-04-18 20:00:00+00:00,BUY,10.0,44.5
2026-04-18 10:15:00+00:00,2026-04-18 11:00:00+00:00,SELL,10.0,49.03
2026-04-18 10:30:00+00:00,2026-04-18 21:00:00+00:00,BUY,10.0,39.47
2026-04-18 11:15:00+00:00,2026-04-18 12:00:00+00:00,SELL,10.0,41.0
2026-04-18 11:30:00+00:00,2026-04-18 22:00:00+00:00,SELL,10.0,35.38
2026-04-18 12:15:00+00:00,2026-04-18 13:00:00+00:00,SELL,10.0,79.27
2026-04-18 12:30:00+00:00,2026-04-18 23:00:00+00:00,BUY,10.0,34.79
2026-04-18 13:15:00+00:00,2026-04-18 14:00:00+00:00,BUY,10.0,40.2
2026-04-18 13:30:00+00:00,2026-04-19 00:00:00+00:00,BUY,10.0,38.81
2026-04-18 14:15:00+00:00,2026-04-18 15:00:00+00:00,BUY,10.0,45.35
2026-04-18 14:30:00+00:00,2026-04-19 01:00:00+00:00,SELL,10.0,41.94
2026-04-18 15:15:00+00:00,2026-04-18 16:00:00+00:00,SELL,10.0,48.52
2026-04-18 15:30:00+00:00,2026-04-19 02:00:00+00:00,BUY,10.0,34.31
2026-04-18 16:15:00+00:00,2026-04-18 17:00:00+00:00,SELL,10.0,47.1
2026-04-18 16:30:00+00:00,2026-04-19 03:00:00+00:00,SELL,10.0,39.92
2026-04-18 17:15:00+00:00,2026-04-18 18:00:00+00:00,SELL,10.0,51.56
2026-04-18 17:30:00+00:00,2026-04-19 04:00:00+00:00,BUY,10.0,40.64
2026-04-18 18:15:00+00:00,2026-04-18 19:00:00+00:00,BUY,10.0,49.42
2026-04-18 18:30:00+00:00,2026-04-19 05:00:00+00:00,SELL,10.0,47.28
2026-04-18 19:15:00+00:00,2026-04-18 20:00:00+00:00,SELL,10.0,48.4
2026-04-18 19:30:00+00:00,2026-04-19 06:00:00+00:00,BUY,10.0,59.37
2026-04-18 20:15:00+00:00,2026-04-18 21:00:00+00:00,SELL,10.0,42.71
2026-04-18 20:30:00+00:00,2026-04-19 07:00:00+00:00,BUY,10.0,51.23
2026-04-18 21:15:00+00:00,2026-04-18 22:00:00+00:00,BUY,10.0,36.19
2026-04-18 21:30:00+00:00,2026-04-19 08:00:00+00:00,BUY,10.0,39.68
2026-04-18 22:15:00+00:00,2026-04-18 23:00:00+00:00,SELL,10.0,40.83
2026-04-18 22:30:00+00:00,2026-04-19 09:00:00+00:00,BUY,10.0,49.0
2026-04-18 23:15:00+00:00,2026-04-19 00:00:00+00:00,SELL,10.0,37.47
2026-04-18 23:30:00+00:00,2026-04-19 10:00:00+00:00,SELL,10.0,45.23
2026-04-19 00:15:00+00:00,2026-04-19 01:00:00+00:00,BUY,10.0,34.42
2026-04-19 00:30:00+00:00,2026-04-19 11:00:00+00:00,BUY,10.0,37.71
2026-04-19 01:15:00+00:00,2026-04-19 02:00:00+00:00,SELL,10.0,37.27
2026-04-19 01:30:00+00:00,2026-04-19 12:00:00+00:00,SELL,10.0,38.04
2026-04-19 02:15:00+00:00,2026-04-19 03:00:00+00:00,BUY,10.0,36.53
2026-04-19 02:30:00+00:00,2026-04-19 13:00:00+00:00,BUY,10.0,33.47
2026-04-19 03:15:00+00:00,2026-04-19 04:00:00+00:00,SELL,10.0,64.78
2026-04-19 03:30:00+00:00,2026-04-19 14:00:00+00:00,SELL,10.0,37.15
2026-04-19 04:15:00+00:00,2026-04-19 05:00:00+00:00,BUY,10.0,44.65
2026-04-19 04:30:00+00:00,2026-04-19 15:00:00+00:00,BUY,10.0,35.49
2026-04-19 05:15:00+00:00,2026-04-19 06:00:00+00:00,SELL,10.0,52.02
2026-04-19 05:30:00+00:00,2026-04-19 16:00:00+00:00,BUY,10.0,42.88
2026-04-19 06:15:00+00:00,2026-04-19 07:00:00+00:00,SELL,10.0,49.17
2026-04-19 06:30:00+00:00,2026-04-19 17:00:00+00:00,BUY,10.0,44.56
2026-04-19 07:15:00+00:00,2026-04-19 08:00:00+00:00,SELL,10.0,44.96
2026-04-19 07:30:00+00:00,2026-04-19 18:00:00+00:00,BUY,10.0,57.62
2026-04-19 08:15:00+00:00,2026-04-19 09:00:00+00:00,SELL,10.0,15.59
2026-04-19 08:30:00+00:00,2026-04-19 19:00:00+00:00,BUY,10.0,47.63
2026-04-19 09:15:00+00:00,2026-04-19 10:00:00+00:00,BUY,10.0,40.94
2026-04-19 09:30:00+00:00,2026-04-19 20:00:00+00:00,BUY,10.0,53.03
2026-04-19 10:15:00+00:00,2026-04-19 11:00:00+00:00,SELL,10.0,39.3
2026-04-19 10:30:00+00:00,2026-04-19 21:00:00+00:00,BUY,10.0,44.79
2026-04-19 11:15:00+00:00,2026-04-19 12:00:00+00:00,BUY,10.0,41.58
2026-04-19 11:30:00+00:00,2026-04-19 22:00:00+00:00,SELL,10.0,44.06
2026-04-19 12:15:00+00:00,2026-04-19 13:00:00+00:00,SELL,10.0,37.62
2026-04-19 12:30:00+00:00,2026-04-19 23:00:00+00:00,SELL,10.0,38.3
2026-04-19 13:15:00+00:00,2026-04-19 14:00:00+00:00,BUY,10.0,37.37
2026-04-19 13:30:00+00:00,2026-04-20 00:00:00+00:00,SELL,10.0,26.88
2026-04-19 14:15:00+00:00,2026-04-19 15:00:00+00:00,SELL,10.0,38.46
2026-04-19 14:30:00+00:00,2026-04-20 01:00:00+00:00,BUY,10.0,28.48
2026-04-19 15:15:00+00:00,2026-04-19 16:00:00+00:00,SELL,10.0,46.72
2026-04-19 15:30:00+00:00,2026-04-20 02:00:00+00:00,SELL,10.0,36.41
2026-04-19 16:15:00+00:00,2026-04-19 17:00:00+00:00,SELL,10.0,43.92
2026-04-19 16:30:00+00:00,2026-04-20 03:00:00+00:00,SELL,10.0,33.37
2026-04-19 17:15:00+00:00,2026-04-19 18:00:00+00:00,SELL,10.0,57.47
2026-04-19 17:30:00+00:00,2026-04-20 04:00:00+00:00,BUY,10.0,40.04
2026-04-19 18:15:00+00:00,2026-04-19 19:00:00+00:00,SELL,10.0,129.87
2026-04-19 18:30:00+00:00,2026-04-20 05:00:00+00:00,BUY,10.0,50.03
2026-04-19 19:15:00+00:00,2026-04-19 20:00:00+00:00,SELL,10.0,41.22
2026-04-19 19:30:00+00:00,2026-04-20 06:00:00+00:00,BUY,10.0,42.27
2026-04-19 20:15:00+00:00,2026-04-19 21:00:00+00:00,SELL,10.0,39.89
2026-04-19 20:30:00+00:00,2026-04-20 07:00:00+00:00,SELL,10.0,38.62
2026-04-19 21:15:00+00:00,2026-04-19 22:00:00+00:00,BUY,10.0,38.09
2026-04-19 21:30:00+00:00,2026-04-20 08:00:00+00:00,SELL,10.0,41.2
2026-04-19 22:15:00+00:00,2026-04-19 23:00:00+00:00,BUY,10.0,37.97
2026-04-19 22:30:00+00:00,2026-04-20 09:00:00+00:00,SELL,10.0,39.46
2026-04-19 23:15:00+00:00,2026-04-20 00:00:00+00:00,BUY,10.0,28.22
2026-04-19 23:30:00+00:00,2026-04-20 10:00:00+00:00,BUY,10.0,20.87
2026-04-20 00:15:00+00:00,2026-04-20 01:00:00+00:00,SELL,10.0,26.82
2026-04-20 00:30:00+00:00,2026-04-20 11:00:00+00:00,SELL,10.0,31.41
2026-04-20 01:15:00+00:00,2026-04-20 02:00:00+00:00,BUY,10.0,34.2
2026-04-20 01:30:00+00:00,2026-04-20 12:00:00+00:00,BUY,10.0,30.61
2026-04-20 02:15:00+00:00,2026-04-20 03:00:00+00:00,BUY,10.0,34.58
2026-04-20 02:30:00+00:00,2026-04-20 13:00:00+00:00,SELL,10.0,-4.9
2026-04-20 03:15:00+00:00,2026-04-20 04:00:00+00:00,SELL,10.0,38.97
2026-04-20 03:30:00+00:00,2026-04-20 14:00:00+00:00,BUY,10.0,32.76
2026-04-20 04:15:00+00:00,2026-04-20 05:00:00+00:00,SELL,10.0,42.3
2026-04-20 04:30:00+00:00,2026-04-20 15:00:00+00:00,SELL,10.0,25.24
2026-04-20 05:15:00+00:00,2026-04-20 06:00:00+00:00,SELL,10.0,43.04
2026-04-20 05:30:00+00:00,2026-04-20 16:00:00+00:00,SELL,10.0,27.36
2026-04-20 06:15:00+00:00,2026-04-20 07:00:00+00:00,BUY,10.0,43.71
2026-04-20 06:30:00+00:00,2026-04-20 17:00:00+00:00,SELL,10.0,35.22
2026-04-20 07:15:00+00:00,2026-04-20 08:00:00+00:00,BUY,10.0,40.55
2026-04-20 07:30:00+00:00,2026-04-20 18:00:00+00:00,BUY,10.0,54.76
2026-04-20 08:15:00+00:00,2026-04-20 09:00:00+00:00,BUY,10.0,45.24
2026-04-20 08:30:00+00:00,2026-04-20 19:00:00+00:00,BUY,10.0,34.78
2026-04-20 09:15:00+00:00,2026-04-20 10:00:00+00:00,SELL,10.0,39.1
2026-04-20 09:30:00+00:00,2026-04-20 20:00:00+00:00,SELL,10.0,37.43
2026-04-20 10:15:00+00:00,2026-04-20 11:00:00+00:00,BUY,10.0,75.68
2026-04-20 10:30:00+00:00,2026-04-20 21:00:00+00:00,BUY,10.0,38.39
2026-04-20 11:15:00+00:00,2026-04-20 12:00:00+00:00,SELL,10.0,33.72
2026-04-20 11:30:00+00:00,2026-04-20 22:00:00+00:00,BUY,10.0,33.69
2026-04-20 12:15:00+00:00,2026-04-20 13:00:00+00:00,BUY,10.0,75.59
2026-04-20 12:30:00+00:00,2026-04-20 23:00:00+00:00,SELL,10.0,32.89
2026-04-20 13:15:00+00:00,2026-04-20 14:00:00+00:00,SELL,10.0,42.15
2026-04-20 13:30:00+00:00,2026-04-21 00:00:00+00:00,BUY,10.0,30.92
2026-04-20 14:15:00+00:00,2026-04-20 15:00:00+00:00,BUY,10.0,37.67
2026-04-20 14:30:00+00:00,2026-04-21 01:00:00+00:00,BUY,10.0,30.79
2026-04-20 15:15:00+00:00,2026-04-20 16:00:00+00:00,BUY,10.0,35.81
2026-04-20 15:30:00+00:00,2026-04-21 02:00:00+00:00,BUY,10.0,22.93
2026-04-20 16:15:00+00:00,2026-04-20 17:00:00+00:00,BUY,10.0,39.96
2026-04-20 16:30:00+00:00,2026-04-21 03:00:00+00:00,SELL,10.0,28.4
2026-04-20 17:15:00+00:00,2026-04-20 18:00:00+00:00,SELL,10.0,50.72
2026-04-20 17:30:00+00:00,2026-04-21 04:00:00+00:00,BUY,10.0,34.26
2026-04-20 18:15:00+00:00,2026-04-20 19:00:00+00:00,SELL,10.0,38.75
2026-04-20 18:30:00+00:00,2026-04-21 05:00:00+00:00,BUY,10.0,37.45
2026-04-20 19:15:00+00:00,2026-04-20 20:00:00+00:00,BUY,10.0,34.48
2026-04-20 19:30:00+00:00,2026-04-21 06:00:00+00:00,SELL,10.0,35.7
2026-04-20 20:15:00+00:00,2026-04-20 21:00:00+00:00,SELL,10.0,40.88
2026-04-20 20:30:00+00:00,2026-04-21 07:00:00+00:00,BUY,10.0,41.65
2026-04-20 21:15:00+00:00,2026-04-20 22:00:00+00:00,SELL,10.0,32.95
2026-04-20 21:30:00+00:00,2026-04-21 08:00:00+00:00,BUY,10.0,45.89
2026-04-20 22:15:00+00:00,2026-04-20 23:00:00+00:00,BUY,10.0,33.33
2026-04-20 22:30:00+00:00,2026-04-21 09:00:00+00:00,BUY,10.0,49.79
2026-04-20 23:15:00+00:00,2026-04-21 00:00:00+00:00,SELL,10.0,37.84
2026-04-20 23:30:00+00:00,2026-04-21 10:00:00+00:00,BUY,10.0,46.89
2026-04-21 00:15:00+00:00,2026-04-21 01:00:00+00:00,SELL,10.0,38.68
2026-04-21 00:30:00+00:00,2026-04-21 11:00:00+00:00,BUY,10.0,42.56
2026-04-21 01:15:00+00:00,2026-04-21 02:00:00+00:00,SELL,10.0,39.55
2026-04-21 01:30:00+00:00,2026-04-21 12:00:00+00:00,BUY,10.0,36.48
2026-04-21 02:15:00+00:00,2026-04-21 03:00:00+00:00,BUY,10.0,33.49
2026-04-21 02:30:00+00:00,2026-04-21 13:00:00+00:00,SELL,10.0,35.88
2026-04-21 03:15:00+00:00,2026-04-21 04:00:00+00:00,SELL,10.0,45.2
2026-04-21 03:30:00+00:00,2026-04-21 14:00:00+00:00,SELL,10.0,31.18
2026-04-21 04:15:00+00:00,2026-04-21 05:00:00+00:00,SELL,10.0,47.5
2026-04-21 04:30:00+00:00,2026-04-21 15:00:00+00:00,BUY,10.0,40.19
2026-04-21 05:15:00+00:00,2026-04-21 06:00:00+00:00,BUY,10.0,47.93
2026-04-21 05:30:00+00:00,2026-04-21 16:00:00+00:00,SELL,10.0,30.98
2026-04-21 06:15:00+00:00,2026-04-21 07:00:00+00:00,SELL,10.0,64.62
2026-04-21 06:30:00+00:00,2026-04-21 17:00:00+00:00,SELL,10.0,39.27
2026-04-21 07:15:00+00:00,2026-04-21 08:00:00+00:00,SELL,10.0,95.44
2026-04-21 07:30:00+00:00,2026-04-21 18:00:00+00:00,BUY,10.0,37.94
2026-04-21 08:15:00+00:00,2026-04-21 09:00:00+00:00,SELL,10.0,51.3
2026-04-21 08:30:00+00:00,2026-04-21 19:00:00+00:00,BUY,10.0,39.32
2026-04-21 09:15:00+00:00,2026-04-21 10:00:00+00:00,SELL,10.0,51.24
2026-04-21 09:30:00+00:00,2026-04-21 20:00:00+00:00,SELL,10.0,38.97
2026-04-21 10:15:00+00:00,2026-04-21 11:00:00+00:00,SELL,10.0,42.77
2026-04-21 10:30:00+00:00,2026-04-21 21:00:00+00:00,BUY,10.0,26.59
2026-04-21 11:15:00+00:00,2026-04-21 12:00:00+00:00,SELL,10.0,43.74
2026-04-21 11:30:00+00:00,2026-04-21 22:00:00+00:00,SELL,10.0,26.99
2026-04-21 12:15:00+00:00,2026-04-21 13:00:00+00:00,BUY,10.0,39.12
2026-04-21 12:30:00+00:00,2026-04-21 23:00:00+00:00,SELL,10.0,32.25
2026-04-21 13:15:00+00:00,2026-04-21 14:00:00+00:00,BUY,10.0,33.93
2026-04-21 13:30:00+00:00,2026-04-22 00:00:00+00:00,SELL,10.0,30.96
2026-04-21 14:15:00+00:00,2026-04-21 15:00:00+00:00,SELL,10.0,46.05
2026-04-21 14:30:00+00:00,2026-04-22 01:00:00+00:00,BUY,10.0,34.26
2026-04-21 15:15:00+00:00,2026-04-21 16:00:00+00:00,BUY,10.0,37.98
2026-04-21 15:30:00+00:00,2026-04-22 02:00:00+00:00,SELL,10.0,31.99
2026-04-21 16:15:00+00:00,2026-04-21 17:00:00+00:00,BUY,10.0,44.71
2026-04-21 16:30:00+00:00,2026-04-22 03:00:00+00:00,BUY,10.0,33.11
2026-04-21 17:15:00+00:00,2026-04-21 18:00:00+00:00,SELL,10.0,50.13
2026-04-21 17:30:00+00:00,2026-04-22 04:00:00+00:00,SELL,10.0,40.71
2026-04-21 18:15:00+00:00,2026-04-21 19:00:00+00:00,SELL,10.0,48.49
2026-04-21 18:30:00+00:00,2026-04-22 05:00:00+00:00,SELL,10.0,39.77
2026-04-21 19:15:00+00:00,2026-04-21 20:00:00+00:00,BUY,10.0,47.29
2026-04-21 19:30:00+00:00,2026-04-22 06:00:00+00:00,SELL,10.0,54.67
2026-04-21 20:15:00+00:00,2026-04-21 21:00:00+00:00,SELL,10.0,38.07
2026-04-21 20:30:00+00:00,2026-04-22 07:00:00+00:00,BUY,10.0,51.14
2026-04-21 21:15:00+00:00,2026-04-21 22:00:00+00:00,BUY,10.0,39.22
2026-04-21 21:30:00+00:00,2026-04-22 08:00:00+00:00,SELL,10.0,48.81
2026-04-21 22:15:00+00:00,2026-04-21 23:00:00+00:00,BUY,10.0,38.7
2026-04-21 22:30:00+00:00,2026-04-22 09:00:00+00:00,SELL,10.0,51.53
2026-04-21 23:15:00+00:00,2026-04-22 00:00:00+00:00,BUY,10.0,30.55
2026-04-21 23:30:00+00:00,2026-04-22 10:00:00+00:00,BUY,10.0,50.41
2026-04-22 00:15:00+00:00,2026-04-22 01:00:00+00:00,SELL,10.0,33.17
2026-04-22 00:30:00+00:00,2026-04-22 11:00:00+00:00,SELL,10.0,44.27
2026-04-22 01:15:00+00:00,2026-04-22 02:00:00+00:00,BUY,10.0,57.92
2026-04-22 01:30:00+00:00,2026-04-22 12:00:00+00:00,BUY,10.0,39.51
2026-04-22 02:15:00+00:00,2026-04-22 03:00:00+00:00,SELL,10.0,35.11
2026-04-22 02:30:00+00:00,2026-04-22 13:00:00+00:00,BUY,10.0,39.74
2026-04-22 03:15:00+00:00,2026-04-22 04:00:00+00:00,BUY,10.0,40.23
2026-04-22 03:30:00+00:00,2026-04-22 14:00:00+00:00,BUY,10.0,43.16
2026-04-22 04:15:00+00:00,2026-04-22 05:00:00+00:00,BUY,10.0,37.06
2026-04-22 04:30:00+00:00,2026-04-22 15:00:00+00:00,BUY,10.0,36.83
2026-04-22 05:15:00+00:00,2026-04-22 06:00:00+00:00,BUY,10.0,55.82
2026-04-22 05:30:00+00:00,2026-04-22 16:00:00+00:00,BUY,10.0,40.65
2026-04-22 06:15:00+00:00,2026-04-22 07:00:00+00:00,SELL,10.0,49.22
2026-04-22 06:30:00+00:00,2026-04-22 17:00:00+00:00,SELL,10.0,48.82
2026-04-22 07:15:00+00:00,2026-04-22 08:00:00+00:00,BUY,10.0,46.94
2026-04-22 07:30:00+00:00,2026-04-22 18:00:00+00:00,BUY,10.0,57.64
2026-04-22 08:15:00+00:00,2026-04-22 09:00:00+00:00,BUY,10.0,45.81
2026-04-22 08:30:00+00:00,2026-04-22 19:00:00+00:00,SELL,10.0,59.14
2026-04-22 09:15:00+00:00,2026-04-22 10:00:00+00:00,SELL,10.0,46.43
2026-04-22 09:30:00+00:00,2026-04-22 20:00:00+00:00,SELL,10.0,32.69
2026-04-22 10:15:00+00:00,2026-04-22 11:00:00+00:00,BUY,10.0,-8.71
2026-04-22 10:30:00+00:00,2026-04-22 21:00:00+00:00,BUY,10.0,36.37
2026-04-22 11:15:00+00:00,2026-04-22 12:00:00+00:00,SELL,10.0,37.83
2026-04-22 11:30:00+00:00,2026-04-22 22:00:00+00:00,SELL,10.0,26.49
2026-04-22 12:15:00+00:00,2026-04-22 13:00:00+00:00,SELL,10.0,36.79
2026-04-22 12:30:00+00:00,2026-04-22 23:00:00+00:00,BUY,10.0,37.55
2026-04-22 13:15:00+00:00,2026-04-22 14:00:00+00:00,SELL,10.0,39.76
2026-04-22 13:30:00+00:00,2026-04-23 00:00:00+00:00,BUY,10.0,41.35
2026-04-22 14:15:00+00:00,2026-04-22 15:00:00+00:00,SELL,10.0,40.01
2026-04-22 14:30:00+00:00,2026-04-23 01:00:00+00:00,SELL,10.0,34.49
2026-04-22 15:15:00+00:00,2026-04-22 16:00:00+00:00,SELL,10.0,39.22
2026-04-22 15:30:00+00:00,2026-04-23 02:00:00+00:00,BUY,10.0,35.36
2026-04-22 16:15:00+00:00,2026-04-22 17:00:00+00:00,BUY,10.0,43.69
2026-04-22 16:30:00+00:00,2026-04-23 03:00:00+00:00,BUY,10.0,44.56
2026-04-22 17:15:00+00:00,2026-04-22 18:00:00+00:00,SELL,10.0,145.1
2026-04-22 17:30:00+00:00,2026-04-23 04:00:00+00:00,BUY,10.0,50.73
2026-04-22 18:15:00+00:00,2026-04-22 19:00:00+00:00,BUY,10.0,50.87
2026-04-22 18:30:00+00:00,2026-04-23 05:00:00+00:00,BUY,10.0,45.67
2026-04-22 19:15:00+00:00,2026-04-22 20:00:00+00:00,BUY,10.0,37.78
2026-04-22 19:30:00+00:00,2026-04-23 06:00:00+00:00,BUY,10.0,43.74
2026-04-22 20:15:00+00:00,2026-04-22 21:00:00+00:00,SELL,10.0,38.93
2026-04-22 20:30:00+00:00,2026-04-23 07:00:00+00:00,SELL,10.0,47.39
2026-04-22 21:15:00+00:00,2026-04-22 22:00:00+00:00,BUY,10.0,28.39
2026-04-22 21:30:00+00:00,2026-04-23 08:00:00+00:00,SELL,10.0,53.23
2026-04-22 22:15:00+00:00,2026-04-22 23:00:00+00:00,SELL,10.0,58.87
2026-04-22 22:30:00+00:00,2026-04-23 09:00:00+00:00,SELL,10.0,45.68
2026-04-22 23:15:00+00:00,2026-04-23 00:00:00+00:00,SELL,10.0,36.2
2026-04-22 23:30:00+00:00,2026-04-23 10:00:00+00:00,SELL,10.0,34.62
2026-04-23 00:15:00+00:00,2026-04-23 01:00:00+00:00,BUY,10.0,101.78
2026-04-23 00:30:00+00:00,2026-04-23 11:00:00+00:00,SELL,10.0,35.74
2026-04-23 01:15:00+00:00,2026-04-23 02:00:00+00:00,SELL,10.0,32.39
2026-04-23 01:30:00+00:00,2026-04-23 12:00:00+00:00,BUY,10.0,37.37
2026-04-23 02:15:00+00:00,2026-04-23 03:00:00+00:00,SELL,10.0,40.51
2026-04-23 02:30:00+00:00,2026-04-23 13:00:00+00:00,SELL,10.0,34.73
2026-04-23 03:15:00+00:00,2026-04-23 04:00:00+00:00,SELL,10.0,37.37
2026-04-23 03:30:00+00:00,2026-04-23 14:00:00+00:00,BUY,10.0,36.84
2026-04-23 04:15:00+00:00,2026-04-23 05:00:00+00:00,SELL,10.0,39.31
2026-04-23 04:30:00+00:00,2026-04-23 15:00:00+00:00,SELL,10.0,34.43
2026-04-23 05:15:00+00:00,2026-04-23 06:00:00+00:00,SELL,10.0,38.21
2026-04-23 05:30:00+00:00,2026-04-23 16:00:00+00:00,BUY,10.0,36.51
2026-04-23 06:15:00+00:00,2026-04-23 07:00:00+00:00,BUY,10.0,39.25
2026-04-23 06:30:00+00:00,2026-04-23 17:00:00+00:00,SELL,10.0,42.16
2026-04-23 07:15:00+00:00,2026-04-23 08:00:00+00:00,BUY,10.0,47.31
2026-04-23 07:30:00+00:00,2026-04-23 18:00:00+00:00,BUY,10.0,53.18
2026-04-23 08:15:00+00:00,2026-04-23 09:00:00+00:00,BUY,10.0,40.5
2026-04-23 08:30:00+00:00,2026-04-23 19:00:00+00:00,BUY,10.0,50.29
2026-04-23 09:15:00+00:00,2026-04-23 10:00:00+00:00,BUY,10.0,94.23
2026-04-23 09:30:00+00:00,2026-04-23 20:00:00+00:00,SELL,10.0,50.18
2026-04-23 10:15:00+00:00,2026-04-23 11:00:00+00:00,BUY,10.0,31.29
2026-04-23 10:30:00+00:00,2026-04-23 21:00:00+00:00,SELL,10.0,40.87
2026-04-23 11:15:00+00:00,2026-04-23 12:00:00+00:00,SELL,10.0,28.18
2026-04-23 11:30:00+00:00,2026-04-23 22:00:00+00:00,SELL,10.0,38.42
2026-04-23 12:15:00+00:00,2026-04-23 13:00:00+00:00,BUY,10.0,28.73
2026-04-23 12:30:00+00:00,2026-04-23 23:00:00+00:00,BUY,10.0,40.14
2026-04-23 13:15:00+00:00,2026-04-23 14:00:00+00:00,SELL,10.0,29.32
2026-04-23 13:30:00+00:00,2026-04-24 00:00:00+00:00,SELL,10.0,33.73
2026-04-23 14:15:00+00:00,2026-04-23 15:00:00+00:00,BUY,10.0,30.55
2026-04-23 14:30:00+00:00,2026-04-24 01:00:00+00:00,BUY,10.0,31.6
2026-04-23 15:15:00+00:00,2026-04-23 16:00:00+00:00,SELL,10.0,31.89
2026-04-23 15:30:00+00:00,2026-04-24 02:00:00+00:00,BUY,10.0,32.7
2026-04-23 16:15:00+00:00,2026-04-23 17:00:00+00:00,BUY,10.0,38.28
2026-04-23 16:30:00+00:00,2026-04-24 03:00:00+00:00,SELL,10.0,39.51
2026-04-23 17:15:00+00:00,2026-04-23 18:00:00+00:00,SELL,10.0,47.28
2026-04-23 17:30:00+00:00,2026-04-24 04:00:00+00:00,SELL,10.0,39.13
2026-04-23 18:15:00+00:00,2026-04-23 19:00:00+00:00,SELL,10.0,40.59
2026-04-23 18:30:00+00:00,2026-04-24 05:00:00+00:00,SELL,10.0,56.52
2026-04-23 19:15:00+00:00,2026-04-23 20:00:00+00:00,BUY,10.0,40.14
2026-04-23 19:30:00+00:00,2026-04-24 06:00:00+00:00,SELL,10.0,44.19
2026-04-23 20:15:00+00:00,2026-04-23 21:00:00+00:00,BUY,10.0,32.07
2026-04-23 20:30:00+00:00,2026-04-24 07:00:00+00:00,SELL,10.0,44.23
2026-04-23 21:15:00+00:00,2026-04-23 22:00:00+00:00,BUY,10.0,30.4
2026-04-23 21:30:00+00:00,2026-04-24 08:00:00+00:00,BUY,10.0,47.97
2026-04-23 22:15:00+00:00,2026-04-23 23:00:00+00:00,SELL,10.0,34.03
2026-04-23 22:30:00+00:00,2026-04-24 09:00:00+00:00,BUY,10.0,43.1
2026-04-23 23:15:00+00:00,2026-04-24 00:00:00+00:00,BUY,10.0,60.73
2026-04-23 23:30:00+00:00,2026-04-24 10:00:00+00:00,BUY,10.0,41.08
2026-04-24 00:15:00+00:00,2026-04-24 01:00:00+00:00,SELL,10.0,26.78
2026-04-24 00:30:00+00:00,2026-04-24 11:00:00+00:00,SELL,10.0,35.11
2026-04-24 01:15:00+00:00,2026-04-24 02:00:00+00:00,SELL,10.0,29.17
2026-04-24 01:30:00+00:00,2026-04-24 12:00:00+00:00,SELL,10.0,40.36
2026-04-24 02:15:00+00:00,2026-04-24 03:00:00+00:00,BUY,10.0,34.95
2026-04-24 02:30:00+00:00,2026-04-24 13:00:00+00:00,SELL,10.0,24.89
2026-04-24 03:15:00+00:00,2026-04-24 04:00:00+00:00,BUY,10.0,32.51
2026-04-24 03:30:00+00:00,2026-04-24 14:00:00+00:00,SELL,10.0,39.2
2026-04-24 04:15:00+00:00,2026-04-24 05:00:00+00:00,BUY,10.0,42.58
2026-04-24 04:30:00+00:00,2026-04-24 15:00:00+00:00,SELL,10.0,30.63
2026-04-24 05:15:00+00:00,2026-04-24 06:00:00+00:00,BUY,10.0,43.22
2026-04-24 05:30:00+00:00,2026-04-24 16:00:00+00:00,BUY,10.0,44.69
2026-04-24 06:15:00+00:00,2026-04-24 07:00:00+00:00,BUY,10.0,40.51
2026-04-24 06:30:00+00:00,2026-04-24 17:00:00+00:00,SELL,10.0,37.89
2026-04-24 07:15:00+00:00,2026-04-24 08:00:00+00:00,SELL,10.0,44.66
2026-04-24 07:30:00+00:00,2026-04-24 18:00:00+00:00,SELL,10.0,47.01
2026-04-24 08:15:00+00:00,2026-04-24 09:00:00+00:00,SELL,10.0,72.64
2026-04-24 08:30:00+00:00,2026-04-24 19:00:00+00:00,SELL,10.0,36.4
2026-04-24 09:15:00+00:00,2026-04-24 10:00:00+00:00,SELL,10.0,32.01
2026-04-24 09:30:00+00:00,2026-04-24 20:00:00+00:00,SELL,10.0,41.65
2026-04-24 10:15:00+00:00,2026-04-24 11:00:00+00:00,BUY,10.0,29.06
2026-04-24 10:30:00+00:00,2026-04-24 21:00:00+00:00,SELL,10.0,40.98
2026-04-24 11:15:00+00:00,2026-04-24 12:00:00+00:00,BUY,10.0,110.69
2026-04-24 11:30:00+00:00,2026-04-24 22:00:00+00:00,SELL,10.0,32.24
2026-04-24 12:15:00+00:00,2026-04-24 13:00:00+00:00,BUY,10.0,19.13
2026-04-24 12:30:00+00:00,2026-04-24 23:00:00+00:00,SELL,10.0,33.93
2026-04-24 13:15:00+00:00,2026-04-24 14:00:00+00:00,BUY,10.0,29.15
2026-04-24 13:30:00+00:00,2026-04-25 00:00:00+00:00,SELL,10.0,36.94
2026-04-24 14:15:00+00:00,2026-04-24 15:00:00+00:00,BUY,10.0,92.12
2026-04-24 14:30:00+00:00,2026-04-25 01:00:00+00:00,BUY,10.0,40.44
2026-04-24 15:15:00+00:00,2026-04-24 16:00:00+00:00,SELL,10.0,34.79
2026-04-24 15:30:00+00:00,2026-04-25 02:00:00+00:00,SELL,10.0,37.9
2026-04-24 16:15:00+00:00,2026-04-24 17:00:00+00:00,BUY,10.0,37.52
2026-04-24 16:30:00+00:00,2026-04-25 03:00:00+00:00,SELL,10.0,41.54
2026-04-24 17:15:00+00:00,2026-04-24 18:00:00+00:00,BUY,10.0,47.39
2026-04-24 17:30:00+00:00,2026-04-25 04:00:00+00:00,BUY,10.0,37.15
2026-04-24 18:15:00+00:00,2026-04-24 19:00:00+00:00,BUY,10.0,39.4
2026-04-24 18:30:00+00:00,2026-04-25 05:00:00+00:00,BUY,10.0,46.74
2026-04-24 19:15:00+00:00,2026-04-24 20:00:00+00:00,BUY,10.0,39.29
2026-04-24 19:30:00+00:00,2026-04-25 06:00:00+00:00,BUY,10.0,55.08
2026-04-24 20:15:00+00:00,2026-04-24 21:00:00+00:00,BUY,10.0,55.66
2026-04-24 20:30:00+00:00,2026-04-25 07:00:00+00:00,SELL,10.0,48.06
2026-04-24 21:15:00+00:00,2026-04-24 22:00:00+00:00,BUY,10.0,87.56
2026-04-24 21:30:00+00:00,2026-04-25 08:00:00+00:00,SELL,10.0,49.88
2026-04-24 22:15:00+00:00,2026-04-24 23:00:00+00:00,BUY,10.0,29.96
2026-04-24 22:30:00+00:00,2026-04-25 09:00:00+00:00,BUY,10.0,58.16
2026-04-24 23:15:00+00:00,2026-04-25 00:00:00+00:00,BUY,10.0,37.82
2026-04-24 23:30:00+00:00,2026-04-25 10:00:00+00:00,SELL,10.0,47.35
2026-04-25 00:15:00+00:00,2026-04-25 01:00:00+00:00,SELL,10.0,38.3
2026-04-25 00:30:00+00:00,2026-04-25 11:00:00+00:00,BUY,10.0,47.55
2026-04-25 01:15:00+00:00,2026-04-25 02:00:00+00:00,BUY,10.0,36.93
2026-04-25 01:30:00+00:00,2026-04-25 12:00:00+00:00,SELL,10.0,39.92
2026-04-25 02:15:00+00:00,2026-04-25 03:00:00+00:00,BUY,10.0,39.0
2026-04-25 02:30:00+00:00,2026-04-25 13:00:00+00:00,SELL,10.0,43.11
2026-04-25 03:15:00+00:00,2026-04-25 04:00:00+00:00,SELL,10.0,39.04
2026-04-25 03:30:00+00:00,2026-04-25 14:00:00+00:00,BUY,10.0,32.97
2026-04-25 04:15:00+00:00,2026-04-25 05:00:00+00:00,SELL,10.0,44.35
2026-04-25 04:30:00+00:00,2026-04-25 15:00:00+00:00,BUY,10.0,41.96
2026-04-25 05:15:00+00:00,2026-04-25 06:00:00+00:00,SELL,10.0,130.91
2026-04-25 05:30:00+00:00,2026-04-25 16:00:00+00:00,BUY,10.0,51.91
2026-04-25 06:15:00+00:00,2026-04-25 07:00:00+00:00,BUY,10.0,49.25
2026-04-25 06:30:00+00:00,2026-04-25 17:00:00+00:00,BUY,10.0,47.77
2026-04-25 07:15:00+00:00,2026-04-25 08:00:00+00:00,BUY,10.0,92.62
2026-04-25 07:30:00+00:00,2026-04-25 18:00:00+00:00,SELL,10.0,48.81
2026-04-25 08:15:00+00:00,2026-04-25 09:00:00+00:00,SELL,10.0,51.59
2026-04-25 08:30:00+00:00,2026-04-25 19:00:00+00:00,BUY,10.0,47.38
2026-04-25 09:15:00+00:00,2026-04-25 10:00:00+00:00,BUY,10.0,42.33
2026-04-25 09:30:00+00:00,2026-04-25 20:00:00+00:00,BUY,10.0,56.33
2026-04-25 10:15:00+00:00,2026-04-25 11:00:00+00:00,SELL,10.0,37.78
2026-04-25 10:30:00+00:00,2026-04-25 21:00:00+00:00,BUY,10.0,42.67
2026-04-25 11:15:00+00:00,2026-04-25 12:00:00+00:00,BUY,10.0,39.54
2026-04-25 11:30:00+00:00,2026-04-25 22:00:00+00:00,SELL,10.0,39.62
2026-04-25 12:15:00+00:00,2026-04-25 13:00:00+00:00,BUY,10.0,37.78
2026-04-25 12:30:00+00:00,2026-04-25 23:00:00+00:00,BUY,10.0,32.44
2026-04-25 13:15:00+00:00,2026-04-25 14:00:00+00:00,SELL,10.0,32.82
2026-04-25 13:30:00+00:00,2026-04-26 00:00:00+00:00,BUY,10.0,34.26
2026-04-25 14:15:00+00:00,2026-04-25 15:00:00+00:00,SELL,10.0,39.73
2026-04-25 14:30:00+00:00,2026-04-26 01:00:00+00:00,SELL,10.0,43.08
2026-04-25 15:15:00+00:00,2026-04-25 16:00:00+00:00,SELL,10.0,47.31
2026-04-25 15:30:00+00:00,2026-04-26 02:00:00+00:00,SELL,10.0,35.58
2026-04-25 16:15:00+00:00,2026-04-25 17:00:00+00:00,SELL,10.0,47.48
2026-04-25 16:30:00+00:00,2026-04-26 03:00:00+00:00,SELL,10.0,43.02
2026-04-25 17:15:00+00:00,2026-04-25 18:00:00+00:00,BUY,10.0,52.7
2026-04-25 17:30:00+00:00,2026-04-26 04:00:00+00:00,BUY,10.0,34.63
2026-04-25 18:15:00+00:00,2026-04-25 19:00:00+00:00,SELL,10.0,48.67
2026-04-25 18:30:00+00:00,2026-04-26 05:00:00+00:00,BUY,10.0,36.6
2026-04-25 19:15:00+00:00,2026-04-25 20:00:00+00:00,SELL,10.0,54.74
2026-04-25 19:30:00+00:00,2026-04-26 06:00:00+00:00,BUY,10.0,76.12
2026-04-25 20:15:00+00:00,2026-04-25 21:00:00+00:00,SELL,10.0,41.61
2026-04-25 20:30:00+00:00,2026-04-26 07:00:00+00:00,BUY,10.0,65.42
2026-04-25 21:15:00+00:00,2026-04-25 22:00:00+00:00,BUY,10.0,36.22
2026-04-25 21:30:00+00:00,2026-04-26 08:00:00+00:00,SELL,10.0,43.97
2026-04-25 22:15:00+00:00,2026-04-25 23:00:00+00:00,SELL,10.0,35.38
2026-04-25 22:30:00+00:00,2026-04-26 09:00:00+00:00,SELL,10.0,49.8
2026-04-25 23:15:00+00:00,2026-04-26 00:00:00+00:00,SELL,10.0,36.33
2026-04-25 23:30:00+00:00,2026-04-26 10:00:00+00:00,BUY,10.0,40.12
2026-04-26 00:15:00+00:00,2026-04-26 01:00:00+00:00,BUY,10.0,39.04
2026-04-26 00:30:00+00:00,2026-04-26 11:00:00+00:00,BUY,10.0,44.83
2026-04-26 01:15:00+00:00,2026-04-26 02:00:00+00:00,BUY,10.0,36.29
2026-04-26 01:30:00+00:00,2026-04-26 12:00:00+00:00,SELL,10.0,30.75
2026-04-26 02:15:00+00:00,2026-04-26 03:00:00+00:00,BUY,10.0,41.22
2026-04-26 02:30:00+00:00,2026-04-26 13:00:00+00:00,BUY,10.0,34.53
2026-04-26 03:15:00+00:00,2026-04-26 04:00:00+00:00,SELL,10.0,37.06
2026-04-26 03:30:00+00:00,2026-04-26 14:00:00+00:00,SELL,10.0,33.71
2026-04-26 04:15:00+00:00,2026-04-26 05:00:00+00:00,SELL,10.0,32.0
2026-04-26 04:30:00+00:00,2026-04-26 15:00:00+00:00,SELL,10.0,34.49
2026-04-26 05:15:00+00:00,2026-04-26 06:00:00+00:00,SELL,10.0,47.62
2026-04-26 05:30:00+00:00,2026-04-26 16:00:00+00:00,BUY,10.0,38.29
2026-04-26 06:15:00+00:00,2026-04-26 07:00:00+00:00,SELL,10.0,52.15
2026-04-26 06:30:00+00:00,2026-04-26 17:00:00+00:00,SELL,10.0,50.65
2026-04-26 07:15:00+00:00,2026-04-26 08:00:00+00:00,BUY,10.0,44.12
2026-04-26 07:30:00+00:00,2026-04-26 18:00:00+00:00,SELL,10.0,55.13
2026-04-26 08:15:00+00:00,2026-04-26 09:00:00+00:00,BUY,10.0,45.26
2026-04-26 08:30:00+00:00,2026-04-26 19:00:00+00:00,BUY,10.0,46.01
2026-04-26 09:15:00+00:00,2026-04-26 10:00:00+00:00,SELL,10.0,35.03
2026-04-26 09:30:00+00:00,2026-04-26 20:00:00+00:00,SELL,10.0,52.47
2026-04-26 10:15:00+00:00,2026-04-26 11:00:00+00:00,SELL,10.0,30.01
2026-04-26 10:30:00+00:00,2026-04-26 21:00:00+00:00,BUY,10.0,43.77
2026-04-26 11:15:00+00:00,2026-04-26 12:00:00+00:00,BUY,10.0,26.39
2026-04-26 11:30:00+00:00,2026-04-26 22:00:00+00:00,BUY,10.0,36.61
2026-04-26 12:15:00+00:00,2026-04-26 13:00:00+00:00,SELL,10.0,27.39
2026-04-26 12:30:00+00:00,2026-04-26 23:00:00+00:00,SELL,10.0,39.06
2026-04-26 13:15:00+00:00,2026-04-26 14:00:00+00:00,BUY,10.0,29.97
2026-04-26 13:30:00+00:00,2026-04-27 00:00:00+00:00,BUY,10.0,-3.01
2026-04-26 14:15:00+00:00,2026-04-26 15:00:00+00:00,BUY,10.0,34.88
2026-04-26 14:30:00+00:00,2026-04-27 01:00:00+00:00,SELL,10.0,-2.33
2026-04-26 15:15:00+00:00,2026-04-26 16:00:00+00:00,SELL,10.0,37.7
2026-04-26 15:30:00+00:00,2026-04-27 02:00:00+00:00,BUY,10.0,7.07
2026-04-26 16:15:00+00:00,2026-04-26 17:00:00+00:00,BUY,10.0,45.99
2026-04-26 16:30:00+00:00,2026-04-27 03:00:00+00:00,BUY,10.0,20.89
2026-04-26 17:15:00+00:00,2026-04-26 18:00:00+00:00,BUY,10.0,49.88
2026-04-26 17:30:00+00:00,2026-04-27 04:00:00+00:00,BUY,10.0,-3.65
2026-04-26 18:15:00+00:00,2026-04-26 19:00:00+00:00,SELL,10.0,81.08
2026-04-26 18:30:00+00:00,2026-04-27 05:00:00+00:00,SELL,10.0,27.24
2026-04-26 19:15:00+00:00,2026-04-26 20:00:00+00:00,BUY,10.0,43.03
2026-04-26 19:30:00+00:00,2026-04-27 06:00:00+00:00,SELL,10.0,25.71
2026-04-26 20:15:00+00:00,2026-04-26 21:00:00+00:00,SELL,10.0,40.05
2026-04-26 20:30:00+00:00,2026-04-27 07:00:00+00:00,BUY,10.0,12.01
2026-04-26 21:15:00+00:00,2026-04-26 22:00:00+00:00,SELL,10.0,34.41
2026-04-26 21:30:00+00:00,2026-04-27 08:00:00+00:00,SELL,10.0,24.49
2026-04-26 22:15:00+00:00,2026-04-26 23:00:00+00:00,BUY,10.0,38.89
2026-04-26 22:30:00+00:00,2026-04-27 09:00:00+00:00,BUY,10.0,17.07
2026-04-26 23:15:00+00:00,2026-04-27 00:00:00+00:00,SELL,10.0,2.53
2026-04-26 23:30:00+00:00,2026-04-27 10:00:00+00:00,SELL,10.0,-4.11
2026-04-27 00:15:00+00:00,2026-04-27 01:00:00+00:00,BUY,10.0,-12.36
2026-04-27 00:30:00+00:00,2026-04-27 11:00:00+00:00,SELL,10.0,-56.88
2026-04-27 01:15:00+00:00,2026-04-27 02:00:00+00:00,SELL,10.0,2.99
2026-04-27 01:30:00+00:00,2026-04-27 12:00:00+00:00,SELL,10.0,-92.03
2026-04-27 02:15:00+00:00,2026-04-27 03:00:00+00:00,SELL,10.0,20.26
2026-04-27 02:30:00+00:00,2026-04-27 13:00:00+00:00,BUY,10.0,-92.65
2026-04-27 03:15:00+00:00,2026-04-27 04:00:00+00:00,SELL,10.0,2.41
2026-04-27 03:30:00+00:00,2026-04-27 14:00:00+00:00,BUY,10.0,-116.5
2026-04-27 04:15:00+00:00,2026-04-27 05:00:00+00:00,BUY,10.0,22.51
2026-04-27 04:30:00+00:00,2026-04-27 15:00:00+00:00,BUY,10.0,-102.5
2026-04-27 05:15:00+00:00,2026-04-27 06:00:00+00:00,BUY,10.0,23.12
2026-04-27 05:30:00+00:00,2026-04-27 16:00:00+00:00,BUY,10.0,1.67
2026-04-27 06:15:00+00:00,2026-04-27 07:00:00+00:00,SELL,10.0,21.63
2026-04-27 06:30:00+00:00,2026-04-27 17:00:00+00:00,BUY,10.0,24.92
2026-04-27 07:15:00+00:00,2026-04-27 08:00:00+00:00,BUY,10.0,26.77
2026-04-27 07:30:00+00:00,2026-04-27 18:00:00+00:00,BUY,10.0,27.35
2026-04-27 08:15:00+00:00,2026-04-27 09:00:00+00:00,SELL,10.0,23.36
2026-04-27 08:30:00+00:00,2026-04-27 19:00:00+00:00,SELL,10.0,27.94
2026-04-27 09:15:00+00:00,2026-04-27 10:00:00+00:00,BUY,10.0,24.98
2026-04-27 09:30:00+00:00,2026-04-27 20:00:00+00:00,SELL,10.0,29.94
2026-04-27 10:15:00+00:00,2026-04-27 11:00:00+00:00,BUY,10.0,47.88
2026-04-27 10:30:00+00:00,2026-04-27 21:00:00+00:00,SELL,10.0,-2.48
2026-04-27 11:15:00+00:00,2026-04-27 12:00:00+00:00,BUY,10.0,-44.77
2026-04-27 11:30:00+00:00,2026-04-27 22:00:00+00:00,BUY,10.0,-6.81
2026-04-27 12:15:00+00:00,2026-04-27 13:00:00+00:00,SELL,10.0,-35.52
2026-04-27 12:30:00+00:00,2026-04-27 23:00:00+00:00,SELL,10.0,10.7
2026-04-27 13:15:00+00:00,2026-04-27 14:00:00+00:00,SELL,10.0,-78.48
2026-04-27 13:30:00+00:00,2026-04-28 00:00:00+00:00,BUY,10.0,-27.13
2026-04-27 14:15:00+00:00,2026-04-27 15:00:00+00:00,SELL,10.0,-48.51
2026-04-27 14:30:00+00:00,2026-04-28 01:00:00+00:00,BUY,10.0,-33.08
2026-04-27 15:15:00+00:00,2026-04-27 16:00:00+00:00,SELL,10.0,34.8
2026-04-27 15:30:00+00:00,2026-04-28 02:00:00+00:00,SELL,10.0,-63.0
2026-04-27 16:15:00+00:00,2026-04-27 17:00:00+00:00,SELL,10.0,29.28
2026-04-27 16:30:00+00:00,2026-04-28 03:00:00+00:00,BUY,10.0,-25.46
2026-04-27 17:15:00+00:00,2026-04-27 18:00:00+00:00,SELL,10.0,30.78
2026-04-27 17:30:00+00:00,2026-04-28 04:00:00+00:00,SELL,10.0,12.21
2026-04-27 18:15:00+00:00,2026-04-27 19:00:00+00:00,BUY,10.0,26.5
2026-04-27 18:30:00+00:00,2026-04-28 05:00:00+00:00,BUY,10.0,4.64
2026-04-27 19:15:00+00:00,2026-04-27 20:00:00+00:00,BUY,10.0,27.54
2026-04-27 19:30:00+00:00,2026-04-28 06:00:00+00:00,SELL,10.0,28.69
2026-04-27 20:15:00+00:00,2026-04-27 21:00:00+00:00,BUY,10.0,42.68
2026-04-27 20:30:00+00:00,2026-04-28 07:00:00+00:00,BUY,10.0,30.31
2026-04-27 21:15:00+00:00,2026-04-27 22:00:00+00:00,SELL,10.0,17.46
2026-04-27 21:30:00+00:00,2026-04-28 08:00:00+00:00,SELL,10.0,27.88
2026-04-27 22:15:00+00:00,2026-04-27 23:00:00+00:00,BUY,10.0,11.81
2026-04-27 22:30:00+00:00,2026-04-28 09:00:00+00:00,BUY,10.0,30.05
2026-04-27 23:15:00+00:00,2026-04-28 00:00:00+00:00,SELL,10.0,49.64
2026-04-27 23:30:00+00:00,2026-04-28 10:00:00+00:00,BUY,10.0,-2.28
2026-04-28 00:15:00+00:00,2026-04-28 01:00:00+00:00,SELL,10.0,27.8
2026-04-28 00:30:00+00:00,2026-04-28 11:00:00+00:00,BUY,10.0,5.83
2026-04-28 01:15:00+00:00,2026-04-28 02:00:00+00:00,BUY,10.0,46.63
2026-04-28 01:30:00+00:00,2026-04-28 12:00:00+00:00,BUY,10.0,-30.74
2026-04-28 02:15:00+00:00,2026-04-28 03:00:00+00:00,SELL,10.0,33.63
2026-04-28 02:30:00+00:00,2026-04-28 13:00:00+00:00,SELL,10.0,-17.33
2026-04-28 03:15:00+00:00,2026-04-28 04:00:00+00:00,BUY,10.0,32.93
2026-04-28 03:30:00+00:00,2026-04-28 14:00:00+00:00,BUY,10.0,-81.31
2026-04-28 04:15:00+00:00,2026-04-28 05:00:00+00:00,SELL,10.0,32.36
2026-04-28 04:30:00+00:00,2026-04-28 15:00:00+00:00,SELL,10.0,-5.39
2026-04-28 05:15:00+00:00,2026-04-28 06:00:00+00:00,BUY,10.0,35.52
2026-04-28 05:30:00+00:00,2026-04-28 16:00:00+00:00,BUY,10.0,17.28
2026-04-28 06:15:00+00:00,2026-04-28 07:00:00+00:00,SELL,10.0,32.02
2026-04-28 06:30:00+00:00,2026-04-28 17:00:00+00:00,SELL,10.0,15.72
2026-04-28 07:15:00+00:00,2026-04-28 08:00:00+00:00,BUY,10.0,25.45
2026-04-28 07:30:00+00:00,2026-04-28 18:00:00+00:00,SELL,10.0,22.54
2026-04-28 08:15:00+00:00,2026-04-28 09:00:00+00:00,SELL,10.0,32.59
2026-04-28 08:30:00+00:00,2026-04-28 19:00:00+00:00,BUY,10.0,23.86
2026-04-28 09:15:00+00:00,2026-04-28 10:00:00+00:00,SELL,10.0,43.14
2026-04-28 09:30:00+00:00,2026-04-28 20:00:00+00:00,SELL,10.0,24.24
2026-04-28 10:15:00+00:00,2026-04-28 11:00:00+00:00,SELL,10.0,20.3
2026-04-28 10:30:00+00:00,2026-04-28 21:00:00+00:00,BUY,10.0,10.67
2026-04-28 11:15:00+00:00,2026-04-28 12:00:00+00:00,SELL,10.0,60.64
2026-04-28 11:30:00+00:00,2026-04-28 22:00:00+00:00,SELL,10.0,-45.19
2026-04-28 12:15:00+00:00,2026-04-28 13:00:00+00:00,BUY,10.0,10.4
2026-04-28 12:30:00+00:00,2026-04-28 23:00:00+00:00,SELL,10.0,-60.06
2026-04-28 13:15:00+00:00,2026-04-28 14:00:00+00:00,SELL,10.0,105.3
2026-04-28 13:30:00+00:00,2026-04-29 00:00:00+00:00,SELL,10.0,8.53
2026-04-28 14:15:00+00:00,2026-04-28 15:00:00+00:00,BUY,10.0,15.43
2026-04-28 14:30:00+00:00,2026-04-29 01:00:00+00:00,BUY,10.0,22.9
2026-04-28 15:15:00+00:00,2026-04-28 16:00:00+00:00,SELL,10.0,26.44
2026-04-28 15:30:00+00:00,2026-04-29 02:00:00+00:00,SELL,10.0,20.8
2026-04-28 16:15:00+00:00,2026-04-28 17:00:00+00:00,BUY,10.0,37.35
2026-04-28 16:30:00+00:00,2026-04-29 03:00:00+00:00,SELL,10.0,32.59
2026-04-28 17:15:00+00:00,2026-04-28 18:00:00+00:00,BUY,10.0,34.44
2026-04-28 17:30:00+00:00,2026-04-29 04:00:00+00:00,SELL,10.0,33.31
2026-04-28 18:15:00+00:00,2026-04-28 19:00:00+00:00,SELL,10.0,29.82
2026-04-28 18:30:00+00:00,2026-04-29 05:00:00+00:00,SELL,10.0,30.77
2026-04-28 19:15:00+00:00,2026-04-28 20:00:00+00:00,BUY,10.0,26.46
2026-04-28 19:30:00+00:00,2026-04-29 06:00:00+00:00,BUY,10.0,37.39
2026-04-28 20:15:00+00:00,2026-04-28 21:00:00+00:00,SELL,10.0,24.86
2026-04-28 20:30:00+00:00,2026-04-29 07:00:00+00:00,SELL,10.0,35.77
2026-04-28 21:15:00+00:00,2026-04-28 22:00:00+00:00,BUY,10.0,17.16
2026-04-28 21:30:00+00:00,2026-04-29 08:00:00+00:00,SELL,10.0,32.75
2026-04-28 22:15:00+00:00,2026-04-28 23:00:00+00:00,BUY,10.0,5.55
2026-04-28 22:30:00+00:00,2026-04-29 09:00:00+00:00,SELL,10.0,30.99
2026-04-28 23:15:00+00:00,2026-04-29 00:00:00+00:00,BUY,10.0,18.87
2026-04-28 23:30:00+00:00,2026-04-29 10:00:00+00:00,SELL,10.0,21.34
2026-04-29 00:15:00+00:00,2026-04-29 01:00:00+00:00,SELL,10.0,21.53
2026-04-29 00:30:00+00:00,2026-04-29 11:00:00+00:00,SELL,10.0,-30.07
2026-04-29 01:15:00+00:00,2026-04-29 02:00:00+00:00,BUY,10.0,21.0
2026-04-29 01:30:00+00:00,2026-04-29 12:00:00+00:00,BUY,10.0,-41.43
2026-04-29 02:15:00+00:00,2026-04-29 03:00:00+00:00,BUY,10.0,29.0
2026-04-29 02:30:00+00:00,2026-04-29 13:00:00+00:00,BUY,10.0,-24.43
2026-04-29 03:15:00+00:00,2026-04-29 04:00:00+00:00,BUY,10.0,30.05
2026-04-29 03:30:00+00:00,2026-04-29 14:00:00+00:00,SELL,10.0,17.49
2026-04-29 04:15:00+00:00,2026-04-29 05:00:00+00:00,BUY,10.0,30.36
2026-04-29 04:30:00+00:00,2026-04-29 15:00:00+00:00,BUY,10.0,7.34
2026-04-29 05:15:00+00:00,2026-04-29 06:00:00+00:00,SELL,10.0,38.08
2026-04-29 05:30:00+00:00,2026-04-29 16:00:00+00:00,BUY,10.0,20.54
2026-04-29 06:15:00+00:00,2026-04-29 07:00:00+00:00,BUY,10.0,33.5
2026-04-29 06:30:00+00:00,2026-04-29 17:00:00+00:00,SELL,10.0,27.95
2026-04-29 07:15:00+00:00,2026-04-29 08:00:00+00:00,BUY,10.0,32.68
2026-04-29 07:30:00+00:00,2026-04-29 18:00:00+00:00,BUY,10.0,38.2
2026-04-29 08:15:00+00:00,2026-04-29 09:00:00+00:00,BUY,10.0,29.41
2026-04-29 08:30:00+00:00,2026-04-29 19:00:00+00:00,SELL,10.0,37.09
2026-04-29 09:15:00+00:00,2026-04-29 10:00:00+00:00,BUY,10.0,26.25
2026-04-29 09:30:00+00:00,2026-04-29 20:00:00+00:00,BUY,10.0,30.04
2026-04-29 10:15:00+00:00,2026-04-29 11:00:00+00:00,BUY,10.0,39.09
2026-04-29 10:30:00+00:00,2026-04-29 21:00:00+00:00,BUY,10.0,16.67
2026-04-29 11:15:00+00:00,2026-04-29 12:00:00+00:00,SELL,10.0,48.69
2026-04-29 11:30:00+00:00,2026-04-29 22:00:00+00:00,BUY,10.0,22.37
2026-04-29 12:15:00+00:00,2026-04-29 13:00:00+00:00,SELL,10.0,-3.82
2026-04-29 12:30:00+00:00,2026-04-29 23:00:00+00:00,BUY,10.0,21.11
2026-04-29 13:15:00+00:00,2026-04-29 14:00:00+00:00,BUY,10.0,11.66
2026-04-29 13:30:00+00:00,2026-04-30 00:00:00+00:00,SELL,10.0,33.26
2026-04-29 14:15:00+00:00,2026-04-29 15:00:00+00:00,SELL,10.0,18.72
2026-04-29 14:30:00+00:00,2026-04-30 01:00:00+00:00,BUY,10.0,30.49
2026-04-29 15:15:00+00:00,2026-04-29 16:00:00+00:00,SELL,10.0,23.02
2026-04-29 15:30:00+00:00,2026-04-30 02:00:00+00:00,SELL,10.0,26.04
2026-04-29 16:15:00+00:00,2026-04-29 17:00:00+00:00,BUY,10.0,32.68
2026-04-29 16:30:00+00:00,2026-04-30 03:00:00+00:00,BUY,10.0,24.52
2026-04-29 17:15:00+00:00,2026-04-29 18:00:00+00:00,SELL,10.0,36.34
2026-04-29 17:30:00+00:00,2026-04-30 04:00:00+00:00,BUY,10.0,29.1
2026-04-29 18:15:00+00:00,2026-04-29 19:00:00+00:00,BUY,10.0,33.53
2026-04-29 18:30:00+00:00,2026-04-30 05:00:00+00:00,SELL,10.0,39.72
2026-04-29 19:15:00+00:00,2026-04-29 20:00:00+00:00,SELL,10.0,28.37
2026-04-29 19:30:00+00:00,2026-04-30 06:00:00+00:00,BUY,10.0,39.68
2026-04-29 20:15:00+00:00,2026-04-29 21:00:00+00:00,SELL,10.0,18.08
2026-04-29 20:30:00+00:00,2026-04-30 07:00:00+00:00,SELL,10.0,43.2
2026-04-29 21:15:00+00:00,2026-04-29 22:00:00+00:00,SELL,10.0,23.58
2026-04-29 21:30:00+00:00,2026-04-30 08:00:00+00:00,BUY,10.0,29.96
2026-04-29 22:15:00+00:00,2026-04-29 23:00:00+00:00,SELL,10.0,14.34
2026-04-29 22:30:00+00:00,2026-04-30 09:00:00+00:00,SELL,10.0,39.91
2026-04-29 23:15:00+00:00,2026-04-30 00:00:00+00:00,BUY,10.0,34.28
2026-04-29 23:30:00+00:00,2026-04-30 10:00:00+00:00,SELL,10.0,31.92
2026-04-30 00:15:00+00:00,2026-04-30 01:00:00+00:00,SELL,10.0,37.93
2026-04-30 00:30:00+00:00,2026-04-30 11:00:00+00:00,SELL,10.0,27.96
2026-04-30 01:15:00+00:00,2026-04-30 02:00:00+00:00,BUY,10.0,34.75
2026-04-30 01:30:00+00:00,2026-04-30 12:00:00+00:00,BUY,10.0,23.24
2026-04-30 02:15:00+00:00,2026-04-30 03:00:00+00:00,SELL,10.0,34.5
2026-04-30 02:30:00+00:00,2026-04-30 13:00:00+00:00,SELL,10.0,24.68
2026-04-30 03:15:00+00:00,2026-04-30 04:00:00+00:00,SELL,10.0,35.69
2026-04-30 03:30:00+00:00,2026-04-30 14:00:00+00:00,BUY,10.0,30.34
2026-04-30 04:15:00+00:00,2026-04-30 05:00:00+00:00,BUY,10.0,43.38
2026-04-30 04:30:00+00:00,2026-04-30 15:00:00+00:00,SELL,10.0,27.55
2026-04-30 05:15:00+00:00,2026-04-30 06:00:00+00:00,SELL,10.0,44.05
2026-04-30 05:30:00+00:00,2026-04-30 16:00:00+00:00,SELL,10.0,27.85
2026-04-30 06:15:00+00:00,2026-04-30 07:00:00+00:00,BUY,10.0,45.89
2026-04-30 06:30:00+00:00,2026-04-30 17:00:00+00:00,BUY,10.0,34.52
2026-04-30 07:15:00+00:00,2026-04-30 08:00:00+00:00,SELL,10.0,38.27
2026-04-30 07:30:00+00:00,2026-04-30 18:00:00+00:00,BUY,10.0,41.21
2026-04-30 08:15:00+00:00,2026-04-30 09:00:00+00:00,BUY,10.0,43.81
2026-04-30 08:30:00+00:00,2026-04-30 19:00:00+00:00,SELL,10.0,40.64
2026-04-30 09:15:00+00:00,2026-04-30 10:00:00+00:00,BUY,10.0,33.23
2026-04-30 09:30:00+00:00,2026-04-30 20:00:00+00:00,SELL,10.0,39.49
2026-04-30 10:15:00+00:00,2026-04-30 11:00:00+00:00,BUY,10.0,32.24
2026-04-30 10:30:00+00:00,2026-04-30 21:00:00+00:00,BUY,10.0,35.92
2026-04-30 11:15:00+00:00,2026-04-30 12:00:00+00:00,SELL,10.0,30.76
2026-04-30 11:30:00+00:00,2026-04-30 22:00:00+00:00,SELL,10.0,30.44
2026-04-30 12:15:00+00:00,2026-04-30 13:00:00+00:00,BUY,10.0,31.5
2026-04-30 12:30:00+00:00,2026-04-30 23:00:00+00:00,BUY,10.0,26.6
2026-04-30 13:15:00+00:00,2026-04-30 14:00:00+00:00,SELL,10.0,36.02
2026-04-30 13:30:00+00:00,2026-05-01 00:00:00+00:00,SELL,10.0,45.42
2026-04-30 14:15:00+00:00,2026-04-30 15:00:00+00:00,BUY,10.0,30.77
2026-04-30 14:30:00+00:00,2026-05-01 01:00:00+00:00,BUY,10.0,46.46
2026-04-30 15:15:00+00:00,2026-04-30 16:00:00+00:00,BUY,10.0,38.36
2026-04-30 15:30:00+00:00,2026-05-01 02:00:00+00:00,BUY,10.0,41.62
2026-04-30 16:15:00+00:00,2026-04-30 17:00:00+00:00,SELL,10.0,43.46
2026-04-30 16:30:00+00:00,2026-05-01 03:00:00+00:00,BUY,10.0,50.41
2026-04-30 17:15:00+00:00,2026-04-30 18:00:00+00:00,SELL,10.0,52.24
2026-04-30 17:30:00+00:00,2026-05-01 04:00:00+00:00,BUY,10.0,60.86
2026-04-30 18:15:00+00:00,2026-04-30 19:00:00+00:00,BUY,10.0,46.64
2026-04-30 18:30:00+00:00,2026-05-01 05:00:00+00:00,SELL,10.0,52.29
2026-04-30 19:15:00+00:00,2026-04-30 20:00:00+00:00,BUY,10.0,46.78
2026-04-30 19:30:00+00:00,2026-05-01 06:00:00+00:00,SELL,10.0,69.3
2026-04-30 20:15:00+00:00,2026-04-30 21:00:00+00:00,SELL,10.0,58.39
2026-04-30 20:30:00+00:00,2026-05-01 07:00:00+00:00,BUY,10.0,67.35
2026-04-30 21:15:00+00:00,2026-04-30 22:00:00+00:00,BUY,10.0,33.22
2026-04-30 21:30:00+00:00,2026-05-01 08:00:00+00:00,BUY,10.0,69.89
2026-04-30 22:15:00+00:00,2026-04-30 23:00:00+00:00,SELL,10.0,37.42
2026-04-30 22:30:00+00:00,2026-05-01 09:00:00+00:00,BUY,10.0,60.96
2026-04-30 23:15:00+00:00,2026-05-01 00:00:00+00:00,BUY,10.0,36.28
2026-04-30 23:30:00+00:00,2026-05-01 10:00:00+00:00,BUY,10.0,68.9
2026-05-01 00:15:00+00:00,2026-05-01 01:00:00+00:00,SELL,10.0,37.98
2026-05-01 00:30:00+00:00,2026-05-01 11:00:00+00:00,SELL,10.0,66.08
2026-05-01 01:15:00+00:00,2026-05-01 02:00:00+00:00,SELL,10.0,33.95
2026-05-01 01:30:00+00:00,2026-05-01 12:00:00+00:00,BUY,10.0,59.17
2026-05-01 02:15:00+00:00,2026-05-01 03:00:00+00:00,SELL,10.0,-25.59
2026-05-01 02:30:00+00:00,2026-05-01 13:00:00+00:00,SELL,10.0,44.54
2026-05-01 03:15:00+00:00,2026-05-01 04:00:00+00:00,SELL,10.0,19.33
2026-05-01 03:30:00+00:00,2026-05-01 14:00:00+00:00,SELL,10.0,53.37
2026-05-01 04:15:00+00:00,2026-05-01 05:00:00+00:00,BUY,10.0,45.95
2026-05-01 04:30:00+00:00,2026-05-01 15:00:00+00:00,SELL,10.0,41.02
2026-05-01 05:15:00+00:00,2026-05-01 06:00:00+00:00,BUY,10.0,44.09
2026-05-01 05:30:00+00:00,2026-05-01 16:00:00+00:00,BUY,10.0,58.01
2026-05-01 06:15:00+00:00,2026-05-01 07:00:00+00:00,SELL,10.0,47.6
2026-05-01 06:30:00+00:00,2026-05-01 17:00:00+00:00,BUY,10.0,60.31
2026-05-01 07:15:00+00:00,2026-05-01 08:00:00+00:00,SELL,10.0,41.45
2026-05-01 07:30:00+00:00,2026-05-01 18:00:00+00:00,BUY,10.0,64.34
2026-05-01 08:15:00+00:00,2026-05-01 09:00:00+00:00,SELL,10.0,79.47
2026-05-01 08:30:00+00:00,2026-05-01 19:00:00+00:00,SELL,10.0,58.16
2026-05-01 09:15:00+00:00,2026-05-01 10:00:00+00:00,SELL,10.0,48.2
2026-05-01 09:30:00+00:00,2026-05-01 20:00:00+00:00,BUY,10.0,51.94
2026-05-01 10:15:00+00:00,2026-05-01 11:00:00+00:00,BUY,10.0,-11.21
2026-05-01 10:30:00+00:00,2026-05-01 21:00:00+00:00,SELL,10.0,48.36
2026-05-01 11:15:00+00:00,2026-05-01 12:00:00+00:00,SELL,10.0,245.89
2026-05-01 11:30:00+00:00,2026-05-01 22:00:00+00:00,BUY,10.0,49.05
2026-05-01 12:15:00+00:00,2026-05-01 13:00:00+00:00,BUY,10.0,35.82
2026-05-01 12:30:00+00:00,2026-05-01 23:00:00+00:00,SELL,10.0,38.1
2026-05-01 13:15:00+00:00,2026-05-01 14:00:00+00:00,BUY,10.0,40.72
2026-05-01 13:30:00+00:00,2026-05-02 00:00:00+00:00,BUY,10.0,40.19
2026-05-01 14:15:00+00:00,2026-05-01 15:00:00+00:00,BUY,10.0,36.5
2026-05-01 14:30:00+00:00,2026-05-02 01:00:00+00:00,BUY,10.0,34.39
2026-05-01 15:15:00+00:00,2026-05-01 16:00:00+00:00,SELL,10.0,42.08
2026-05-01 15:30:00+00:00,2026-05-02 02:00:00+00:00,SELL,10.0,41.58
2026-05-01 16:15:00+00:00,2026-05-01 17:00:00+00:00,SELL,10.0,43.62
2026-05-01 16:30:00+00:00,2026-05-02 03:00:00+00:00,SELL,10.0,39.37
2026-05-01 17:15:00+00:00,2026-05-01 18:00:00+00:00,SELL,10.0,48.33
2026-05-01 17:30:00+00:00,2026-05-02 04:00:00+00:00,SELL,10.0,45.49
2026-05-01 18:15:00+00:00,2026-05-01 19:00:00+00:00,BUY,10.0,48.15
2026-05-01 18:30:00+00:00,2026-05-02 05:00:00+00:00,SELL,10.0,43.68
2026-05-01 19:15:00+00:00,2026-05-01 20:00:00+00:00,SELL,10.0,44.57
2026-05-01 19:30:00+00:00,2026-05-02 06:00:00+00:00,BUY,10.0,51.93
2026-05-01 20:15:00+00:00,2026-05-01 21:00:00+00:00,BUY,10.0,37.73
2026-05-01 20:30:00+00:00,2026-05-02 07:00:00+00:00,SELL,10.0,48.51
2026-05-01 21:15:00+00:00,2026-05-01 22:00:00+00:00,SELL,10.0,39.4
2026-05-01 21:30:00+00:00,2026-05-02 08:00:00+00:00,SELL,10.0,47.17
2026-05-01 22:15:00+00:00,2026-05-01 23:00:00+00:00,BUY,10.0,35.7
2026-05-01 22:30:00+00:00,2026-05-02 09:00:00+00:00,BUY,10.0,44.35
2026-05-01 23:15:00+00:00,2026-05-02 00:00:00+00:00,SELL,10.0,44.2
2026-05-01 23:30:00+00:00,2026-05-02 10:00:00+00:00,BUY,10.0,52.25
2026-05-02 00:15:00+00:00,2026-05-02 01:00:00+00:00,SELL,10.0,44.93
2026-05-02 00:30:00+00:00,2026-05-02 11:00:00+00:00,BUY,10.0,39.89
2026-05-02 01:15:00+00:00,2026-05-02 02:00:00+00:00,BUY,10.0,47.0
2026-05-02 01:30:00+00:00,2026-05-02 12:00:00+00:00,BUY,10.0,39.47
2026-05-02 02:15:00+00:00,2026-05-02 03:00:00+00:00,BUY,10.0,44.31
2026-05-02 02:30:00+00:00,2026-05-02 13:00:00+00:00,BUY,10.0,31.11
2026-05-02 03:15:00+00:00,2026-05-02 04:00:00+00:00,BUY,10.0,31.18
2026-05-02 03:30:00+00:00,2026-05-02 14:00:00+00:00,SELL,10.0,42.59
2026-05-02 04:15:00+00:00,2026-05-02 05:00:00+00:00,BUY,10.0,46.01
2026-05-02 04:30:00+00:00,2026-05-02 15:00:00+00:00,SELL,10.0,36.15
2026-05-02 05:15:00+00:00,2026-05-02 06:00:00+00:00,SELL,10.0,59.95
2026-05-02 05:30:00+00:00,2026-05-02 16:00:00+00:00,BUY,10.0,44.01
2026-05-02 06:15:00+00:00,2026-05-02 07:00:00+00:00,BUY,10.0,55.16
2026-05-02 06:30:00+00:00,2026-05-02 17:00:00+00:00,SELL,10.0,51.41
2026-05-02 07:15:00+00:00,2026-05-02 08:00:00+00:00,BUY,10.0,53.71
2026-05-02 07:30:00+00:00,2026-05-02 18:00:00+00:00,BUY,10.0,47.85
2026-05-02 08:15:00+00:00,2026-05-02 09:00:00+00:00,SELL,10.0,49.6
2026-05-02 08:30:00+00:00,2026-05-02 19:00:00+00:00,SELL,10.0,52.21
2026-05-02 09:15:00+00:00,2026-05-02 10:00:00+00:00,SELL,10.0,57.34
2026-05-02 09:30:00+00:00,2026-05-02 20:00:00+00:00,BUY,10.0,54.72
2026-05-02 10:15:00+00:00,2026-05-02 11:00:00+00:00,SELL,10.0,46.18
2026-05-02 10:30:00+00:00,2026-05-02 21:00:00+00:00,SELL,10.0,40.04
2026-05-02 11:15:00+00:00,2026-05-02 12:00:00+00:00,SELL,10.0,48.03
2026-05-02 11:30:00+00:00,2026-05-02 22:00:00+00:00,SELL,10.0,42.12
2026-05-02 12:15:00+00:00,2026-05-02 13:00:00+00:00,SELL,10.0,43.31
2026-05-02 12:30:00+00:00,2026-05-02 23:00:00+00:00,SELL,10.0,34.69
2026-05-02 13:15:00+00:00,2026-05-02 14:00:00+00:00,BUY,10.0,47.03
2026-05-02 13:30:00+00:00,2026-05-03 00:00:00+00:00,SELL,10.0,50.41
2026-05-02 14:15:00+00:00,2026-05-02 15:00:00+00:00,BUY,10.0,49.87
2026-05-02 14:30:00+00:00,2026-05-03 01:00:00+00:00,SELL,10.0,44.98
2026-05-02 15:15:00+00:00,2026-05-02 16:00:00+00:00,SELL,10.0,20.74
2026-05-02 15:30:00+00:00,2026-05-03 02:00:00+00:00,BUY,10.0,47.09
2026-05-02 16:15:00+00:00,2026-05-02 17:00:00+00:00,BUY,10.0,56.18
2026-05-02 16:30:00+00:00,2026-05-03 03:00:00+00:00,BUY,10.0,49.89
2026-05-02 17:15:00+00:00,2026-05-02 18:00:00+00:00,SELL,10.0,58.09
2026-05-02 17:30:00+00:00,2026-05-03 04:00:00+00:00,SELL,10.0,45.64
2026-05-02 18:15:00+00:00,2026-05-02 19:00:00+00:00,BUY,10.0,64.48
2026-05-02 18:30:00+00:00,2026-05-03 05:00:00+00:00,BUY,10.0,57.33
2026-05-02 19:15:00+00:00,2026-05-02 20:00:00+00:00,SELL,10.0,106.31
2026-05-02 19:30:00+00:00,2026-05-03 06:00:00+00:00,BUY,10.0,56.07
2026-05-02 20:15:00+00:00,2026-05-02 21:00:00+00:00,BUY,10.0,49.62
2026-05-02 20:30:00+00:00,2026-05-03 07:00:00+00:00,SELL,10.0,61.75
2026-05-02 21:15:00+00:00,2026-05-02 22:00:00+00:00,BUY,10.0,47.26
2026-05-02 21:30:00+00:00,2026-05-03 08:00:00+00:00,BUY,10.0,63.31
2026-05-02 22:15:00+00:00,2026-05-02 23:00:00+00:00,BUY,10.0,44.97
2026-05-02 22:30:00+00:00,2026-05-03 09:00:00+00:00,BUY,10.0,59.93
2026-05-02 23:15:00+00:00,2026-05-03 00:00:00+00:00,BUY,10.0,43.8
2026-05-02 23:30:00+00:00,2026-05-03 10:00:00+00:00,SELL,10.0,52.22
2026-05-03 00:15:00+00:00,2026-05-03 01:00:00+00:00,BUY,10.0,37.33
2026-05-03 00:30:00+00:00,2026-05-03 11:00:00+00:00,SELL,10.0,52.32
2026-05-03 01:15:00+00:00,2026-05-03 02:00:00+00:00,SELL,10.0,76.1
2026-05-03 01:30:00+00:00,2026-05-03 12:00:00+00:00,SELL,10.0,40.45
2026-05-03 02:15:00+00:00,2026-05-03 03:00:00+00:00,SELL,10.0,45.85
2026-05-03 02:30:00+00:00,2026-05-03 13:00:00+00:00,SELL,10.0,44.17
2026-05-03 03:15:00+00:00,2026-05-03 04:00:00+00:00,BUY,10.0,45.17
2026-05-03 03:30:00+00:00,2026-05-03 14:00:00+00:00,BUY,10.0,34.72
2026-05-03 04:15:00+00:00,2026-05-03 05:00:00+00:00,SELL,10.0,50.06
2026-05-03 04:30:00+00:00,2026-05-03 15:00:00+00:00,SELL,10.0,44.18
2026-05-03 05:15:00+00:00,2026-05-03 06:00:00+00:00,SELL,10.0,115.46
2026-05-03 05:30:00+00:00,2026-05-03 16:00:00+00:00,BUY,10.0,51.42
2026-05-03 06:15:00+00:00,2026-05-03 07:00:00+00:00,BUY,10.0,55.9
2026-05-03 06:30:00+00:00,2026-05-03 17:00:00+00:00,SELL,10.0,64.7
2026-05-03 07:15:00+00:00,2026-05-03 08:00:00+00:00,SELL,10.0,64.93
2026-05-03 07:30:00+00:00,2026-05-03 18:00:00+00:00,BUY,10.0,71.2
2026-05-03 08:15:00+00:00,2026-05-03 09:00:00+00:00,SELL,10.0,59.47
2026-05-03 08:30:00+00:00,2026-05-03 19:00:00+00:00,BUY,10.0,69.05
2026-05-03 09:15:00+00:00,2026-05-03 10:00:00+00:00,BUY,10.0,50.77
2026-05-03 09:30:00+00:00,2026-05-03 20:00:00+00:00,SELL,10.0,60.45
2026-05-03 10:15:00+00:00,2026-05-03 11:00:00+00:00,BUY,10.0,51.93
2026-05-03 10:30:00+00:00,2026-05-03 21:00:00+00:00,BUY,10.0,56.09
2026-05-03 11:15:00+00:00,2026-05-03 12:00:00+00:00,BUY,10.0,47.97
2026-05-03 11:30:00+00:00,2026-05-03 22:00:00+00:00,BUY,10.0,47.7
2026-05-03 12:15:00+00:00,2026-05-03 13:00:00+00:00,BUY,10.0,-36.08
2026-05-03 12:30:00+00:00,2026-05-03 23:00:00+00:00,BUY,10.0,52.84
2026-05-03 13:15:00+00:00,2026-05-03 14:00:00+00:00,SELL,10.0,34.1
2026-05-03 13:30:00+00:00,2026-05-04 00:00:00+00:00,SELL,10.0,34.81
2026-05-03 14:15:00+00:00,2026-05-03 15:00:00+00:00,BUY,10.0,81.33
2026-05-03 14:30:00+00:00,2026-05-04 01:00:00+00:00,BUY,10.0,37.67
2026-05-03 15:15:00+00:00,2026-05-03 16:00:00+00:00,SELL,10.0,9.59
2026-05-03 15:30:00+00:00,2026-05-04 02:00:00+00:00,BUY,10.0,38.79
2026-05-03 16:15:00+00:00,2026-05-03 17:00:00+00:00,BUY,10.0,53.05
2026-05-03 16:30:00+00:00,2026-05-04 03:00:00+00:00,BUY,10.0,39.51
2026-05-03 17:15:00+00:00,2026-05-03 18:00:00+00:00,SELL,10.0,58.34
2026-05-03 17:30:00+00:00,2026-05-04 04:00:00+00:00,SELL,10.0,40.52
2026-05-03 18:15:00+00:00,2026-05-03 19:00:00+00:00,SELL,10.0,59.85
2026-05-03 18:30:00+00:00,2026-05-04 05:00:00+00:00,SELL,10.0,39.71
2026-05-03 19:15:00+00:00,2026-05-03 20:00:00+00:00,BUY,10.0,109.34
2026-05-03 19:30:00+00:00,2026-05-04 06:00:00+00:00,SELL,10.0,47.3
2026-05-03 20:15:00+00:00,2026-05-03 21:00:00+00:00,SELL,10.0,46.39
2026-05-03 20:30:00+00:00,2026-05-04 07:00:00+00:00,BUY,10.0,56.31
2026-05-03 21:15:00+00:00,2026-05-03 22:00:00+00:00,SELL,10.0,44.76
2026-05-03 21:30:00+00:00,2026-05-04 08:00:00+00:00,SELL,10.0,62.35
2026-05-03 22:15:00+00:00,2026-05-03 23:00:00+00:00,SELL,10.0,46.78
2026-05-03 22:30:00+00:00,2026-05-04 09:00:00+00:00,BUY,10.0,52.69
2026-05-03 23:15:00+00:00,2026-05-04 00:00:00+00:00,BUY,10.0,37.22
2026-05-03 23:30:00+00:00,2026-05-04 10:00:00+00:00,BUY,10.0,66.56
2026-05-04 00:15:00+00:00,2026-05-04 01:00:00+00:00,SELL,10.0,36.94
2026-05-04 00:30:00+00:00,2026-05-04 11:00:00+00:00,SELL,10.0,41.77
2026-05-04 01:15:00+00:00,2026-05-04 02:00:00+00:00,SELL,10.0,36.85
2026-05-04 01:30:00+00:00,2026-05-04 12:00:00+00:00,SELL,10.0,45.04
2026-05-04 02:15:00+00:00,2026-05-04 03:00:00+00:00,SELL,10.0,36.2
2026-05-04 02:30:00+00:00,2026-05-04 13:00:00+00:00,BUY,10.0,55.7
2026-05-04 03:15:00+00:00,2026-05-04 04:00:00+00:00,BUY,10.0,40.06
2026-05-04 03:30:00+00:00,2026-05-04 14:00:00+00:00,BUY,10.0,40.79
2026-05-04 04:15:00+00:00,2026-05-04 05:00:00+00:00,BUY,10.0,40.2
2026-05-04 04:30:00+00:00,2026-05-04 15:00:00+00:00,BUY,10.0,49.33
2026-05-04 05:15:00+00:00,2026-05-04 06:00:00+00:00,BUY,10.0,48.11
2026-05-04 05:30:00+00:00,2026-05-04 16:00:00+00:00,BUY,10.0,49.24
2026-05-04 06:15:00+00:00,2026-05-04 07:00:00+00:00,SELL,10.0,57.01
2026-05-04 06:30:00+00:00,2026-05-04 17:00:00+00:00,BUY,10.0,47.91
2026-05-04 07:15:00+00:00,2026-05-04 08:00:00+00:00,BUY,10.0,56.9
2026-05-04 07:30:00+00:00,2026-05-04 18:00:00+00:00,SELL,10.0,42.46
2026-05-04 08:15:00+00:00,2026-05-04 09:00:00+00:00,SELL,10.0,51.41
2026-05-04 08:30:00+00:00,2026-05-04 19:00:00+00:00,SELL,10.0,54.14
2026-05-04 09:15:00+00:00,2026-05-04 10:00:00+00:00,SELL,10.0,-1.34
2026-05-04 09:30:00+00:00,2026-05-04 20:00:00+00:00,SELL,10.0,46.64
2026-05-04 10:15:00+00:00,2026-05-04 11:00:00+00:00,BUY,10.0,42.49
2026-05-04 10:30:00+00:00,2026-05-04 21:00:00+00:00,SELL,10.0,40.98
2026-05-04 11:15:00+00:00,2026-05-04 12:00:00+00:00,BUY,10.0,47.7
2026-05-04 11:30:00+00:00,2026-05-04 22:00:00+00:00,BUY,10.0,41.06
2026-05-04 12:15:00+00:00,2026-05-04 13:00:00+00:00,SELL,10.0,145.73
2026-05-04 12:30:00+00:00,2026-05-04 23:00:00+00:00,SELL,10.0,31.12
2026-05-04 13:15:00+00:00,2026-05-04 14:00:00+00:00,SELL,10.0,42.09
2026-05-04 13:30:00+00:00,2026-05-05 00:00:00+00:00,SELL,10.0,42.39
2026-05-04 14:15:00+00:00,2026-05-04 15:00:00+00:00,SELL,10.0,49.66
2026-05-04 14:30:00+00:00,2026-05-05 01:00:00+00:00,SELL,10.0,38.68
2026-05-04 15:15:00+00:00,2026-05-04 16:00:00+00:00,SELL,10.0,48.64
2026-05-04 15:30:00+00:00,2026-05-05 02:00:00+00:00,SELL,10.0,45.29
2026-05-04 16:15:00+00:00,2026-05-04 17:00:00+00:00,SELL,10.0,116.59
2026-05-04 16:30:00+00:00,2026-05-05 03:00:00+00:00,SELL,10.0,38.61
2026-05-04 17:15:00+00:00,2026-05-04 18:00:00+00:00,BUY,10.0,42.69
2026-05-04 17:30:00+00:00,2026-05-05 04:00:00+00:00,BUY,10.0,42.81
2026-05-04 18:15:00+00:00,2026-05-04 19:00:00+00:00,BUY,10.0,51.6
2026-05-04 18:30:00+00:00,2026-05-05 05:00:00+00:00,SELL,10.0,47.43
2026-05-04 19:15:00+00:00,2026-05-04 20:00:00+00:00,BUY,10.0,40.65
2026-05-04 19:30:00+00:00,2026-05-05 06:00:00+00:00,BUY,10.0,49.12
2026-05-04 20:15:00+00:00,2026-05-04 21:00:00+00:00,BUY,10.0,42.83
2026-05-04 20:30:00+00:00,2026-05-05 07:00:00+00:00,SELL,10.0,53.3
2026-05-04 21:15:00+00:00,2026-05-04 22:00:00+00:00,SELL,10.0,44.48
2026-05-04 21:30:00+00:00,2026-05-05 08:00:00+00:00,SELL,10.0,50.29
2026-05-04 22:15:00+00:00,2026-05-04 23:00:00+00:00,BUY,10.0,32.44
2026-05-04 22:30:00+00:00,2026-05-05 09:00:00+00:00,BUY,10.0,48.76
2026-05-04 23:15:00+00:00,2026-05-05 00:00:00+00:00,BUY,10.0,39.43
2026-05-04 23:30:00+00:00,2026-05-05 10:00:00+00:00,BUY,10.0,49.31
2026-05-05 00:15:00+00:00,2026-05-05 01:00:00+00:00,BUY,10.0,37.61
2026-05-05 00:30:00+00:00,2026-05-05 11:00:00+00:00,BUY,10.0,38.0
2026-05-05 01:15:00+00:00,2026-05-05 02:00:00+00:00,BUY,10.0,45.36
2026-05-05 01:30:00+00:00,2026-05-05 12:00:00+00:00,BUY,10.0,40.5
2026-05-05 02:15:00+00:00,2026-05-05 03:00:00+00:00,BUY,10.0,39.49
2026-05-05 02:30:00+00:00,2026-05-05 13:00:00+00:00,SELL,10.0,33.42
2026-05-05 03:15:00+00:00,2026-05-05 04:00:00+00:00,SELL,10.0,43.21
2026-05-05 03:30:00+00:00,2026-05-05 14:00:00+00:00,BUY,10.0,37.77
2026-05-05 04:15:00+00:00,2026-05-05 05:00:00+00:00,BUY,10.0,48.69
2026-05-05 04:30:00+00:00,2026-05-05 15:00:00+00:00,SELL,10.0,44.69
2026-05-05 05:15:00+00:00,2026-05-05 06:00:00+00:00,SELL,10.0,112.28
2026-05-05 05:30:00+00:00,2026-05-05 16:00:00+00:00,BUY,10.0,47.08
2026-05-05 06:15:00+00:00,2026-05-05 07:00:00+00:00,BUY,10.0,57.47
2026-05-05 06:30:00+00:00,2026-05-05 17:00:00+00:00,BUY,10.0,57.01
2026-05-05 07:15:00+00:00,2026-05-05 08:00:00+00:00,BUY,10.0,53.44
2026-05-05 07:30:00+00:00,2026-05-05 18:00:00+00:00,SELL,10.0,51.82
2026-05-05 08:15:00+00:00,2026-05-05 09:00:00+00:00,SELL,10.0,53.57
2026-05-05 08:30:00+00:00,2026-05-05 19:00:00+00:00,SELL,10.0,55.4
2026-05-05 09:15:00+00:00,2026-05-05 10:00:00+00:00,SELL,10.0,58.68
2026-05-05 09:30:00+00:00,2026-05-05 20:00:00+00:00,BUY,10.0,41.24
2026-05-05 10:15:00+00:00,2026-05-05 11:00:00+00:00,SELL,10.0,46.5
2026-05-05 10:30:00+00:00,2026-05-05 21:00:00+00:00,BUY,10.0,43.15
2026-05-05 11:15:00+00:00,2026-05-05 12:00:00+00:00,SELL,10.0,46.03
2026-05-05 11:30:00+00:00,2026-05-05 22:00:00+00:00,BUY,10.0,41.87
2026-05-05 12:15:00+00:00,2026-05-05 13:00:00+00:00,BUY,10.0,44.11
2026-05-05 12:30:00+00:00,2026-05-05 23:00:00+00:00,SELL,10.0,37.64
2026-05-05 13:15:00+00:00,2026-05-05 14:00:00+00:00,SELL,10.0,39.12
2026-05-05 13:30:00+00:00,2026-05-06 00:00:00+00:00,SELL,10.0,41.69
2026-05-05 14:15:00+00:00,2026-05-05 15:00:00+00:00,BUY,10.0,44.81
2026-05-05 14:30:00+00:00,2026-05-06 01:00:00+00:00,SELL,10.0,46.76
2026-05-05 15:15:00+00:00,2026-05-05 16:00:00+00:00,SELL,10.0,52.96
2026-05-05 15:30:00+00:00,2026-05-06 02:00:00+00:00,BUY,10.0,52.11
2026-05-05 16:15:00+00:00,2026-05-05 17:00:00+00:00,SELL,10.0,58.3
2026-05-05 16:30:00+00:00,2026-05-06 03:00:00+00:00,SELL,10.0,50.21
2026-05-05 17:15:00+00:00,2026-05-05 18:00:00+00:00,BUY,10.0,52.58
2026-05-05 17:30:00+00:00,2026-05-06 04:00:00+00:00,BUY,10.0,51.5
2026-05-05 18:15:00+00:00,2026-05-05 19:00:00+00:00,BUY,10.0,58.55
2026-05-05 18:30:00+00:00,2026-05-06 05:00:00+00:00,SELL,10.0,63.88
2026-05-05 19:15:00+00:00,2026-05-05 20:00:00+00:00,SELL,10.0,45.65
2026-05-05 19:30:00+00:00,2026-05-06 06:00:00+00:00,SELL,10.0,77.73
2026-05-05 20:15:00+00:00,2026-05-05 21:00:00+00:00,SELL,10.0,20.51
2026-05-05 20:30:00+00:00,2026-05-06 07:00:00+00:00,SELL,10.0,91.95
2026-05-05 21:15:00+00:00,2026-05-05 22:00:00+00:00,SELL,10.0,78.01
2026-05-05 21:30:00+00:00,2026-05-06 08:00:00+00:00,BUY,10.0,71.89
2026-05-05 22:15:00+00:00,2026-05-05 23:00:00+00:00,BUY,10.0,38.81
2026-05-05 22:30:00+00:00,2026-05-06 09:00:00+00:00,SELL,10.0,95.96
2026-05-05 23:15:00+00:00,2026-05-06 00:00:00+00:00,BUY,10.0,45.03
2026-05-05 23:30:00+00:00,2026-05-06 10:00:00+00:00,SELL,10.0,65.03
2026-05-06 00:15:00+00:00,2026-05-06 01:00:00+00:00,BUY,10.0,46.83
2026-05-06 00:30:00+00:00,2026-05-06 11:00:00+00:00,SELL,10.0,82.94
2026-05-06 01:15:00+00:00,2026-05-06 02:00:00+00:00,SELL,10.0,88.95
2026-05-06 01:30:00+00:00,2026-05-06 12:00:00+00:00,SELL,10.0,61.92
2026-05-06 02:15:00+00:00,2026-05-06 03:00:00+00:00,BUY,10.0,50.66
2026-05-06 02:30:00+00:00,2026-05-06 13:00:00+00:00,BUY,10.0,60.33
2026-05-06 03:15:00+00:00,2026-05-06 04:00:00+00:00,SELL,10.0,53.92
2026-05-06 03:30:00+00:00,2026-05-06 14:00:00+00:00,SELL,10.0,54.92
2026-05-06 04:15:00+00:00,2026-05-06 05:00:00+00:00,BUY,10.0,61.69
2026-05-06 04:30:00+00:00,2026-05-06 15:00:00+00:00,SELL,10.0,58.22
2026-05-06 05:15:00+00:00,2026-05-06 06:00:00+00:00,BUY,10.0,63.43
2026-05-06 05:30:00+00:00,2026-05-06 16:00:00+00:00,SELL,10.0,59.97
2026-05-06 06:15:00+00:00,2026-05-06 07:00:00+00:00,BUY,10.0,92.16
2026-05-06 06:30:00+00:00,2026-05-06 17:00:00+00:00,SELL,10.0,68.04
2026-05-06 07:15:00+00:00,2026-05-06 08:00:00+00:00,SELL,10.0,77.97
2026-05-06 07:30:00+00:00,2026-05-06 18:00:00+00:00,SELL,10.0,68.42
2026-05-06 08:15:00+00:00,2026-05-06 09:00:00+00:00,BUY,10.0,73.36
2026-05-06 08:30:00+00:00,2026-05-06 19:00:00+00:00,SELL,10.0,65.07
2026-05-06 09:15:00+00:00,2026-05-06 10:00:00+00:00,BUY,10.0,68.51
2026-05-06 09:30:00+00:00,2026-05-06 20:00:00+00:00,BUY,10.0,70.3
2026-05-06 10:15:00+00:00,2026-05-06 11:00:00+00:00,BUY,10.0,62.46
2026-05-06 10:30:00+00:00,2026-05-06 21:00:00+00:00,BUY,10.0,53.0
2026-05-06 11:15:00+00:00,2026-05-06 12:00:00+00:00,BUY,10.0,59.2
2026-05-06 11:30:00+00:00,2026-05-06 22:00:00+00:00,SELL,10.0,48.27
2026-05-06 12:15:00+00:00,2026-05-06 13:00:00+00:00,SELL,10.0,54.0
2026-05-06 12:30:00+00:00,2026-05-06 23:00:00+00:00,SELL,10.0,49.95
2026-05-06 13:15:00+00:00,2026-05-06 14:00:00+00:00,BUY,10.0,56.04
2026-05-06 13:30:00+00:00,2026-05-07 00:00:00+00:00,SELL,10.0,57.49
2026-05-06 14:15:00+00:00,2026-05-06 15:00:00+00:00,BUY,10.0,53.68
2026-05-06 14:30:00+00:00,2026-05-07 01:00:00+00:00,BUY,10.0,51.42
2026-05-06 15:15:00+00:00,2026-05-06 16:00:00+00:00,BUY,10.0,-91.4
2026-05-06 15:30:00+00:00,2026-05-07 02:00:00+00:00,BUY,10.0,52.64
2026-05-06 16:15:00+00:00,2026-05-06 17:00:00+00:00,BUY,10.0,65.64
2026-05-06 16:30:00+00:00,2026-05-07 03:00:00+00:00,BUY,10.0,48.82
2026-05-06 17:15:00+00:00,2026-05-06 18:00:00+00:00,BUY,10.0,66.64
2026-05-06 17:30:00+00:00,2026-05-07 04:00:00+00:00,SELL,10.0,58.44
2026-05-06 18:15:00+00:00,2026-05-06 19:00:00+00:00,BUY,10.0,130.46
2026-05-06 18:30:00+00:00,2026-05-07 05:00:00+00:00,BUY,10.0,68.64
2026-05-06 19:15:00+00:00,2026-05-06 20:00:00+00:00,SELL,10.0,302.66
2026-05-06 19:30:00+00:00,2026-05-07 06:00:00+00:00,SELL,10.0,61.05
2026-05-06 20:15:00+00:00,2026-05-06 21:00:00+00:00,SELL,10.0,274.85
2026-05-06 20:30:00+00:00,2026-05-07 07:00:00+00:00,BUY,10.0,75.03
2026-05-06 21:15:00+00:00,2026-05-06 22:00:00+00:00,BUY,10.0,88.54
2026-05-06 21:30:00+00:00,2026-05-07 08:00:00+00:00,SELL,10.0,98.52
2026-05-06 22:15:00+00:00,2026-05-06 23:00:00+00:00,BUY,10.0,51.41
2026-05-06 22:30:00+00:00,2026-05-07 09:00:00+00:00,BUY,10.0,69.81
2026-05-06 23:15:00+00:00,2026-05-07 00:00:00+00:00,BUY,10.0,46.15
2026-05-06 23:30:00+00:00,2026-05-07 10:00:00+00:00,BUY,10.0,90.63
2026-05-07 00:15:00+00:00,2026-05-07 01:00:00+00:00,SELL,10.0,42.67
2026-05-07 00:30:00+00:00,2026-05-07 11:00:00+00:00,SELL,10.0,59.65
2026-05-07 01:15:00+00:00,2026-05-07 02:00:00+00:00,SELL,10.0,45.7
2026-05-07 01:30:00+00:00,2026-05-07 12:00:00+00:00,BUY,10.0,53.45
2026-05-07 02:15:00+00:00,2026-05-07 03:00:00+00:00,SELL,10.0,44.23
2026-05-07 02:30:00+00:00,2026-05-07 13:00:00+00:00,BUY,10.0,55.92
2026-05-07 03:15:00+00:00,2026-05-07 04:00:00+00:00,BUY,10.0,49.27
2026-05-07 03:30:00+00:00,2026-05-07 14:00:00+00:00,SELL,10.0,52.4
2026-05-07 04:15:00+00:00,2026-05-07 05:00:00+00:00,SELL,10.0,106.9
2026-05-07 04:30:00+00:00,2026-05-07 15:00:00+00:00,BUY,10.0,59.18
2026-05-07 05:15:00+00:00,2026-05-07 06:00:00+00:00,BUY,10.0,58.9
2026-05-07 05:30:00+00:00,2026-05-07 16:00:00+00:00,BUY,10.0,77.06
2026-05-07 06:15:00+00:00,2026-05-07 07:00:00+00:00,SELL,10.0,69.01
2026-05-07 06:30:00+00:00,2026-05-07 17:00:00+00:00,SELL,10.0,90.38
2026-05-07 07:15:00+00:00,2026-05-07 08:00:00+00:00,BUY,10.0,79.24
2026-05-07 07:30:00+00:00,2026-05-07 18:00:00+00:00,BUY,10.0,79.87
2026-05-07 08:15:00+00:00,2026-05-07 09:00:00+00:00,SELL,10.0,9.82
2026-05-07 08:30:00+00:00,2026-05-07 19:00:00+00:00,SELL,10.0,81.92
2026-05-07 09:15:00+00:00,2026-05-07 10:00:00+00:00,SELL,10.0,70.53
2026-05-07 09:30:00+00:00,2026-05-07 20:00:00+00:00,SELL,10.0,85.29
2026-05-07 10:15:00+00:00,2026-05-07 11:00:00+00:00,BUY,10.0,55.42
2026-05-07 10:30:00+00:00,2026-05-07 21:00:00+00:00,SELL,10.0,59.69
2026-05-07 11:15:00+00:00,2026-05-07 12:00:00+00:00,SELL,10.0,48.48
2026-05-07 11:30:00+00:00,2026-05-07 22:00:00+00:00,BUY,10.0,51.67
2026-05-07 12:15:00+00:00,2026-05-07 13:00:00+00:00,SELL,10.0,54.2
2026-05-07 12:30:00+00:00,2026-05-07 23:00:00+00:00,SELL,10.0,48.81
2026-05-07 13:15:00+00:00,2026-05-07 14:00:00+00:00,BUY,10.0,50.78
2026-05-07 13:30:00+00:00,2026-05-08 00:00:00+00:00,SELL,10.0,43.25
2026-05-07 14:15:00+00:00,2026-05-07 15:00:00+00:00,SELL,10.0,52.46
2026-05-07 14:30:00+00:00,2026-05-08 01:00:00+00:00,BUY,10.0,53.46
2026-05-07 15:15:00+00:00,2026-05-07 16:00:00+00:00,SELL,10.0,50.61
2026-05-07 15:30:00+00:00,2026-05-08 02:00:00+00:00,BUY,10.0,50.37
2026-05-07 16:15:00+00:00,2026-05-07 17:00:00+00:00,BUY,10.0,68.07
2026-05-07 16:30:00+00:00,2026-05-08 03:00:00+00:00,BUY,10.0,45.36
2026-05-07 17:15:00+00:00,2026-05-07 18:00:00+00:00,SELL,10.0,116.69
2026-05-07 17:30:00+00:00,2026-05-08 04:00:00+00:00,BUY,10.0,49.0
2026-05-07 18:15:00+00:00,2026-05-07 19:00:00+00:00,BUY,10.0,62.33
2026-05-07 18:30:00+00:00,2026-05-08 05:00:00+00:00,SELL,10.0,47.62
2026-05-07 19:15:00+00:00,2026-05-07 20:00:00+00:00,BUY,10.0,53.97
2026-05-07 19:30:00+00:00,2026-05-08 06:00:00+00:00,SELL,10.0,68.17
2026-05-07 20:15:00+00:00,2026-05-07 21:00:00+00:00,BUY,10.0,93.88
2026-05-07 20:30:00+00:00,2026-05-08 07:00:00+00:00,SELL,10.0,59.84
2026-05-07 21:15:00+00:00,2026-05-07 22:00:00+00:00,SELL,10.0,-12.5
2026-05-07 21:30:00+00:00,2026-05-08 08:00:00+00:00,SELL,10.0,89.93
2026-05-07 22:15:00+00:00,2026-05-07 23:00:00+00:00,BUY,10.0,42.7
2026-05-07 22:30:00+00:00,2026-05-08 09:00:00+00:00,BUY,10.0,72.15
2026-05-07 23:15:00+00:00,2026-05-08 00:00:00+00:00,BUY,10.0,38.9
2026-05-07 23:30:00+00:00,2026-05-08 10:00:00+00:00,SELL,10.0,48.78
2026-05-08 00:15:00+00:00,2026-05-08 01:00:00+00:00,SELL,10.0,46.71
2026-05-08 00:30:00+00:00,2026-05-08 11:00:00+00:00,SELL,10.0,60.02
2026-05-08 01:15:00+00:00,2026-05-08 02:00:00+00:00,SELL,10.0,85.61
2026-05-08 01:30:00+00:00,2026-05-08 12:00:00+00:00,BUY,10.0,46.67
2026-05-08 02:15:00+00:00,2026-05-08 03:00:00+00:00,SELL,10.0,41.78
2026-05-08 02:30:00+00:00,2026-05-08 13:00:00+00:00,SELL,10.0,45.7
2026-05-08 03:15:00+00:00,2026-05-08 04:00:00+00:00,SELL,10.0,46.49
2026-05-08 03:30:00+00:00,2026-05-08 14:00:00+00:00,SELL,10.0,46.24
2026-05-08 04:15:00+00:00,2026-05-08 05:00:00+00:00,BUY,10.0,49.5
2026-05-08 04:30:00+00:00,2026-05-08 15:00:00+00:00,BUY,10.0,48.89
2026-05-08 05:15:00+00:00,2026-05-08 06:00:00+00:00,BUY,10.0,66.85
2026-05-08 05:30:00+00:00,2026-05-08 16:00:00+00:00,BUY,10.0,49.99
2026-05-08 06:15:00+00:00,2026-05-08 07:00:00+00:00,BUY,10.0,64.66
2026-05-08 06:30:00+00:00,2026-05-08 17:00:00+00:00,SELL,10.0,64.13
2026-05-08 07:15:00+00:00,2026-05-08 08:00:00+00:00,BUY,10.0,167.22
2026-05-08 07:30:00+00:00,2026-05-08 18:00:00+00:00,BUY,10.0,74.54
2026-05-08 08:15:00+00:00,2026-05-08 09:00:00+00:00,SELL,10.0,36.59
2026-05-08 08:30:00+00:00,2026-05-08 19:00:00+00:00,BUY,10.0,62.58
2026-05-08 09:15:00+00:00,2026-05-08 10:00:00+00:00,BUY,10.0,55.43
2026-05-08 09:30:00+00:00,2026-05-08 20:00:00+00:00,SELL,10.0,50.76
2026-05-08 10:15:00+00:00,2026-05-08 11:00:00+00:00,BUY,10.0,22.01
2026-05-08 10:30:00+00:00,2026-05-08 21:00:00+00:00,SELL,10.0,53.3
2026-05-08 11:15:00+00:00,2026-05-08 12:00:00+00:00,SELL,10.0,219.99
2026-05-08 11:30:00+00:00,2026-05-08 22:00:00+00:00,BUY,10.0,49.8
2026-05-08 12:15:00+00:00,2026-05-08 13:00:00+00:00,BUY,10.0,49.62
2026-05-08 12:30:00+00:00,2026-05-08 23:00:00+00:00,BUY,10.0,45.57
2026-05-08 13:15:00+00:00,2026-05-08 14:00:00+00:00,BUY,10.0,43.19
2026-05-08 13:30:00+00:00,2026-05-09 00:00:00+00:00,SELL,10.0,40.49
2026-05-08 14:15:00+00:00,2026-05-08 15:00:00+00:00,SELL,10.0,132.06
2026-05-08 14:30:00+00:00,2026-05-09 01:00:00+00:00,SELL,10.0,42.05
2026-05-08 15:15:00+00:00,2026-05-08 16:00:00+00:00,SELL,10.0,48.72
2026-05-08 15:30:00+00:00,2026-05-09 02:00:00+00:00,BUY,10.0,46.82
2026-05-08 16:15:00+00:00,2026-05-08 17:00:00+00:00,BUY,10.0,63.37
2026-05-08 16:30:00+00:00,2026-05-09 03:00:00+00:00,BUY,10.0,47.43
2026-05-08 17:15:00+00:00,2026-05-08 18:00:00+00:00,SELL,10.0,68.11
2026-05-08 17:30:00+00:00,2026-05-09 04:00:00+00:00,BUY,10.0,50.14
2026-05-08 18:15:00+00:00,2026-05-08 19:00:00+00:00,SELL,10.0,58.3
2026-05-08 18:30:00+00:00,2026-05-09 05:00:00+00:00,SELL,10.0,48.52
2026-05-08 19:15:00+00:00,2026-05-08 20:00:00+00:00,BUY,10.0,47.63
2026-05-08 19:30:00+00:00,2026-05-09 06:00:00+00:00,BUY,10.0,61.53
2026-05-08 20:15:00+00:00,2026-05-08 21:00:00+00:00,BUY,10.0,49.89
2026-05-08 20:30:00+00:00,2026-05-09 07:00:00+00:00,SELL,10.0,60.35
2026-05-08 21:15:00+00:00,2026-05-08 22:00:00+00:00,SELL,10.0,44.76
2026-05-08 21:30:00+00:00,2026-05-09 08:00:00+00:00,SELL,10.0,51.78
2026-05-08 22:15:00+00:00,2026-05-08 23:00:00+00:00,SELL,10.0,41.68
2026-05-08 22:30:00+00:00,2026-05-09 09:00:00+00:00,BUY,10.0,55.75
2026-05-08 23:15:00+00:00,2026-05-09 00:00:00+00:00,BUY,10.0,37.87
2026-05-08 23:30:00+00:00,2026-05-09 10:00:00+00:00,BUY,10.0,46.82
2026-05-09 00:15:00+00:00,2026-05-09 01:00:00+00:00,BUY,10.0,41.2
2026-05-09 00:30:00+00:00,2026-05-09 11:00:00+00:00,SELL,10.0,45.34
2026-05-09 01:15:00+00:00,2026-05-09 02:00:00+00:00,SELL,10.0,43.67
2026-05-09 01:30:00+00:00,2026-05-09 12:00:00+00:00,BUY,10.0,53.23
2026-05-09 02:15:00+00:00,2026-05-09 03:00:00+00:00,SELL,10.0,43.63
2026-05-09 02:30:00+00:00,2026-05-09 13:00:00+00:00,BUY,10.0,42.18
2026-05-09 03:15:00+00:00,2026-05-09 04:00:00+00:00,SELL,10.0,46.48
2026-05-09 03:30:00+00:00,2026-05-09 14:00:00+00:00,BUY,10.0,34.78
2026-05-09 04:15:00+00:00,2026-05-09 05:00:00+00:00,BUY,10.0,47.78
2026-05-09 04:30:00+00:00,2026-05-09 15:00:00+00:00,BUY,10.0,40.18
2026-05-09 05:15:00+00:00,2026-05-09 06:00:00+00:00,SELL,10.0,61.7
2026-05-09 05:30:00+00:00,2026-05-09 16:00:00+00:00,BUY,10.0,48.95
2026-05-09 06:15:00+00:00,2026-05-09 07:00:00+00:00,BUY,10.0,66.19
2026-05-09 06:30:00+00:00,2026-05-09 17:00:00+00:00,BUY,10.0,64.13
2026-05-09 07:15:00+00:00,2026-05-09 08:00:00+00:00,BUY,10.0,53.98
2026-05-09 07:30:00+00:00,2026-05-09 18:00:00+00:00,BUY,10.0,61.02
2026-05-09 08:15:00+00:00,2026-05-09 09:00:00+00:00,SELL,10.0,59.98
2026-05-09 08:30:00+00:00,2026-05-09 19:00:00+00:00,BUY,10.0,67.37
2026-05-09 09:15:00+00:00,2026-05-09 10:00:00+00:00,SELL,10.0,50.06
2026-05-09 09:30:00+00:00,2026-05-09 20:00:00+00:00,BUY,10.0,54.41
2026-05-09 10:15:00+00:00,2026-05-09 11:00:00+00:00,BUY,10.0,51.25
2026-05-09 10:30:00+00:00,2026-05-09 21:00:00+00:00,BUY,10.0,44.75
2026-05-09 11:15:00+00:00,2026-05-09 12:00:00+00:00,SELL,10.0,97.17
2026-05-09 11:30:00+00:00,2026-05-09 22:00:00+00:00,SELL,10.0,45.29
2026-05-09 12:15:00+00:00,2026-05-09 13:00:00+00:00,SELL,10.0,92.13
2026-05-09 12:30:00+00:00,2026-05-09 23:00:00+00:00,SELL,10.0,42.16
2026-05-09 13:15:00+00:00,2026-05-09 14:00:00+00:00,SELL,10.0,43.86
2026-05-09 13:30:00+00:00,2026-05-10 00:00:00+00:00,SELL,10.0,41.74
2026-05-09 14:15:00+00:00,2026-05-09 15:00:00+00:00,SELL,10.0,46.63
2026-05-09 14:30:00+00:00,2026-05-10 01:00:00+00:00,SELL,10.0,49.38
2026-05-09 15:15:00+00:00,2026-05-09 16:00:00+00:00,SELL,10.0,51.06
2026-05-09 15:30:00+00:00,2026-05-10 02:00:00+00:00,BUY,10.0,50.26
2026-05-09 16:15:00+00:00,2026-05-09 17:00:00+00:00,SELL,10.0,116.86
2026-05-09 16:30:00+00:00,2026-05-10 03:00:00+00:00,SELL,10.0,48.78
2026-05-09 17:15:00+00:00,2026-05-09 18:00:00+00:00,SELL,10.0,56.79
2026-05-09 17:30:00+00:00,2026-05-10 04:00:00+00:00,BUY,10.0,54.68
2026-05-09 18:15:00+00:00,2026-05-09 19:00:00+00:00,SELL,10.0,60.45
2026-05-09 18:30:00+00:00,2026-05-10 05:00:00+00:00,SELL,10.0,67.74
2026-05-09 19:15:00+00:00,2026-05-09 20:00:00+00:00,SELL,10.0,115.83
2026-05-09 19:30:00+00:00,2026-05-10 06:00:00+00:00,BUY,10.0,89.15
2026-05-09 20:15:00+00:00,2026-05-09 21:00:00+00:00,SELL,10.0,46.7
2026-05-09 20:30:00+00:00,2026-05-10 07:00:00+00:00,BUY,10.0,77.58
2026-05-09 21:15:00+00:00,2026-05-09 22:00:00+00:00,BUY,10.0,39.3
2026-05-09 21:30:00+00:00,2026-05-10 08:00:00+00:00,SELL,10.0,81.69
2026-05-09 22:15:00+00:00,2026-05-09 23:00:00+00:00,BUY,10.0,41.21
2026-05-09 22:30:00+00:00,2026-05-10 09:00:00+00:00,SELL,10.0,70.31
2026-05-09 23:15:00+00:00,2026-05-10 00:00:00+00:00,BUY,10.0,42.48
2026-05-09 23:30:00+00:00,2026-05-10 10:00:00+00:00,SELL,10.0,71.61
2026-05-10 00:15:00+00:00,2026-05-10 01:00:00+00:00,BUY,10.0,49.8
2026-05-10 00:30:00+00:00,2026-05-10 11:00:00+00:00,SELL,10.0,70.0
2026-05-10 01:15:00+00:00,2026-05-10 02:00:00+00:00,SELL,10.0,47.28
2026-05-10 01:30:00+00:00,2026-05-10 12:00:00+00:00,BUY,10.0,53.85
2026-05-10 02:15:00+00:00,2026-05-10 03:00:00+00:00,BUY,10.0,79.39
2026-05-10 02:30:00+00:00,2026-05-10 13:00:00+00:00,BUY,10.0,56.98
2026-05-10 03:15:00+00:00,2026-05-10 04:00:00+00:00,SELL,10.0,97.23
2026-05-10 03:30:00+00:00,2026-05-10 14:00:00+00:00,SELL,10.0,54.56
2026-05-10 04:15:00+00:00,2026-05-10 05:00:00+00:00,BUY,10.0,65.7
2026-05-10 04:30:00+00:00,2026-05-10 15:00:00+00:00,SELL,10.0,54.21
2026-05-10 05:15:00+00:00,2026-05-10 06:00:00+00:00,SELL,10.0,144.4
2026-05-10 05:30:00+00:00,2026-05-10 16:00:00+00:00,BUY,10.0,48.8
2026-05-10 06:15:00+00:00,2026-05-10 07:00:00+00:00,SELL,10.0,75.33
2026-05-10 06:30:00+00:00,2026-05-10 17:00:00+00:00,BUY,10.0,66.97
2026-05-10 07:15:00+00:00,2026-05-10 08:00:00+00:00,BUY,10.0,130.21
2026-05-10 07:30:00+00:00,2026-05-10 18:00:00+00:00,SELL,10.0,60.06
2026-05-10 08:15:00+00:00,2026-05-10 09:00:00+00:00,BUY,10.0,69.19
2026-05-10 08:30:00+00:00,2026-05-10 19:00:00+00:00,BUY,10.0,61.28
2026-05-10 09:15:00+00:00,2026-05-10 10:00:00+00:00,BUY,10.0,53.04
2026-05-10 09:30:00+00:00,2026-05-10 20:00:00+00:00,BUY,10.0,83.43
2026-05-10 10:15:00+00:00,2026-05-10 11:00:00+00:00,BUY,10.0,53.76
2026-05-10 10:30:00+00:00,2026-05-10 21:00:00+00:00,SELL,10.0,54.33
2026-05-10 11:15:00+00:00,2026-05-10 12:00:00+00:00,SELL,10.0,49.83
2026-05-10 11:30:00+00:00,2026-05-10 22:00:00+00:00,SELL,10.0,46.71
2026-05-10 12:15:00+00:00,2026-05-10 13:00:00+00:00,SELL,10.0,51.55
2026-05-10 12:30:00+00:00,2026-05-10 23:00:00+00:00,BUY,10.0,48.18
2026-05-10 13:15:00+00:00,2026-05-10 14:00:00+00:00,BUY,10.0,44.32
2026-05-10 13:30:00+00:00,2026-05-11 00:00:00+00:00,BUY,10.0,36.67
2026-05-10 14:15:00+00:00,2026-05-10 15:00:00+00:00,BUY,10.0,48.73
2026-05-10 14:30:00+00:00,2026-05-11 01:00:00+00:00,SELL,10.0,37.42
2026-05-10 15:15:00+00:00,2026-05-10 16:00:00+00:00,SELL,10.0,51.1
2026-05-10 15:30:00+00:00,2026-05-11 02:00:00+00:00,BUY,10.0,39.32
2026-05-10 16:15:00+00:00,2026-05-10 17:00:00+00:00,SELL,10.0,61.31
2026-05-10 16:30:00+00:00,2026-05-11 03:00:00+00:00,SELL,10.0,38.81
2026-05-10 17:15:00+00:00,2026-05-10 18:00:00+00:00,BUY,10.0,58.05
2026-05-10 17:30:00+00:00,2026-05-11 04:00:00+00:00,SELL,10.0,45.36
2026-05-10 18:15:00+00:00,2026-05-10 19:00:00+00:00,SELL,10.0,58.05
2026-05-10 18:30:00+00:00,2026-05-11 05:00:00+00:00,BUY,10.0,45.5
2026-05-10 19:15:00+00:00,2026-05-10 20:00:00+00:00,SELL,10.0,125.14
2026-05-10 19:30:00+00:00,2026-05-11 06:00:00+00:00,BUY,10.0,45.98
2026-05-10 20:15:00+00:00,2026-05-10 21:00:00+00:00,BUY,10.0,54.06
2026-05-10 20:30:00+00:00,2026-05-11 07:00:00+00:00,SELL,10.0,56.15
2026-05-10 21:15:00+00:00,2026-05-10 22:00:00+00:00,BUY,10.0,47.77
2026-05-10 21:30:00+00:00,2026-05-11 08:00:00+00:00,BUY,10.0,54.12
2026-05-10 22:15:00+00:00,2026-05-10 23:00:00+00:00,SELL,10.0,49.56
2026-05-10 22:30:00+00:00,2026-05-11 09:00:00+00:00,SELL,10.0,47.12
2026-05-10 23:15:00+00:00,2026-05-11 00:00:00+00:00,SELL,10.0,37.02
2026-05-10 23:30:00+00:00,2026-05-11 10:00:00+00:00,BUY,10.0,47.32
2026-05-11 00:15:00+00:00,2026-05-11 01:00:00+00:00,BUY,10.0,37.48
2026-05-11 00:30:00+00:00,2026-05-11 11:00:00+00:00,BUY,10.0,43.29
2026-05-11 01:15:00+00:00,2026-05-11 02:00:00+00:00,SELL,10.0,40.72
2026-05-11 01:30:00+00:00,2026-05-11 12:00:00+00:00,SELL,10.0,31.3
2026-05-11 02:15:00+00:00,2026-05-11 03:00:00+00:00,BUY,10.0,39.81
2026-05-11 02:30:00+00:00,2026-05-11 13:00:00+00:00,BUY,10.0,43.47
2026-05-11 03:15:00+00:00,2026-05-11 04:00:00+00:00,BUY,10.0,43.58
2026-05-11 03:30:00+00:00,2026-05-11 14:00:00+00:00,BUY,10.0,33.42
2026-05-11 04:15:00+00:00,2026-05-11 05:00:00+00:00,SELL,10.0,46.06
2026-05-11 04:30:00+00:00,2026-05-11 15:00:00+00:00,SELL,10.0,34.97
2026-05-11 05:15:00+00:00,2026-05-11 06:00:00+00:00,SELL,10.0,49.17
2026-05-11 05:30:00+00:00,2026-05-11 16:00:00+00:00,SELL,10.0,35.71
2026-05-11 06:15:00+00:00,2026-05-11 07:00:00+00:00,BUY,10.0,56.77
2026-05-11 06:30:00+00:00,2026-05-11 17:00:00+00:00,BUY,10.0,54.04
2026-05-11 07:15:00+00:00,2026-05-11 08:00:00+00:00,SELL,10.0,50.76
2026-05-11 07:30:00+00:00,2026-05-11 18:00:00+00:00,BUY,10.0,46.38
2026-05-11 08:15:00+00:00,2026-05-11 09:00:00+00:00,BUY,10.0,48.67
2026-05-11 08:30:00+00:00,2026-05-11 19:00:00+00:00,BUY,10.0,56.2
2026-05-11 09:15:00+00:00,2026-05-11 10:00:00+00:00,SELL,10.0,173.02
2026-05-11 09:30:00+00:00,2026-05-11 20:00:00+00:00,SELL,10.0,48.85
2026-05-11 10:15:00+00:00,2026-05-11 11:00:00+00:00,SELL,10.0,39.51
2026-05-11 10:30:00+00:00,2026-05-11 21:00:00+00:00,SELL,10.0,41.59
2026-05-11 11:15:00+00:00,2026-05-11 12:00:00+00:00,BUY,10.0,32.35
2026-05-11 11:30:00+00:00,2026-05-11 22:00:00+00:00,BUY,10.0,45.31
2026-05-11 12:15:00+00:00,2026-05-11 13:00:00+00:00,SELL,10.0,41.25
2026-05-11 12:30:00+00:00,2026-05-11 23:00:00+00:00,SELL,10.0,38.05
2026-05-11 13:15:00+00:00,2026-05-11 14:00:00+00:00,SELL,10.0,35.89
2026-05-11 13:30:00+00:00,2026-05-12 00:00:00+00:00,BUY,10.0,35.67
2026-05-11 14:15:00+00:00,2026-05-11 15:00:00+00:00,BUY,10.0,40.71
2026-05-11 14:30:00+00:00,2026-05-12 01:00:00+00:00,BUY,10.0,33.57
2026-05-11 15:15:00+00:00,2026-05-11 16:00:00+00:00,BUY,10.0,87.88
2026-05-11 15:30:00+00:00,2026-05-12 02:00:00+00:00,BUY,10.0,41.68
2026-05-11 16:15:00+00:00,2026-05-11 17:00:00+00:00,SELL,10.0,114.15
2026-05-11 16:30:00+00:00,2026-05-12 03:00:00+00:00,SELL,10.0,38.22
2026-05-11 17:15:00+00:00,2026-05-11 18:00:00+00:00,SELL,10.0,50.9
2026-05-11 17:30:00+00:00,2026-05-12 04:00:00+00:00,SELL,10.0,44.97
2026-05-11 18:15:00+00:00,2026-05-11 19:00:00+00:00,SELL,10.0,52.97
2026-05-11 18:30:00+00:00,2026-05-12 05:00:00+00:00,SELL,10.0,42.71
2026-05-11 19:15:00+00:00,2026-05-11 20:00:00+00:00,BUY,10.0,48.0
2026-05-11 19:30:00+00:00,2026-05-12 06:00:00+00:00,BUY,10.0,48.06
2026-05-11 20:15:00+00:00,2026-05-11 21:00:00+00:00,BUY,10.0,90.21
2026-05-11 20:30:00+00:00,2026-05-12 07:00:00+00:00,BUY,10.0,55.53
2026-05-11 21:15:00+00:00,2026-05-11 22:00:00+00:00,SELL,10.0,41.43
2026-05-11 21:30:00+00:00,2026-05-12 08:00:00+00:00,BUY,10.0,45.08
2026-05-11 22:15:00+00:00,2026-05-11 23:00:00+00:00,BUY,10.0,36.35
2026-05-11 22:30:00+00:00,2026-05-12 09:00:00+00:00,SELL,10.0,36.77
2026-05-11 23:15:00+00:00,2026-05-12 00:00:00+00:00,SELL,10.0,26.69
2026-05-11 23:30:00+00:00,2026-05-12 10:00:00+00:00,BUY,10.0,37.62
2026-05-12 00:15:00+00:00,2026-05-12 01:00:00+00:00,SELL,10.0,24.32
2026-05-12 00:30:00+00:00,2026-05-12 11:00:00+00:00,BUY,10.0,39.39
2026-05-12 01:15:00+00:00,2026-05-12 02:00:00+00:00,SELL,10.0,33.01
2026-05-12 01:30:00+00:00,2026-05-12 12:00:00+00:00,SELL,10.0,38.4
2026-05-12 02:15:00+00:00,2026-05-12 03:00:00+00:00,BUY,10.0,30.71
2026-05-12 02:30:00+00:00,2026-05-12 13:00:00+00:00,SELL,10.0,33.9
2026-05-12 03:15:00+00:00,2026-05-12 04:00:00+00:00,BUY,10.0,34.05
2026-05-12 03:30:00+00:00,2026-05-12 14:00:00+00:00,SELL,10.0,29.42
2026-05-12 04:15:00+00:00,2026-05-12 05:00:00+00:00,BUY,10.0,39.47
2026-05-12 04:30:00+00:00,2026-05-12 15:00:00+00:00,SELL,10.0,35.45
2026-05-12 05:15:00+00:00,2026-05-12 06:00:00+00:00,SELL,10.0,40.45
2026-05-12 05:30:00+00:00,2026-05-12 16:00:00+00:00,SELL,10.0,37.03
2026-05-12 06:15:00+00:00,2026-05-12 07:00:00+00:00,SELL,10.0,43.43
2026-05-12 06:30:00+00:00,2026-05-12 17:00:00+00:00,SELL,10.0,35.75
2026-05-12 07:15:00+00:00,2026-05-12 08:00:00+00:00,SELL,10.0,36.17
2026-05-12 07:30:00+00:00,2026-05-12 18:00:00+00:00,SELL,10.0,43.84
2026-05-12 08:15:00+00:00,2026-05-12 09:00:00+00:00,BUY,10.0,97.92
2026-05-12 08:30:00+00:00,2026-05-12 19:00:00+00:00,SELL,10.0,48.14
2026-05-12 09:15:00+00:00,2026-05-12 10:00:00+00:00,SELL,10.0,34.26
2026-05-12 09:30:00+00:00,2026-05-12 20:00:00+00:00,SELL,10.0,52.02
2026-05-12 10:15:00+00:00,2026-05-12 11:00:00+00:00,SELL,10.0,31.46
2026-05-12 10:30:00+00:00,2026-05-12 21:00:00+00:00,BUY,10.0,40.44
2026-05-12 11:15:00+00:00,2026-05-12 12:00:00+00:00,BUY,10.0,29.95
2026-05-12 11:30:00+00:00,2026-05-12 22:00:00+00:00,SELL,10.0,38.03
2026-05-12 12:15:00+00:00,2026-05-12 13:00:00+00:00,BUY,10.0,22.94
2026-05-12 12:30:00+00:00,2026-05-12 23:00:00+00:00,BUY,10.0,39.7
2026-05-12 13:15:00+00:00,2026-05-12 14:00:00+00:00,BUY,10.0,19.06
2026-05-12 13:30:00+00:00,2026-05-13 00:00:00+00:00,BUY,10.0,35.87
2026-05-12 14:15:00+00:00,2026-05-12 15:00:00+00:00,BUY,10.0,22.79
2026-05-12 14:30:00+00:00,2026-05-13 01:00:00+00:00,BUY,10.0,37.33
2026-05-12 15:15:00+00:00,2026-05-12 16:00:00+00:00,BUY,10.0,64.66
2026-05-12 15:30:00+00:00,2026-05-13 02:00:00+00:00,BUY,10.0,34.79
2026-05-12 16:15:00+00:00,2026-05-12 17:00:00+00:00,BUY,10.0,30.49
2026-05-12 16:30:00+00:00,2026-05-13 03:00:00+00:00,SELL,10.0,41.51
2026-05-12 17:15:00+00:00,2026-05-12 18:00:00+00:00,BUY,10.0,39.99
2026-05-12 17:30:00+00:00,2026-05-13 04:00:00+00:00,SELL,10.0,41.36
2026-05-12 18:15:00+00:00,2026-05-12 19:00:00+00:00,BUY,10.0,40.92
2026-05-12 18:30:00+00:00,2026-05-13 05:00:00+00:00,BUY,10.0,42.27
2026-05-12 19:15:00+00:00,2026-05-12 20:00:00+00:00,BUY,10.0,39.13
2026-05-12 19:30:00+00:00,2026-05-13 06:00:00+00:00,BUY,10.0,45.01
2026-05-12 20:15:00+00:00,2026-05-12 21:00:00+00:00,SELL,10.0,34.24
2026-05-12 20:30:00+00:00,2026-05-13 07:00:00+00:00,SELL,10.0,40.8
2026-05-12 21:15:00+00:00,2026-05-12 22:00:00+00:00,BUY,10.0,30.41
2026-05-12 21:30:00+00:00,2026-05-13 08:00:00+00:00,BUY,10.0,35.25
2026-05-12 22:15:00+00:00,2026-05-12 23:00:00+00:00,SELL,10.0,31.22
2026-05-12 22:30:00+00:00,2026-05-13 09:00:00+00:00,SELL,10.0,33.62
2026-05-12 23:15:00+00:00,2026-05-13 00:00:00+00:00,SELL,10.0,117.78
2026-05-12 23:30:00+00:00,2026-05-13 10:00:00+00:00,SELL,10.0,20.88
2026-05-13 00:15:00+00:00,2026-05-13 01:00:00+00:00,SELL,10.0,28.69
2026-05-13 00:30:00+00:00,2026-05-13 11:00:00+00:00,BUY,10.0,26.69
2026-05-13 01:15:00+00:00,2026-05-13 02:00:00+00:00,SELL,10.0,25.42
2026-05-13 01:30:00+00:00,2026-05-13 12:00:00+00:00,BUY,10.0,-2.5
2026-05-13 02:15:00+00:00,2026-05-13 03:00:00+00:00,BUY,10.0,33.96
2026-05-13 02:30:00+00:00,2026-05-13 13:00:00+00:00,BUY,10.0,-14.64
2026-05-13 03:15:00+00:00,2026-05-13 04:00:00+00:00,BUY,10.0,31.34
2026-05-13 03:30:00+00:00,2026-05-13 14:00:00+00:00,SELL,10.0,32.09
2026-05-13 04:15:00+00:00,2026-05-13 05:00:00+00:00,SELL,10.0,34.71
2026-05-13 04:30:00+00:00,2026-05-13 15:00:00+00:00,SELL,10.0,32.03
2026-05-13 05:15:00+00:00,2026-05-13 06:00:00+00:00,SELL,10.0,37.57
2026-05-13 05:30:00+00:00,2026-05-13 16:00:00+00:00,BUY,10.0,32.56
2026-05-13 06:15:00+00:00,2026-05-13 07:00:00+00:00,BUY,10.0,36.58
2026-05-13 06:30:00+00:00,2026-05-13 17:00:00+00:00,BUY,10.0,40.12
2026-05-13 07:15:00+00:00,2026-05-13 08:00:00+00:00,SELL,10.0,27.99
2026-05-13 07:30:00+00:00,2026-05-13 18:00:00+00:00,BUY,10.0,50.31
2026-05-13 08:15:00+00:00,2026-05-13 09:00:00+00:00,BUY,10.0,61.52
2026-05-13 08:30:00+00:00,2026-05-13 19:00:00+00:00,SELL,10.0,46.02
2026-05-13 09:15:00+00:00,2026-05-13 10:00:00+00:00,BUY,10.0,20.72
2026-05-13 09:30:00+00:00,2026-05-13 20:00:00+00:00,BUY,10.0,38.64
2026-05-13 10:15:00+00:00,2026-05-13 11:00:00+00:00,SELL,10.0,17.62
2026-05-13 10:30:00+00:00,2026-05-13 21:00:00+00:00,SELL,10.0,46.39
2026-05-13 11:15:00+00:00,2026-05-13 12:00:00+00:00,SELL,10.0,21.6
2026-05-13 11:30:00+00:00,2026-05-13 22:00:00+00:00,BUY,10.0,42.15
2026-05-13 12:15:00+00:00,2026-05-13 13:00:00+00:00,SELL,10.0,4.22
2026-05-13 12:30:00+00:00,2026-05-13 23:00:00+00:00,BUY,10.0,35.01
2026-05-13 13:15:00+00:00,2026-05-13 14:00:00+00:00,BUY,10.0,18.93
2026-05-13 13:30:00+00:00,2026-05-14 00:00:00+00:00,SELL,10.0,35.06
2026-05-13 14:15:00+00:00,2026-05-13 15:00:00+00:00,BUY,10.0,100.28
2026-05-13 14:30:00+00:00,2026-05-14 01:00:00+00:00,BUY,10.0,32.79
2026-05-13 15:15:00+00:00,2026-05-13 16:00:00+00:00,SELL,10.0,8.12
2026-05-13 15:30:00+00:00,2026-05-14 02:00:00+00:00,SELL,10.0,42.12
2026-05-13 16:15:00+00:00,2026-05-13 17:00:00+00:00,SELL,10.0,103.3
2026-05-13 16:30:00+00:00,2026-05-14 03:00:00+00:00,BUY,10.0,35.21
2026-05-13 17:15:00+00:00,2026-05-13 18:00:00+00:00,SELL,10.0,43.87
2026-05-13 17:30:00+00:00,2026-05-14 04:00:00+00:00,SELL,10.0,42.18
2026-05-13 18:15:00+00:00,2026-05-13 19:00:00+00:00,BUY,10.0,15.62
2026-05-13 18:30:00+00:00,2026-05-14 05:00:00+00:00,BUY,10.0,40.25
2026-05-13 19:15:00+00:00,2026-05-13 20:00:00+00:00,SELL,10.0,37.08
2026-05-13 19:30:00+00:00,2026-05-14 06:00:00+00:00,SELL,10.0,34.68
2026-05-13 20:15:00+00:00,2026-05-13 21:00:00+00:00,BUY,10.0,37.08
2026-05-13 20:30:00+00:00,2026-05-14 07:00:00+00:00,BUY,10.0,41.59
2026-05-13 21:15:00+00:00,2026-05-13 22:00:00+00:00,SELL,10.0,29.74
2026-05-13 21:30:00+00:00,2026-05-14 08:00:00+00:00,SELL,10.0,43.7
2026-05-13 22:15:00+00:00,2026-05-13 23:00:00+00:00,SELL,10.0,28.41
2026-05-13 22:30:00+00:00,2026-05-14 09:00:00+00:00,SELL,10.0,32.86
2026-05-13 23:15:00+00:00,2026-05-14 00:00:00+00:00,BUY,10.0,36.64
2026-05-13 23:30:00+00:00,2026-05-14 10:00:00+00:00,SELL,10.0,28.11
2026-05-14 00:15:00+00:00,2026-05-14 01:00:00+00:00,SELL,10.0,30.7
2026-05-14 00:30:00+00:00,2026-05-14 11:00:00+00:00,BUY,10.0,31.33
2026-05-14 01:15:00+00:00,2026-05-14 02:00:00+00:00,BUY,10.0,35.4
2026-05-14 01:30:00+00:00,2026-05-14 12:00:00+00:00,SELL,10.0,30.41
2026-05-14 02:15:00+00:00,2026-05-14 03:00:00+00:00,SELL,10.0,34.95
2026-05-14 02:30:00+00:00,2026-05-14 13:00:00+00:00,SELL,10.0,26.07
2026-05-14 03:15:00+00:00,2026-05-14 04:00:00+00:00,BUY,10.0,41.48
2026-05-14 03:30:00+00:00,2026-05-14 14:00:00+00:00,SELL,10.0,24.83
2026-05-14 04:15:00+00:00,2026-05-14 05:00:00+00:00,SELL,10.0,40.38
2026-05-14 04:30:00+00:00,2026-05-14 15:00:00+00:00,BUY,10.0,29.1
2026-05-14 05:15:00+00:00,2026-05-14 06:00:00+00:00,BUY,10.0,49.09
2026-05-14 05:30:00+00:00,2026-05-14 16:00:00+00:00,SELL,10.0,31.83
2026-05-14 06:15:00+00:00,2026-05-14 07:00:00+00:00,SELL,10.0,42.67
2026-05-14 06:30:00+00:00,2026-05-14 17:00:00+00:00,SELL,10.0,45.99
2026-05-14 07:15:00+00:00,2026-05-14 08:00:00+00:00,BUY,10.0,119.05
2026-05-14 07:30:00+00:00,2026-05-14 18:00:00+00:00,BUY,10.0,45.16
2026-05-14 08:15:00+00:00,2026-05-14 09:00:00+00:00,BUY,10.0,33.08
2026-05-14 08:30:00+00:00,2026-05-14 19:00:00+00:00,SELL,10.0,46.23
2026-05-14 09:15:00+00:00,2026-05-14 10:00:00+00:00,BUY,10.0,25.03
2026-05-14 09:30:00+00:00,2026-05-14 20:00:00+00:00,BUY,10.0,44.21
2026-05-14 10:15:00+00:00,2026-05-14 11:00:00+00:00,SELL,10.0,34.34
2026-05-14 10:30:00+00:00,2026-05-14 21:00:00+00:00,SELL,10.0,40.28
2026-05-14 11:15:00+00:00,2026-05-14 12:00:00+00:00,BUY,10.0,26.69
2026-05-14 11:30:00+00:00,2026-05-14 22:00:00+00:00,BUY,10.0,35.21
2026-05-14 12:15:00+00:00,2026-05-14 13:00:00+00:00,BUY,10.0,21.04
2026-05-14 12:30:00+00:00,2026-05-14 23:00:00+00:00,SELL,10.0,35.83
2026-05-14 13:15:00+00:00,2026-05-14 14:00:00+00:00,BUY,10.0,27.48
2026-05-14 13:30:00+00:00,2026-05-15 00:00:00+00:00,SELL,10.0,42.9
2026-05-14 14:15:00+00:00,2026-05-14 15:00:00+00:00,SELL,10.0,25.82
2026-05-14 14:30:00+00:00,2026-05-15 01:00:00+00:00,BUY,10.0,42.33
2026-05-14 15:15:00+00:00,2026-05-14 16:00:00+00:00,BUY,10.0,34.34
2026-05-14 15:30:00+00:00,2026-05-15 02:00:00+00:00,SELL,10.0,45.57
2026-05-14 16:15:00+00:00,2026-05-14 17:00:00+00:00,BUY,10.0,46.67
2026-05-14 16:30:00+00:00,2026-05-15 03:00:00+00:00,SELL,10.0,46.37
2026-05-14 17:15:00+00:00,2026-05-14 18:00:00+00:00,SELL,10.0,44.34
2026-05-14 17:30:00+00:00,2026-05-15 04:00:00+00:00,BUY,10.0,48.13
2026-05-14 18:15:00+00:00,2026-05-14 19:00:00+00:00,BUY,10.0,47.19
2026-05-14 18:30:00+00:00,2026-05-15 05:00:00+00:00,BUY,10.0,53.41
2026-05-14 19:15:00+00:00,2026-05-14 20:00:00+00:00,SELL,10.0,42.75
2026-05-14 19:30:00+00:00,2026-05-15 06:00:00+00:00,BUY,10.0,57.94
2026-05-14 20:15:00+00:00,2026-05-14 21:00:00+00:00,BUY,10.0,40.3
2026-05-14 20:30:00+00:00,2026-05-15 07:00:00+00:00,SELL,10.0,62.43
2026-05-14 21:15:00+00:00,2026-05-14 22:00:00+00:00,SELL,10.0,29.04
2026-05-14 21:30:00+00:00,2026-05-15 08:00:00+00:00,BUY,10.0,61.74
2026-05-14 22:15:00+00:00,2026-05-14 23:00:00+00:00,BUY,10.0,55.04
2026-05-14 22:30:00+00:00,2026-05-15 09:00:00+00:00,SELL,10.0,52.68
2026-05-14 23:15:00+00:00,2026-05-15 00:00:00+00:00,BUY,10.0,41.03
2026-05-14 23:30:00+00:00,2026-05-15 10:00:00+00:00,SELL,10.0,69.41
2026-05-15 00:15:00+00:00,2026-05-15 01:00:00+00:00,SELL,10.0,41.28
2026-05-15 00:30:00+00:00,2026-05-15 11:00:00+00:00,BUY,10.0,55.2
2026-05-15 01:15:00+00:00,2026-05-15 02:00:00+00:00,BUY,10.0,44.53
2026-05-15 01:30:00+00:00,2026-05-15 12:00:00+00:00,BUY,10.0,51.45
2026-05-15 02:15:00+00:00,2026-05-15 03:00:00+00:00,BUY,10.0,44.02
2026-05-15 02:30:00+00:00,2026-05-15 13:00:00+00:00,BUY,10.0,43.37
2026-05-15 03:15:00+00:00,2026-05-15 04:00:00+00:00,SELL,10.0,72.96
2026-05-15 03:30:00+00:00,2026-05-15 14:00:00+00:00,BUY,10.0,49.5
2026-05-15 04:15:00+00:00,2026-05-15 05:00:00+00:00,SELL,10.0,50.81
2026-05-15 04:30:00+00:00,2026-05-15 15:00:00+00:00,BUY,10.0,52.68
2026-05-15 05:15:00+00:00,2026-05-15 06:00:00+00:00,SELL,10.0,51.62
2026-05-15 05:30:00+00:00,2026-05-15 16:00:00+00:00,SELL,10.0,65.42
2026-05-15 06:15:00+00:00,2026-05-15 07:00:00+00:00,BUY,10.0,62.77
2026-05-15 06:30:00+00:00,2026-05-15 17:00:00+00:00,BUY,10.0,49.83
2026-05-15 07:15:00+00:00,2026-05-15 08:00:00+00:00,SELL,10.0,131.15
2026-05-15 07:30:00+00:00,2026-05-15 18:00:00+00:00,SELL,10.0,63.23
2026-05-15 08:15:00+00:00,2026-05-15 09:00:00+00:00,BUY,10.0,52.82
2026-05-15 08:30:00+00:00,2026-05-15 19:00:00+00:00,SELL,10.0,59.14
2026-05-15 09:15:00+00:00,2026-05-15 10:00:00+00:00,BUY,10.0,47.38
2026-05-15 09:30:00+00:00,2026-05-15 20:00:00+00:00,BUY,10.0,50.21
2026-05-15 10:15:00+00:00,2026-05-15 11:00:00+00:00,SELL,10.0,50.81
2026-05-15 10:30:00+00:00,2026-05-15 21:00:00+00:00,BUY,10.0,45.66
2026-05-15 11:15:00+00:00,2026-05-15 12:00:00+00:00,SELL,10.0,48.32
2026-05-15 11:30:00+00:00,2026-05-15 22:00:00+00:00,BUY,10.0,45.81
2026-05-15 12:15:00+00:00,2026-05-15 13:00:00+00:00,SELL,10.0,44.53
2026-05-15 12:30:00+00:00,2026-05-15 23:00:00+00:00,SELL,10.0,39.37
2026-05-15 13:15:00+00:00,2026-05-15 14:00:00+00:00,SELL,10.0,43.42
2026-05-15 13:30:00+00:00,2026-05-16 00:00:00+00:00,SELL,10.0,45.62
2026-05-15 14:15:00+00:00,2026-05-15 15:00:00+00:00,SELL,10.0,32.16
2026-05-15 14:30:00+00:00,2026-05-16 01:00:00+00:00,SELL,10.0,41.48
2026-05-15 15:15:00+00:00,2026-05-15 16:00:00+00:00,BUY,10.0,109.28
2026-05-15 15:30:00+00:00,2026-05-16 02:00:00+00:00,BUY,10.0,50.11
2026-05-15 16:15:00+00:00,2026-05-15 17:00:00+00:00,SELL,10.0,47.19
2026-05-15 16:30:00+00:00,2026-05-16 03:00:00+00:00,SELL,10.0,51.95
2026-05-15 17:15:00+00:00,2026-05-15 18:00:00+00:00,BUY,10.0,60.13
2026-05-15 17:30:00+00:00,2026-05-16 04:00:00+00:00,BUY,10.0,51.75
2026-05-15 18:15:00+00:00,2026-05-15 19:00:00+00:00,BUY,10.0,52.5
2026-05-15 18:30:00+00:00,2026-05-16 05:00:00+00:00,SELL,10.0,53.62
2026-05-15 19:15:00+00:00,2026-05-15 20:00:00+00:00,SELL,10.0,76.06
2026-05-15 19:30:00+00:00,2026-05-16 06:00:00+00:00,BUY,10.0,65.74
2026-05-15 20:15:00+00:00,2026-05-15 21:00:00+00:00,SELL,10.0,45.76
2026-05-15 20:30:00+00:00,2026-05-16 07:00:00+00:00,SELL,10.0,56.82
2026-05-15 21:15:00+00:00,2026-05-15 22:00:00+00:00,SELL,10.0,41.43
2026-05-15 21:30:00+00:00,2026-05-16 08:00:00+00:00,BUY,10.0,60.35
2026-05-15 22:15:00+00:00,2026-05-15 23:00:00+00:00,BUY,10.0,39.39
2026-05-15 22:30:00+00:00,2026-05-16 09:00:00+00:00,BUY,10.0,55.94
2026-05-15 23:15:00+00:00,2026-05-16 00:00:00+00:00,BUY,10.0,84.92
2026-05-15 23:30:00+00:00,2026-05-16 10:00:00+00:00,SELL,10.0,48.33
2026-05-16 00:15:00+00:00,2026-05-16 01:00:00+00:00,BUY,10.0,42.84
2026-05-16 00:30:00+00:00,2026-05-16 11:00:00+00:00,SELL,10.0,41.95
2026-05-16 01:15:00+00:00,2026-05-16 02:00:00+00:00,SELL,10.0,38.67
2026-05-16 01:30:00+00:00,2026-05-16 12:00:00+00:00,BUY,10.0,42.74
2026-05-16 02:15:00+00:00,2026-05-16 03:00:00+00:00,BUY,10.0,49.55
2026-05-16 02:30:00+00:00,2026-05-16 13:00:00+00:00,SELL,10.0,44.7
2026-05-16 03:15:00+00:00,2026-05-16 04:00:00+00:00,SELL,10.0,47.18
2026-05-16 03:30:00+00:00,2026-05-16 14:00:00+00:00,SELL,10.0,39.75
2026-05-16 04:15:00+00:00,2026-05-16 05:00:00+00:00,BUY,10.0,50.32
2026-05-16 04:30:00+00:00,2026-05-16 15:00:00+00:00,SELL,10.0,44.21
2026-05-16 05:15:00+00:00,2026-05-16 06:00:00+00:00,SELL,10.0,24.26
2026-05-16 05:30:00+00:00,2026-05-16 16:00:00+00:00,BUY,10.0,45.64
2026-05-16 06:15:00+00:00,2026-05-16 07:00:00+00:00,BUY,10.0,49.11
2026-05-16 06:30:00+00:00,2026-05-16 17:00:00+00:00,BUY,10.0,60.44
2026-05-16 07:15:00+00:00,2026-05-16 08:00:00+00:00,SELL,10.0,101.95
2026-05-16 07:30:00+00:00,2026-05-16 18:00:00+00:00,BUY,10.0,70.41
2026-05-16 08:15:00+00:00,2026-05-16 09:00:00+00:00,SELL,10.0,103.08
2026-05-16 08:30:00+00:00,2026-05-16 19:00:00+00:00,BUY,10.0,70.77
2026-05-16 09:15:00+00:00,2026-05-16 10:00:00+00:00,BUY,10.0,49.03
2026-05-16 09:30:00+00:00,2026-05-16 20:00:00+00:00,SELL,10.0,55.23
2026-05-16 10:15:00+00:00,2026-05-16 11:00:00+00:00,BUY,10.0,38.85
2026-05-16 10:30:00+00:00,2026-05-16 21:00:00+00:00,SELL,10.0,50.32
2026-05-16 11:15:00+00:00,2026-05-16 12:00:00+00:00,SELL,10.0,42.19
2026-05-16 11:30:00+00:00,2026-05-16 22:00:00+00:00,BUY,10.0,51.64
2026-05-16 12:15:00+00:00,2026-05-16 13:00:00+00:00,BUY,10.0,40.25
2026-05-16 12:30:00+00:00,2026-05-16 23:00:00+00:00,BUY,10.0,41.82
2026-05-16 13:15:00+00:00,2026-05-16 14:00:00+00:00,BUY,10.0,39.83
2026-05-16 13:30:00+00:00,2026-05-17 00:00:00+00:00,SELL,10.0,38.28
2026-05-16 14:15:00+00:00,2026-05-16 15:00:00+00:00,BUY,10.0,38.78
2026-05-16 14:30:00+00:00,2026-05-17 01:00:00+00:00,SELL,10.0,47.85
2026-05-16 15:15:00+00:00,2026-05-16 16:00:00+00:00,SELL,10.0,45.08
2026-05-16 15:30:00+00:00,2026-05-17 02:00:00+00:00,BUY,10.0,45.85
2026-05-16 16:15:00+00:00,2026-05-16 17:00:00+00:00,SELL,10.0,51.82
2026-05-16 16:30:00+00:00,2026-05-17 03:00:00+00:00,BUY,10.0,49.69
2026-05-16 17:15:00+00:00,2026-05-16 18:00:00+00:00,SELL,10.0,35.36
2026-05-16 17:30:00+00:00,2026-05-17 04:00:00+00:00,SELL,10.0,54.99
2026-05-16 18:15:00+00:00,2026-05-16 19:00:00+00:00,SELL,10.0,59.69
2026-05-16 18:30:00+00:00,2026-05-17 05:00:00+00:00,SELL,10.0,45.65
2026-05-16 19:15:00+00:00,2026-05-16 20:00:00+00:00,BUY,10.0,52.65
2026-05-16 19:30:00+00:00,2026-05-17 06:00:00+00:00,SELL,10.0,57.75
2026-05-16 20:15:00+00:00,2026-05-16 21:00:00+00:00,BUY,10.0,45.82
2026-05-16 20:30:00+00:00,2026-05-17 07:00:00+00:00,BUY,10.0,63.4
2026-05-16 21:15:00+00:00,2026-05-16 22:00:00+00:00,SELL,10.0,41.95
2026-05-16 21:30:00+00:00,2026-05-17 08:00:00+00:00,BUY,10.0,55.64
2026-05-16 22:15:00+00:00,2026-05-16 23:00:00+00:00,SELL,10.0,41.52
2026-05-16 22:30:00+00:00,2026-05-17 09:00:00+00:00,BUY,10.0,50.3
2026-05-16 23:15:00+00:00,2026-05-17 00:00:00+00:00,BUY,10.0,35.57
2026-05-16 23:30:00+00:00,2026-05-17 10:00:00+00:00,BUY,10.0,42.59
2026-05-17 00:15:00+00:00,2026-05-17 01:00:00+00:00,BUY,10.0,47.0
2026-05-17 00:30:00+00:00,2026-05-17 11:00:00+00:00,BUY,10.0,47.78
2026-05-17 01:15:00+00:00,2026-05-17 02:00:00+00:00,SELL,10.0,45.62
2026-05-17 01:30:00+00:00,2026-05-17 12:00:00+00:00,SELL,10.0,43.08
2026-05-17 02:15:00+00:00,2026-05-17 03:00:00+00:00,SELL,10.0,72.58
2026-05-17 02:30:00+00:00,2026-05-17 13:00:00+00:00,SELL,10.0,39.52
2026-05-17 03:15:00+00:00,2026-05-17 04:00:00+00:00,BUY,10.0,51.7
2026-05-17 03:30:00+00:00,2026-05-17 14:00:00+00:00,BUY,10.0,36.9
2026-05-17 04:15:00+00:00,2026-05-17 05:00:00+00:00,BUY,10.0,62.56
2026-05-17 04:30:00+00:00,2026-05-17 15:00:00+00:00,SELL,10.0,44.51
2026-05-17 05:15:00+00:00,2026-05-17 06:00:00+00:00,BUY,10.0,51.25
2026-05-17 05:30:00+00:00,2026-05-17 16:00:00+00:00,SELL,10.0,46.0
2026-05-17 06:15:00+00:00,2026-05-17 07:00:00+00:00,SELL,10.0,87.27
2026-05-17 06:30:00+00:00,2026-05-17 17:00:00+00:00,SELL,10.0,57.95
2026-05-17 07:15:00+00:00,2026-05-17 08:00:00+00:00,SELL,10.0,52.71
2026-05-17 07:30:00+00:00,2026-05-17 18:00:00+00:00,BUY,10.0,63.16
2026-05-17 08:15:00+00:00,2026-05-17 09:00:00+00:00,SELL,10.0,51.66
2026-05-17 08:30:00+00:00,2026-05-17 19:00:00+00:00,BUY,10.0,56.61
2026-05-17 09:15:00+00:00,2026-05-17 10:00:00+00:00,SELL,10.0,45.34
2026-05-17 09:30:00+00:00,2026-05-17 20:00:00+00:00,BUY,10.0,51.89
2026-05-17 10:15:00+00:00,2026-05-17 11:00:00+00:00,SELL,10.0,39.98
2026-05-17 10:30:00+00:00,2026-05-17 21:00:00+00:00,BUY,10.0,46.73
2026-05-17 11:15:00+00:00,2026-05-17 12:00:00+00:00,BUY,10.0,42.12
2026-05-17 11:30:00+00:00,2026-05-17 22:00:00+00:00,SELL,10.0,50.06
2026-05-17 12:15:00+00:00,2026-05-17 13:00:00+00:00,BUY,10.0,41.61
2026-05-17 12:30:00+00:00,2026-05-17 23:00:00+00:00,BUY,10.0,38.87
2026-05-17 13:15:00+00:00,2026-05-17 14:00:00+00:00,SELL,10.0,38.18
2026-05-17 13:30:00+00:00,2026-05-18 00:00:00+00:00,SELL,10.0,25.99
2026-05-17 14:15:00+00:00,2026-05-17 15:00:00+00:00,BUY,10.0,37.29
2026-05-17 14:30:00+00:00,2026-05-18 01:00:00+00:00,SELL,10.0,30.24
2026-05-17 15:15:00+00:00,2026-05-17 16:00:00+00:00,BUY,10.0,49.32
2026-05-17 15:30:00+00:00,2026-05-18 02:00:00+00:00,BUY,10.0,30.65
2026-05-17 16:15:00+00:00,2026-05-17 17:00:00+00:00,BUY,10.0,53.69
2026-05-17 16:30:00+00:00,2026-05-18 03:00:00+00:00,SELL,10.0,30.66
2026-05-17 17:15:00+00:00,2026-05-17 18:00:00+00:00,SELL,10.0,47.99
2026-05-17 17:30:00+00:00,2026-05-18 04:00:00+00:00,BUY,10.0,36.35
2026-05-17 18:15:00+00:00,2026-05-17 19:00:00+00:00,SELL,10.0,44.65
2026-05-17 18:30:00+00:00,2026-05-18 05:00:00+00:00,SELL,10.0,36.34
2026-05-17 19:15:00+00:00,2026-05-17 20:00:00+00:00,SELL,10.0,71.52
2026-05-17 19:30:00+00:00,2026-05-18 06:00:00+00:00,BUY,10.0,43.26
2026-05-17 20:15:00+00:00,2026-05-17 21:00:00+00:00,SELL,10.0,46.58
2026-05-17 20:30:00+00:00,2026-05-18 07:00:00+00:00,BUY,10.0,33.8
2026-05-17 21:15:00+00:00,2026-05-17 22:00:00+00:00,BUY,10.0,46.21
2026-05-17 21:30:00+00:00,2026-05-18 08:00:00+00:00,BUY,10.0,43.08
2026-05-17 22:15:00+00:00,2026-05-17 23:00:00+00:00,SELL,10.0,40.93
2026-05-17 22:30:00+00:00,2026-05-18 09:00:00+00:00,SELL,10.0,28.77
2026-05-17 23:15:00+00:00,2026-05-18 00:00:00+00:00,BUY,10.0,32.49
2026-05-17 23:30:00+00:00,2026-05-18 10:00:00+00:00,BUY,10.0,32.05
2026-05-18 00:15:00+00:00,2026-05-18 01:00:00+00:00,BUY,10.0,31.69
2026-05-18 00:30:00+00:00,2026-05-18 11:00:00+00:00,SELL,10.0,27.38
2026-05-18 01:15:00+00:00,2026-05-18 02:00:00+00:00,SELL,10.0,33.67
2026-05-18 01:30:00+00:00,2026-05-18 12:00:00+00:00,BUY,10.0,24.07
2026-05-18 02:15:00+00:00,2026-05-18 03:00:00+00:00,BUY,10.0,62.03
2026-05-18 02:30:00+00:00,2026-05-18 13:00:00+00:00,BUY,10.0,9.41
2026-05-18 03:15:00+00:00,2026-05-18 04:00:00+00:00,SELL,10.0,40.11
2026-05-18 03:30:00+00:00,2026-05-18 14:00:00+00:00,SELL,10.0,18.06
2026-05-18 04:15:00+00:00,2026-05-18 05:00:00+00:00,BUY,10.0,40.6
2026-05-18 04:30:00+00:00,2026-05-18 15:00:00+00:00,BUY,10.0,27.08
2026-05-18 05:15:00+00:00,2026-05-18 06:00:00+00:00,SELL,10.0,48.63
2026-05-18 05:30:00+00:00,2026-05-18 16:00:00+00:00,BUY,10.0,32.94
2026-05-18 06:15:00+00:00,2026-05-18 07:00:00+00:00,SELL,10.0,38.3
2026-05-18 06:30:00+00:00,2026-05-18 17:00:00+00:00,BUY,10.0,38.31
2026-05-18 07:15:00+00:00,2026-05-18 08:00:00+00:00,SELL,10.0,29.98
2026-05-18 07:30:00+00:00,2026-05-18 18:00:00+00:00,SELL,10.0,46.32
2026-05-18 08:15:00+00:00,2026-05-18 09:00:00+00:00,BUY,10.0,35.4
2026-05-18 08:30:00+00:00,2026-05-18 19:00:00+00:00,SELL,10.0,45.65
2026-05-18 09:15:00+00:00,2026-05-18 10:00:00+00:00,SELL,10.0,38.3
2026-05-18 09:30:00+00:00,2026-05-18 20:00:00+00:00,SELL,10.0,36.49
2026-05-18 10:15:00+00:00,2026-05-18 11:00:00+00:00,BUY,10.0,32.8
2026-05-18 10:30:00+00:00,2026-05-18 21:00:00+00:00,BUY,10.0,35.75
2026-05-18 11:15:00+00:00,2026-05-18 12:00:00+00:00,SELL,10.0,37.8
2026-05-18 11:30:00+00:00,2026-05-18 22:00:00+00:00,BUY,10.0,34.31
2026-05-18 12:15:00+00:00,2026-05-18 13:00:00+00:00,SELL,10.0,61.41
2026-05-18 12:30:00+00:00,2026-05-18 23:00:00+00:00,BUY,10.0,29.91
2026-05-18 13:15:00+00:00,2026-05-18 14:00:00+00:00,BUY,10.0,35.55
2026-05-18 13:30:00+00:00,2026-05-19 00:00:00+00:00,BUY,10.0,39.26
2026-05-18 14:15:00+00:00,2026-05-18 15:00:00+00:00,SELL,10.0,36.24
2026-05-18 14:30:00+00:00,2026-05-19 01:00:00+00:00,SELL,10.0,34.9
2026-05-18 15:15:00+00:00,2026-05-18 16:00:00+00:00,SELL,10.0,40.22
2026-05-18 15:30:00+00:00,2026-05-19 02:00:00+00:00,SELL,10.0,35.44
2026-05-18 16:15:00+00:00,2026-05-18 17:00:00+00:00,SELL,10.0,46.89
2026-05-18 16:30:00+00:00,2026-05-19 03:00:00+00:00,SELL,10.0,39.63
2026-05-18 17:15:00+00:00,2026-05-18 18:00:00+00:00,BUY,10.0,48.72
2026-05-18 17:30:00+00:00,2026-05-19 04:00:00+00:00,BUY,10.0,48.3
2026-05-18 18:15:00+00:00,2026-05-18 19:00:00+00:00,BUY,10.0,49.04
2026-05-18 18:30:00+00:00,2026-05-19 05:00:00+00:00,BUY,10.0,51.56
2026-05-18 19:15:00+00:00,2026-05-18 20:00:00+00:00,BUY,10.0,41.44
2026-05-18 19:30:00+00:00,2026-05-19 06:00:00+00:00,SELL,10.0,46.27
2026-05-18 20:15:00+00:00,2026-05-18 21:00:00+00:00,SELL,10.0,40.08
2026-05-18 20:30:00+00:00,2026-05-19 07:00:00+00:00,BUY,10.0,53.86
2026-05-18 21:15:00+00:00,2026-05-18 22:00:00+00:00,SELL,10.0,39.24
2026-05-18 21:30:00+00:00,2026-05-19 08:00:00+00:00,BUY,10.0,52.9
2026-05-18 22:15:00+00:00,2026-05-18 23:00:00+00:00,SELL,10.0,34.07
2026-05-18 22:30:00+00:00,2026-05-19 09:00:00+00:00,BUY,10.0,44.67
2026-05-18 23:15:00+00:00,2026-05-19 00:00:00+00:00,SELL,10.0,34.65
2026-05-18 23:30:00+00:00,2026-05-19 10:00:00+00:00,BUY,10.0,42.09
2026-05-19 00:15:00+00:00,2026-05-19 01:00:00+00:00,BUY,10.0,35.82
2026-05-19 00:30:00+00:00,2026-05-19 11:00:00+00:00,SELL,10.0,47.67
2026-05-19 01:15:00+00:00,2026-05-19 02:00:00+00:00,BUY,10.0,31.99
2026-05-19 01:30:00+00:00,2026-05-19 12:00:00+00:00,BUY,10.0,46.18
2026-05-19 02:15:00+00:00,2026-05-19 03:00:00+00:00,BUY,10.0,32.67
2026-05-19 02:30:00+00:00,2026-05-19 13:00:00+00:00,SELL,10.0,43.91
2026-05-19 03:15:00+00:00,2026-05-19 04:00:00+00:00,SELL,10.0,36.93
2026-05-19 03:30:00+00:00,2026-05-19 14:00:00+00:00,BUY,10.0,43.24
2026-05-19 04:15:00+00:00,2026-05-19 05:00:00+00:00,SELL,10.0,41.51
2026-05-19 04:30:00+00:00,2026-05-19 15:00:00+00:00,SELL,10.0,49.16
2026-05-19 05:15:00+00:00,2026-05-19 06:00:00+00:00,BUY,10.0,43.37
2026-05-19 05:30:00+00:00,2026-05-19 16:00:00+00:00,BUY,10.0,42.87
2026-05-19 06:15:00+00:00,2026-05-19 07:00:00+00:00,SELL,10.0,140.46
2026-05-19 06:30:00+00:00,2026-05-19 17:00:00+00:00,BUY,10.0,48.95
2026-05-19 07:15:00+00:00,2026-05-19 08:00:00+00:00,SELL,10.0,44.44
2026-05-19 07:30:00+00:00,2026-05-19 18:00:00+00:00,BUY,10.0,67.89
2026-05-19 08:15:00+00:00,2026-05-19 09:00:00+00:00,SELL,10.0,34.88
2026-05-19 08:30:00+00:00,2026-05-19 19:00:00+00:00,SELL,10.0,48.76
2026-05-19 09:15:00+00:00,2026-05-19 10:00:00+00:00,SELL,10.0,31.09
2026-05-19 09:30:00+00:00,2026-05-19 20:00:00+00:00,BUY,10.0,47.38
2026-05-19 10:15:00+00:00,2026-05-19 11:00:00+00:00,BUY,10.0,32.12
2026-05-19 10:30:00+00:00,2026-05-19 21:00:00+00:00,BUY,10.0,44.08
2026-05-19 11:15:00+00:00,2026-05-19 12:00:00+00:00,SELL,10.0,96.85
2026-05-19 11:30:00+00:00,2026-05-19 22:00:00+00:00,BUY,10.0,41.8
2026-05-19 12:15:00+00:00,2026-05-19 13:00:00+00:00,BUY,10.0,30.31
2026-05-19 12:30:00+00:00,2026-05-19 23:00:00+00:00,SELL,10.0,39.77
2026-05-19 13:15:00+00:00,2026-05-19 14:00:00+00:00,SELL,10.0,30.32
2026-05-19 13:30:00+00:00,2026-05-20 00:00:00+00:00,BUY,10.0,34.21
2026-05-19 14:15:00+00:00,2026-05-19 15:00:00+00:00,BUY,10.0,35.53
2026-05-19 14:30:00+00:00,2026-05-20 01:00:00+00:00,SELL,10.0,31.83
2026-05-19 15:15:00+00:00,2026-05-19 16:00:00+00:00,SELL,10.0,39.18
2026-05-19 15:30:00+00:00,2026-05-20 02:00:00+00:00,SELL,10.0,31.62
2026-05-19 16:15:00+00:00,2026-05-19 17:00:00+00:00,SELL,10.0,41.88
2026-05-19 16:30:00+00:00,2026-05-20 03:00:00+00:00,BUY,10.0,30.95
2026-05-19 17:15:00+00:00,2026-05-19 18:00:00+00:00,SELL,10.0,49.41
2026-05-19 17:30:00+00:00,2026-05-20 04:00:00+00:00,BUY,10.0,38.93
2026-05-19 18:15:00+00:00,2026-05-19 19:00:00+00:00,BUY,10.0,88.66
2026-05-19 18:30:00+00:00,2026-05-20 05:00:00+00:00,SELL,10.0,43.32
2026-05-19 19:15:00+00:00,2026-05-19 20:00:00+00:00,SELL,10.0,39.66
2026-05-19 19:30:00+00:00,2026-05-20 06:00:00+00:00,BUY,10.0,41.67
2026-05-19 20:15:00+00:00,2026-05-19 21:00:00+00:00,SELL,10.0,36.95
2026-05-19 20:30:00+00:00,2026-05-20 07:00:00+00:00,BUY,10.0,41.44
2026-05-19 21:15:00+00:00,2026-05-19 22:00:00+00:00,SELL,10.0,36.96
2026-05-19 21:30:00+00:00,2026-05-20 08:00:00+00:00,SELL,10.0,40.99
2026-05-19 22:15:00+00:00,2026-05-19 23:00:00+00:00,BUY,10.0,37.27
2026-05-19 22:30:00+00:00,2026-05-20 09:00:00+00:00,BUY,10.0,36.33
2026-05-19 23:15:00+00:00,2026-05-20 00:00:00+00:00,SELL,10.0,33.08
2026-05-19 23:30:00+00:00,2026-05-20 10:00:00+00:00,BUY,10.0,45.41
2026-05-20 00:15:00+00:00,2026-05-20 01:00:00+00:00,BUY,10.0,29.04
2026-05-20 00:30:00+00:00,2026-05-20 11:00:00+00:00,BUY,10.0,34.44
2026-05-20 01:15:00+00:00,2026-05-20 02:00:00+00:00,BUY,10.0,31.86
2026-05-20 01:30:00+00:00,2026-05-20 12:00:00+00:00,SELL,10.0,32.93
2026-05-20 02:15:00+00:00,2026-05-20 03:00:00+00:00,SELL,10.0,28.48
2026-05-20 02:30:00+00:00,2026-05-20 13:00:00+00:00,SELL,10.0,28.48
2026-05-20 03:15:00+00:00,2026-05-20 04:00:00+00:00,SELL,10.0,37.01
2026-05-20 03:30:00+00:00,2026-05-20 14:00:00+00:00,SELL,10.0,33.15
2026-05-20 04:15:00+00:00,2026-05-20 05:00:00+00:00,BUY,10.0,38.27
2026-05-20 04:30:00+00:00,2026-05-20 15:00:00+00:00,BUY,10.0,34.44
2026-05-20 05:15:00+00:00,2026-05-20 06:00:00+00:00,SELL,10.0,43.12
2026-05-20 05:30:00+00:00,2026-05-20 16:00:00+00:00,SELL,10.0,36.88
2026-05-20 06:15:00+00:00,2026-05-20 07:00:00+00:00,SELL,10.0,37.22
2026-05-20 06:30:00+00:00,2026-05-20 17:00:00+00:00,BUY,10.0,42.29
2026-05-20 07:15:00+00:00,2026-05-20 08:00:00+00:00,BUY,10.0,36.36
2026-05-20 07:30:00+00:00,2026-05-20 18:00:00+00:00,BUY,10.0,53.52
2026-05-20 08:15:00+00:00,2026-05-20 09:00:00+00:00,SELL,10.0,32.74
2026-05-20 08:30:00+00:00,2026-05-20 19:00:00+00:00,BUY,10.0,40.05
2026-05-20 09:15:00+00:00,2026-05-20 10:00:00+00:00,SELL,10.0,29.34
2026-05-20 09:30:00+00:00,2026-05-20 20:00:00+00:00,BUY,10.0,48.27
2026-05-20 10:15:00+00:00,2026-05-20 11:00:00+00:00,SELL,10.0,23.57
2026-05-20 10:30:00+00:00,2026-05-20 21:00:00+00:00,BUY,10.0,39.58
2026-05-20 11:15:00+00:00,2026-05-20 12:00:00+00:00,BUY,10.0,26.17
2026-05-20 11:30:00+00:00,2026-05-20 22:00:00+00:00,SELL,10.0,31.03
2026-05-20 12:15:00+00:00,2026-05-20 13:00:00+00:00,BUY,10.0,18.69
2026-05-20 12:30:00+00:00,2026-05-20 23:00:00+00:00,SELL,10.0,29.79
2026-05-20 13:15:00+00:00,2026-05-20 14:00:00+00:00,BUY,10.0,19.7
2026-05-20 13:30:00+00:00,2026-05-21 00:00:00+00:00,SELL,10.0,35.11
2026-05-20 14:15:00+00:00,2026-05-20 15:00:00+00:00,SELL,10.0,28.06
2026-05-20 14:30:00+00:00,2026-05-21 01:00:00+00:00,SELL,10.0,33.75
2026-05-20 15:15:00+00:00,2026-05-20 16:00:00+00:00,BUY,10.0,35.06
2026-05-20 15:30:00+00:00,2026-05-21 02:00:00+00:00,BUY,10.0,36.23
2026-05-20 16:15:00+00:00,2026-05-20 17:00:00+00:00,SELL,10.0,40.25
2026-05-20 16:30:00+00:00,2026-05-21 03:00:00+00:00,BUY,10.0,39.86
2026-05-20 17:15:00+00:00,2026-05-20 18:00:00+00:00,SELL,10.0,46.23
2026-05-20 17:30:00+00:00,2026-05-21 04:00:00+00:00,BUY,10.0,38.28
2026-05-20 18:15:00+00:00,2026-05-20 19:00:00+00:00,SELL,10.0,44.04
2026-05-20 18:30:00+00:00,2026-05-21 05:00:00+00:00,BUY,10.0,44.5
2026-05-20 19:15:00+00:00,2026-05-20 20:00:00+00:00,SELL,10.0,40.93
2026-05-20 19:30:00+00:00,2026-05-21 06:00:00+00:00,BUY,10.0,62.05
2026-05-20 20:15:00+00:00,2026-05-20 21:00:00+00:00,SELL,10.0,37.33
2026-05-20 20:30:00+00:00,2026-05-21 07:00:00+00:00,BUY,10.0,35.66
2026-05-20 21:15:00+00:00,2026-05-20 22:00:00+00:00,BUY,10.0,29.37
2026-05-20 21:30:00+00:00,2026-05-21 08:00:00+00:00,BUY,10.0,40.0
2026-05-20 22:15:00+00:00,2026-05-20 23:00:00+00:00,BUY,10.0,27.73
2026-05-20 22:30:00+00:00,2026-05-21 09:00:00+00:00,BUY,10.0,36.92
2026-05-20 23:15:00+00:00,2026-05-21 00:00:00+00:00,BUY,10.0,31.51
2026-05-20 23:30:00+00:00,2026-05-21 10:00:00+00:00,SELL,10.0,33.83
2026-05-21 00:15:00+00:00,2026-05-21 01:00:00+00:00,BUY,10.0,27.83
2026-05-21 00:30:00+00:00,2026-05-21 11:00:00+00:00,SELL,10.0,28.24
2026-05-21 01:15:00+00:00,2026-05-21 02:00:00+00:00,SELL,10.0,31.09
2026-05-21 01:30:00+00:00,2026-05-21 12:00:00+00:00,BUY,10.0,2.04
2026-05-21 02:15:00+00:00,2026-05-21 03:00:00+00:00,SELL,10.0,37.28
2026-05-21 02:30:00+00:00,2026-05-21 13:00:00+00:00,BUY,10.0,21.9
2026-05-21 03:15:00+00:00,2026-05-21 04:00:00+00:00,SELL,10.0,34.34
2026-05-21 03:30:00+00:00,2026-05-21 14:00:00+00:00,SELL,10.0,34.36
2026-05-21 04:15:00+00:00,2026-05-21 05:00:00+00:00,SELL,10.0,39.1
2026-05-21 04:30:00+00:00,2026-05-21 15:00:00+00:00,SELL,10.0,30.77
2026-05-21 05:15:00+00:00,2026-05-21 06:00:00+00:00,SELL,10.0,71.76
2026-05-21 05:30:00+00:00,2026-05-21 16:00:00+00:00,BUY,10.0,37.16
2026-05-21 06:15:00+00:00,2026-05-21 07:00:00+00:00,SELL,10.0,32.62
2026-05-21 06:30:00+00:00,2026-05-21 17:00:00+00:00,SELL,10.0,44.54
2026-05-21 07:15:00+00:00,2026-05-21 08:00:00+00:00,SELL,10.0,33.51
2026-05-21 07:30:00+00:00,2026-05-21 18:00:00+00:00,BUY,10.0,51.9
2026-05-21 08:15:00+00:00,2026-05-21 09:00:00+00:00,SELL,10.0,33.91
2026-05-21 08:30:00+00:00,2026-05-21 19:00:00+00:00,BUY,10.0,47.63
2026-05-21 09:15:00+00:00,2026-05-21 10:00:00+00:00,BUY,10.0,30.3
2026-05-21 09:30:00+00:00,2026-05-21 20:00:00+00:00,BUY,10.0,40.44
2026-05-21 10:15:00+00:00,2026-05-21 11:00:00+00:00,BUY,10.0,25.12
2026-05-21 10:30:00+00:00,2026-05-21 21:00:00+00:00,SELL,10.0,40.94
2026-05-21 11:15:00+00:00,2026-05-21 12:00:00+00:00,SELL,10.0,30.91
2026-05-21 11:30:00+00:00,2026-05-21 22:00:00+00:00,SELL,10.0,37.04
2026-05-21 12:15:00+00:00,2026-05-21 13:00:00+00:00,SELL,10.0,16.01
2026-05-21 12:30:00+00:00,2026-05-21 23:00:00+00:00,SELL,10.0,42.71
2026-05-21 13:15:00+00:00,2026-05-21 14:00:00+00:00,BUY,10.0,25.83
2026-05-21 13:30:00+00:00,2026-05-22 00:00:00+00:00,SELL,10.0,30.92
2026-05-21 14:15:00+00:00,2026-05-21 15:00:00+00:00,BUY,10.0,24.11
2026-05-21 14:30:00+00:00,2026-05-22 01:00:00+00:00,SELL,10.0,37.77
2026-05-21 15:15:00+00:00,2026-05-21 16:00:00+00:00,SELL,10.0,28.58
2026-05-21 15:30:00+00:00,2026-05-22 02:00:00+00:00,SELL,10.0,28.2
2026-05-21 16:15:00+00:00,2026-05-21 17:00:00+00:00,BUY,10.0,36.61
2026-05-21 16:30:00+00:00,2026-05-22 03:00:00+00:00,BUY,10.0,35.18
2026-05-21 17:15:00+00:00,2026-05-21 18:00:00+00:00,SELL,10.0,43.6
2026-05-21 17:30:00+00:00,2026-05-22 04:00:00+00:00,BUY,10.0,38.72
2026-05-21 18:15:00+00:00,2026-05-21 19:00:00+00:00,SELL,10.0,44.54
2026-05-21 18:30:00+00:00,2026-05-22 05:00:00+00:00,BUY,10.0,37.83
2026-05-21 19:15:00+00:00,2026-05-21 20:00:00+00:00,SELL,10.0,38.29
2026-05-21 19:30:00+00:00,2026-05-22 06:00:00+00:00,BUY,10.0,47.9
2026-05-21 20:15:00+00:00,2026-05-21 21:00:00+00:00,BUY,10.0,33.09
2026-05-21 20:30:00+00:00,2026-05-22 07:00:00+00:00,SELL,10.0,40.34
2026-05-21 21:15:00+00:00,2026-05-21 22:00:00+00:00,BUY,10.0,35.38
2026-05-21 21:30:00+00:00,2026-05-22 08:00:00+00:00,BUY,10.0,32.9
2026-05-21 22:15:00+00:00,2026-05-21 23:00:00+00:00,BUY,10.0,34.92
2026-05-21 22:30:00+00:00,2026-05-22 09:00:00+00:00,BUY,10.0,103.07
2026-05-21 23:15:00+00:00,2026-05-22 00:00:00+00:00,BUY,10.0,26.17
2026-05-21 23:30:00+00:00,2026-05-22 10:00:00+00:00,BUY,10.0,34.25
2026-05-22 00:15:00+00:00,2026-05-22 01:00:00+00:00,BUY,10.0,28.01
2026-05-22 00:30:00+00:00,2026-05-22 11:00:00+00:00,BUY,10.0,39.86
2026-05-22 01:15:00+00:00,2026-05-22 02:00:00+00:00,BUY,10.0,67.83
2026-05-22 01:30:00+00:00,2026-05-22 12:00:00+00:00,BUY,10.0,25.08
2026-05-22 02:15:00+00:00,2026-05-22 03:00:00+00:00,SELL,10.0,27.96
2026-05-22 02:30:00+00:00,2026-05-22 13:00:00+00:00,SELL,10.0,11.23
2026-05-22 03:15:00+00:00,2026-05-22 04:00:00+00:00,SELL,10.0,66.63
2026-05-22 03:30:00+00:00,2026-05-22 14:00:00+00:00,BUY,10.0,21.38
2026-05-22 04:15:00+00:00,2026-05-22 05:00:00+00:00,SELL,10.0,29.35
2026-05-22 04:30:00+00:00,2026-05-22 15:00:00+00:00,BUY,10.0,29.14
2026-05-22 05:15:00+00:00,2026-05-22 06:00:00+00:00,SELL,10.0,69.26
2026-05-22 05:30:00+00:00,2026-05-22 16:00:00+00:00,SELL,10.0,31.62
2026-05-22 06:15:00+00:00,2026-05-22 07:00:00+00:00,BUY,10.0,38.07
2026-05-22 06:30:00+00:00,2026-05-22 17:00:00+00:00,SELL,10.0,39.44
2026-05-22 07:15:00+00:00,2026-05-22 08:00:00+00:00,SELL,10.0,29.75
2026-05-22 07:30:00+00:00,2026-05-22 18:00:00+00:00,SELL,10.0,51.79
2026-05-22 08:15:00+00:00,2026-05-22 09:00:00+00:00,SELL,10.0,95.53
2026-05-22 08:30:00+00:00,2026-05-22 19:00:00+00:00,BUY,10.0,40.8
2026-05-22 09:15:00+00:00,2026-05-22 10:00:00+00:00,SELL,10.0,26.31
2026-05-22 09:30:00+00:00,2026-05-22 20:00:00+00:00,SELL,10.0,45.92
2026-05-22 10:15:00+00:00,2026-05-22 11:00:00+00:00,SELL,10.0,60.41
2026-05-22 10:30:00+00:00,2026-05-22 21:00:00+00:00,BUY,10.0,36.35
2026-05-22 11:15:00+00:00,2026-05-22 12:00:00+00:00,SELL,10.0,17.7
2026-05-22 11:30:00+00:00,2026-05-22 22:00:00+00:00,SELL,10.0,30.6
2026-05-22 12:15:00+00:00,2026-05-22 13:00:00+00:00,BUY,10.0,2.02
2026-05-22 12:30:00+00:00,2026-05-22 23:00:00+00:00,SELL,10.0,40.2
2026-05-22 13:15:00+00:00,2026-05-22 14:00:00+00:00,SELL,10.0,12.64
2026-05-22 13:30:00+00:00,2026-05-23 00:00:00+00:00,BUY,10.0,43.11
2026-05-22 14:15:00+00:00,2026-05-22 15:00:00+00:00,SELL,10.0,19.47
2026-05-22 14:30:00+00:00,2026-05-23 01:00:00+00:00,SELL,10.0,44.07
2026-05-22 15:15:00+00:00,2026-05-22 16:00:00+00:00,BUY,10.0,24.19
2026-05-22 15:30:00+00:00,2026-05-23 02:00:00+00:00,SELL,10.0,50.0
2026-05-22 16:15:00+00:00,2026-05-22 17:00:00+00:00,BUY,10.0,33.65
2026-05-22 16:30:00+00:00,2026-05-23 03:00:00+00:00,SELL,10.0,45.36
2026-05-22 17:15:00+00:00,2026-05-22 18:00:00+00:00,BUY,10.0,40.48
2026-05-22 17:30:00+00:00,2026-05-23 04:00:00+00:00,SELL,10.0,45.71
2026-05-22 18:15:00+00:00,2026-05-22 19:00:00+00:00,SELL,10.0,31.26
2026-05-22 18:30:00+00:00,2026-05-23 05:00:00+00:00,SELL,10.0,45.44
2026-05-22 19:15:00+00:00,2026-05-22 20:00:00+00:00,BUY,10.0,36.38
2026-05-22 19:30:00+00:00,2026-05-23 06:00:00+00:00,BUY,10.0,56.49
2026-05-22 20:15:00+00:00,2026-05-22 21:00:00+00:00,SELL,10.0,31.17
2026-05-22 20:30:00+00:00,2026-05-23 07:00:00+00:00,SELL,10.0,54.58
2026-05-22 21:15:00+00:00,2026-05-22 22:00:00+00:00,BUY,10.0,24.62
2026-05-22 21:30:00+00:00,2026-05-23 08:00:00+00:00,BUY,10.0,48.0
2026-05-22 22:15:00+00:00,2026-05-22 23:00:00+00:00,BUY,10.0,31.18
2026-05-22 22:30:00+00:00,2026-05-23 09:00:00+00:00,BUY,10.0,44.78
2026-05-22 23:15:00+00:00,2026-05-23 00:00:00+00:00,SELL,10.0,41.34
2026-05-22 23:30:00+00:00,2026-05-23 10:00:00+00:00,BUY,10.0,45.44
2026-05-23 00:15:00+00:00,2026-05-23 01:00:00+00:00,BUY,10.0,35.76
2026-05-23 00:30:00+00:00,2026-05-23 11:00:00+00:00,SELL,10.0,38.78
2026-05-23 01:15:00+00:00,2026-05-23 02:00:00+00:00,BUY,10.0,44.28
2026-05-23 01:30:00+00:00,2026-05-23 12:00:00+00:00,SELL,10.0,41.34
2026-05-23 02:15:00+00:00,2026-05-23 03:00:00+00:00,BUY,10.0,37.4
2026-05-23 02:30:00+00:00,2026-05-23 13:00:00+00:00,SELL,10.0,35.65
2026-05-23 03:15:00+00:00,2026-05-23 04:00:00+00:00,BUY,10.0,45.38
2026-05-23 03:30:00+00:00,2026-05-23 14:00:00+00:00,SELL,10.0,38.51
2026-05-23 04:15:00+00:00,2026-05-23 05:00:00+00:00,BUY,10.0,42.06
2026-05-23 04:30:00+00:00,2026-05-23 15:00:00+00:00,BUY,10.0,40.77
2026-05-23 05:15:00+00:00,2026-05-23 06:00:00+00:00,SELL,10.0,150.65
2026-05-23 05:30:00+00:00,2026-05-23 16:00:00+00:00,SELL,10.0,35.92
2026-05-23 06:15:00+00:00,2026-05-23 07:00:00+00:00,BUY,10.0,128.93
2026-05-23 06:30:00+00:00,2026-05-23 17:00:00+00:00,BUY,10.0,45.41
2026-05-23 07:15:00+00:00,2026-05-23 08:00:00+00:00,SELL,10.0,43.36
2026-05-23 07:30:00+00:00,2026-05-23 18:00:00+00:00,SELL,10.0,62.41
2026-05-23 08:15:00+00:00,2026-05-23 09:00:00+00:00,SELL,10.0,38.83
2026-05-23 08:30:00+00:00,2026-05-23 19:00:00+00:00,BUY,10.0,59.62
2026-05-23 09:15:00+00:00,2026-05-23 10:00:00+00:00,SELL,10.0,42.27
2026-05-23 09:30:00+00:00,2026-05-23 20:00:00+00:00,BUY,10.0,50.8
2026-05-23 10:15:00+00:00,2026-05-23 11:00:00+00:00,BUY,10.0,40.23
2026-05-23 10:30:00+00:00,2026-05-23 21:00:00+00:00,BUY,10.0,48.63
2026-05-23 11:15:00+00:00,2026-05-23 12:00:00+00:00,BUY,10.0,38.49
2026-05-23 11:30:00+00:00,2026-05-23 22:00:00+00:00,SELL,10.0,45.33
2026-05-23 12:15:00+00:00,2026-05-23 13:00:00+00:00,BUY,10.0,26.6
2026-05-23 12:30:00+00:00,2026-05-23 23:00:00+00:00,BUY,10.0,41.36
2026-05-23 13:15:00+00:00,2026-05-23 14:00:00+00:00,BUY,10.0,33.29
2026-05-23 13:30:00+00:00,2026-05-24 00:00:00+00:00,BUY,10.0,5.97
2026-05-23 14:15:00+00:00,2026-05-23 15:00:00+00:00,SELL,10.0,32.8
2026-05-23 14:30:00+00:00,2026-05-24 01:00:00+00:00,BUY,10.0,11.23
2026-05-23 15:15:00+00:00,2026-05-23 16:00:00+00:00,BUY,10.0,35.37
2026-05-23 15:30:00+00:00,2026-05-24 02:00:00+00:00,SELL,10.0,17.62
2026-05-23 16:15:00+00:00,2026-05-23 17:00:00+00:00,SELL,10.0,43.42
2026-05-23 16:30:00+00:00,2026-05-24 03:00:00+00:00,SELL,10.0,4.7
2026-05-23 17:15:00+00:00,2026-05-23 18:00:00+00:00,BUY,10.0,52.83
2026-05-23 17:30:00+00:00,2026-05-24 04:00:00+00:00,SELL,10.0,29.91
2026-05-23 18:15:00+00:00,2026-05-23 19:00:00+00:00,SELL,10.0,50.9
2026-05-23 18:30:00+00:00,2026-05-24 05:00:00+00:00,BUY,10.0,26.88
2026-05-23 19:15:00+00:00,2026-05-23 20:00:00+00:00,SELL,10.0,86.45
2026-05-23 19:30:00+00:00,2026-05-24 06:00:00+00:00,BUY,10.0,36.44
2026-05-23 20:15:00+00:00,2026-05-23 21:00:00+00:00,SELL,10.0,152.91
2026-05-23 20:30:00+00:00,2026-05-24 07:00:00+00:00,BUY,10.0,41.46
2026-05-23 21:15:00+00:00,2026-05-23 22:00:00+00:00,BUY,10.0,35.52
2026-05-23 21:30:00+00:00,2026-05-24 08:00:00+00:00,BUY,10.0,27.94
2026-05-23 22:15:00+00:00,2026-05-23 23:00:00+00:00,SELL,10.0,30.67
2026-05-23 22:30:00+00:00,2026-05-24 09:00:00+00:00,SELL,10.0,30.31
2026-05-23 23:15:00+00:00,2026-05-24 00:00:00+00:00,SELL,10.0,-1.85
2026-05-23 23:30:00+00:00,2026-05-24 10:00:00+00:00,SELL,10.0,22.32
2026-05-24 00:15:00+00:00,2026-05-24 01:00:00+00:00,SELL,10.0,8.54
2026-05-24 00:30:00+00:00,2026-05-24 11:00:00+00:00,SELL,10.0,29.09
2026-05-24 01:15:00+00:00,2026-05-24 02:00:00+00:00,BUY,10.0,6.08
2026-05-24 01:30:00+00:00,2026-05-24 12:00:00+00:00,BUY,10.0,3.04
2026-05-24 02:15:00+00:00,2026-05-24 03:00:00+00:00,BUY,10.0,-5.23
2026-05-24 02:30:00+00:00,2026-05-24 13:00:00+00:00,BUY,10.0,-43.84
2026-05-24 03:15:00+00:00,2026-05-24 04:00:00+00:00,BUY,10.0,25.68
2026-05-24 03:30:00+00:00,2026-05-24 14:00:00+00:00,SELL,10.0,25.08
2026-05-24 04:15:00+00:00,2026-05-24 05:00:00+00:00,SELL,10.0,21.87
2026-05-24 04:30:00+00:00,2026-05-24 15:00:00+00:00,SELL,10.0,14.94
2026-05-24 05:15:00+00:00,2026-05-24 06:00:00+00:00,SELL,10.0,29.68
2026-05-24 05:30:00+00:00,2026-05-24 16:00:00+00:00,BUY,10.0,21.06
2026-05-24 06:15:00+00:00,2026-05-24 07:00:00+00:00,SELL,10.0,32.59
2026-05-24 06:30:00+00:00,2026-05-24 17:00:00+00:00,BUY,10.0,31.24
2026-05-24 07:15:00+00:00,2026-05-24 08:00:00+00:00,SELL,10.0,24.47
2026-05-24 07:30:00+00:00,2026-05-24 18:00:00+00:00,SELL,10.0,36.27
2026-05-24 08:15:00+00:00,2026-05-24 09:00:00+00:00,BUY,10.0,26.07
2026-05-24 08:30:00+00:00,2026-05-24 19:00:00+00:00,SELL,10.0,39.35
2026-05-24 09:15:00+00:00,2026-05-24 10:00:00+00:00,BUY,10.0,18.97
2026-05-24 09:30:00+00:00,2026-05-24 20:00:00+00:00,SELL,10.0,23.36
2026-05-24 10:15:00+00:00,2026-05-24 11:00:00+00:00,BUY,10.0,19.48
2026-05-24 10:30:00+00:00,2026-05-24 21:00:00+00:00,SELL,10.0,19.46
2026-05-24 11:15:00+00:00,2026-05-24 12:00:00+00:00,SELL,10.0,5.83
2026-05-24 11:30:00+00:00,2026-05-24 22:00:00+00:00,SELL,10.0,30.59
2026-05-24 12:15:00+00:00,2026-05-24 13:00:00+00:00,SELL,10.0,-41.9
2026-05-24 12:30:00+00:00,2026-05-24 23:00:00+00:00,SELL,10.0,24.33
2026-05-24 13:15:00+00:00,2026-05-24 14:00:00+00:00,BUY,10.0,15.88
2026-05-24 13:30:00+00:00,2026-05-25 00:00:00+00:00,SELL,10.0,9.82
2026-05-24 14:15:00+00:00,2026-05-24 15:00:00+00:00,BUY,10.0,20.6
2026-05-24 14:30:00+00:00,2026-05-25 01:00:00+00:00,SELL,10.0,-4.94
2026-05-24 15:15:00+00:00,2026-05-24 16:00:00+00:00,SELL,10.0,19.68
2026-05-24 15:30:00+00:00,2026-05-25 02:00:00+00:00,SELL,10.0,23.6
2026-05-24 16:15:00+00:00,2026-05-24 17:00:00+00:00,SELL,10.0,25.61
2026-05-24 16:30:00+00:00,2026-05-25 03:00:00+00:00,SELL,10.0,-3.52
2026-05-24 17:15:00+00:00,2026-05-24 18:00:00+00:00,BUY,10.0,33.66
2026-05-24 17:30:00+00:00,2026-05-25 04:00:00+00:00,SELL,10.0,23.01
2026-05-24 18:15:00+00:00,2026-05-24 19:00:00+00:00,BUY,10.0,29.72
2026-05-24 18:30:00+00:00,2026-05-25 05:00:00+00:00,BUY,10.0,27.15
2026-05-24 19:15:00+00:00,2026-05-24 20:00:00+00:00,BUY,10.0,14.41
2026-05-24 19:30:00+00:00,2026-05-25 06:00:00+00:00,BUY,10.0,26.92
2026-05-24 20:15:00+00:00,2026-05-24 21:00:00+00:00,BUY,10.0,12.03
2026-05-24 20:30:00+00:00,2026-05-25 07:00:00+00:00,SELL,10.0,33.29
2026-05-24 21:15:00+00:00,2026-05-24 22:00:00+00:00,BUY,10.0,18.59
2026-05-24 21:30:00+00:00,2026-05-25 08:00:00+00:00,BUY,10.0,26.91
2026-05-24 22:15:00+00:00,2026-05-24 23:00:00+00:00,BUY,10.0,15.98
2026-05-24 22:30:00+00:00,2026-05-25 09:00:00+00:00,SELL,10.0,16.39
2026-05-24 23:15:00+00:00,2026-05-25 00:00:00+00:00,BUY,10.0,-13.78
2026-05-24 23:30:00+00:00,2026-05-25 10:00:00+00:00,SELL,10.0,-25.33
2026-05-25 00:15:00+00:00,2026-05-25 01:00:00+00:00,BUY,10.0,8.74
2026-05-25 00:30:00+00:00,2026-05-25 11:00:00+00:00,BUY,10.0,-8.25
2026-05-25 01:15:00+00:00,2026-05-25 02:00:00+00:00,BUY,10.0,21.05
2026-05-25 01:30:00+00:00,2026-05-25 12:00:00+00:00,BUY,10.0,-109.97
2026-05-25 02:15:00+00:00,2026-05-25 03:00:00+00:00,BUY,10.0,11.54
2026-05-25 02:30:00+00:00,2026-05-25 13:00:00+00:00,SELL,10.0,-43.07
2026-05-25 03:15:00+00:00,2026-05-25 04:00:00+00:00,BUY,10.0,23.74
2026-05-25 03:30:00+00:00,2026-05-25 14:00:00+00:00,BUY,10.0,-87.79
2026-05-25 04:15:00+00:00,2026-05-25 05:00:00+00:00,SELL,10.0,33.46
2026-05-25 04:30:00+00:00,2026-05-25 15:00:00+00:00,BUY,10.0,-55.2
2026-05-25 05:15:00+00:00,2026-05-25 06:00:00+00:00,SELL,10.0,37.64
2026-05-25 05:30:00+00:00,2026-05-25 16:00:00+00:00,BUY,10.0,-36.27
2026-05-25 06:15:00+00:00,2026-05-25 07:00:00+00:00,BUY,10.0,30.56
2026-05-25 06:30:00+00:00,2026-05-25 17:00:00+00:00,BUY,10.0,7.86
2026-05-25 07:15:00+00:00,2026-05-25 08:00:00+00:00,SELL,10.0,31.16
2026-05-25 07:30:00+00:00,2026-05-25 18:00:00+00:00,BUY,10.0,34.76
2026-05-25 08:15:00+00:00,2026-05-25 09:00:00+00:00,BUY,10.0,29.5
2026-05-25 08:30:00+00:00,2026-05-25 19:00:00+00:00,BUY,10.0,27.31
2026-05-25 09:15:00+00:00,2026-05-25 10:00:00+00:00,BUY,10.0,12.63
2026-05-25 09:30:00+00:00,2026-05-25 20:00:00+00:00,SELL,10.0,22.54
2026-05-25 10:15:00+00:00,2026-05-25 11:00:00+00:00,SELL,10.0,-15.07
2026-05-25 10:30:00+00:00,2026-05-25 21:00:00+00:00,BUY,10.0,0.75
2026-05-25 11:15:00+00:00,2026-05-25 12:00:00+00:00,SELL,10.0,-22.49
2026-05-25 11:30:00+00:00,2026-05-25 22:00:00+00:00,BUY,10.0,17.37
2026-05-25 12:15:00+00:00,2026-05-25 13:00:00+00:00,BUY,10.0,-27.55
2026-05-25 12:30:00+00:00,2026-05-25 23:00:00+00:00,SELL,10.0,-17.49
2026-05-25 13:15:00+00:00,2026-05-25 14:00:00+00:00,SELL,10.0,-48.88
2026-05-25 13:30:00+00:00,2026-05-26 00:00:00+00:00,SELL,10.0,34.89
2026-05-25 14:15:00+00:00,2026-05-25 15:00:00+00:00,SELL,10.0,52.05
2026-05-25 14:30:00+00:00,2026-05-26 01:00:00+00:00,SELL,10.0,34.79
2026-05-25 15:15:00+00:00,2026-05-25 16:00:00+00:00,SELL,10.0,7.45
2026-05-25 15:30:00+00:00,2026-05-26 02:00:00+00:00,SELL,10.0,35.26
2026-05-25 16:15:00+00:00,2026-05-25 17:00:00+00:00,SELL,10.0,24.57
2026-05-25 16:30:00+00:00,2026-05-26 03:00:00+00:00,BUY,10.0,37.23
2026-05-25 17:15:00+00:00,2026-05-25 18:00:00+00:00,SELL,10.0,34.28
2026-05-25 17:30:00+00:00,2026-05-26 04:00:00+00:00,SELL,10.0,40.5
2026-05-25 18:15:00+00:00,2026-05-25 19:00:00+00:00,SELL,10.0,28.56
2026-05-25 18:30:00+00:00,2026-05-26 05:00:00+00:00,SELL,10.0,45.32
2026-05-25 19:15:00+00:00,2026-05-25 20:00:00+00:00,BUY,10.0,29.02
2026-05-25 19:30:00+00:00,2026-05-26 06:00:00+00:00,SELL,10.0,49.59
2026-05-25 20:15:00+00:00,2026-05-25 21:00:00+00:00,SELL,10.0,14.69
2026-05-25 20:30:00+00:00,2026-05-26 07:00:00+00:00,BUY,10.0,47.57
2026-05-25 21:15:00+00:00,2026-05-25 22:00:00+00:00,SELL,10.0,21.59
2026-05-25 21:30:00+00:00,2026-05-26 08:00:00+00:00,SELL,10.0,52.52
2026-05-25 22:15:00+00:00,2026-05-25 23:00:00+00:00,BUY,10.0,5.07
2026-05-25 22:30:00+00:00,2026-05-26 09:00:00+00:00,SELL,10.0,41.61
2026-05-25 23:15:00+00:00,2026-05-26 00:00:00+00:00,BUY,10.0,-43.47
2026-05-25 23:30:00+00:00,2026-05-26 10:00:00+00:00,SELL,10.0,46.15
2026-05-26 00:15:00+00:00,2026-05-26 01:00:00+00:00,BUY,10.0,28.87
2026-05-26 00:30:00+00:00,2026-05-26 11:00:00+00:00,BUY,10.0,44.0
2026-05-26 01:15:00+00:00,2026-05-26 02:00:00+00:00,BUY,10.0,27.28
2026-05-26 01:30:00+00:00,2026-05-26 12:00:00+00:00,BUY,10.0,45.3
2026-05-26 02:15:00+00:00,2026-05-26 03:00:00+00:00,SELL,10.0,26.26
2026-05-26 02:30:00+00:00,2026-05-26 13:00:00+00:00,SELL,10.0,41.79
2026-05-26 03:15:00+00:00,2026-05-26 04:00:00+00:00,BUY,10.0,32.3
2026-05-26 03:30:00+00:00,2026-05-26 14:00:00+00:00,BUY,10.0,41.28
2026-05-26 04:15:00+00:00,2026-05-26 05:00:00+00:00,BUY,10.0,39.92
2026-05-26 04:30:00+00:00,2026-05-26 15:00:00+00:00,BUY,10.0,41.13
2026-05-26 05:15:00+00:00,2026-05-26 06:00:00+00:00,BUY,10.0,37.77
2026-05-26 05:30:00+00:00,2026-05-26 16:00:00+00:00,BUY,10.0,42.66
2026-05-26 06:15:00+00:00,2026-05-26 07:00:00+00:00,SELL,10.0,39.91
2026-05-26 06:30:00+00:00,2026-05-26 17:00:00+00:00,SELL,10.0,44.38
2026-05-26 07:15:00+00:00,2026-05-26 08:00:00+00:00,BUY,10.0,38.85
2026-05-26 07:30:00+00:00,2026-05-26 18:00:00+00:00,SELL,10.0,49.81
2026-05-26 08:15:00+00:00,2026-05-26 09:00:00+00:00,BUY,10.0,33.79
2026-05-26 08:30:00+00:00,2026-05-26 19:00:00+00:00,BUY,10.0,54.96
2026-05-26 09:15:00+00:00,2026-05-26 10:00:00+00:00,BUY,10.0,37.76
2026-05-26 09:30:00+00:00,2026-05-26 20:00:00+00:00,SELL,10.0,40.05
2026-05-26 10:15:00+00:00,2026-05-26 11:00:00+00:00,SELL,10.0,28.42
2026-05-26 10:30:00+00:00,2026-05-26 21:00:00+00:00,SELL,10.0,39.86
2026-05-26 11:15:00+00:00,2026-05-26 12:00:00+00:00,SELL,10.0,31.44
2026-05-26 11:30:00+00:00,2026-05-26 22:00:00+00:00,SELL,10.0,179.33
2026-05-26 12:15:00+00:00,2026-05-26 13:00:00+00:00,BUY,10.0,29.58
2026-05-26 12:30:00+00:00,2026-05-26 23:00:00+00:00,SELL,10.0,39.14
2026-05-26 13:15:00+00:00,2026-05-26 14:00:00+00:00,SELL,10.0,27.91
2026-05-26 13:30:00+00:00,2026-05-27 00:00:00+00:00,SELL,10.0,-16.44
2026-05-26 14:15:00+00:00,2026-05-26 15:00:00+00:00,SELL,10.0,29.02
2026-05-26 14:30:00+00:00,2026-05-27 01:00:00+00:00,SELL,10.0,25.04
2026-05-26 15:15:00+00:00,2026-05-26 16:00:00+00:00,SELL,10.0,34.69
2026-05-26 15:30:00+00:00,2026-05-27 02:00:00+00:00,BUY,10.0,26.28
2026-05-26 16:15:00+00:00,2026-05-26 17:00:00+00:00,BUY,10.0,39.01
2026-05-26 16:30:00+00:00,2026-05-27 03:00:00+00:00,SELL,10.0,21.82
2026-05-26 17:15:00+00:00,2026-05-26 18:00:00+00:00,BUY,10.0,41.38
2026-05-26 17:30:00+00:00,2026-05-27 04:00:00+00:00,BUY,10.0,25.93
2026-05-26 18:15:00+00:00,2026-05-26 19:00:00+00:00,SELL,10.0,42.46
2026-05-26 18:30:00+00:00,2026-05-27 05:00:00+00:00,BUY,10.0,24.44
2026-05-26 19:15:00+00:00,2026-05-26 20:00:00+00:00,BUY,10.0,34.49
2026-05-26 19:30:00+00:00,2026-05-27 06:00:00+00:00,BUY,10.0,37.17
2026-05-26 20:15:00+00:00,2026-05-26 21:00:00+00:00,BUY,10.0,31.54
2026-05-26 20:30:00+00:00,2026-05-27 07:00:00+00:00,BUY,10.0,37.15
2026-05-26 21:15:00+00:00,2026-05-26 22:00:00+00:00,BUY,10.0,163.4
2026-05-26 21:30:00+00:00,2026-05-27 08:00:00+00:00,BUY,10.0,35.2
2026-05-26 22:15:00+00:00,2026-05-26 23:00:00+00:00,BUY,10.0,32.03
2026-05-26 22:30:00+00:00,2026-05-27 09:00:00+00:00,SELL,10.0,36.6
2026-05-26 23:15:00+00:00,2026-05-27 00:00:00+00:00,BUY,10.0,17.18
2026-05-26 23:30:00+00:00,2026-05-27 10:00:00+00:00,SELL,10.0,19.75
2026-05-27 00:15:00+00:00,2026-05-27 01:00:00+00:00,BUY,10.0,18.63
2026-05-27 00:30:00+00:00,2026-05-27 11:00:00+00:00,SELL,10.0,41.52
2026-05-27 01:15:00+00:00,2026-05-27 02:00:00+00:00,SELL,10.0,26.55
2026-05-27 01:30:00+00:00,2026-05-27 12:00:00+00:00,SELL,10.0,35.45
2026-05-27 02:15:00+00:00,2026-05-27 03:00:00+00:00,BUY,10.0,16.44
2026-05-27 02:30:00+00:00,2026-05-27 13:00:00+00:00,BUY,10.0,17.19
2026-05-27 03:15:00+00:00,2026-05-27 04:00:00+00:00,SELL,10.0,21.46
2026-05-27 03:30:00+00:00,2026-05-27 14:00:00+00:00,SELL,10.0,27.27
2026-05-27 04:15:00+00:00,2026-05-27 05:00:00+00:00,SELL,10.0,29.55
2026-05-27 04:30:00+00:00,2026-05-27 15:00:00+00:00,BUY,10.0,25.6
2026-05-27 05:15:00+00:00,2026-05-27 06:00:00+00:00,SELL,10.0,31.25
2026-05-27 05:30:00+00:00,2026-05-27 16:00:00+00:00,BUY,10.0,26.96
2026-05-27 06:15:00+00:00,2026-05-27 07:00:00+00:00,SELL,10.0,33.16
2026-05-27 06:30:00+00:00,2026-05-27 17:00:00+00:00,BUY,10.0,39.18
2026-05-27 07:15:00+00:00,2026-05-27 08:00:00+00:00,SELL,10.0,35.06
2026-05-27 07:30:00+00:00,2026-05-27 18:00:00+00:00,BUY,10.0,41.76
2026-05-27 08:15:00+00:00,2026-05-27 09:00:00+00:00,BUY,10.0,28.57
2026-05-27 08:30:00+00:00,2026-05-27 19:00:00+00:00,SELL,10.0,35.0
2026-05-27 09:15:00+00:00,2026-05-27 10:00:00+00:00,BUY,10.0,18.27
2026-05-27 09:30:00+00:00,2026-05-27 20:00:00+00:00,BUY,10.0,26.33
2026-05-27 10:15:00+00:00,2026-05-27 11:00:00+00:00,BUY,10.0,32.48
2026-05-27 10:30:00+00:00,2026-05-27 21:00:00+00:00,BUY,10.0,29.15
2026-05-27 11:15:00+00:00,2026-05-27 12:00:00+00:00,BUY,10.0,27.34
2026-05-27 11:30:00+00:00,2026-05-27 22:00:00+00:00,SELL,10.0,9.97
2026-05-27 12:15:00+00:00,2026-05-27 13:00:00+00:00,SELL,10.0,4.65
2026-05-27 12:30:00+00:00,2026-05-27 23:00:00+00:00,SELL,10.0,25.89
2026-05-27 13:15:00+00:00,2026-05-27 14:00:00+00:00,BUY,10.0,20.08
2026-05-27 13:30:00+00:00,2026-05-28 00:00:00+00:00,BUY,10.0,12.5
2026-05-27 14:15:00+00:00,2026-05-27 15:00:00+00:00,SELL,10.0,23.06
2026-05-27 14:30:00+00:00,2026-05-28 01:00:00+00:00,BUY,10.0,3.88
2026-05-27 15:15:00+00:00,2026-05-27 16:00:00+00:00,SELL,10.0,24.99
2026-05-27 15:30:00+00:00,2026-05-28 02:00:00+00:00,SELL,10.0,2.77
2026-05-27 16:15:00+00:00,2026-05-27 17:00:00+00:00,SELL,10.0,36.91
2026-05-27 16:30:00+00:00,2026-05-28 03:00:00+00:00,SELL,10.0,21.25
2026-05-27 17:15:00+00:00,2026-05-27 18:00:00+00:00,SELL,10.0,37.53
2026-05-27 17:30:00+00:00,2026-05-28 04:00:00+00:00,BUY,10.0,29.26
2026-05-27 18:15:00+00:00,2026-05-27 19:00:00+00:00,BUY,10.0,35.62
2026-05-27 18:30:00+00:00,2026-05-28 05:00:00+00:00,SELL,10.0,29.02
2026-05-27 19:15:00+00:00,2026-05-27 20:00:00+00:00,SELL,10.0,29.93
2026-05-27 19:30:00+00:00,2026-05-28 06:00:00+00:00,BUY,10.0,35.32
2026-05-27 20:15:00+00:00,2026-05-27 21:00:00+00:00,SELL,10.0,66.25
2026-05-27 20:30:00+00:00,2026-05-28 07:00:00+00:00,SELL,10.0,29.15
2026-05-27 21:15:00+00:00,2026-05-27 22:00:00+00:00,BUY,10.0,12.28
2026-05-27 21:30:00+00:00,2026-05-28 08:00:00+00:00,BUY,10.0,29.02
2026-05-27 22:15:00+00:00,2026-05-27 23:00:00+00:00,BUY,10.0,21.13
2026-05-27 22:30:00+00:00,2026-05-28 09:00:00+00:00,BUY,10.0,21.3
2026-05-27 23:15:00+00:00,2026-05-28 00:00:00+00:00,SELL,10.0,4.18
2026-05-27 23:30:00+00:00,2026-05-28 10:00:00+00:00,BUY,10.0,6.14
2026-05-28 00:15:00+00:00,2026-05-28 01:00:00+00:00,SELL,10.0,-8.3
2026-05-28 00:30:00+00:00,2026-05-28 11:00:00+00:00,BUY,10.0,-2.65
2026-05-28 01:15:00+00:00,2026-05-28 02:00:00+00:00,BUY,10.0,-10.9
2026-05-28 01:30:00+00:00,2026-05-28 12:00:00+00:00,BUY,10.0,-106.71
2026-05-28 02:15:00+00:00,2026-05-28 03:00:00+00:00,BUY,10.0,18.34
2026-05-28 02:30:00+00:00,2026-05-28 13:00:00+00:00,SELL,10.0,-63.93
2026-05-28 03:15:00+00:00,2026-05-28 04:00:00+00:00,SELL,10.0,22.0
2026-05-28 03:30:00+00:00,2026-05-28 14:00:00+00:00,BUY,10.0,-9.04
2026-05-28 04:15:00+00:00,2026-05-28 05:00:00+00:00,BUY,10.0,20.2
2026-05-28 04:30:00+00:00,2026-05-28 15:00:00+00:00,BUY,10.0,18.61
2026-05-28 05:15:00+00:00,2026-05-28 06:00:00+00:00,SELL,10.0,28.74
2026-05-28 05:30:00+00:00,2026-05-28 16:00:00+00:00,SELL,10.0,19.4
2026-05-28 06:15:00+00:00,2026-05-28 07:00:00+00:00,BUY,10.0,23.71
2026-05-28 06:30:00+00:00,2026-05-28 17:00:00+00:00,SELL,10.0,19.42
2026-05-28 07:15:00+00:00,2026-05-28 08:00:00+00:00,SELL,10.0,28.65
2026-05-28 07:30:00+00:00,2026-05-28 18:00:00+00:00,BUY,10.0,33.99
2026-05-28 08:15:00+00:00,2026-05-28 09:00:00+00:00,SELL,10.0,20.5
2026-05-28 08:30:00+00:00,2026-05-28 19:00:00+00:00,SELL,10.0,35.66
2026-05-28 09:15:00+00:00,2026-05-28 10:00:00+00:00,SELL,10.0,17.69
2026-05-28 09:30:00+00:00,2026-05-28 20:00:00+00:00,BUY,10.0,29.69
2026-05-28 10:15:00+00:00,2026-05-28 11:00:00+00:00,SELL,10.0,5.32
2026-05-28 10:30:00+00:00,2026-05-28 21:00:00+00:00,SELL,10.0,22.52
2026-05-28 11:15:00+00:00,2026-05-28 12:00:00+00:00,SELL,10.0,-77.89
2026-05-28 11:30:00+00:00,2026-05-28 22:00:00+00:00,BUY,10.0,2.7
2026-05-28 12:15:00+00:00,2026-05-28 13:00:00+00:00,BUY,10.0,-30.65
2026-05-28 12:30:00+00:00,2026-05-28 23:00:00+00:00,SELL,10.0,20.38
2026-05-28 13:15:00+00:00,2026-05-28 14:00:00+00:00,SELL,10.0,-37.77
2026-05-28 13:30:00+00:00,2026-05-29 00:00:00+00:00,BUY,10.0,-51.63
2026-05-28 14:15:00+00:00,2026-05-28 15:00:00+00:00,SELL,10.0,7.66
2026-05-28 14:30:00+00:00,2026-05-29 01:00:00+00:00,BUY,10.0,-11.42
2026-05-28 15:15:00+00:00,2026-05-28 16:00:00+00:00,BUY,10.0,12.64
2026-05-28 15:30:00+00:00,2026-05-29 02:00:00+00:00,SELL,10.0,-82.92
2026-05-28 16:15:00+00:00,2026-05-28 17:00:00+00:00,BUY,10.0,17.52
2026-05-28 16:30:00+00:00,2026-05-29 03:00:00+00:00,BUY,10.0,17.46
2026-05-28 17:15:00+00:00,2026-05-28 18:00:00+00:00,SELL,10.0,26.57
2026-05-28 17:30:00+00:00,2026-05-29 04:00:00+00:00,SELL,10.0,16.73
2026-05-28 18:15:00+00:00,2026-05-28 19:00:00+00:00,BUY,10.0,29.57
2026-05-28 18:30:00+00:00,2026-05-29 05:00:00+00:00,BUY,10.0,9.9
2026-05-28 19:15:00+00:00,2026-05-28 20:00:00+00:00,SELL,10.0,28.01
2026-05-28 19:30:00+00:00,2026-05-29 06:00:00+00:00,BUY,10.0,24.75
2026-05-28 20:15:00+00:00,2026-05-28 21:00:00+00:00,BUY,10.0,13.9
2026-05-28 20:30:00+00:00,2026-05-29 07:00:00+00:00,BUY,10.0,26.4
2026-05-28 21:15:00+00:00,2026-05-28 22:00:00+00:00,SELL,10.0,-4.91
2026-05-28 21:30:00+00:00,2026-05-29 08:00:00+00:00,BUY,10.0,-2.66
2026-05-28 22:15:00+00:00,2026-05-28 23:00:00+00:00,BUY,10.0,8.5
2026-05-28 22:30:00+00:00,2026-05-29 09:00:00+00:00,BUY,10.0,24.43
2026-05-28 23:15:00+00:00,2026-05-29 00:00:00+00:00,SELL,10.0,-45.29
2026-05-28 23:30:00+00:00,2026-05-29 10:00:00+00:00,SELL,10.0,-74.47
2026-05-29 00:15:00+00:00,2026-05-29 01:00:00+00:00,SELL,10.0,-38.85
2026-05-29 00:30:00+00:00,2026-05-29 11:00:00+00:00,BUY,10.0,-110.53
2026-05-29 01:15:00+00:00,2026-05-29 02:00:00+00:00,BUY,10.0,-79.28
2026-05-29 01:30:00+00:00,2026-05-29 12:00:00+00:00,BUY,10.0,-115.03
2026-05-29 02:15:00+00:00,2026-05-29 03:00:00+00:00,SELL,10.0,11.3
2026-05-29 02:30:00+00:00,2026-05-29 13:00:00+00:00,BUY,10.0,-49.95
2026-05-29 03:15:00+00:00,2026-05-29 04:00:00+00:00,BUY,10.0,5.12
2026-05-29 03:30:00+00:00,2026-05-29 14:00:00+00:00,BUY,10.0,-113.23
2026-05-29 04:15:00+00:00,2026-05-29 05:00:00+00:00,SELL,10.0,21.69
2026-05-29 04:30:00+00:00,2026-05-29 15:00:00+00:00,SELL,10.0,-96.48
2026-05-29 05:15:00+00:00,2026-05-29 06:00:00+00:00,SELL,10.0,29.67
2026-05-29 05:30:00+00:00,2026-05-29 16:00:00+00:00,SELL,10.0,-28.39
2026-05-29 06:15:00+00:00,2026-05-29 07:00:00+00:00,SELL,10.0,23.3
2026-05-29 06:30:00+00:00,2026-05-29 17:00:00+00:00,SELL,10.0,24.73
2026-05-29 07:15:00+00:00,2026-05-29 08:00:00+00:00,SELL,10.0,29.66
2026-05-29 07:30:00+00:00,2026-05-29 18:00:00+00:00,SELL,10.0,23.28
2026-05-29 08:15:00+00:00,2026-05-29 09:00:00+00:00,SELL,10.0,23.4
2026-05-29 08:30:00+00:00,2026-05-29 19:00:00+00:00,SELL,10.0,24.94
2026-05-29 09:15:00+00:00,2026-05-29 10:00:00+00:00,BUY,10.0,-50.01
2026-05-29 09:30:00+00:00,2026-05-29 20:00:00+00:00,SELL,10.0,-13.68
2026-05-29 10:15:00+00:00,2026-05-29 11:00:00+00:00,SELL,10.0,-76.79
2026-05-29 10:30:00+00:00,2026-05-29 21:00:00+00:00,BUY,10.0,18.77
2026-05-29 11:15:00+00:00,2026-05-29 12:00:00+00:00,SELL,10.0,-98.18
2026-05-29 11:30:00+00:00,2026-05-29 22:00:00+00:00,BUY,10.0,-50.14
2026-05-29 12:15:00+00:00,2026-05-29 13:00:00+00:00,SELL,10.0,-10.8
2026-05-29 12:30:00+00:00,2026-05-29 23:00:00+00:00,BUY,10.0,-17.31
2026-05-29 13:15:00+00:00,2026-05-29 14:00:00+00:00,SELL,10.0,-84.24
2026-05-29 13:30:00+00:00,2026-05-30 00:00:00+00:00,BUY,10.0,29.36
2026-05-29 14:15:00+00:00,2026-05-29 15:00:00+00:00,BUY,10.0,-40.24
2026-05-29 14:30:00+00:00,2026-05-30 01:00:00+00:00,BUY,10.0,29.32
2026-05-29 15:15:00+00:00,2026-05-29 16:00:00+00:00,BUY,10.0,10.07
2026-05-29 15:30:00+00:00,2026-05-30 02:00:00+00:00,BUY,10.0,35.68
2026-05-29 16:15:00+00:00,2026-05-29 17:00:00+00:00,BUY,10.0,27.28
2026-05-29 16:30:00+00:00,2026-05-30 03:00:00+00:00,BUY,10.0,29.25
2026-05-29 17:15:00+00:00,2026-05-29 18:00:00+00:00,BUY,10.0,28.3
2026-05-29 17:30:00+00:00,2026-05-30 04:00:00+00:00,SELL,10.0,34.89
2026-05-29 18:15:00+00:00,2026-05-29 19:00:00+00:00,BUY,10.0,-25.41
2026-05-29 18:30:00+00:00,2026-05-30 05:00:00+00:00,BUY,10.0,32.55
2026-05-29 19:15:00+00:00,2026-05-29 20:00:00+00:00,BUY,10.0,8.52
2026-05-29 19:30:00+00:00,2026-05-30 06:00:00+00:00,BUY,10.0,41.39
2026-05-29 20:15:00+00:00,2026-05-29 21:00:00+00:00,SELL,10.0,15.5
2026-05-29 20:30:00+00:00,2026-05-30 07:00:00+00:00,SELL,10.0,35.57
2026-05-29 21:15:00+00:00,2026-05-29 22:00:00+00:00,SELL,10.0,-9.53
2026-05-29 21:30:00+00:00,2026-05-30 08:00:00+00:00,BUY,10.0,46.38
2026-05-29 22:15:00+00:00,2026-05-29 23:00:00+00:00,SELL,10.0,-6.01
2026-05-29 22:30:00+00:00,2026-05-30 09:00:00+00:00,BUY,10.0,36.93
2026-05-29 23:15:00+00:00,2026-05-30 00:00:00+00:00,SELL,10.0,26.0
2026-05-29 23:30:00+00:00,2026-05-30 10:00:00+00:00,BUY,10.0,44.6
2026-05-30 00:15:00+00:00,2026-05-30 01:00:00+00:00,SELL,10.0,26.45
2026-05-30 00:30:00+00:00,2026-05-30 11:00:00+00:00,BUY,10.0,30.86
2026-05-30 01:15:00+00:00,2026-05-30 02:00:00+00:00,SELL,10.0,28.16
2026-05-30 01:30:00+00:00,2026-05-30 12:00:00+00:00,SELL,10.0,19.54
2026-05-30 02:15:00+00:00,2026-05-30 03:00:00+00:00,SELL,10.0,24.5
2026-05-30 02:30:00+00:00,2026-05-30 13:00:00+00:00,SELL,10.0,28.94
2026-05-30 03:15:00+00:00,2026-05-30 04:00:00+00:00,BUY,10.0,26.06
2026-05-30 03:30:00+00:00,2026-05-30 14:00:00+00:00,SELL,10.0,21.1
2026-05-30 04:15:00+00:00,2026-05-30 05:00:00+00:00,SELL,10.0,27.21
2026-05-30 04:30:00+00:00,2026-05-30 15:00:00+00:00,SELL,10.0,20.65
2026-05-30 05:15:00+00:00,2026-05-30 06:00:00+00:00,SELL,10.0,33.97
2026-05-30 05:30:00+00:00,2026-05-30 16:00:00+00:00,SELL,10.0,26.5
2026-05-30 06:15:00+00:00,2026-05-30 07:00:00+00:00,BUY,10.0,28.3
2026-05-30 06:30:00+00:00,2026-05-30 17:00:00+00:00,BUY,10.0,36.57
2026-05-30 07:15:00+00:00,2026-05-30 08:00:00+00:00,SELL,10.0,68.91
2026-05-30 07:30:00+00:00,2026-05-30 18:00:00+00:00,SELL,10.0,40.26
2026-05-30 08:15:00+00:00,2026-05-30 09:00:00+00:00,SELL,10.0,30.48
2026-05-30 08:30:00+00:00,2026-05-30 19:00:00+00:00,SELL,10.0,27.44
2026-05-30 09:15:00+00:00,2026-05-30 10:00:00+00:00,SELL,10.0,35.56
2026-05-30 09:30:00+00:00,2026-05-30 20:00:00+00:00,BUY,10.0,35.76
2026-05-30 10:15:00+00:00,2026-05-30 11:00:00+00:00,SELL,10.0,27.9
2026-05-30 10:30:00+00:00,2026-05-30 21:00:00+00:00,SELL,10.0,33.99
2026-05-30 11:15:00+00:00,2026-05-30 12:00:00+00:00,BUY,10.0,26.97
2026-05-30 11:30:00+00:00,2026-05-30 22:00:00+00:00,BUY,10.0,35.38
2026-05-30 12:15:00+00:00,2026-05-30 13:00:00+00:00,BUY,10.0,21.21
2026-05-30 12:30:00+00:00,2026-05-30 23:00:00+00:00,BUY,10.0,28.14
2026-05-30 13:15:00+00:00,2026-05-30 14:00:00+00:00,BUY,10.0,20.32
2026-05-30 13:30:00+00:00,2026-05-31 00:00:00+00:00,BUY,10.0,-0.04
2026-05-30 14:15:00+00:00,2026-05-30 15:00:00+00:00,BUY,10.0,25.2
2026-05-30 14:30:00+00:00,2026-05-31 01:00:00+00:00,BUY,10.0,10.1
2026-05-30 15:15:00+00:00,2026-05-30 16:00:00+00:00,BUY,10.0,21.77
2026-05-30 15:30:00+00:00,2026-05-31 02:00:00+00:00,BUY,10.0,24.99
2026-05-30 16:15:00+00:00,2026-05-30 17:00:00+00:00,SELL,10.0,26.28
2026-05-30 16:30:00+00:00,2026-05-31 03:00:00+00:00,SELL,10.0,18.4
2026-05-30 17:15:00+00:00,2026-05-30 18:00:00+00:00,BUY,10.0,32.94
2026-05-30 17:30:00+00:00,2026-05-31 04:00:00+00:00,BUY,10.0,26.35
2026-05-30 18:15:00+00:00,2026-05-30 19:00:00+00:00,BUY,10.0,25.19
2026-05-30 18:30:00+00:00,2026-05-31 05:00:00+00:00,BUY,10.0,30.09
2026-05-30 19:15:00+00:00,2026-05-30 20:00:00+00:00,SELL,10.0,30.06
2026-05-30 19:30:00+00:00,2026-05-31 06:00:00+00:00,BUY,10.0,35.28
2026-05-30 20:15:00+00:00,2026-05-30 21:00:00+00:00,BUY,10.0,27.09
2026-05-30 20:30:00+00:00,2026-05-31 07:00:00+00:00,SELL,10.0,40.99
2026-05-30 21:15:00+00:00,2026-05-30 22:00:00+00:00,SELL,10.0,23.38
2026-05-30 21:30:00+00:00,2026-05-31 08:00:00+00:00,BUY,10.0,28.02
2026-05-30 22:15:00+00:00,2026-05-30 23:00:00+00:00,SELL,10.0,-13.35
2026-05-30 22:30:00+00:00,2026-05-31 09:00:00+00:00,BUY,10.0,32.32
2026-05-30 23:15:00+00:00,2026-05-31 00:00:00+00:00,SELL,10.0,38.02
2026-05-30 23:30:00+00:00,2026-05-31 10:00:00+00:00,BUY,10.0,23.05
2026-05-31 00:15:00+00:00,2026-05-31 01:00:00+00:00,SELL,10.0,17.23
2026-05-31 00:30:00+00:00,2026-05-31 11:00:00+00:00,BUY,10.0,27.4
2026-05-31 01:15:00+00:00,2026-05-31 02:00:00+00:00,SELL,10.0,27.4
2026-05-31 01:30:00+00:00,2026-05-31 12:00:00+00:00,BUY,10.0,19.77
2026-05-31 02:15:00+00:00,2026-05-31 03:00:00+00:00,BUY,10.0,20.86
2026-05-31 02:30:00+00:00,2026-05-31 13:00:00+00:00,SELL,10.0,30.86
2026-05-31 03:15:00+00:00,2026-05-31 04:00:00+00:00,SELL,10.0,27.25
2026-05-31 03:30:00+00:00,2026-05-31 14:00:00+00:00,BUY,10.0,24.62
2026-05-31 04:15:00+00:00,2026-05-31 05:00:00+00:00,SELL,10.0,33.16
2026-05-31 04:30:00+00:00,2026-05-31 15:00:00+00:00,SELL,10.0,23.9
2026-05-31 05:15:00+00:00,2026-05-31 06:00:00+00:00,SELL,10.0,37.35
2026-05-31 05:30:00+00:00,2026-05-31 16:00:00+00:00,BUY,10.0,14.2
2026-05-31 06:15:00+00:00,2026-05-31 07:00:00+00:00,BUY,10.0,39.45
2026-05-31 06:30:00+00:00,2026-05-31 17:00:00+00:00,BUY,10.0,37.72
2026-05-31 07:15:00+00:00,2026-05-31 08:00:00+00:00,SELL,10.0,30.44
2026-05-31 07:30:00+00:00,2026-05-31 18:00:00+00:00,SELL,10.0,30.95
2026-05-31 08:15:00+00:00,2026-05-31 09:00:00+00:00,SELL,10.0,32.29
2026-05-31 08:30:00+00:00,2026-05-31 19:00:00+00:00,SELL,10.0,29.85
2026-05-31 09:15:00+00:00,2026-05-31 10:00:00+00:00,SELL,10.0,31.43
2026-05-31 09:30:00+00:00,2026-05-31 20:00:00+00:00,BUY,10.0,30.38
2026-05-31 10:15:00+00:00,2026-05-31 11:00:00+00:00,SELL,10.0,25.52
2026-05-31 10:30:00+00:00,2026-05-31 21:00:00+00:00,BUY,10.0,22.82
2026-05-31 11:15:00+00:00,2026-05-31 12:00:00+00:00,SELL,10.0,23.78
2026-05-31 11:30:00+00:00,2026-05-31 22:00:00+00:00,SELL,10.0,25.02
2026-05-31 12:15:00+00:00,2026-05-31 13:00:00+00:00,BUY,10.0,23.11
2026-05-31 12:30:00+00:00,2026-05-31 23:00:00+00:00,BUY,10.0,24.25
2026-05-31 13:15:00+00:00,2026-05-31 14:00:00+00:00,SELL,10.0,13.44
2026-05-31 13:30:00+00:00,2026-06-01 00:00:00+00:00,BUY,10.0,23.15
2026-05-31 14:15:00+00:00,2026-05-31 15:00:00+00:00,BUY,10.0,28.27
2026-05-31 14:30:00+00:00,2026-06-01 01:00:00+00:00,SELL,10.0,27.08
2026-05-31 15:15:00+00:00,2026-05-31 16:00:00+00:00,SELL,10.0,24.93
2026-05-31 15:30:00+00:00,2026-06-01 02:00:00+00:00,BUY,10.0,19.48
2026-05-31 16:15:00+00:00,2026-05-31 17:00:00+00:00,SELL,10.0,37.81
2026-05-31 16:30:00+00:00,2026-06-01 03:00:00+00:00,BUY,10.0,29.42
2026-05-31 17:15:00+00:00,2026-05-31 18:00:00+00:00,BUY,10.0,28.79
2026-05-31 17:30:00+00:00,2026-06-01 04:00:00+00:00,BUY,10.0,20.69
2026-05-31 18:15:00+00:00,2026-05-31 19:00:00+00:00,BUY,10.0,32.46
2026-05-31 18:30:00+00:00,2026-06-01 05:00:00+00:00,BUY,10.0,36.63
2026-05-31 19:15:00+00:00,2026-05-31 20:00:00+00:00,SELL,10.0,31.94
2026-05-31 19:30:00+00:00,2026-06-01 06:00:00+00:00,SELL,10.0,37.24
2026-05-31 20:15:00+00:00,2026-05-31 21:00:00+00:00,SELL,10.0,26.04
2026-05-31 20:30:00+00:00,2026-06-01 07:00:00+00:00,SELL,10.0,23.25
2026-05-31 21:15:00+00:00,2026-05-31 22:00:00+00:00,BUY,10.0,25.17
2026-05-31 21:30:00+00:00,2026-06-01 08:00:00+00:00,BUY,10.0,28.02
2026-05-31 22:15:00+00:00,2026-05-31 23:00:00+00:00,SELL,10.0,23.24
2026-05-31 22:30:00+00:00,2026-06-01 09:00:00+00:00,BUY,10.0,14.2
2026-05-31 23:15:00+00:00,2026-06-01 00:00:00+00:00,SELL,10.0,24.25
2026-05-31 23:30:00+00:00,2026-06-01 10:00:00+00:00,BUY,10.0,-41.67
2026-06-01 00:15:00+00:00,2026-06-01 01:00:00+00:00,BUY,10.0,21.7
2026-06-01 00:30:00+00:00,2026-06-01 11:00:00+00:00,BUY,10.0,-99.41
2026-06-01 01:15:00+00:00,2026-06-01 02:00:00+00:00,SELL,10.0,18.03
2026-06-01 01:30:00+00:00,2026-06-01 12:00:00+00:00,SELL,10.0,-106.09
2026-06-01 02:15:00+00:00,2026-06-01 03:00:00+00:00,SELL,10.0,27.4
2026-06-01 02:30:00+00:00,2026-06-01 13:00:00+00:00,SELL,10.0,-127.15
2026-06-01 03:15:00+00:00,2026-06-01 04:00:00+00:00,SELL,10.0,16.02
2026-06-01 03:30:00+00:00,2026-06-01 14:00:00+00:00,SELL,10.0,-49.23
2026-06-01 04:15:00+00:00,2026-06-01 05:00:00+00:00,SELL,10.0,35.16
2026-06-01 04:30:00+00:00,2026-06-01 15:00:00+00:00,SELL,10.0,-76.81
2026-06-01 05:15:00+00:00,2026-06-01 06:00:00+00:00,BUY,10.0,33.22
2026-06-01 05:30:00+00:00,2026-06-01 16:00:00+00:00,BUY,10.0,3.17
2026-06-01 06:15:00+00:00,2026-06-01 07:00:00+00:00,BUY,10.0,28.67
2026-06-01 06:30:00+00:00,2026-06-01 17:00:00+00:00,BUY,10.0,-7.17
2026-06-01 07:15:00+00:00,2026-06-01 08:00:00+00:00,SELL,10.0,28.47
2026-06-01 07:30:00+00:00,2026-06-01 18:00:00+00:00,BUY,10.0,32.47
2026-06-01 08:15:00+00:00,2026-06-01 09:00:00+00:00,SELL,10.0,64.16
2026-06-01 08:30:00+00:00,2026-06-01 19:00:00+00:00,BUY,10.0,26.44
2026-06-01 09:15:00+00:00,2026-06-01 10:00:00+00:00,SELL,10.0,85.19
2026-06-01 09:30:00+00:00,2026-06-01 20:00:00+00:00,BUY,10.0,34.73
2026-06-01 10:15:00+00:00,2026-06-01 11:00:00+00:00,SELL,10.0,-33.7
2026-06-01 10:30:00+00:00,2026-06-01 21:00:00+00:00,SELL,10.0,24.67
2026-06-01 11:15:00+00:00,2026-06-01 12:00:00+00:00,BUY,10.0,-59.81
2026-06-01 11:30:00+00:00,2026-06-01 22:00:00+00:00,SELL,10.0,28.13
2026-06-01 12:15:00+00:00,2026-06-01 13:00:00+00:00,BUY,10.0,-106.22
2026-06-01 12:30:00+00:00,2026-06-01 23:00:00+00:00,BUY,10.0,22.84
2026-06-01 13:15:00+00:00,2026-06-01 14:00:00+00:00,BUY,10.0,-14.52
2026-06-01 13:30:00+00:00,2026-06-02 00:00:00+00:00,BUY,10.0,34.65
2026-06-01 14:15:00+00:00,2026-06-01 15:00:00+00:00,BUY,10.0,2.61
2026-06-01 14:30:00+00:00,2026-06-02 01:00:00+00:00,SELL,10.0,36.76
2026-06-01 15:15:00+00:00,2026-06-01 16:00:00+00:00,SELL,10.0,25.74
2026-06-01 15:30:00+00:00,2026-06-02 02:00:00+00:00,SELL,10.0,34.12
2026-06-01 16:15:00+00:00,2026-06-01 17:00:00+00:00,SELL,10.0,51.05
2026-06-01 16:30:00+00:00,2026-06-02 03:00:00+00:00,BUY,10.0,40.2
2026-06-01 17:15:00+00:00,2026-06-01 18:00:00+00:00,SELL,10.0,30.05
2026-06-01 17:30:00+00:00,2026-06-02 04:00:00+00:00,BUY,10.0,37.43
2026-06-01 18:15:00+00:00,2026-06-01 19:00:00+00:00,SELL,10.0,31.3
2026-06-01 18:30:00+00:00,2026-06-02 05:00:00+00:00,BUY,10.0,49.29
2026-06-01 19:15:00+00:00,2026-06-01 20:00:00+00:00,SELL,10.0,33.77
2026-06-01 19:30:00+00:00,2026-06-02 06:00:00+00:00,SELL,10.0,46.01
2026-06-01 20:15:00+00:00,2026-06-01 21:00:00+00:00,BUY,10.0,25.89
2026-06-01 20:30:00+00:00,2026-06-02 07:00:00+00:00,SELL,10.0,41.2
2026-06-01 21:15:00+00:00,2026-06-01 22:00:00+00:00,BUY,10.0,24.55
2026-06-01 21:30:00+00:00,2026-06-02 08:00:00+00:00,SELL,10.0,48.39
2026-06-01 22:15:00+00:00,2026-06-01 23:00:00+00:00,SELL,10.0,23.72
2026-06-01 22:30:00+00:00,2026-06-02 09:00:00+00:00,BUY,10.0,44.67
2026-06-01 23:15:00+00:00,2026-06-02 00:00:00+00:00,SELL,10.0,32.58
2026-06-01 23:30:00+00:00,2026-06-02 10:00:00+00:00,SELL,10.0,38.19
2026-06-02 00:15:00+00:00,2026-06-02 01:00:00+00:00,BUY,10.0,33.44
2026-06-02 00:30:00+00:00,2026-06-02 11:00:00+00:00,BUY,10.0,29.53
2026-06-02 01:15:00+00:00,2026-06-02 02:00:00+00:00,BUY,10.0,35.11
2026-06-02 01:30:00+00:00,2026-06-02 12:00:00+00:00,SELL,10.0,32.14
2026-06-02 02:15:00+00:00,2026-06-02 03:00:00+00:00,SELL,10.0,38.08
2026-06-02 02:30:00+00:00,2026-06-02 13:00:00+00:00,BUY,10.0,29.63
2026-06-02 03:15:00+00:00,2026-06-02 04:00:00+00:00,SELL,10.0,36.43
2026-06-02 03:30:00+00:00,2026-06-02 14:00:00+00:00,BUY,10.0,27.05
2026-06-02 04:15:00+00:00,2026-06-02 05:00:00+00:00,SELL,10.0,44.25
2026-06-02 04:30:00+00:00,2026-06-02 15:00:00+00:00,BUY,10.0,33.46
2026-06-02 05:15:00+00:00,2026-06-02 06:00:00+00:00,BUY,10.0,74.56
2026-06-02 05:30:00+00:00,2026-06-02 16:00:00+00:00,SELL,10.0,36.36
2026-06-02 06:15:00+00:00,2026-06-02 07:00:00+00:00,BUY,10.0,47.71
2026-06-02 06:30:00+00:00,2026-06-02 17:00:00+00:00,BUY,10.0,43.48
2026-06-02 07:15:00+00:00,2026-06-02 08:00:00+00:00,BUY,10.0,47.52
2026-06-02 07:30:00+00:00,2026-06-02 18:00:00+00:00,BUY,10.0,52.18
2026-06-02 08:15:00+00:00,2026-06-02 09:00:00+00:00,SELL,10.0,42.76
2026-06-02 08:30:00+00:00,2026-06-02 19:00:00+00:00,SELL,10.0,50.87
2026-06-02 09:15:00+00:00,2026-06-02 10:00:00+00:00,BUY,10.0,36.16
2026-06-02 09:30:00+00:00,2026-06-02 20:00:00+00:00,SELL,10.0,43.35
2026-06-02 10:15:00+00:00,2026-06-02 11:00:00+00:00,SELL,10.0,35.54
2026-06-02 10:30:00+00:00,2026-06-02 21:00:00+00:00,BUY,10.0,35.8
2026-06-02 11:15:00+00:00,2026-06-02 12:00:00+00:00,BUY,10.0,35.22
2026-06-02 11:30:00+00:00,2026-06-02 22:00:00+00:00,BUY,10.0,41.65
2026-06-02 12:15:00+00:00,2026-06-02 13:00:00+00:00,SELL,10.0,94.08
2026-06-02 12:30:00+00:00,2026-06-02 23:00:00+00:00,BUY,10.0,39.15
2026-06-02 13:15:00+00:00,2026-06-02 14:00:00+00:00,SELL,10.0,31.06
2026-06-02 13:30:00+00:00,2026-06-03 00:00:00+00:00,SELL,10.0,31.97
2026-06-02 14:15:00+00:00,2026-06-02 15:00:00+00:00,SELL,10.0,37.91
2026-06-02 14:30:00+00:00,2026-06-03 01:00:00+00:00,BUY,10.0,36.14
2026-06-02 15:15:00+00:00,2026-06-02 16:00:00+00:00,BUY,10.0,37.98
2026-06-02 15:30:00+00:00,2026-06-03 02:00:00+00:00,BUY,10.0,30.77
2026-06-02 16:15:00+00:00,2026-06-02 17:00:00+00:00,SELL,10.0,40.23
2026-06-02 16:30:00+00:00,2026-06-03 03:00:00+00:00,BUY,10.0,38.98
2026-06-02 17:15:00+00:00,2026-06-02 18:00:00+00:00,SELL,10.0,47.83
2026-06-02 17:30:00+00:00,2026-06-03 04:00:00+00:00,SELL,10.0,37.24
2026-06-02 18:15:00+00:00,2026-06-02 19:00:00+00:00,BUY,10.0,47.64
2026-06-02 18:30:00+00:00,2026-06-03 05:00:00+00:00,BUY,10.0,44.51
2026-06-02 19:15:00+00:00,2026-06-02 20:00:00+00:00,BUY,10.0,37.65
2026-06-02 19:30:00+00:00,2026-06-03 06:00:00+00:00,SELL,10.0,45.22
2026-06-02 20:15:00+00:00,2026-06-02 21:00:00+00:00,SELL,10.0,34.48
2026-06-02 20:30:00+00:00,2026-06-03 07:00:00+00:00,BUY,10.0,42.32
2026-06-02 21:15:00+00:00,2026-06-02 22:00:00+00:00,SELL,10.0,36.78
2026-06-02 21:30:00+00:00,2026-06-03 08:00:00+00:00,SELL,10.0,55.77
2026-06-02 22:15:00+00:00,2026-06-02 23:00:00+00:00,SELL,10.0,34.93
2026-06-02 22:30:00+00:00,2026-06-03 09:00:00+00:00,BUY,10.0,49.19
2026-06-02 23:15:00+00:00,2026-06-03 00:00:00+00:00,BUY,10.0,41.07
2026-06-02 23:30:00+00:00,2026-06-03 10:00:00+00:00,SELL,10.0,46.76
2026-06-03 00:15:00+00:00,2026-06-03 01:00:00+00:00,SELL,10.0,42.33
2026-06-03 00:30:00+00:00,2026-06-03 11:00:00+00:00,BUY,10.0,45.99
2026-06-03 01:15:00+00:00,2026-06-03 02:00:00+00:00,SELL,10.0,39.65
2026-06-03 01:30:00+00:00,2026-06-03 12:00:00+00:00,BUY,10.0,41.06
2026-06-03 02:15:00+00:00,2026-06-03 03:00:00+00:00,SELL,10.0,43.99
2026-06-03 02:30:00+00:00,2026-06-03 13:00:00+00:00,SELL,10.0,51.47
2026-06-03 03:15:00+00:00,2026-06-03 04:00:00+00:00,BUY,10.0,40.76
2026-06-03 03:30:00+00:00,2026-06-03 14:00:00+00:00,SELL,10.0,40.38
2026-06-03 04:15:00+00:00,2026-06-03 05:00:00+00:00,SELL,10.0,51.07
2026-06-03 04:30:00+00:00,2026-06-03 15:00:00+00:00,BUY,10.0,33.39
2026-06-03 05:15:00+00:00,2026-06-03 06:00:00+00:00,BUY,10.0,50.2
2026-06-03 05:30:00+00:00,2026-06-03 16:00:00+00:00,SELL,10.0,44.7
2026-06-03 06:15:00+00:00,2026-06-03 07:00:00+00:00,SELL,10.0,48.37
2026-06-03 06:30:00+00:00,2026-06-03 17:00:00+00:00,BUY,10.0,38.93
2026-06-03 07:15:00+00:00,2026-06-03 08:00:00+00:00,BUY,10.0,105.15
2026-06-03 07:30:00+00:00,2026-06-03 18:00:00+00:00,BUY,10.0,54.39
2026-06-03 08:15:00+00:00,2026-06-03 09:00:00+00:00,SELL,10.0,44.48
2026-06-03 08:30:00+00:00,2026-06-03 19:00:00+00:00,BUY,10.0,41.92
2026-06-03 09:15:00+00:00,2026-06-03 10:00:00+00:00,BUY,10.0,39.99
2026-06-03 09:30:00+00:00,2026-06-03 20:00:00+00:00,SELL,10.0,45.76
2026-06-03 10:15:00+00:00,2026-06-03 11:00:00+00:00,SELL,10.0,39.69
2026-06-03 10:30:00+00:00,2026-06-03 21:00:00+00:00,SELL,10.0,36.2
2026-06-03 11:15:00+00:00,2026-06-03 12:00:00+00:00,SELL,10.0,39.11
2026-06-03 11:30:00+00:00,2026-06-03 22:00:00+00:00,BUY,10.0,37.34
2026-06-03 12:15:00+00:00,2026-06-03 13:00:00+00:00,BUY,10.0,35.16
2026-06-03 12:30:00+00:00,2026-06-03 23:00:00+00:00,BUY,10.0,35.0
2026-06-03 13:15:00+00:00,2026-06-03 14:00:00+00:00,BUY,10.0,35.69
2026-06-03 13:30:00+00:00,2026-06-04 00:00:00+00:00,SELL,10.0,48.08
2026-06-03 14:15:00+00:00,2026-06-03 15:00:00+00:00,SELL,10.0,33.14
2026-06-03 14:30:00+00:00,2026-06-04 01:00:00+00:00,SELL,10.0,47.22
2026-06-03 15:15:00+00:00,2026-06-03 16:00:00+00:00,BUY,10.0,26.07
2026-06-03 15:30:00+00:00,2026-06-04 02:00:00+00:00,BUY,10.0,45.88
2026-06-03 16:15:00+00:00,2026-06-03 17:00:00+00:00,SELL,10.0,43.95
2026-06-03 16:30:00+00:00,2026-06-04 03:00:00+00:00,BUY,10.0,54.1
2026-06-03 17:15:00+00:00,2026-06-03 18:00:00+00:00,SELL,10.0,60.26
2026-06-03 17:30:00+00:00,2026-06-04 04:00:00+00:00,BUY,10.0,53.73
2026-06-03 18:15:00+00:00,2026-06-03 19:00:00+00:00,SELL,10.0,51.06
2026-06-03 18:30:00+00:00,2026-06-04 05:00:00+00:00,BUY,10.0,51.29
2026-06-03 19:15:00+00:00,2026-06-03 20:00:00+00:00,BUY,10.0,46.73
2026-06-03 19:30:00+00:00,2026-06-04 06:00:00+00:00,BUY,10.0,69.15
2026-06-03 20:15:00+00:00,2026-06-03 21:00:00+00:00,BUY,10.0,42.78
2026-06-03 20:30:00+00:00,2026-06-04 07:00:00+00:00,BUY,10.0,54.45
2026-06-03 21:15:00+00:00,2026-06-03 22:00:00+00:00,SELL,10.0,42.0
2026-06-03 21:30:00+00:00,2026-06-04 08:00:00+00:00,SELL,10.0,68.69
2026-06-03 22:15:00+00:00,2026-06-03 23:00:00+00:00,SELL,10.0,38.54
2026-06-03 22:30:00+00:00,2026-06-04 09:00:00+00:00,SELL,10.0,55.15
2026-06-03 23:15:00+00:00,2026-06-04 00:00:00+00:00,BUY,10.0,37.81
2026-06-03 23:30:00+00:00,2026-06-04 10:00:00+00:00,BUY,10.0,56.52
2026-06-04 00:15:00+00:00,2026-06-04 01:00:00+00:00,BUY,10.0,126.02
2026-06-04 00:30:00+00:00,2026-06-04 11:00:00+00:00,SELL,10.0,44.78
2026-06-04 01:15:00+00:00,2026-06-04 02:00:00+00:00,SELL,10.0,41.73
2026-06-04 01:30:00+00:00,2026-06-04 12:00:00+00:00,BUY,10.0,45.45
2026-06-04 02:15:00+00:00,2026-06-04 03:00:00+00:00,SELL,10.0,42.61
2026-06-04 02:30:00+00:00,2026-06-04 13:00:00+00:00,SELL,10.0,48.1
2026-06-04 03:15:00+00:00,2026-06-04 04:00:00+00:00,SELL,10.0,41.54
2026-06-04 03:30:00+00:00,2026-06-04 14:00:00+00:00,SELL,10.0,48.23
2026-06-04 04:15:00+00:00,2026-06-04 05:00:00+00:00,SELL,10.0,41.52
2026-06-04 04:30:00+00:00,2026-06-04 15:00:00+00:00,BUY,10.0,38.84
2026-06-04 05:15:00+00:00,2026-06-04 06:00:00+00:00,SELL,10.0,116.79
2026-06-04 05:30:00+00:00,2026-06-04 16:00:00+00:00,BUY,10.0,49.54
2026-06-04 06:15:00+00:00,2026-06-04 07:00:00+00:00,SELL,10.0,48.35
2026-06-04 06:30:00+00:00,2026-06-04 17:00:00+00:00,BUY,10.0,50.29
2026-06-04 07:15:00+00:00,2026-06-04 08:00:00+00:00,BUY,10.0,51.06
2026-06-04 07:30:00+00:00,2026-06-04 18:00:00+00:00,SELL,10.0,56.77
2026-06-04 08:15:00+00:00,2026-06-04 09:00:00+00:00,BUY,10.0,84.3
2026-06-04 08:30:00+00:00,2026-06-04 19:00:00+00:00,BUY,10.0,59.19
2026-06-04 09:15:00+00:00,2026-06-04 10:00:00+00:00,SELL,10.0,38.78
2026-06-04 09:30:00+00:00,2026-06-04 20:00:00+00:00,SELL,10.0,56.65
2026-06-04 10:15:00+00:00,2026-06-04 11:00:00+00:00,BUY,10.0,34.03
2026-06-04 10:30:00+00:00,2026-06-04 21:00:00+00:00,BUY,10.0,46.69
2026-06-04 11:15:00+00:00,2026-06-04 12:00:00+00:00,SELL,10.0,30.46
2026-06-04 11:30:00+00:00,2026-06-04 22:00:00+00:00,SELL,10.0,45.18
2026-06-04 12:15:00+00:00,2026-06-04 13:00:00+00:00,BUY,10.0,31.35
2026-06-04 12:30:00+00:00,2026-06-04 23:00:00+00:00,SELL,10.0,50.94
2026-06-04 13:15:00+00:00,2026-06-04 14:00:00+00:00,BUY,10.0,36.06
2026-06-04 13:30:00+00:00,2026-06-05 00:00:00+00:00,SELL,10.0,46.39
2026-06-04 14:15:00+00:00,2026-06-04 15:00:00+00:00,SELL,10.0,31.99
2026-06-04 14:30:00+00:00,2026-06-05 01:00:00+00:00,BUY,10.0,46.78
2026-06-04 15:15:00+00:00,2026-06-04 16:00:00+00:00,SELL,10.0,39.52
2026-06-04 15:30:00+00:00,2026-06-05 02:00:00+00:00,BUY,10.0,51.35
2026-06-04 16:15:00+00:00,2026-06-04 17:00:00+00:00,SELL,10.0,39.04
2026-06-04 16:30:00+00:00,2026-06-05 03:00:00+00:00,BUY,10.0,50.86
2026-06-04 17:15:00+00:00,2026-06-04 18:00:00+00:00,BUY,10.0,49.88
2026-06-04 17:30:00+00:00,2026-06-05 04:00:00+00:00,SELL,10.0,53.97
2026-06-04 18:15:00+00:00,2026-06-04 19:00:00+00:00,SELL,10.0,189.07
2026-06-04 18:30:00+00:00,2026-06-05 05:00:00+00:00,BUY,10.0,66.45
2026-06-04 19:15:00+00:00,2026-06-04 20:00:00+00:00,BUY,10.0,24.66
2026-06-04 19:30:00+00:00,2026-06-05 06:00:00+00:00,BUY,10.0,61.99
2026-06-04 20:15:00+00:00,2026-06-04 21:00:00+00:00,SELL,10.0,37.99
2026-06-04 20:30:00+00:00,2026-06-05 07:00:00+00:00,BUY,10.0,57.72
2026-06-04 21:15:00+00:00,2026-06-04 22:00:00+00:00,BUY,10.0,35.69
2026-06-04 21:30:00+00:00,2026-06-05 08:00:00+00:00,BUY,10.0,47.31
2026-06-04 22:15:00+00:00,2026-06-04 23:00:00+00:00,BUY,10.0,41.68
2026-06-04 22:30:00+00:00,2026-06-05 09:00:00+00:00,SELL,10.0,46.08
2026-06-04 23:15:00+00:00,2026-06-05 00:00:00+00:00,BUY,10.0,39.33
2026-06-04 23:30:00+00:00,2026-06-05 10:00:00+00:00,SELL,10.0,43.3
2026-06-05 00:15:00+00:00,2026-06-05 01:00:00+00:00,SELL,10.0,36.35
2026-06-05 00:30:00+00:00,2026-06-05 11:00:00+00:00,SELL,10.0,40.34
2026-06-05 01:15:00+00:00,2026-06-05 02:00:00+00:00,SELL,10.0,41.06
2026-06-05 01:30:00+00:00,2026-06-05 12:00:00+00:00,SELL,10.0,33.03
2026-06-05 02:15:00+00:00,2026-06-05 03:00:00+00:00,SELL,10.0,41.65
2026-06-05 02:30:00+00:00,2026-06-05 13:00:00+00:00,SELL,10.0,29.57
2026-06-05 03:15:00+00:00,2026-06-05 04:00:00+00:00,BUY,10.0,11.24
2026-06-05 03:30:00+00:00,2026-06-05 14:00:00+00:00,SELL,10.0,37.79
2026-06-05 04:15:00+00:00,2026-06-05 05:00:00+00:00,SELL,10.0,51.04
2026-06-05 04:30:00+00:00,2026-06-05 15:00:00+00:00,SELL,10.0,41.33
2026-06-05 05:15:00+00:00,2026-06-05 06:00:00+00:00,SELL,10.0,50.84
2026-06-05 05:30:00+00:00,2026-06-05 16:00:00+00:00,SELL,10.0,46.15
2026-06-05 06:15:00+00:00,2026-06-05 07:00:00+00:00,SELL,10.0,47.94
2026-06-05 06:30:00+00:00,2026-06-05 17:00:00+00:00,SELL,10.0,50.67
2026-06-05 07:15:00+00:00,2026-06-05 08:00:00+00:00,SELL,10.0,37.27
2026-06-05 07:30:00+00:00,2026-06-05 18:00:00+00:00,BUY,10.0,63.57
2026-06-05 08:15:00+00:00,2026-06-05 09:00:00+00:00,BUY,10.0,39.73
2026-06-05 08:30:00+00:00,2026-06-05 19:00:00+00:00,BUY,10.0,55.3
2026-06-05 09:15:00+00:00,2026-06-05 10:00:00+00:00,BUY,10.0,34.38
2026-06-05 09:30:00+00:00,2026-06-05 20:00:00+00:00,SELL,10.0,48.54
2026-06-05 10:15:00+00:00,2026-06-05 11:00:00+00:00,BUY,10.0,35.43
2026-06-05 10:30:00+00:00,2026-06-05 21:00:00+00:00,BUY,10.0,48.07
2026-06-05 11:15:00+00:00,2026-06-05 12:00:00+00:00,BUY,10.0,30.71
2026-06-05 11:30:00+00:00,2026-06-05 22:00:00+00:00,BUY,10.0,44.61
2026-06-05 12:15:00+00:00,2026-06-05 13:00:00+00:00,BUY,10.0,24.71
2026-06-05 12:30:00+00:00,2026-06-05 23:00:00+00:00,SELL,10.0,47.62
2026-06-05 13:15:00+00:00,2026-06-05 14:00:00+00:00,BUY,10.0,29.71
2026-06-05 13:30:00+00:00,2026-06-06 00:00:00+00:00,SELL,10.0,45.56
2026-06-05 14:15:00+00:00,2026-06-05 15:00:00+00:00,BUY,10.0,32.52
2026-06-05 14:30:00+00:00,2026-06-06 01:00:00+00:00,SELL,10.0,48.35
2026-06-05 15:15:00+00:00,2026-06-05 16:00:00+00:00,BUY,10.0,41.39
2026-06-05 15:30:00+00:00,2026-06-06 02:00:00+00:00,SELL,10.0,43.09
2026-06-05 16:15:00+00:00,2026-06-05 17:00:00+00:00,BUY,10.0,48.48
2026-06-05 16:30:00+00:00,2026-06-06 03:00:00+00:00,BUY,10.0,40.92
2026-06-05 17:15:00+00:00,2026-06-05 18:00:00+00:00,SELL,10.0,112.8
2026-06-05 17:30:00+00:00,2026-06-06 04:00:00+00:00,BUY,10.0,47.36
2026-06-05 18:15:00+00:00,2026-06-05 19:00:00+00:00,SELL,10.0,49.79
2026-06-05 18:30:00+00:00,2026-06-06 05:00:00+00:00,SELL,10.0,48.81
2026-06-05 19:15:00+00:00,2026-06-05 20:00:00+00:00,BUY,10.0,47.76
2026-06-05 19:30:00+00:00,2026-06-06 06:00:00+00:00,BUY,10.0,54.42
2026-06-05 20:15:00+00:00,2026-06-05 21:00:00+00:00,SELL,10.0,12.37
2026-06-05 20:30:00+00:00,2026-06-06 07:00:00+00:00,SELL,10.0,57.23
2026-06-05 21:15:00+00:00,2026-06-05 22:00:00+00:00,SELL,10.0,43.01
2026-06-05 21:30:00+00:00,2026-06-06 08:00:00+00:00,SELL,10.0,45.63
2026-06-05 22:15:00+00:00,2026-06-05 23:00:00+00:00,BUY,10.0,42.22
2026-06-05 22:30:00+00:00,2026-06-06 09:00:00+00:00,SELL,10.0,51.55
2026-06-05 23:15:00+00:00,2026-06-06 00:00:00+00:00,BUY,10.0,41.38
2026-06-05 23:30:00+00:00,2026-06-06 10:00:00+00:00,BUY,10.0,47.25
2026-06-06 00:15:00+00:00,2026-06-06 01:00:00+00:00,BUY,10.0,43.74
2026-06-06 00:30:00+00:00,2026-06-06 11:00:00+00:00,BUY,10.0,37.2
2026-06-06 01:15:00+00:00,2026-06-06 02:00:00+00:00,BUY,10.0,41.71
2026-06-06 01:30:00+00:00,2026-06-06 12:00:00+00:00,BUY,10.0,45.31
2026-06-06 02:15:00+00:00,2026-06-06 03:00:00+00:00,SELL,10.0,41.21
2026-06-06 02:30:00+00:00,2026-06-06 13:00:00+00:00,SELL,10.0,34.44
2026-06-06 03:15:00+00:00,2026-06-06 04:00:00+00:00,SELL,10.0,124.47
2026-06-06 03:30:00+00:00,2026-06-06 14:00:00+00:00,SELL,10.0,31.19
2026-06-06 04:15:00+00:00,2026-06-06 05:00:00+00:00,BUY,10.0,50.84
2026-06-06 04:30:00+00:00,2026-06-06 15:00:00+00:00,BUY,10.0,40.31
2026-06-06 05:15:00+00:00,2026-06-06 06:00:00+00:00,SELL,10.0,49.44
2026-06-06 05:30:00+00:00,2026-06-06 16:00:00+00:00,BUY,10.0,39.78
2026-06-06 06:15:00+00:00,2026-06-06 07:00:00+00:00,BUY,10.0,52.94
2026-06-06 06:30:00+00:00,2026-06-06 17:00:00+00:00,BUY,10.0,55.41
2026-06-06 07:15:00+00:00,2026-06-06 08:00:00+00:00,BUY,10.0,44.91
2026-06-06 07:30:00+00:00,2026-06-06 18:00:00+00:00,SELL,10.0,48.71
2026-06-06 08:15:00+00:00,2026-06-06 09:00:00+00:00,BUY,10.0,41.67
2026-06-06 08:30:00+00:00,2026-06-06 19:00:00+00:00,SELL,10.0,58.82
2026-06-06 09:15:00+00:00,2026-06-06 10:00:00+00:00,SELL,10.0,39.35
2026-06-06 09:30:00+00:00,2026-06-06 20:00:00+00:00,BUY,10.0,51.59
2026-06-06 10:15:00+00:00,2026-06-06 11:00:00+00:00,SELL,10.0,33.83
2026-06-06 10:30:00+00:00,2026-06-06 21:00:00+00:00,SELL,10.0,50.88
2026-06-06 11:15:00+00:00,2026-06-06 12:00:00+00:00,SELL,10.0,30.73
2026-06-06 11:30:00+00:00,2026-06-06 22:00:00+00:00,SELL,10.0,45.72
2026-06-06 12:15:00+00:00,2026-06-06 13:00:00+00:00,BUY,10.0,31.75
2026-06-06 12:30:00+00:00,2026-06-06 23:00:00+00:00,SELL,10.0,41.2
2026-06-06 13:15:00+00:00,2026-06-06 14:00:00+00:00,BUY,10.0,23.75
2026-06-06 13:30:00+00:00,2026-06-07 00:00:00+00:00,SELL,10.0,34.0
2026-06-06 14:15:00+00:00,2026-06-06 15:00:00+00:00,SELL,10.0,31.18
2026-06-06 14:30:00+00:00,2026-06-07 01:00:00+00:00,SELL,10.0,36.04
2026-06-06 15:15:00+00:00,2026-06-06 16:00:00+00:00,SELL,10.0,37.48
2026-06-06 15:30:00+00:00,2026-06-07 02:00:00+00:00,SELL,10.0,37.73
2026-06-06 16:15:00+00:00,2026-06-06 17:00:00+00:00,SELL,10.0,53.06
2026-06-06 16:30:00+00:00,2026-06-07 03:00:00+00:00,BUY,10.0,46.06
2026-06-06 17:15:00+00:00,2026-06-06 18:00:00+00:00,BUY,10.0,48.83
2026-06-06 17:30:00+00:00,2026-06-07 04:00:00+00:00,SELL,10.0,42.0
2026-06-06 18:15:00+00:00,2026-06-06 19:00:00+00:00,BUY,10.0,57.33
2026-06-06 18:30:00+00:00,2026-06-07 05:00:00+00:00,BUY,10.0,43.3
2026-06-06 19:15:00+00:00,2026-06-06 20:00:00+00:00,SELL,10.0,92.75
2026-06-06 19:30:00+00:00,2026-06-07 06:00:00+00:00,SELL,10.0,55.56
2026-06-06 20:15:00+00:00,2026-06-06 21:00:00+00:00,BUY,10.0,49.76
2026-06-06 20:30:00+00:00,2026-06-07 07:00:00+00:00,BUY,10.0,42.22
2026-06-06 21:15:00+00:00,2026-06-06 22:00:00+00:00,BUY,10.0,40.54
2026-06-06 21:30:00+00:00,2026-06-07 08:00:00+00:00,BUY,10.0,47.97
2026-06-06 22:15:00+00:00,2026-06-06 23:00:00+00:00,BUY,10.0,40.23
2026-06-06 22:30:00+00:00,2026-06-07 09:00:00+00:00,SELL,10.0,37.95
2026-06-06 23:15:00+00:00,2026-06-07 00:00:00+00:00,BUY,10.0,39.12
2026-06-06 23:30:00+00:00,2026-06-07 10:00:00+00:00,SELL,10.0,38.06
2026-06-07 00:15:00+00:00,2026-06-07 01:00:00+00:00,BUY,10.0,40.08
2026-06-07 00:30:00+00:00,2026-06-07 11:00:00+00:00,BUY,10.0,28.9
2026-06-07 01:15:00+00:00,2026-06-07 02:00:00+00:00,BUY,10.0,44.77
2026-06-07 01:30:00+00:00,2026-06-07 12:00:00+00:00,SELL,10.0,28.3
2026-06-07 02:15:00+00:00,2026-06-07 03:00:00+00:00,SELL,10.0,46.12
2026-06-07 02:30:00+00:00,2026-06-07 13:00:00+00:00,BUY,10.0,34.34
2026-06-07 03:15:00+00:00,2026-06-07 04:00:00+00:00,BUY,10.0,46.58
2026-06-07 03:30:00+00:00,2026-06-07 14:00:00+00:00,BUY,10.0,35.32
2026-06-07 04:15:00+00:00,2026-06-07 05:00:00+00:00,SELL,10.0,51.41
2026-06-07 04:30:00+00:00,2026-06-07 15:00:00+00:00,SELL,10.0,28.26
2026-06-07 05:15:00+00:00,2026-06-07 06:00:00+00:00,BUY,10.0,153.49
2026-06-07 05:30:00+00:00,2026-06-07 16:00:00+00:00,BUY,10.0,36.34
2026-06-07 06:15:00+00:00,2026-06-07 07:00:00+00:00,SELL,10.0,51.84
2026-06-07 06:30:00+00:00,2026-06-07 17:00:00+00:00,BUY,10.0,43.35
2026-06-07 07:15:00+00:00,2026-06-07 08:00:00+00:00,SELL,10.0,46.43
2026-06-07 07:30:00+00:00,2026-06-07 18:00:00+00:00,BUY,10.0,42.09
2026-06-07 08:15:00+00:00,2026-06-07 09:00:00+00:00,BUY,10.0,44.37
2026-06-07 08:30:00+00:00,2026-06-07 19:00:00+00:00,SELL,10.0,46.01
2026-06-07 09:15:00+00:00,2026-06-07 10:00:00+00:00,BUY,10.0,41.14
2026-06-07 09:30:00+00:00,2026-06-07 20:00:00+00:00,SELL,10.0,41.39
2026-06-07 10:15:00+00:00,2026-06-07 11:00:00+00:00,SELL,10.0,31.31
2026-06-07 10:30:00+00:00,2026-06-07 21:00:00+00:00,BUY,10.0,33.93
2026-06-07 11:15:00+00:00,2026-06-07 12:00:00+00:00,BUY,10.0,31.39
2026-06-07 11:30:00+00:00,2026-06-07 22:00:00+00:00,SELL,10.0,38.59
2026-06-07 12:15:00+00:00,2026-06-07 13:00:00+00:00,SELL,10.0,33.32
2026-06-07 12:30:00+00:00,2026-06-07 23:00:00+00:00,SELL,10.0,37.45
2026-06-07 13:15:00+00:00,2026-06-07 14:00:00+00:00,SELL,10.0,34.06
2026-06-07 13:30:00+00:00,2026-06-08 00:00:00+00:00,BUY,10.0,37.9
2026-06-07 14:15:00+00:00,2026-06-07 15:00:00+00:00,BUY,10.0,34.56
2026-06-07 14:30:00+00:00,2026-06-08 01:00:00+00:00,BUY,10.0,42.08
2026-06-07 15:15:00+00:00,2026-06-07 16:00:00+00:00,SELL,10.0,39.48
2026-06-07 15:30:00+00:00,2026-06-08 02:00:00+00:00,BUY,10.0,34.67
2026-06-07 16:15:00+00:00,2026-06-07 17:00:00+00:00,SELL,10.0,48.99
2026-06-07 16:30:00+00:00,2026-06-08 03:00:00+00:00,SELL,10.0,36.4
2026-06-07 17:15:00+00:00,2026-06-07 18:00:00+00:00,SELL,10.0,50.23
2026-06-07 17:30:00+00:00,2026-06-08 04:00:00+00:00,SELL,10.0,43.64
2026-06-07 18:15:00+00:00,2026-06-07 19:00:00+00:00,BUY,10.0,54.61
2026-06-07 18:30:00+00:00,2026-06-08 05:00:00+00:00,BUY,10.0,44.36
2026-06-07 19:15:00+00:00,2026-06-07 20:00:00+00:00,BUY,10.0,51.04
2026-06-07 19:30:00+00:00,2026-06-08 06:00:00+00:00,SELL,10.0,47.44
2026-06-07 20:15:00+00:00,2026-06-07 21:00:00+00:00,SELL,10.0,41.16
2026-06-07 20:30:00+00:00,2026-06-08 07:00:00+00:00,SELL,10.0,45.0
2026-06-07 21:15:00+00:00,2026-06-07 22:00:00+00:00,BUY,10.0,46.97
2026-06-07 21:30:00+00:00,2026-06-08 08:00:00+00:00,SELL,10.0,41.66
2026-06-07 22:15:00+00:00,2026-06-07 23:00:00+00:00,BUY,10.0,40.85
2026-06-07 22:30:00+00:00,2026-06-08 09:00:00+00:00,SELL,10.0,40.28
2026-06-07 23:15:00+00:00,2026-06-08 00:00:00+00:00,SELL,10.0,34.25
2026-06-07 23:30:00+00:00,2026-06-08 10:00:00+00:00,SELL,10.0,33.77
2026-06-08 00:15:00+00:00,2026-06-08 01:00:00+00:00,SELL,10.0,37.72
2026-06-08 00:30:00+00:00,2026-06-08 11:00:00+00:00,SELL,10.0,32.31
2026-06-08 01:15:00+00:00,2026-06-08 02:00:00+00:00,SELL,10.0,35.67
2026-06-08 01:30:00+00:00,2026-06-08 12:00:00+00:00,BUY,10.0,28.76
2026-06-08 02:15:00+00:00,2026-06-08 03:00:00+00:00,BUY,10.0,35.27
2026-06-08 02:30:00+00:00,2026-06-08 13:00:00+00:00,BUY,10.0,42.3
2026-06-08 03:15:00+00:00,2026-06-08 04:00:00+00:00,BUY,10.0,39.65
2026-06-08 03:30:00+00:00,2026-06-08 14:00:00+00:00,SELL,10.0,30.86
2026-06-08 04:15:00+00:00,2026-06-08 05:00:00+00:00,SELL,10.0,42.94
2026-06-08 04:30:00+00:00,2026-06-08 15:00:00+00:00,SELL,10.0,35.4
2026-06-08 05:15:00+00:00,2026-06-08 06:00:00+00:00,BUY,10.0,152.46
2026-06-08 05:30:00+00:00,2026-06-08 16:00:00+00:00,SELL,10.0,39.35
2026-06-08 06:15:00+00:00,2026-06-08 07:00:00+00:00,BUY,10.0,41.56
2026-06-08 06:30:00+00:00,2026-06-08 17:00:00+00:00,SELL,10.0,46.01
2026-06-08 07:15:00+00:00,2026-06-08 08:00:00+00:00,BUY,10.0,35.96
2026-06-08 07:30:00+00:00,2026-06-08 18:00:00+00:00,SELL,10.0,51.41
2026-06-08 08:15:00+00:00,2026-06-08 09:00:00+00:00,BUY,10.0,32.83
2026-06-08 08:30:00+00:00,2026-06-08 19:00:00+00:00,SELL,10.0,43.6
2026-06-08 09:15:00+00:00,2026-06-08 10:00:00+00:00,BUY,10.0,34.09
2026-06-08 09:30:00+00:00,2026-06-08 20:00:00+00:00,SELL,10.0,46.07
2026-06-08 10:15:00+00:00,2026-06-08 11:00:00+00:00,BUY,10.0,28.25
2026-06-08 10:30:00+00:00,2026-06-08 21:00:00+00:00,BUY,10.0,38.4
2026-06-08 11:15:00+00:00,2026-06-08 12:00:00+00:00,SELL,10.0,30.57
2026-06-08 11:30:00+00:00,2026-06-08 22:00:00+00:00,SELL,10.0,39.01
2026-06-08 12:15:00+00:00,2026-06-08 13:00:00+00:00,SELL,10.0,31.55
2026-06-08 12:30:00+00:00,2026-06-08 23:00:00+00:00,SELL,10.0,37.65
2026-06-08 13:15:00+00:00,2026-06-08 14:00:00+00:00,BUY,10.0,26.98
2026-06-08 13:30:00+00:00,2026-06-09 00:00:00+00:00,BUY,10.0,26.27
2026-06-08 14:15:00+00:00,2026-06-08 15:00:00+00:00,BUY,10.0,30.86
2026-06-08 14:30:00+00:00,2026-06-09 01:00:00+00:00,BUY,10.0,28.71
2026-06-08 15:15:00+00:00,2026-06-08 16:00:00+00:00,BUY,10.0,39.03
2026-06-08 15:30:00+00:00,2026-06-09 02:00:00+00:00,BUY,10.0,31.82
2026-06-08 16:15:00+00:00,2026-06-08 17:00:00+00:00,BUY,10.0,42.56
2026-06-08 16:30:00+00:00,2026-06-09 03:00:00+00:00,BUY,10.0,33.0
2026-06-08 17:15:00+00:00,2026-06-08 18:00:00+00:00,BUY,10.0,26.61
2026-06-08 17:30:00+00:00,2026-06-09 04:00:00+00:00,SELL,10.0,31.39
2026-06-08 18:15:00+00:00,2026-06-08 19:00:00+00:00,BUY,10.0,44.63
2026-06-08 18:30:00+00:00,2026-06-09 05:00:00+00:00,SELL,10.0,39.74
2026-06-08 19:15:00+00:00,2026-06-08 20:00:00+00:00,BUY,10.0,42.36
2026-06-08 19:30:00+00:00,2026-06-09 06:00:00+00:00,BUY,10.0,36.9
2026-06-08 20:15:00+00:00,2026-06-08 21:00:00+00:00,SELL,10.0,37.71
2026-06-08 20:30:00+00:00,2026-06-09 07:00:00+00:00,BUY,10.0,35.04
2026-06-08 21:15:00+00:00,2026-06-08 22:00:00+00:00,BUY,10.0,35.18
2026-06-08 21:30:00+00:00,2026-06-09 08:00:00+00:00,SELL,10.0,20.58
2026-06-08 22:15:00+00:00,2026-06-08 23:00:00+00:00,BUY,10.0,37.06
2026-06-08 22:30:00+00:00,2026-06-09 09:00:00+00:00,BUY,10.0,15.8
2026-06-08 23:15:00+00:00,2026-06-09 00:00:00+00:00,SELL,10.0,34.3
2026-06-08 23:30:00+00:00,2026-06-09 10:00:00+00:00,BUY,10.0,8.71
2026-06-09 00:15:00+00:00,2026-06-09 01:00:00+00:00,SELL,10.0,39.96
2026-06-09 00:30:00+00:00,2026-06-09 11:00:00+00:00,BUY,10.0,-82.96
2026-06-09 01:15:00+00:00,2026-06-09 02:00:00+00:00,SELL,10.0,40.24
2026-06-09 01:30:00+00:00,2026-06-09 12:00:00+00:00,SELL,10.0,-31.82
2026-06-09 02:15:00+00:00,2026-06-09 03:00:00+00:00,SELL,10.0,35.87
2026-06-09 02:30:00+00:00,2026-06-09 13:00:00+00:00,BUY,10.0,-102.64
2026-06-09 03:15:00+00:00,2026-06-09 04:00:00+00:00,BUY,10.0,40.94
2026-06-09 03:30:00+00:00,2026-06-09 14:00:00+00:00,BUY,10.0,-53.68
2026-06-09 04:15:00+00:00,2026-06-09 05:00:00+00:00,BUY,10.0,45.37
2026-06-09 04:30:00+00:00,2026-06-09 15:00:00+00:00,BUY,10.0,8.62
2026-06-09 05:15:00+00:00,2026-06-09 06:00:00+00:00,SELL,10.0,43.05
2026-06-09 05:30:00+00:00,2026-06-09 16:00:00+00:00,SELL,10.0,24.92
2026-06-09 06:15:00+00:00,2026-06-09 07:00:00+00:00,SELL,10.0,42.73
2026-06-09 06:30:00+00:00,2026-06-09 17:00:00+00:00,BUY,10.0,34.88
2026-06-09 07:15:00+00:00,2026-06-09 08:00:00+00:00,BUY,10.0,35.52
2026-06-09 07:30:00+00:00,2026-06-09 18:00:00+00:00,SELL,10.0,36.1
2026-06-09 08:15:00+00:00,2026-06-09 09:00:00+00:00,SELL,10.0,50.97
2026-06-09 08:30:00+00:00,2026-06-09 19:00:00+00:00,BUY,10.0,41.8
2026-06-09 09:15:00+00:00,2026-06-09 10:00:00+00:00,SELL,10.0,53.94
2026-06-09 09:30:00+00:00,2026-06-09 20:00:00+00:00,BUY,10.0,30.05
2026-06-09 10:15:00+00:00,2026-06-09 11:00:00+00:00,SELL,10.0,31.03
2026-06-09 10:30:00+00:00,2026-06-09 21:00:00+00:00,BUY,10.0,36.64
2026-06-09 11:15:00+00:00,2026-06-09 12:00:00+00:00,BUY,10.0,72.26
2026-06-09 11:30:00+00:00,2026-06-09 22:00:00+00:00,BUY,10.0,28.4
2026-06-09 12:15:00+00:00,2026-06-09 13:00:00+00:00,SELL,10.0,-9.61
2026-06-09 12:30:00+00:00,2026-06-09 23:00:00+00:00,BUY,10.0,30.93
2026-06-09 13:15:00+00:00,2026-06-09 14:00:00+00:00,SELL,10.0,93.53
2026-06-09 13:30:00+00:00,2026-06-10 00:00:00+00:00,SELL,10.0,29.82
2026-06-09 14:15:00+00:00,2026-06-09 15:00:00+00:00,SELL,10.0,47.56
2026-06-09 14:30:00+00:00,2026-06-10 01:00:00+00:00,BUY,10.0,30.46
2026-06-09 15:15:00+00:00,2026-06-09 16:00:00+00:00,BUY,10.0,33.63
2026-06-09 15:30:00+00:00,2026-06-10 02:00:00+00:00,SELL,10.0,32.94
2026-06-09 16:15:00+00:00,2026-06-09 17:00:00+00:00,SELL,10.0,41.8
2026-06-09 16:30:00+00:00,2026-06-10 03:00:00+00:00,SELL,10.0,31.17
2026-06-09 17:15:00+00:00,2026-06-09 18:00:00+00:00,BUY,10.0,45.89
2026-06-09 17:30:00+00:00,2026-06-10 04:00:00+00:00,SELL,10.0,35.22
2026-06-09 18:15:00+00:00,2026-06-09 19:00:00+00:00,SELL,10.0,46.82
2026-06-09 18:30:00+00:00,2026-06-10 05:00:00+00:00,SELL,10.0,41.38
2026-06-09 19:15:00+00:00,2026-06-09 20:00:00+00:00,SELL,10.0,39.25
2026-06-09 19:30:00+00:00,2026-06-10 06:00:00+00:00,BUY,10.0,43.25
2026-06-09 20:15:00+00:00,2026-06-09 21:00:00+00:00,SELL,10.0,41.92
2026-06-09 20:30:00+00:00,2026-06-10 07:00:00+00:00,SELL,10.0,40.79
2026-06-09 21:15:00+00:00,2026-06-09 22:00:00+00:00,SELL,10.0,41.16
2026-06-09 21:30:00+00:00,2026-06-10 08:00:00+00:00,BUY,10.0,34.68
2026-06-09 22:15:00+00:00,2026-06-09 23:00:00+00:00,SELL,10.0,39.12
2026-06-09 22:30:00+00:00,2026-06-10 09:00:00+00:00,SELL,10.0,28.9
2026-06-09 23:15:00+00:00,2026-06-10 00:00:00+00:00,BUY,10.0,34.22
2026-06-09 23:30:00+00:00,2026-06-10 10:00:00+00:00,BUY,10.0,23.62
2026-06-10 00:15:00+00:00,2026-06-10 01:00:00+00:00,SELL,10.0,33.4
2026-06-10 00:30:00+00:00,2026-06-10 11:00:00+00:00,SELL,10.0,20.25
2026-06-10 01:15:00+00:00,2026-06-10 02:00:00+00:00,BUY,10.0,36.33
2026-06-10 01:30:00+00:00,2026-06-10 12:00:00+00:00,SELL,10.0,6.98
2026-06-10 02:15:00+00:00,2026-06-10 03:00:00+00:00,BUY,10.0,32.59
2026-06-10 02:30:00+00:00,2026-06-10 13:00:00+00:00,SELL,10.0,-42.9
2026-06-10 03:15:00+00:00,2026-06-10 04:00:00+00:00,BUY,10.0,39.33
2026-06-10 03:30:00+00:00,2026-06-10 14:00:00+00:00,BUY,10.0,34.98
2026-06-10 04:15:00+00:00,2026-06-10 05:00:00+00:00,BUY,10.0,41.81
2026-06-10 04:30:00+00:00,2026-06-10 15:00:00+00:00,BUY,10.0,27.43
2026-06-10 05:15:00+00:00,2026-06-10 06:00:00+00:00,SELL,10.0,47.5
2026-06-10 05:30:00+00:00,2026-06-10 16:00:00+00:00,SELL,10.0,26.24
2026-06-10 06:15:00+00:00,2026-06-10 07:00:00+00:00,BUY,10.0,44.21
2026-06-10 06:30:00+00:00,2026-06-10 17:00:00+00:00,BUY,10.0,31.89
2026-06-10 07:15:00+00:00,2026-06-10 08:00:00+00:00,SELL,10.0,34.93
2026-06-10 07:30:00+00:00,2026-06-10 18:00:00+00:00,SELL,10.0,40.24
2026-06-10 08:15:00+00:00,2026-06-10 09:00:00+00:00,BUY,10.0,38.81
2026-06-10 08:30:00+00:00,2026-06-10 19:00:00+00:00,BUY,10.0,51.05
2026-06-10 09:15:00+00:00,2026-06-10 10:00:00+00:00,SELL,10.0,28.18
2026-06-10 09:30:00+00:00,2026-06-10 20:00:00+00:00,BUY,10.0,38.25
2026-06-10 10:15:00+00:00,2026-06-10 11:00:00+00:00,BUY,10.0,30.69
2026-06-10 10:30:00+00:00,2026-06-10 21:00:00+00:00,BUY,10.0,37.55
2026-06-10 11:15:00+00:00,2026-06-10 12:00:00+00:00,BUY,10.0,22.05
2026-06-10 11:30:00+00:00,2026-06-10 22:00:00+00:00,SELL,10.0,35.28
2026-06-10 12:15:00+00:00,2026-06-10 13:00:00+00:00,BUY,10.0,72.77
2026-06-10 12:30:00+00:00,2026-06-10 23:00:00+00:00,SELL,10.0,32.9
2026-06-10 13:15:00+00:00,2026-06-10 14:00:00+00:00,SELL,10.0,30.49
2026-06-10 13:30:00+00:00,2026-06-11 00:00:00+00:00,BUY,10.0,42.46
2026-06-10 14:15:00+00:00,2026-06-10 15:00:00+00:00,SELL,10.0,30.1
2026-06-10 14:30:00+00:00,2026-06-11 01:00:00+00:00,BUY,10.0,36.84
2026-06-10 15:15:00+00:00,2026-06-10 16:00:00+00:00,BUY,10.0,30.5
2026-06-10 15:30:00+00:00,2026-06-11 02:00:00+00:00,BUY,10.0,34.63
2026-06-10 16:15:00+00:00,2026-06-10 17:00:00+00:00,SELL,10.0,88.46
2026-06-10 16:30:00+00:00,2026-06-11 03:00:00+00:00,SELL,10.0,43.6
2026-06-10 17:15:00+00:00,2026-06-10 18:00:00+00:00,BUY,10.0,44.8
2026-06-10 17:30:00+00:00,2026-06-11 04:00:00+00:00,BUY,10.0,43.17
2026-06-10 18:15:00+00:00,2026-06-10 19:00:00+00:00,SELL,10.0,51.32
2026-06-10 18:30:00+00:00,2026-06-11 05:00:00+00:00,BUY,10.0,47.95
2026-06-10 19:15:00+00:00,2026-06-10 20:00:00+00:00,SELL,10.0,42.49
2026-06-10 19:30:00+00:00,2026-06-11 06:00:00+00:00,SELL,10.0,51.25
2026-06-10 20:15:00+00:00,2026-06-10 21:00:00+00:00,SELL,10.0,42.0
2026-06-10 20:30:00+00:00,2026-06-11 07:00:00+00:00,BUY,10.0,48.3
2026-06-10 21:15:00+00:00,2026-06-10 22:00:00+00:00,BUY,10.0,33.92
2026-06-10 21:30:00+00:00,2026-06-11 08:00:00+00:00,SELL,10.0,45.49
2026-06-10 22:15:00+00:00,2026-06-10 23:00:00+00:00,BUY,10.0,34.68
2026-06-10 22:30:00+00:00,2026-06-11 09:00:00+00:00,BUY,10.0,39.05
2026-06-10 23:15:00+00:00,2026-06-11 00:00:00+00:00,SELL,10.0,38.16
2026-06-10 23:30:00+00:00,2026-06-11 10:00:00+00:00,BUY,10.0,39.63
2026-06-11 00:15:00+00:00,2026-06-11 01:00:00+00:00,SELL,10.0,34.87
2026-06-11 00:30:00+00:00,2026-06-11 11:00:00+00:00,SELL,10.0,36.99
2026-06-11 01:15:00+00:00,2026-06-11 02:00:00+00:00,SELL,10.0,37.4
2026-06-11 01:30:00+00:00,2026-06-11 12:00:00+00:00,BUY,10.0,31.47
2026-06-11 02:15:00+00:00,2026-06-11 03:00:00+00:00,BUY,10.0,42.82
2026-06-11 02:30:00+00:00,2026-06-11 13:00:00+00:00,SELL,10.0,29.24
2026-06-11 03:15:00+00:00,2026-06-11 04:00:00+00:00,SELL,10.0,40.92
2026-06-11 03:30:00+00:00,2026-06-11 14:00:00+00:00,SELL,10.0,18.41
2026-06-11 04:15:00+00:00,2026-06-11 05:00:00+00:00,SELL,10.0,43.33
2026-06-11 04:30:00+00:00,2026-06-11 15:00:00+00:00,BUY,10.0,20.85
2026-06-11 05:15:00+00:00,2026-06-11 06:00:00+00:00,BUY,10.0,48.56
2026-06-11 05:30:00+00:00,2026-06-11 16:00:00+00:00,BUY,10.0,41.18
2026-06-11 06:15:00+00:00,2026-06-11 07:00:00+00:00,SELL,10.0,45.43
2026-06-11 06:30:00+00:00,2026-06-11 17:00:00+00:00,SELL,10.0,43.45
2026-06-11 07:15:00+00:00,2026-06-11 08:00:00+00:00,BUY,10.0,43.52
2026-06-11 07:30:00+00:00,2026-06-11 18:00:00+00:00,SELL,10.0,52.81
2026-06-11 08:15:00+00:00,2026-06-11 09:00:00+00:00,SELL,10.0,36.29
2026-06-11 08:30:00+00:00,2026-06-11 19:00:00+00:00,SELL,10.0,56.04
2026-06-11 09:15:00+00:00,2026-06-11 10:00:00+00:00,SELL,10.0,35.86
2026-06-11 09:30:00+00:00,2026-06-11 20:00:00+00:00,BUY,10.0,60.68
2026-06-11 10:15:00+00:00,2026-06-11 11:00:00+00:00,BUY,10.0,28.41
2026-06-11 10:30:00+00:00,2026-06-11 21:00:00+00:00,BUY,10.0,46.1
2026-06-11 11:15:00+00:00,2026-06-11 12:00:00+00:00,SELL,10.0,28.49
2026-06-11 11:30:00+00:00,2026-06-11 22:00:00+00:00,BUY,10.0,33.35
2026-06-11 12:15:00+00:00,2026-06-11 13:00:00+00:00,BUY,10.0,23.57
2026-06-11 12:30:00+00:00,2026-06-11 23:00:00+00:00,BUY,10.0,47.05
2026-06-11 13:15:00+00:00,2026-06-11 14:00:00+00:00,BUY,10.0,18.18
2026-06-11 13:30:00+00:00,2026-06-12 00:00:00+00:00,SELL,10.0,35.84
2026-06-11 14:15:00+00:00,2026-06-11 15:00:00+00:00,SELL,10.0,23.84
2026-06-11 14:30:00+00:00,2026-06-12 01:00:00+00:00,BUY,10.0,39.2
2026-06-11 15:15:00+00:00,2026-06-11 16:00:00+00:00,SELL,10.0,33.52
2026-06-11 15:30:00+00:00,2026-06-12 02:00:00+00:00,SELL,10.0,38.38
2026-06-11 16:15:00+00:00,2026-06-11 17:00:00+00:00,BUY,10.0,41.88
2026-06-11 16:30:00+00:00,2026-06-12 03:00:00+00:00,SELL,10.0,49.15
2026-06-11 17:15:00+00:00,2026-06-11 18:00:00+00:00,BUY,10.0,88.22
2026-06-11 17:30:00+00:00,2026-06-12 04:00:00+00:00,SELL,10.0,45.38
2026-06-11 18:15:00+00:00,2026-06-11 19:00:00+00:00,BUY,10.0,49.3
2026-06-11 18:30:00+00:00,2026-06-12 05:00:00+00:00,BUY,10.0,46.8
2026-06-11 19:15:00+00:00,2026-06-11 20:00:00+00:00,SELL,10.0,42.9
2026-06-11 19:30:00+00:00,2026-06-12 06:00:00+00:00,BUY,10.0,54.11
2026-06-11 20:15:00+00:00,2026-06-11 21:00:00+00:00,SELL,10.0,42.26
2026-06-11 20:30:00+00:00,2026-06-12 07:00:00+00:00,BUY,10.0,55.86
2026-06-11 21:15:00+00:00,2026-06-11 22:00:00+00:00,SELL,10.0,35.84
2026-06-11 21:30:00+00:00,2026-06-12 08:00:00+00:00,SELL,10.0,54.88
2026-06-11 22:15:00+00:00,2026-06-11 23:00:00+00:00,SELL,10.0,40.16
2026-06-11 22:30:00+00:00,2026-06-12 09:00:00+00:00,SELL,10.0,46.97
2026-06-11 23:15:00+00:00,2026-06-12 00:00:00+00:00,BUY,10.0,40.06
2026-06-11 23:30:00+00:00,2026-06-12 10:00:00+00:00,BUY,10.0,40.2
2026-06-12 00:15:00+00:00,2026-06-12 01:00:00+00:00,SELL,10.0,39.46
2026-06-12 00:30:00+00:00,2026-06-12 11:00:00+00:00,BUY,10.0,39.51
2026-06-12 01:15:00+00:00,2026-06-12 02:00:00+00:00,BUY,10.0,38.83
2026-06-12 01:30:00+00:00,2026-06-12 12:00:00+00:00,BUY,10.0,20.42
2026-06-12 02:15:00+00:00,2026-06-12 03:00:00+00:00,BUY,10.0,103.72
2026-06-12 02:30:00+00:00,2026-06-12 13:00:00+00:00,BUY,10.0,31.54
2026-06-12 03:15:00+00:00,2026-06-12 04:00:00+00:00,BUY,10.0,46.82
2026-06-12 03:30:00+00:00,2026-06-12 14:00:00+00:00,SELL,10.0,24.89
2026-06-12 04:15:00+00:00,2026-06-12 05:00:00+00:00,SELL,10.0,46.27
2026-06-12 04:30:00+00:00,2026-06-12 15:00:00+00:00,SELL,10.0,41.7
2026-06-12 05:15:00+00:00,2026-06-12 06:00:00+00:00,SELL,10.0,51.13
2026-06-12 05:30:00+00:00,2026-06-12 16:00:00+00:00,SELL,10.0,41.19
2026-06-12 06:15:00+00:00,2026-06-12 07:00:00+00:00,SELL,10.0,127.64
2026-06-12 06:30:00+00:00,2026-06-12 17:00:00+00:00,BUY,10.0,49.64
2026-06-12 07:15:00+00:00,2026-06-12 08:00:00+00:00,BUY,10.0,51.82
2026-06-12 07:30:00+00:00,2026-06-12 18:00:00+00:00,BUY,10.0,55.72
2026-06-12 08:15:00+00:00,2026-06-12 09:00:00+00:00,BUY,10.0,42.18
2026-06-12 08:30:00+00:00,2026-06-12 19:00:00+00:00,SELL,10.0,49.25
2026-06-12 09:15:00+00:00,2026-06-12 10:00:00+00:00,SELL,10.0,41.52
2026-06-12 09:30:00+00:00,2026-06-12 20:00:00+00:00,BUY,10.0,50.5
2026-06-12 10:15:00+00:00,2026-06-12 11:00:00+00:00,SELL,10.0,32.84
2026-06-12 10:30:00+00:00,2026-06-12 21:00:00+00:00,SELL,10.0,43.09
2026-06-12 11:15:00+00:00,2026-06-12 12:00:00+00:00,SELL,10.0,25.95
2026-06-12 11:30:00+00:00,2026-06-12 22:00:00+00:00,BUY,10.0,41.93
2026-06-12 12:15:00+00:00,2026-06-12 13:00:00+00:00,SELL,10.0,25.9
2026-06-12 12:30:00+00:00,2026-06-12 23:00:00+00:00,SELL,10.0,38.23
2026-06-12 13:15:00+00:00,2026-06-12 14:00:00+00:00,BUY,10.0,30.02
2026-06-12 13:30:00+00:00,2026-06-13 00:00:00+00:00,BUY,10.0,42.1
2026-06-12 14:15:00+00:00,2026-06-12 15:00:00+00:00,BUY,10.0,36.94
2026-06-12 14:30:00+00:00,2026-06-13 01:00:00+00:00,SELL,10.0,42.71
2026-06-12 15:15:00+00:00,2026-06-12 16:00:00+00:00,BUY,10.0,39.24
2026-06-12 15:30:00+00:00,2026-06-13 02:00:00+00:00,SELL,10.0,44.02
2026-06-12 16:15:00+00:00,2026-06-12 17:00:00+00:00,SELL,10.0,16.46
2026-06-12 16:30:00+00:00,2026-06-13 03:00:00+00:00,BUY,10.0,47.77
2026-06-12 17:15:00+00:00,2026-06-12 18:00:00+00:00,SELL,10.0,59.02
2026-06-12 17:30:00+00:00,2026-06-13 04:00:00+00:00,BUY,10.0,43.89
2026-06-12 18:15:00+00:00,2026-06-12 19:00:00+00:00,BUY,10.0,54.62
2026-06-12 18:30:00+00:00,2026-06-13 05:00:00+00:00,SELL,10.0,55.04
2026-06-12 19:15:00+00:00,2026-06-12 20:00:00+00:00,SELL,10.0,92.47
2026-06-12 19:30:00+00:00,2026-06-13 06:00:00+00:00,SELL,10.0,60.09
2026-06-12 20:15:00+00:00,2026-06-12 21:00:00+00:00,BUY,10.0,46.99
2026-06-12 20:30:00+00:00,2026-06-13 07:00:00+00:00,BUY,10.0,53.89
2026-06-12 21:15:00+00:00,2026-06-12 22:00:00+00:00,SELL,10.0,39.05
2026-06-12 21:30:00+00:00,2026-06-13 08:00:00+00:00,SELL,10.0,56.93
2026-06-12 22:15:00+00:00,2026-06-12 23:00:00+00:00,BUY,10.0,34.32
2026-06-12 22:30:00+00:00,2026-06-13 09:00:00+00:00,SELL,10.0,46.75
2026-06-12 23:15:00+00:00,2026-06-13 00:00:00+00:00,SELL,10.0,41.95
2026-06-12 23:30:00+00:00,2026-06-13 10:00:00+00:00,BUY,10.0,43.18
2026-06-13 00:15:00+00:00,2026-06-13 01:00:00+00:00,BUY,10.0,44.7
2026-06-13 00:30:00+00:00,2026-06-13 11:00:00+00:00,BUY,10.0,37.01
2026-06-13 01:15:00+00:00,2026-06-13 02:00:00+00:00,BUY,10.0,44.8
2026-06-13 01:30:00+00:00,2026-06-13 12:00:00+00:00,SELL,10.0,40.7
2026-06-13 02:15:00+00:00,2026-06-13 03:00:00+00:00,SELL,10.0,43.87
2026-06-13 02:30:00+00:00,2026-06-13 13:00:00+00:00,BUY,10.0,36.23
2026-06-13 03:15:00+00:00,2026-06-13 04:00:00+00:00,SELL,10.0,50.31
2026-06-13 03:30:00+00:00,2026-06-13 14:00:00+00:00,BUY,10.0,33.99
2026-06-13 04:15:00+00:00,2026-06-13 05:00:00+00:00,BUY,10.0,130.24
2026-06-13 04:30:00+00:00,2026-06-13 15:00:00+00:00,BUY,10.0,43.92
2026-06-13 05:15:00+00:00,2026-06-13 06:00:00+00:00,BUY,10.0,58.32
2026-06-13 05:30:00+00:00,2026-06-13 16:00:00+00:00,SELL,10.0,40.76
2026-06-13 06:15:00+00:00,2026-06-13 07:00:00+00:00,SELL,10.0,52.98
2026-06-13 06:30:00+00:00,2026-06-13 17:00:00+00:00,BUY,10.0,51.33
2026-06-13 07:15:00+00:00,2026-06-13 08:00:00+00:00,BUY,10.0,54.44
2026-06-13 07:30:00+00:00,2026-06-13 18:00:00+00:00,BUY,10.0,57.99
2026-06-13 08:15:00+00:00,2026-06-13 09:00:00+00:00,BUY,10.0,48.65
2026-06-13 08:30:00+00:00,2026-06-13 19:00:00+00:00,SELL,10.0,58.79
2026-06-13 09:15:00+00:00,2026-06-13 10:00:00+00:00,SELL,10.0,40.77
2026-06-13 09:30:00+00:00,2026-06-13 20:00:00+00:00,BUY,10.0,57.68
2026-06-13 10:15:00+00:00,2026-06-13 11:00:00+00:00,SELL,10.0,36.26
2026-06-13 10:30:00+00:00,2026-06-13 21:00:00+00:00,BUY,10.0,46.52
2026-06-13 11:15:00+00:00,2026-06-13 12:00:00+00:00,BUY,10.0,38.32
2026-06-13 11:30:00+00:00,2026-06-13 22:00:00+00:00,BUY,10.0,54.59
2026-06-13 12:15:00+00:00,2026-06-13 13:00:00+00:00,SELL,10.0,36.02
2026-06-13 12:30:00+00:00,2026-06-13 23:00:00+00:00,SELL,10.0,43.82
2026-06-13 13:15:00+00:00,2026-06-13 14:00:00+00:00,SELL,10.0,37.18
2026-06-13 13:30:00+00:00,2026-06-14 00:00:00+00:00,BUY,10.0,52.14
2026-06-13 14:15:00+00:00,2026-06-13 15:00:00+00:00,SELL,10.0,41.46
2026-06-13 14:30:00+00:00,2026-06-14 01:00:00+00:00,BUY,10.0,47.25
2026-06-13 15:15:00+00:00,2026-06-13 16:00:00+00:00,BUY,10.0,48.18
2026-06-13 15:30:00+00:00,2026-06-14 02:00:00+00:00,SELL,10.0,47.92
2026-06-13 16:15:00+00:00,2026-06-13 17:00:00+00:00,SELL,10.0,160.9
2026-06-13 16:30:00+00:00,2026-06-14 03:00:00+00:00,SELL,10.0,52.36
2026-06-13 17:15:00+00:00,2026-06-13 18:00:00+00:00,SELL,10.0,59.08
2026-06-13 17:30:00+00:00,2026-06-14 04:00:00+00:00,SELL,10.0,55.1
2026-06-13 18:15:00+00:00,2026-06-13 19:00:00+00:00,BUY,10.0,19.8
2026-06-13 18:30:00+00:00,2026-06-14 05:00:00+00:00,BUY,10.0,60.93
2026-06-13 19:15:00+00:00,2026-06-13 20:00:00+00:00,SELL,10.0,53.1
2026-06-13 19:30:00+00:00,2026-06-14 06:00:00+00:00,SELL,10.0,71.77
2026-06-13 20:15:00+00:00,2026-06-13 21:00:00+00:00,SELL,10.0,84.4
2026-06-13 20:30:00+00:00,2026-06-14 07:00:00+00:00,SELL,10.0,64.85
2026-06-13 21:15:00+00:00,2026-06-13 22:00:00+00:00,SELL,10.0,46.34
2026-06-13 21:30:00+00:00,2026-06-14 08:00:00+00:00,SELL,10.0,55.88
2026-06-13 22:15:00+00:00,2026-06-13 23:00:00+00:00,BUY,10.0,42.26
2026-06-13 22:30:00+00:00,2026-06-14 09:00:00+00:00,SELL,10.0,47.24
2026-06-13 23:15:00+00:00,2026-06-14 00:00:00+00:00,SELL,10.0,21.09
2026-06-13 23:30:00+00:00,2026-06-14 10:00:00+00:00,BUY,10.0,48.47
2026-06-14 00:15:00+00:00,2026-06-14 01:00:00+00:00,SELL,10.0,41.11
2026-06-14 00:30:00+00:00,2026-06-14 11:00:00+00:00,SELL,10.0,40.77
2026-06-14 01:15:00+00:00,2026-06-14 02:00:00+00:00,BUY,10.0,44.0
2026-06-14 01:30:00+00:00,2026-06-14 12:00:00+00:00,SELL,10.0,64.25
2026-06-14 02:15:00+00:00,2026-06-14 03:00:00+00:00,BUY,10.0,46.04
2026-06-14 02:30:00+00:00,2026-06-14 13:00:00+00:00,SELL,10.0,41.26
2026-06-14 03:15:00+00:00,2026-06-14 04:00:00+00:00,BUY,10.0,45.09
2026-06-14 03:30:00+00:00,2026-06-14 14:00:00+00:00,SELL,10.0,38.91
2026-06-14 04:15:00+00:00,2026-06-14 05:00:00+00:00,SELL,10.0,52.19
2026-06-14 04:30:00+00:00,2026-06-14 15:00:00+00:00,BUY,10.0,46.45
2026-06-14 05:15:00+00:00,2026-06-14 06:00:00+00:00,BUY,10.0,59.46
2026-06-14 05:30:00+00:00,2026-06-14 16:00:00+00:00,SELL,10.0,47.13
2026-06-14 06:15:00+00:00,2026-06-14 07:00:00+00:00,BUY,10.0,47.76
2026-06-14 06:30:00+00:00,2026-06-14 17:00:00+00:00,BUY,10.0,57.17
2026-06-14 07:15:00+00:00,2026-06-14 08:00:00+00:00,BUY,10.0,43.93
2026-06-14 07:30:00+00:00,2026-06-14 18:00:00+00:00,BUY,10.0,69.74
2026-06-14 08:15:00+00:00,2026-06-14 09:00:00+00:00,BUY,10.0,35.48
2026-06-14 08:30:00+00:00,2026-06-14 19:00:00+00:00,BUY,10.0,65.38
2026-06-14 09:15:00+00:00,2026-06-14 10:00:00+00:00,SELL,10.0,35.68
2026-06-14 09:30:00+00:00,2026-06-14 20:00:00+00:00,BUY,10.0,56.79
2026-06-14 10:15:00+00:00,2026-06-14 11:00:00+00:00,BUY,10.0,30.25
2026-06-14 10:30:00+00:00,2026-06-14 21:00:00+00:00,SELL,10.0,51.55
2026-06-14 11:15:00+00:00,2026-06-14 12:00:00+00:00,BUY,10.0,51.8
2026-06-14 11:30:00+00:00,2026-06-14 22:00:00+00:00,BUY,10.0,51.81
2026-06-14 12:15:00+00:00,2026-06-14 13:00:00+00:00,BUY,10.0,26.72
2026-06-14 12:30:00+00:00,2026-06-14 23:00:00+00:00,SELL,10.0,51.33
2026-06-14 13:15:00+00:00,2026-06-14 14:00:00+00:00,BUY,10.0,27.73
2026-06-14 13:30:00+00:00,2026-06-15 00:00:00+00:00,BUY,10.0,33.05
2026-06-14 14:15:00+00:00,2026-06-14 15:00:00+00:00,SELL,10.0,34.19
2026-06-14 14:30:00+00:00,2026-06-15 01:00:00+00:00,SELL,10.0,33.9
2026-06-14 15:15:00+00:00,2026-06-14 16:00:00+00:00,BUY,10.0,38.03
2026-06-14 15:30:00+00:00,2026-06-15 02:00:00+00:00,BUY,10.0,37.38
2026-06-14 16:15:00+00:00,2026-06-14 17:00:00+00:00,SELL,10.0,45.84
2026-06-14 16:30:00+00:00,2026-06-15 03:00:00+00:00,SELL,10.0,25.48
2026-06-14 17:15:00+00:00,2026-06-14 18:00:00+00:00,SELL,10.0,62.55
2026-06-14 17:30:00+00:00,2026-06-15 04:00:00+00:00,SELL,10.0,43.62
2026-06-14 18:15:00+00:00,2026-06-14 19:00:00+00:00,SELL,10.0,53.5
2026-06-14 18:30:00+00:00,2026-06-15 05:00:00+00:00,BUY,10.0,42.67
2026-06-14 19:15:00+00:00,2026-06-14 20:00:00+00:00,SELL,10.0,47.09
2026-06-14 19:30:00+00:00,2026-06-15 06:00:00+00:00,BUY,10.0,49.16
2026-06-14 20:15:00+00:00,2026-06-14 21:00:00+00:00,BUY,10.0,118.35
2026-06-14 20:30:00+00:00,2026-06-15 07:00:00+00:00,SELL,10.0,43.73
2026-06-14 21:15:00+00:00,2026-06-14 22:00:00+00:00,SELL,10.0,42.83
2026-06-14 21:30:00+00:00,2026-06-15 08:00:00+00:00,SELL,10.0,52.65
2026-06-14 22:15:00+00:00,2026-06-14 23:00:00+00:00,BUY,10.0,179.95
2026-06-14 22:30:00+00:00,2026-06-15 09:00:00+00:00,SELL,10.0,54.76
2026-06-14 23:15:00+00:00,2026-06-15 00:00:00+00:00,SELL,10.0,79.24
2026-06-14 23:30:00+00:00,2026-06-15 10:00:00+00:00,SELL,10.0,39.03
2026-06-15 00:15:00+00:00,2026-06-15 01:00:00+00:00,BUY,10.0,32.58
2026-06-15 00:30:00+00:00,2026-06-15 11:00:00+00:00,SELL,10.0,34.33
2026-06-15 01:15:00+00:00,2026-06-15 02:00:00+00:00,SELL,10.0,32.14
2026-06-15 01:30:00+00:00,2026-06-15 12:00:00+00:00,SELL,10.0,32.7
2026-06-15 02:15:00+00:00,2026-06-15 03:00:00+00:00,BUY,10.0,32.84
2026-06-15 02:30:00+00:00,2026-06-15 13:00:00+00:00,BUY,10.0,37.53
2026-06-15 03:15:00+00:00,2026-06-15 04:00:00+00:00,BUY,10.0,38.98
2026-06-15 03:30:00+00:00,2026-06-15 14:00:00+00:00,BUY,10.0,37.93
2026-06-15 04:15:00+00:00,2026-06-15 05:00:00+00:00,SELL,10.0,41.65
2026-06-15 04:30:00+00:00,2026-06-15 15:00:00+00:00,SELL,10.0,37.73
2026-06-15 05:15:00+00:00,2026-06-15 06:00:00+00:00,SELL,10.0,44.76
2026-06-15 05:30:00+00:00,2026-06-15 16:00:00+00:00,SELL,10.0,36.17
2026-06-15 06:15:00+00:00,2026-06-15 07:00:00+00:00,BUY,10.0,40.52
2026-06-15 06:30:00+00:00,2026-06-15 17:00:00+00:00,SELL,10.0,43.91
2026-06-15 07:15:00+00:00,2026-06-15 08:00:00+00:00,BUY,10.0,46.51
2026-06-15 07:30:00+00:00,2026-06-15 18:00:00+00:00,BUY,10.0,47.34
2026-06-15 08:15:00+00:00,2026-06-15 09:00:00+00:00,BUY,10.0,44.1
2026-06-15 08:30:00+00:00,2026-06-15 19:00:00+00:00,BUY,10.0,42.11
2026-06-15 09:15:00+00:00,2026-06-15 10:00:00+00:00,BUY,10.0,35.79
2026-06-15 09:30:00+00:00,2026-06-15 20:00:00+00:00,BUY,10.0,41.98
2026-06-15 10:15:00+00:00,2026-06-15 11:00:00+00:00,BUY,10.0,30.45
2026-06-15 10:30:00+00:00,2026-06-15 21:00:00+00:00,SELL,10.0,39.85
2026-06-15 11:15:00+00:00,2026-06-15 12:00:00+00:00,BUY,10.0,28.46
2026-06-15 11:30:00+00:00,2026-06-15 22:00:00+00:00,SELL,10.0,37.33
2026-06-15 12:15:00+00:00,2026-06-15 13:00:00+00:00,SELL,10.0,28.98
2026-06-15 12:30:00+00:00,2026-06-15 23:00:00+00:00,SELL,10.0,36.88
2026-06-15 13:15:00+00:00,2026-06-15 14:00:00+00:00,SELL,10.0,33.76
2026-06-15 13:30:00+00:00,2026-06-16 00:00:00+00:00,BUY,10.0,26.66
2026-06-15 14:15:00+00:00,2026-06-15 15:00:00+00:00,BUY,10.0,36.29
2026-06-15 14:30:00+00:00,2026-06-16 01:00:00+00:00,SELL,10.0,19.53
2026-06-15 15:15:00+00:00,2026-06-15 16:00:00+00:00,BUY,10.0,28.64
2026-06-15 15:30:00+00:00,2026-06-16 02:00:00+00:00,BUY,10.0,29.46
2026-06-15 16:15:00+00:00,2026-06-15 17:00:00+00:00,BUY,10.0,39.19
2026-06-15 16:30:00+00:00,2026-06-16 03:00:00+00:00,SELL,10.0,28.25
2026-06-15 17:15:00+00:00,2026-06-15 18:00:00+00:00,SELL,10.0,49.74
2026-06-15 17:30:00+00:00,2026-06-16 04:00:00+00:00,BUY,10.0,35.36
2026-06-15 18:15:00+00:00,2026-06-15 19:00:00+00:00,SELL,10.0,42.16
2026-06-15 18:30:00+00:00,2026-06-16 05:00:00+00:00,SELL,10.0,32.45
2026-06-15 19:15:00+00:00,2026-06-15 20:00:00+00:00,SELL,10.0,43.16
2026-06-15 19:30:00+00:00,2026-06-16 06:00:00+00:00,SELL,10.0,35.37
2026-06-15 20:15:00+00:00,2026-06-15 21:00:00+00:00,BUY,10.0,38.17
2026-06-15 20:30:00+00:00,2026-06-16 07:00:00+00:00,SELL,10.0,33.55
2026-06-15 21:15:00+00:00,2026-06-15 22:00:00+00:00,BUY,10.0,35.54
2026-06-15 21:30:00+00:00,2026-06-16 08:00:00+00:00,BUY,10.0,43.17
2026-06-15 22:15:00+00:00,2026-06-15 23:00:00+00:00,BUY,10.0,35.13
2026-06-15 22:30:00+00:00,2026-06-16 09:00:00+00:00,BUY,10.0,37.18
2026-06-15 23:15:00+00:00,2026-06-16 00:00:00+00:00,SELL,10.0,19.84
2026-06-15 23:30:00+00:00,2026-06-16 10:00:00+00:00,SELL,10.0,28.84
2026-06-16 00:15:00+00:00,2026-06-16 01:00:00+00:00,BUY,10.0,14.03
2026-06-16 00:30:00+00:00,2026-06-16 11:00:00+00:00,SELL,10.0,8.09
2026-06-16 01:15:00+00:00,2026-06-16 02:00:00+00:00,SELL,10.0,23.09
2026-06-16 01:30:00+00:00,2026-06-16 12:00:00+00:00,SELL,10.0,27.17
2026-06-16 02:15:00+00:00,2026-06-16 03:00:00+00:00,BUY,10.0,23.16
2026-06-16 02:30:00+00:00,2026-06-16 13:00:00+00:00,SELL,10.0,27.11
2026-06-16 03:15:00+00:00,2026-06-16 04:00:00+00:00,SELL,10.0,28.87
2026-06-16 03:30:00+00:00,2026-06-16 14:00:00+00:00,SELL,10.0,30.32
2026-06-16 04:15:00+00:00,2026-06-16 05:00:00+00:00,BUY,10.0,11.27
2026-06-16 04:30:00+00:00,2026-06-16 15:00:00+00:00,SELL,10.0,30.01
2026-06-16 05:15:00+00:00,2026-06-16 06:00:00+00:00,BUY,10.0,31.21
2026-06-16 05:30:00+00:00,2026-06-16 16:00:00+00:00,SELL,10.0,35.08
2026-06-16 06:15:00+00:00,2026-06-16 07:00:00+00:00,BUY,10.0,29.45
2026-06-16 06:30:00+00:00,2026-06-16 17:00:00+00:00,BUY,10.0,32.36
2026-06-16 07:15:00+00:00,2026-06-16 08:00:00+00:00,SELL,10.0,32.11
2026-06-16 07:30:00+00:00,2026-06-16 18:00:00+00:00,BUY,10.0,34.28
2026-06-16 08:15:00+00:00,2026-06-16 09:00:00+00:00,SELL,10.0,27.13
2026-06-16 08:30:00+00:00,2026-06-16 19:00:00+00:00,SELL,10.0,40.06
2026-06-16 09:15:00+00:00,2026-06-16 10:00:00+00:00,BUY,10.0,25.81
2026-06-16 09:30:00+00:00,2026-06-16 20:00:00+00:00,SELL,10.0,40.09
2026-06-16 10:15:00+00:00,2026-06-16 11:00:00+00:00,BUY,10.0,11.05
2026-06-16 10:30:00+00:00,2026-06-16 21:00:00+00:00,BUY,10.0,29.01
2026-06-16 11:15:00+00:00,2026-06-16 12:00:00+00:00,BUY,10.0,16.35
2026-06-16 11:30:00+00:00,2026-06-16 22:00:00+00:00,BUY,10.0,30.13
2026-06-16 12:15:00+00:00,2026-06-16 13:00:00+00:00,BUY,10.0,17.74
2026-06-16 12:30:00+00:00,2026-06-16 23:00:00+00:00,SELL,10.0,25.17
2026-06-16 13:15:00+00:00,2026-06-16 14:00:00+00:00,BUY,10.0,18.26
2026-06-16 13:30:00+00:00,2026-06-17 00:00:00+00:00,BUY,10.0,-92.4
2026-06-16 14:15:00+00:00,2026-06-16 15:00:00+00:00,BUY,10.0,18.87
2026-06-16 14:30:00+00:00,2026-06-17 01:00:00+00:00,BUY,10.0,-57.16
2026-06-16 15:15:00+00:00,2026-06-16 16:00:00+00:00,BUY,10.0,27.75
2026-06-16 15:30:00+00:00,2026-06-17 02:00:00+00:00,BUY,10.0,-113.21
2026-06-16 16:15:00+00:00,2026-06-16 17:00:00+00:00,SELL,10.0,24.48
2026-06-16 16:30:00+00:00,2026-06-17 03:00:00+00:00,BUY,10.0,-56.1
2026-06-16 17:15:00+00:00,2026-06-16 18:00:00+00:00,SELL,10.0,13.57
2026-06-16 17:30:00+00:00,2026-06-17 04:00:00+00:00,BUY,10.0,-50.82
2026-06-16 18:15:00+00:00,2026-06-16 19:00:00+00:00,BUY,10.0,31.62
2026-06-16 18:30:00+00:00,2026-06-17 05:00:00+00:00,SELL,10.0,-30.09
2026-06-16 19:15:00+00:00,2026-06-16 20:00:00+00:00,BUY,10.0,31.31
2026-06-16 19:30:00+00:00,2026-06-17 06:00:00+00:00,SELL,10.0,9.96
2026-06-16 20:15:00+00:00,2026-06-16 21:00:00+00:00,SELL,10.0,24.68
2026-06-16 20:30:00+00:00,2026-06-17 07:00:00+00:00,BUY,10.0,-2.1
2026-06-16 21:15:00+00:00,2026-06-16 22:00:00+00:00,SELL,10.0,23.7
2026-06-16 21:30:00+00:00,2026-06-17 08:00:00+00:00,SELL,10.0,18.88
2026-06-16 22:15:00+00:00,2026-06-16 23:00:00+00:00,BUY,10.0,22.33
2026-06-16 22:30:00+00:00,2026-06-17 09:00:00+00:00,SELL,10.0,-3.65
2026-06-16 23:15:00+00:00,2026-06-17 00:00:00+00:00,SELL,10.0,-50.44
2026-06-16 23:30:00+00:00,2026-06-17 10:00:00+00:00,SELL,10.0,9.64
2026-06-17 00:15:00+00:00,2026-06-17 01:00:00+00:00,SELL,10.0,-32.45
2026-06-17 00:30:00+00:00,2026-06-17 11:00:00+00:00,BUY,10.0,-99.57
2026-06-17 01:15:00+00:00,2026-06-17 02:00:00+00:00,SELL,10.0,-84.22
2026-06-17 01:30:00+00:00,2026-06-17 12:00:00+00:00,SELL,10.0,-91.49
2026-06-17 02:15:00+00:00,2026-06-17 03:00:00+00:00,SELL,10.0,6.28
2026-06-17 02:30:00+00:00,2026-06-17 13:00:00+00:00,SELL,10.0,-125.61
2026-06-17 03:15:00+00:00,2026-06-17 04:00:00+00:00,SELL,10.0,27.9
2026-06-17 03:30:00+00:00,2026-06-17 14:00:00+00:00,BUY,10.0,-124.82
2026-06-17 04:15:00+00:00,2026-06-17 05:00:00+00:00,BUY,10.0,43.78
2026-06-17 04:30:00+00:00,2026-06-17 15:00:00+00:00,BUY,10.0,-79.81
2026-06-17 05:15:00+00:00,2026-06-17 06:00:00+00:00,BUY,10.0,24.9
2026-06-17 05:30:00+00:00,2026-06-17 16:00:00+00:00,SELL,10.0,-27.79
2026-06-17 06:15:00+00:00,2026-06-17 07:00:00+00:00,SELL,10.0,22.06
2026-06-17 06:30:00+00:00,2026-06-17 17:00:00+00:00,BUY,10.0,-10.27
2026-06-17 07:15:00+00:00,2026-06-17 08:00:00+00:00,BUY,10.0,18.56
2026-06-17 07:30:00+00:00,2026-06-17 18:00:00+00:00,SELL,10.0,19.91
2026-06-17 08:15:00+00:00,2026-06-17 09:00:00+00:00,BUY,10.0,38.6
2026-06-17 08:30:00+00:00,2026-06-17 19:00:00+00:00,SELL,10.0,-11.46
2026-06-17 09:15:00+00:00,2026-06-17 10:00:00+00:00,BUY,10.0,4.45
2026-06-17 09:30:00+00:00,2026-06-17 20:00:00+00:00,SELL,10.0,7.83
2026-06-17 10:15:00+00:00,2026-06-17 11:00:00+00:00,SELL,10.0,-54.46
2026-06-17 10:30:00+00:00,2026-06-17 21:00:00+00:00,SELL,10.0,-60.56
2026-06-17 11:15:00+00:00,2026-06-17 12:00:00+00:00,BUY,10.0,-7.93
2026-06-17 11:30:00+00:00,2026-06-17 22:00:00+00:00,SELL,10.0,-5.8
2026-06-17 12:15:00+00:00,2026-06-17 13:00:00+00:00,BUY,10.0,-99.82
2026-06-17 12:30:00+00:00,2026-06-17 23:00:00+00:00,BUY,10.0,-109.51
2026-06-17 13:15:00+00:00,2026-06-17 14:00:00+00:00,SELL,10.0,-103.65
2026-06-17 13:30:00+00:00,2026-06-18 00:00:00+00:00,SELL,10.0,-113.41
2026-06-17 14:15:00+00:00,2026-06-17 15:00:00+00:00,SELL,10.0,-13.32
2026-06-17 14:30:00+00:00,2026-06-18 01:00:00+00:00,SELL,10.0,-120.36
2026-06-17 15:15:00+00:00,2026-06-17 16:00:00+00:00,BUY,10.0,32.35
2026-06-17 15:30:00+00:00,2026-06-18 02:00:00+00:00,SELL,10.0,-70.13
2026-06-17 16:15:00+00:00,2026-06-17 17:00:00+00:00,SELL,10.0,26.2
2026-06-17 16:30:00+00:00,2026-06-18 03:00:00+00:00,SELL,10.0,-115.01
2026-06-17 17:15:00+00:00,2026-06-17 18:00:00+00:00,BUY,10.0,28.97
2026-06-17 17:30:00+00:00,2026-06-18 04:00:00+00:00,BUY,10.0,-48.57
2026-06-17 18:15:00+00:00,2026-06-17 19:00:00+00:00,BUY,10.0,26.22
2026-06-17 18:30:00+00:00,2026-06-18 05:00:00+00:00,BUY,10.0,-57.01
2026-06-17 19:15:00+00:00,2026-06-17 20:00:00+00:00,BUY,10.0,41.08
2026-06-17 19:30:00+00:00,2026-06-18 06:00:00+00:00,BUY,10.0,-86.88
2026-06-17 20:15:00+00:00,2026-06-17 21:00:00+00:00,BUY,10.0,17.22
2026-06-17 20:30:00+00:00,2026-06-18 07:00:00+00:00,SELL,10.0,-54.3
2026-06-17 21:15:00+00:00,2026-06-17 22:00:00+00:00,BUY,10.0,7.44
2026-06-17 21:30:00+00:00,2026-06-18 08:00:00+00:00,BUY,10.0,-51.14
2026-06-17 22:15:00+00:00,2026-06-17 23:00:00+00:00,SELL,10.0,-69.88
2026-06-17 22:30:00+00:00,2026-06-18 09:00:00+00:00,BUY,10.0,-20.8
2026-06-17 23:15:00+00:00,2026-06-18 00:00:00+00:00,BUY,10.0,-104.83
2026-06-17 23:30:00+00:00,2026-06-18 10:00:00+00:00,BUY,10.0,-103.47
2026-06-18 00:15:00+00:00,2026-06-18 01:00:00+00:00,BUY,10.0,-106.42
2026-06-18 00:30:00+00:00,2026-06-18 11:00:00+00:00,BUY,10.0,-129.44
2026-06-18 01:15:00+00:00,2026-06-18 02:00:00+00:00,BUY,10.0,-49.78
2026-06-18 01:30:00+00:00,2026-06-18 12:00:00+00:00,BUY,10.0,-98.39
2026-06-18 02:15:00+00:00,2026-06-18 03:00:00+00:00,BUY,10.0,-86.03
2026-06-18 02:30:00+00:00,2026-06-18 13:00:00+00:00,BUY,10.0,-94.33
2026-06-18 03:15:00+00:00,2026-06-18 04:00:00+00:00,SELL,10.0,6.05
2026-06-18 03:30:00+00:00,2026-06-18 14:00:00+00:00,BUY,10.0,-104.94
2026-06-18 04:15:00+00:00,2026-06-18 05:00:00+00:00,SELL,10.0,-3.63
2026-06-18 04:30:00+00:00,2026-06-18 15:00:00+00:00,SELL,10.0,-28.98
2026-06-18 05:15:00+00:00,2026-06-18 06:00:00+00:00,SELL,10.0,-21.55
2026-06-18 05:30:00+00:00,2026-06-18 16:00:00+00:00,SELL,10.0,-116.54
2026-06-18 06:15:00+00:00,2026-06-18 07:00:00+00:00,BUY,10.0,17.86
2026-06-18 06:30:00+00:00,2026-06-18 17:00:00+00:00,BUY,10.0,-56.38
2026-06-18 07:15:00+00:00,2026-06-18 08:00:00+00:00,SELL,10.0,32.21
2026-06-18 07:30:00+00:00,2026-06-18 18:00:00+00:00,SELL,10.0,1.76
2026-06-18 08:15:00+00:00,2026-06-18 09:00:00+00:00,SELL,10.0,0.19
2026-06-18 08:30:00+00:00,2026-06-18 19:00:00+00:00,SELL,10.0,-54.5
2026-06-18 09:15:00+00:00,2026-06-18 10:00:00+00:00,SELL,10.0,-86.76
2026-06-18 09:30:00+00:00,2026-06-18 20:00:00+00:00,BUY,10.0,-22.06
2026-06-18 10:15:00+00:00,2026-06-18 11:00:00+00:00,SELL,10.0,-117.75
2026-06-18 10:30:00+00:00,2026-06-18 21:00:00+00:00,BUY,10.0,-103.42
2026-06-18 11:15:00+00:00,2026-06-18 12:00:00+00:00,SELL,10.0,-70.11
2026-06-18 11:30:00+00:00,2026-06-18 22:00:00+00:00,SELL,10.0,-115.12
2026-06-18 12:15:00+00:00,2026-06-18 13:00:00+00:00,SELL,10.0,-77.45
2026-06-18 12:30:00+00:00,2026-06-18 23:00:00+00:00,BUY,10.0,-116.85
2026-06-18 13:15:00+00:00,2026-06-18 14:00:00+00:00,SELL,10.0,-99.81
2026-06-18 13:30:00+00:00,2026-06-19 00:00:00+00:00,SELL,10.0,-41.06
2026-06-18 14:15:00+00:00,2026-06-18 15:00:00+00:00,BUY,10.0,-23.23
2026-06-18 14:30:00+00:00,2026-06-19 01:00:00+00:00,BUY,10.0,-121.87
2026-06-18 15:15:00+00:00,2026-06-18 16:00:00+00:00,BUY,10.0,-86.31
2026-06-18 15:30:00+00:00,2026-06-19 02:00:00+00:00,SELL,10.0,-74.5
2026-06-18 16:15:00+00:00,2026-06-18 17:00:00+00:00,SELL,10.0,13.83
2026-06-18 16:30:00+00:00,2026-06-19 03:00:00+00:00,SELL,10.0,-100.88
2026-06-18 17:15:00+00:00,2026-06-18 18:00:00+00:00,BUY,10.0,26.65
2026-06-18 17:30:00+00:00,2026-06-19 04:00:00+00:00,BUY,10.0,-30.84
2026-06-18 18:15:00+00:00,2026-06-18 19:00:00+00:00,BUY,10.0,15.51
2026-06-18 18:30:00+00:00,2026-06-19 05:00:00+00:00,SELL,10.0,6.43
2026-06-18 19:15:00+00:00,2026-06-18 20:00:00+00:00,SELL,10.0,6.53
2026-06-18 19:30:00+00:00,2026-06-19 06:00:00+00:00,SELL,10.0,4.29
2026-06-18 20:15:00+00:00,2026-06-18 21:00:00+00:00,SELL,10.0,-41.4
2026-06-18 20:30:00+00:00,2026-06-19 07:00:00+00:00,BUY,10.0,9.41
2026-06-18 21:15:00+00:00,2026-06-18 22:00:00+00:00,BUY,10.0,-94.46
2026-06-18 21:30:00+00:00,2026-06-19 08:00:00+00:00,BUY,10.0,17.02
2026-06-18 22:15:00+00:00,2026-06-18 23:00:00+00:00,SELL,10.0,-92.06
2026-06-18 22:30:00+00:00,2026-06-19 09:00:00+00:00,BUY,10.0,-9.9
2026-06-18 23:15:00+00:00,2026-06-19 00:00:00+00:00,BUY,10.0,39.37
2026-06-18 23:30:00+00:00,2026-06-19 10:00:00+00:00,SELL,10.0,-94.56
2026-06-19 00:15:00+00:00,2026-06-19 01:00:00+00:00,SELL,10.0,-93.33
2026-06-19 00:30:00+00:00,2026-06-19 11:00:00+00:00,SELL,10.0,-94.49
2026-06-19 01:15:00+00:00,2026-06-19 02:00:00+00:00,BUY,10.0,31.47
2026-06-19 01:30:00+00:00,2026-06-19 12:00:00+00:00,BUY,10.0,2.41
2026-06-19 02:15:00+00:00,2026-06-19 03:00:00+00:00,BUY,10.0,-33.81
2026-06-19 02:30:00+00:00,2026-06-19 13:00:00+00:00,BUY,10.0,-111.76
2026-06-19 03:15:00+00:00,2026-06-19 04:00:00+00:00,SELL,10.0,51.63
2026-06-19 03:30:00+00:00,2026-06-19 14:00:00+00:00,BUY,10.0,-118.42
2026-06-19 04:15:00+00:00,2026-06-19 05:00:00+00:00,BUY,10.0,41.2
2026-06-19 04:30:00+00:00,2026-06-19 15:00:00+00:00,BUY,10.0,-47.41
2026-06-19 05:15:00+00:00,2026-06-19 06:00:00+00:00,BUY,10.0,53.45
2026-06-19 05:30:00+00:00,2026-06-19 16:00:00+00:00,BUY,10.0,-97.49
2026-06-19 06:15:00+00:00,2026-06-19 07:00:00+00:00,SELL,10.0,53.32
2026-06-19 06:30:00+00:00,2026-06-19 17:00:00+00:00,SELL,10.0,0.61
2026-06-19 07:15:00+00:00,2026-06-19 08:00:00+00:00,SELL,10.0,32.1
2026-06-19 07:30:00+00:00,2026-06-19 18:00:00+00:00,SELL,10.0,12.91
2026-06-19 08:15:00+00:00,2026-06-19 09:00:00+00:00,SELL,10.0,66.08
2026-06-19 08:30:00+00:00,2026-06-19 19:00:00+00:00,SELL,10.0,-13.21
2026-06-19 09:15:00+00:00,2026-06-19 10:00:00+00:00,BUY,10.0,-20.87
2026-06-19 09:30:00+00:00,2026-06-19 20:00:00+00:00,BUY,10.0,1.49
2026-06-19 10:15:00+00:00,2026-06-19 11:00:00+00:00,BUY,10.0,-34.92
2026-06-19 10:30:00+00:00,2026-06-19 21:00:00+00:00,BUY,10.0,-56.06
2026-06-19 11:15:00+00:00,2026-06-19 12:00:00+00:00,SELL,10.0,4.67
2026-06-19 11:30:00+00:00,2026-06-19 22:00:00+00:00,BUY,10.0,-47.96
2026-06-19 12:15:00+00:00,2026-06-19 13:00:00+00:00,SELL,10.0,-65.69
2026-06-19 12:30:00+00:00,2026-06-19 23:00:00+00:00,SELL,10.0,-80.47
2026-06-19 13:15:00+00:00,2026-06-19 14:00:00+00:00,SELL,10.0,-87.62
2026-06-19 13:30:00+00:00,2026-06-20 00:00:00+00:00,SELL,10.0,30.87
2026-06-19 14:15:00+00:00,2026-06-19 15:00:00+00:00,SELL,10.0,20.18
2026-06-19 14:30:00+00:00,2026-06-20 01:00:00+00:00,BUY,10.0,26.85
2026-06-19 15:15:00+00:00,2026-06-19 16:00:00+00:00,SELL,10.0,-18.74
2026-06-19 15:30:00+00:00,2026-06-20 02:00:00+00:00,BUY,10.0,23.95
2026-06-19 16:15:00+00:00,2026-06-19 17:00:00+00:00,BUY,10.0,40.93
2026-06-19 16:30:00+00:00,2026-06-20 03:00:00+00:00,BUY,10.0,35.47
2026-06-19 17:15:00+00:00,2026-06-19 18:00:00+00:00,BUY,10.0,39.66
2026-06-19 17:30:00+00:00,2026-06-20 04:00:00+00:00,SELL,10.0,35.82
2026-06-19 18:15:00+00:00,2026-06-19 19:00:00+00:00,BUY,10.0,58.08
2026-06-19 18:30:00+00:00,2026-06-20 05:00:00+00:00,BUY,10.0,34.54
2026-06-19 19:15:00+00:00,2026-06-19 20:00:00+00:00,SELL,10.0,39.44
2026-06-19 19:30:00+00:00,2026-06-20 06:00:00+00:00,BUY,10.0,34.58
2026-06-19 20:15:00+00:00,2026-06-19 21:00:00+00:00,SELL,10.0,86.81
2026-06-19 20:30:00+00:00,2026-06-20 07:00:00+00:00,BUY,10.0,41.21
2026-06-19 21:15:00+00:00,2026-06-19 22:00:00+00:00,SELL,10.0,56.8
2026-06-19 21:30:00+00:00,2026-06-20 08:00:00+00:00,SELL,10.0,38.33
2026-06-19 22:15:00+00:00,2026-06-19 23:00:00+00:00,BUY,10.0,-24.1
2026-06-19 22:30:00+00:00,2026-06-20 09:00:00+00:00,BUY,10.0,43.96
2026-06-19 23:15:00+00:00,2026-06-20 00:00:00+00:00,BUY,10.0,31.75
2026-06-19 23:30:00+00:00,2026-06-20 10:00:00+00:00,BUY,10.0,35.4
2026-06-20 00:15:00+00:00,2026-06-20 01:00:00+00:00,SELL,10.0,33.13
2026-06-20 00:30:00+00:00,2026-06-20 11:00:00+00:00,SELL,10.0,25.75
2026-06-20 01:15:00+00:00,2026-06-20 02:00:00+00:00,SELL,10.0,32.0
2026-06-20 01:30:00+00:00,2026-06-20 12:00:00+00:00,BUY,10.0,41.68
2026-06-20 02:15:00+00:00,2026-06-20 03:00:00+00:00,SELL,10.0,33.55
2026-06-20 02:30:00+00:00,2026-06-20 13:00:00+00:00,SELL,10.0,44.93
2026-06-20 03:15:00+00:00,2026-06-20 04:00:00+00:00,BUY,10.0,38.06
2026-06-20 03:30:00+00:00,2026-06-20 14:00:00+00:00,SELL,10.0,34.52
2026-06-20 04:15:00+00:00,2026-06-20 05:00:00+00:00,SELL,10.0,41.97
2026-06-20 04:30:00+00:00,2026-06-20 15:00:00+00:00,SELL,10.0,34.82
2026-06-20 05:15:00+00:00,2026-06-20 06:00:00+00:00,SELL,10.0,41.9
2026-06-20 05:30:00+00:00,2026-06-20 16:00:00+00:00,SELL,10.0,40.24
2026-06-20 06:15:00+00:00,2026-06-20 07:00:00+00:00,SELL,10.0,48.39
2026-06-20 06:30:00+00:00,2026-06-20 17:00:00+00:00,SELL,10.0,36.76
2026-06-20 07:15:00+00:00,2026-06-20 08:00:00+00:00,BUY,10.0,41.75
2026-06-20 07:30:00+00:00,2026-06-20 18:00:00+00:00,BUY,10.0,41.61
2026-06-20 08:15:00+00:00,2026-06-20 09:00:00+00:00,SELL,10.0,40.81
2026-06-20 08:30:00+00:00,2026-06-20 19:00:00+00:00,SELL,10.0,44.4
2026-06-20 09:15:00+00:00,2026-06-20 10:00:00+00:00,SELL,10.0,40.35
2026-06-20 09:30:00+00:00,2026-06-20 20:00:00+00:00,SELL,10.0,36.38
2026-06-20 10:15:00+00:00,2026-06-20 11:00:00+00:00,BUY,10.0,35.5
2026-06-20 10:30:00+00:00,2026-06-20 21:00:00+00:00,SELL,10.0,29.62
2026-06-20 11:15:00+00:00,2026-06-20 12:00:00+00:00,SELL,10.0,35.84
2026-06-20 11:30:00+00:00,2026-06-20 22:00:00+00:00,SELL,10.0,34.41
2026-06-20 12:15:00+00:00,2026-06-20 13:00:00+00:00,BUY,10.0,33.02
2026-06-20 12:30:00+00:00,2026-06-20 23:00:00+00:00,BUY,10.0,28.45
2026-06-20 13:15:00+00:00,2026-06-20 14:00:00+00:00,BUY,10.0,31.32
2026-06-20 13:30:00+00:00,2026-06-21 00:00:00+00:00,SELL,10.0,33.71
2026-06-20 14:15:00+00:00,2026-06-20 15:00:00+00:00,BUY,10.0,34.41
2026-06-20 14:30:00+00:00,2026-06-21 01:00:00+00:00,BUY,10.0,31.68
2026-06-20 15:15:00+00:00,2026-06-20 16:00:00+00:00,BUY,10.0,42.6
2026-06-20 15:30:00+00:00,2026-06-21 02:00:00+00:00,SELL,10.0,30.5
2026-06-20 16:15:00+00:00,2026-06-20 17:00:00+00:00,BUY,10.0,40.43
2026-06-20 16:30:00+00:00,2026-06-21 03:00:00+00:00,SELL,10.0,32.49
2026-06-20 17:15:00+00:00,2026-06-20 18:00:00+00:00,SELL,10.0,67.93
2026-06-20 17:30:00+00:00,2026-06-21 04:00:00+00:00,SELL,10.0,40.83
2026-06-20 18:15:00+00:00,2026-06-20 19:00:00+00:00,BUY,10.0,43.12
2026-06-20 18:30:00+00:00,2026-06-21 05:00:00+00:00,BUY,10.0,42.9
2026-06-20 19:15:00+00:00,2026-06-20 20:00:00+00:00,BUY,10.0,37.61
2026-06-20 19:30:00+00:00,2026-06-21 06:00:00+00:00,BUY,10.0,43.56
2026-06-20 20:15:00+00:00,2026-06-20 21:00:00+00:00,BUY,10.0,33.21
2026-06-20 20:30:00+00:00,2026-06-21 07:00:00+00:00,BUY,10.0,48.56
2026-06-20 21:15:00+00:00,2026-06-20 22:00:00+00:00,BUY,10.0,36.19
2026-06-20 21:30:00+00:00,2026-06-21 08:00:00+00:00,SELL,10.0,46.55
2026-06-20 22:15:00+00:00,2026-06-20 23:00:00+00:00,SELL,10.0,30.47
2026-06-20 22:30:00+00:00,2026-06-21 09:00:00+00:00,BUY,10.0,40.96
2026-06-20 23:15:00+00:00,2026-06-21 00:00:00+00:00,BUY,10.0,32.47
2026-06-20 23:30:00+00:00,2026-06-21 10:00:00+00:00,SELL,10.0,40.6
2026-06-21 00:15:00+00:00,2026-06-21 01:00:00+00:00,SELL,10.0,31.61
2026-06-21 00:30:00+00:00,2026-06-21 11:00:00+00:00,BUY,10.0,40.34
2026-06-21 01:15:00+00:00,2026-06-21 02:00:00+00:00,BUY,10.0,33.94
2026-06-21 01:30:00+00:00,2026-06-21 12:00:00+00:00,BUY,10.0,36.63
2026-06-21 02:15:00+00:00,2026-06-21 03:00:00+00:00,BUY,10.0,32.07
2026-06-21 02:30:00+00:00,2026-06-21 13:00:00+00:00,BUY,10.0,45.13
2026-06-21 03:15:00+00:00,2026-06-21 04:00:00+00:00,BUY,10.0,43.12
2026-06-21 03:30:00+00:00,2026-06-21 14:00:00+00:00,BUY,10.0,28.69
2026-06-21 04:15:00+00:00,2026-06-21 05:00:00+00:00,SELL,10.0,40.37
2026-06-21 04:30:00+00:00,2026-06-21 15:00:00+00:00,SELL,10.0,41.05
2026-06-21 05:15:00+00:00,2026-06-21 06:00:00+00:00,SELL,10.0,45.79
2026-06-21 05:30:00+00:00,2026-06-21 16:00:00+00:00,SELL,10.0,40.88
2026-06-21 06:15:00+00:00,2026-06-21 07:00:00+00:00,SELL,10.0,44.42
2026-06-21 06:30:00+00:00,2026-06-21 17:00:00+00:00,BUY,10.0,43.22
2026-06-21 07:15:00+00:00,2026-06-21 08:00:00+00:00,BUY,10.0,44.05
2026-06-21 07:30:00+00:00,2026-06-21 18:00:00+00:00,SELL,10.0,49.5
2026-06-21 08:15:00+00:00,2026-06-21 09:00:00+00:00,SELL,10.0,39.86
2026-06-21 08:30:00+00:00,2026-06-21 19:00:00+00:00,SELL,10.0,38.36
2026-06-21 09:15:00+00:00,2026-06-21 10:00:00+00:00,BUY,10.0,52.32
2026-06-21 09:30:00+00:00,2026-06-21 20:00:00+00:00,SELL,10.0,41.32
2026-06-21 10:15:00+00:00,2026-06-21 11:00:00+00:00,SELL,10.0,32.93
2026-06-21 10:30:00+00:00,2026-06-21 21:00:00+00:00,BUY,10.0,40.86
2026-06-21 11:15:00+00:00,2026-06-21 12:00:00+00:00,SELL,10.0,33.15
2026-06-21 11:30:00+00:00,2026-06-21 22:00:00+00:00,BUY,10.0,34.98
2026-06-21 12:15:00+00:00,2026-06-21 13:00:00+00:00,SELL,10.0,33.91
2026-06-21 12:30:00+00:00,2026-06-21 23:00:00+00:00,SELL,10.0,31.66
2026-06-21 13:15:00+00:00,2026-06-21 14:00:00+00:00,SELL,10.0,27.5
2026-06-21 13:30:00+00:00,2026-06-22 00:00:00+00:00,BUY,10.0,36.84
2026-06-21 14:15:00+00:00,2026-06-21 15:00:00+00:00,BUY,10.0,38.27
2026-06-21 14:30:00+00:00,2026-06-22 01:00:00+00:00,SELL,10.0,38.24
2026-06-21 15:15:00+00:00,2026-06-21 16:00:00+00:00,BUY,10.0,37.14
2026-06-21 15:30:00+00:00,2026-06-22 02:00:00+00:00,BUY,10.0,37.33
2026-06-21 16:15:00+00:00,2026-06-21 17:00:00+00:00,SELL,10.0,41.54
2026-06-21 16:30:00+00:00,2026-06-22 03:00:00+00:00,SELL,10.0,40.44
2026-06-21 17:15:00+00:00,2026-06-21 18:00:00+00:00,BUY,10.0,46.16
2026-06-21 17:30:00+00:00,2026-06-22 04:00:00+00:00,BUY,10.0,42.91
2026-06-21 18:15:00+00:00,2026-06-21 19:00:00+00:00,BUY,10.0,41.93
2026-06-21 18:30:00+00:00,2026-06-22 05:00:00+00:00,BUY,10.0,43.89
2026-06-21 19:15:00+00:00,2026-06-21 20:00:00+00:00,BUY,10.0,39.77
2026-06-21 19:30:00+00:00,2026-06-22 06:00:00+00:00,BUY,10.0,54.0
2026-06-21 20:15:00+00:00,2026-06-21 21:00:00+00:00,SELL,10.0,39.21
2026-06-21 20:30:00+00:00,2026-06-22 07:00:00+00:00,BUY,10.0,51.1
2026-06-21 21:15:00+00:00,2026-06-21 22:00:00+00:00,SELL,10.0,32.01
2026-06-21 21:30:00+00:00,2026-06-22 08:00:00+00:00,BUY,10.0,58.31
2026-06-21 22:15:00+00:00,2026-06-21 23:00:00+00:00,BUY,10.0,34.71
2026-06-21 22:30:00+00:00,2026-06-22 09:00:00+00:00,BUY,10.0,38.78
2026-06-21 23:15:00+00:00,2026-06-22 00:00:00+00:00,SELL,10.0,36.38
2026-06-21 23:30:00+00:00,2026-06-22 10:00:00+00:00,BUY,10.0,38.96
2026-06-22 00:15:00+00:00,2026-06-22 01:00:00+00:00,BUY,10.0,38.08
2026-06-22 00:30:00+00:00,2026-06-22 11:00:00+00:00,SELL,10.0,42.04
2026-06-22 01:15:00+00:00,2026-06-22 02:00:00+00:00,SELL,10.0,39.45
2026-06-22 01:30:00+00:00,2026-06-22 12:00:00+00:00,SELL,10.0,33.89
2026-06-22 02:15:00+00:00,2026-06-22 03:00:00+00:00,BUY,10.0,31.5
2026-06-22 02:30:00+00:00,2026-06-22 13:00:00+00:00,SELL,10.0,36.35
2026-06-22 03:15:00+00:00,2026-06-22 04:00:00+00:00,SELL,10.0,37.51
2026-06-22 03:30:00+00:00,2026-06-22 14:00:00+00:00,BUY,10.0,34.58
2026-06-22 04:15:00+00:00,2026-06-22 05:00:00+00:00,SELL,10.0,39.06
2026-06-22 04:30:00+00:00,2026-06-22 15:00:00+00:00,SELL,10.0,35.3
2026-06-22 05:15:00+00:00,2026-06-22 06:00:00+00:00,SELL,10.0,48.23
2026-06-22 05:30:00+00:00,2026-06-22 16:00:00+00:00,SELL,10.0,47.35
2026-06-22 06:15:00+00:00,2026-06-22 07:00:00+00:00,SELL,10.0,46.23
2026-06-22 06:30:00+00:00,2026-06-22 17:00:00+00:00,BUY,10.0,51.36
2026-06-22 07:15:00+00:00,2026-06-22 08:00:00+00:00,SELL,10.0,42.26
2026-06-22 07:30:00+00:00,2026-06-22 18:00:00+00:00,BUY,10.0,48.2
2026-06-22 08:15:00+00:00,2026-06-22 09:00:00+00:00,SELL,10.0,35.1
2026-06-22 08:30:00+00:00,2026-06-22 19:00:00+00:00,BUY,10.0,51.52
2026-06-22 09:15:00+00:00,2026-06-22 10:00:00+00:00,SELL,10.0,33.82
2026-06-22 09:30:00+00:00,2026-06-22 20:00:00+00:00,SELL,10.0,48.65
2026-06-22 10:15:00+00:00,2026-06-22 11:00:00+00:00,BUY,10.0,28.6
2026-06-22 10:30:00+00:00,2026-06-22 21:00:00+00:00,BUY,10.0,45.3
2026-06-22 11:15:00+00:00,2026-06-22 12:00:00+00:00,BUY,10.0,23.91
2026-06-22 11:30:00+00:00,2026-06-22 22:00:00+00:00,SELL,10.0,42.27
2026-06-22 12:15:00+00:00,2026-06-22 13:00:00+00:00,BUY,10.0,27.64
2026-06-22 12:30:00+00:00,2026-06-22 23:00:00+00:00,SELL,10.0,37.49
2026-06-22 13:15:00+00:00,2026-06-22 14:00:00+00:00,SELL,10.0,31.79
2026-06-22 13:30:00+00:00,2026-06-23 00:00:00+00:00,BUY,10.0,17.86
2026-06-22 14:15:00+00:00,2026-06-22 15:00:00+00:00,BUY,10.0,79.46
2026-06-22 14:30:00+00:00,2026-06-23 01:00:00+00:00,SELL,10.0,24.63
2026-06-22 15:15:00+00:00,2026-06-22 16:00:00+00:00,BUY,10.0,36.05
2026-06-22 15:30:00+00:00,2026-06-23 02:00:00+00:00,SELL,10.0,18.67
2026-06-22 16:15:00+00:00,2026-06-22 17:00:00+00:00,SELL,10.0,169.98
2026-06-22 16:30:00+00:00,2026-06-23 03:00:00+00:00,SELL,10.0,26.14
2026-06-22 17:15:00+00:00,2026-06-22 18:00:00+00:00,SELL,10.0,19.1
2026-06-22 17:30:00+00:00,2026-06-23 04:00:00+00:00,BUY,10.0,22.84
2026-06-22 18:15:00+00:00,2026-06-22 19:00:00+00:00,SELL,10.0,91.52
2026-06-22 18:30:00+00:00,2026-06-23 05:00:00+00:00,SELL,10.0,29.13
2026-06-22 19:15:00+00:00,2026-06-22 20:00:00+00:00,BUY,10.0,42.9
2026-06-22 19:30:00+00:00,2026-06-23 06:00:00+00:00,BUY,10.0,23.25
2026-06-22 20:15:00+00:00,2026-06-22 21:00:00+00:00,SELL,10.0,44.51
2026-06-22 20:30:00+00:00,2026-06-23 07:00:00+00:00,BUY,10.0,26.76
2026-06-22 21:15:00+00:00,2026-06-22 22:00:00+00:00,BUY,10.0,38.12
2026-06-22 21:30:00+00:00,2026-06-23 08:00:00+00:00,BUY,10.0,18.66
2026-06-22 22:15:00+00:00,2026-06-22 23:00:00+00:00,BUY,10.0,32.94
2026-06-22 22:30:00+00:00,2026-06-23 09:00:00+00:00,SELL,10.0,26.07
2026-06-22 23:15:00+00:00,2026-06-23 00:00:00+00:00,SELL,10.0,24.01
2026-06-22 23:30:00+00:00,2026-06-23 10:00:00+00:00,BUY,10.0,29.62
2026-06-23 00:15:00+00:00,2026-06-23 01:00:00+00:00,BUY,10.0,28.98
2026-06-23 00:30:00+00:00,2026-06-23 11:00:00+00:00,SELL,10.0,-45.28
2026-06-23 01:15:00+00:00,2026-06-23 02:00:00+00:00,BUY,10.0,18.08
2026-06-23 01:30:00+00:00,2026-06-23 12:00:00+00:00,BUY,10.0,15.17
2026-06-23 02:15:00+00:00,2026-06-23 03:00:00+00:00,BUY,10.0,28.93
2026-06-23 02:30:00+00:00,2026-06-23 13:00:00+00:00,BUY,10.0,-30.45
2026-06-23 03:15:00+00:00,2026-06-23 04:00:00+00:00,SELL,10.0,26.62
2026-06-23 03:30:00+00:00,2026-06-23 14:00:00+00:00,BUY,10.0,1.78
2026-06-23 04:15:00+00:00,2026-06-23 05:00:00+00:00,BUY,10.0,33.03
2026-06-23 04:30:00+00:00,2026-06-23 15:00:00+00:00,BUY,10.0,-26.31
2026-06-23 05:15:00+00:00,2026-06-23 06:00:00+00:00,SELL,10.0,38.88
2026-06-23 05:30:00+00:00,2026-06-23 16:00:00+00:00,BUY,10.0,24.03
2026-06-23 06:15:00+00:00,2026-06-23 07:00:00+00:00,SELL,10.0,37.02
2026-06-23 06:30:00+00:00,2026-06-23 17:00:00+00:00,BUY,10.0,26.71
2026-06-23 07:15:00+00:00,2026-06-23 08:00:00+00:00,SELL,10.0,33.9
2026-06-23 07:30:00+00:00,2026-06-23 18:00:00+00:00,BUY,10.0,40.55
2026-06-23 08:15:00+00:00,2026-06-23 09:00:00+00:00,BUY,10.0,25.49
2026-06-23 08:30:00+00:00,2026-06-23 19:00:00+00:00,SELL,10.0,31.89
2026-06-23 09:15:00+00:00,2026-06-23 10:00:00+00:00,SELL,10.0,28.54
2026-06-23 09:30:00+00:00,2026-06-23 20:00:00+00:00,SELL,10.0,26.71
2026-06-23 10:15:00+00:00,2026-06-23 11:00:00+00:00,BUY,10.0,2.71
2026-06-23 10:30:00+00:00,2026-06-23 21:00:00+00:00,BUY,10.0,34.86
2026-06-23 11:15:00+00:00,2026-06-23 12:00:00+00:00,SELL,10.0,17.76
2026-06-23 11:30:00+00:00,2026-06-23 22:00:00+00:00,BUY,10.0,22.06
2026-06-23 12:15:00+00:00,2026-06-23 13:00:00+00:00,SELL,10.0,32.21
2026-06-23 12:30:00+00:00,2026-06-23 23:00:00+00:00,SELL,10.0,2.66
2026-06-23 13:15:00+00:00,2026-06-23 14:00:00+00:00,SELL,10.0,20.61
2026-06-23 13:30:00+00:00,2026-06-24 00:00:00+00:00,BUY,10.0,24.7
2026-06-23 14:15:00+00:00,2026-06-23 15:00:00+00:00,SELL,10.0,10.29
2026-06-23 14:30:00+00:00,2026-06-24 01:00:00+00:00,SELL,10.0,29.41
2026-06-23 15:15:00+00:00,2026-06-23 16:00:00+00:00,SELL,10.0,29.64
2026-06-23 15:30:00+00:00,2026-06-24 02:00:00+00:00,SELL,10.0,27.17
2026-06-23 16:15:00+00:00,2026-06-23 17:00:00+00:00,SELL,10.0,32.72
2026-06-23 16:30:00+00:00,2026-06-24 03:00:00+00:00,SELL,10.0,24.75
2026-06-23 17:15:00+00:00,2026-06-23 18:00:00+00:00,SELL,10.0,38.54
2026-06-23 17:30:00+00:00,2026-06-24 04:00:00+00:00,BUY,10.0,27.21
2026-06-23 18:15:00+00:00,2026-06-23 19:00:00+00:00,BUY,10.0,35.88
2026-06-23 18:30:00+00:00,2026-06-24 05:00:00+00:00,BUY,10.0,29.25
2026-06-23 19:15:00+00:00,2026-06-23 20:00:00+00:00,BUY,10.0,22.71
2026-06-23 19:30:00+00:00,2026-06-24 06:00:00+00:00,BUY,10.0,40.88
2026-06-23 20:15:00+00:00,2026-06-23 21:00:00+00:00,SELL,10.0,33.54
2026-06-23 20:30:00+00:00,2026-06-24 07:00:00+00:00,BUY,10.0,33.43
2026-06-23 21:15:00+00:00,2026-06-23 22:00:00+00:00,SELL,10.0,150.7
2026-06-23 21:30:00+00:00,2026-06-24 08:00:00+00:00,SELL,10.0,34.74
2026-06-23 22:15:00+00:00,2026-06-23 23:00:00+00:00,BUY,10.0,29.91
2026-06-23 22:30:00+00:00,2026-06-24 09:00:00+00:00,SELL,10.0,14.73
2026-06-23 23:15:00+00:00,2026-06-24 00:00:00+00:00,SELL,10.0,26.29
2026-06-23 23:30:00+00:00,2026-06-24 10:00:00+00:00,SELL,10.0,18.58
2026-06-24 00:15:00+00:00,2026-06-24 01:00:00+00:00,BUY,10.0,30.2
2026-06-24 00:30:00+00:00,2026-06-24 11:00:00+00:00,BUY,10.0,8.94
2026-06-24 01:15:00+00:00,2026-06-24 02:00:00+00:00,BUY,10.0,27.5
2026-06-24 01:30:00+00:00,2026-06-24 12:00:00+00:00,SELL,10.0,-1.57
2026-06-24 02:15:00+00:00,2026-06-24 03:00:00+00:00,BUY,10.0,30.86
2026-06-24 02:30:00+00:00,2026-06-24 13:00:00+00:00,SELL,10.0,11.93
2026-06-24 03:15:00+00:00,2026-06-24 04:00:00+00:00,SELL,10.0,25.9
2026-06-24 03:30:00+00:00,2026-06-24 14:00:00+00:00,BUY,10.0,10.34
2026-06-24 04:15:00+00:00,2026-06-24 05:00:00+00:00,SELL,10.0,30.09
2026-06-24 04:30:00+00:00,2026-06-24 15:00:00+00:00,BUY,10.0,17.38
2026-06-24 05:15:00+00:00,2026-06-24 06:00:00+00:00,SELL,10.0,32.5
2026-06-24 05:30:00+00:00,2026-06-24 16:00:00+00:00,BUY,10.0,2.47
2026-06-24 06:15:00+00:00,2026-06-24 07:00:00+00:00,SELL,10.0,31.94
2026-06-24 06:30:00+00:00,2026-06-24 17:00:00+00:00,BUY,10.0,35.25
2026-06-24 07:15:00+00:00,2026-06-24 08:00:00+00:00,BUY,10.0,38.47
2026-06-24 07:30:00+00:00,2026-06-24 18:00:00+00:00,SELL,10.0,37.27
2026-06-24 08:15:00+00:00,2026-06-24 09:00:00+00:00,BUY,10.0,42.11
2026-06-24 08:30:00+00:00,2026-06-24 19:00:00+00:00,BUY,10.0,35.96
2026-06-24 09:15:00+00:00,2026-06-24 10:00:00+00:00,BUY,10.0,32.89
2026-06-24 09:30:00+00:00,2026-06-24 20:00:00+00:00,SELL,10.0,27.23
2026-06-24 10:15:00+00:00,2026-06-24 11:00:00+00:00,SELL,10.0,37.65
2026-06-24 10:30:00+00:00,2026-06-24 21:00:00+00:00,SELL,10.0,30.45
2026-06-24 11:15:00+00:00,2026-06-24 12:00:00+00:00,BUY,10.0,27.18
2026-06-24 11:30:00+00:00,2026-06-24 22:00:00+00:00,SELL,10.0,27.33
2026-06-24 12:15:00+00:00,2026-06-24 13:00:00+00:00,BUY,10.0,31.96
2026-06-24 12:30:00+00:00,2026-06-24 23:00:00+00:00,SELL,10.0,26.52
2026-06-24 13:15:00+00:00,2026-06-24 14:00:00+00:00,SELL,10.0,44.69
2026-06-24 13:30:00+00:00,2026-06-25 00:00:00+00:00,BUY,10.0,30.16
2026-06-24 14:15:00+00:00,2026-06-24 15:00:00+00:00,SELL,10.0,31.6
2026-06-24 14:30:00+00:00,2026-06-25 01:00:00+00:00,BUY,10.0,26.68
2026-06-24 15:15:00+00:00,2026-06-24 16:00:00+00:00,SELL,10.0,47.87
2026-06-24 15:30:00+00:00,2026-06-25 02:00:00+00:00,BUY,10.0,25.74
2026-06-24 16:15:00+00:00,2026-06-24 17:00:00+00:00,SELL,10.0,39.01
2026-06-24 16:30:00+00:00,2026-06-25 03:00:00+00:00,SELL,10.0,34.92
2026-06-24 17:15:00+00:00,2026-06-24 18:00:00+00:00,BUY,10.0,40.53
2026-06-24 17:30:00+00:00,2026-06-25 04:00:00+00:00,BUY,10.0,35.77
2026-06-24 18:15:00+00:00,2026-06-24 19:00:00+00:00,SELL,10.0,34.74
2026-06-24 18:30:00+00:00,2026-06-25 05:00:00+00:00,SELL,10.0,39.45
2026-06-24 19:15:00+00:00,2026-06-24 20:00:00+00:00,BUY,10.0,23.64
2026-06-24 19:30:00+00:00,2026-06-25 06:00:00+00:00,BUY,10.0,37.68
2026-06-24 20:15:00+00:00,2026-06-24 21:00:00+00:00,BUY,10.0,25.97
2026-06-24 20:30:00+00:00,2026-06-25 07:00:00+00:00,BUY,10.0,43.77
2026-06-24 21:15:00+00:00,2026-06-24 22:00:00+00:00,BUY,10.0,20.99
2026-06-24 21:30:00+00:00,2026-06-25 08:00:00+00:00,SELL,10.0,138.25
2026-06-24 22:15:00+00:00,2026-06-24 23:00:00+00:00,BUY,10.0,79.28
2026-06-24 22:30:00+00:00,2026-06-25 09:00:00+00:00,BUY,10.0,38.57
2026-06-24 23:15:00+00:00,2026-06-25 00:00:00+00:00,SELL,10.0,32.05
2026-06-24 23:30:00+00:00,2026-06-25 10:00:00+00:00,BUY,10.0,38.63
2026-06-25 00:15:00+00:00,2026-06-25 01:00:00+00:00,SELL,10.0,31.54
2026-06-25 00:30:00+00:00,2026-06-25 11:00:00+00:00,SELL,10.0,26.38
2026-06-25 01:15:00+00:00,2026-06-25 02:00:00+00:00,SELL,10.0,35.61
2026-06-25 01:30:00+00:00,2026-06-25 12:00:00+00:00,BUY,10.0,37.14
2026-06-25 02:15:00+00:00,2026-06-25 03:00:00+00:00,BUY,10.0,37.46
2026-06-25 02:30:00+00:00,2026-06-25 13:00:00+00:00,BUY,10.0,43.19
2026-06-25 03:15:00+00:00,2026-06-25 04:00:00+00:00,SELL,10.0,37.17
2026-06-25 03:30:00+00:00,2026-06-25 14:00:00+00:00,BUY,10.0,36.33
2026-06-25 04:15:00+00:00,2026-06-25 05:00:00+00:00,BUY,10.0,41.81
2026-06-25 04:30:00+00:00,2026-06-25 15:00:00+00:00,SELL,10.0,34.28
2026-06-25 05:15:00+00:00,2026-06-25 06:00:00+00:00,SELL,10.0,43.13
2026-06-25 05:30:00+00:00,2026-06-25 16:00:00+00:00,SELL,10.0,40.89
2026-06-25 06:15:00+00:00,2026-06-25 07:00:00+00:00,SELL,10.0,43.94
2026-06-25 06:30:00+00:00,2026-06-25 17:00:00+00:00,BUY,10.0,38.46
2026-06-25 07:15:00+00:00,2026-06-25 08:00:00+00:00,BUY,10.0,137.34
2026-06-25 07:30:00+00:00,2026-06-25 18:00:00+00:00,BUY,10.0,45.19
2026-06-25 08:15:00+00:00,2026-06-25 09:00:00+00:00,SELL,10.0,39.46
2026-06-25 08:30:00+00:00,2026-06-25 19:00:00+00:00,BUY,10.0,46.12
2026-06-25 09:15:00+00:00,2026-06-25 10:00:00+00:00,SELL,10.0,37.35
2026-06-25 09:30:00+00:00,2026-06-25 20:00:00+00:00,SELL,10.0,40.76
2026-06-25 10:15:00+00:00,2026-06-25 11:00:00+00:00,BUY,10.0,36.68
2026-06-25 10:30:00+00:00,2026-06-25 21:00:00+00:00,SELL,10.0,32.57
2026-06-25 11:15:00+00:00,2026-06-25 12:00:00+00:00,SELL,10.0,91.86
2026-06-25 11:30:00+00:00,2026-06-25 22:00:00+00:00,BUY,10.0,33.74
2026-06-25 12:15:00+00:00,2026-06-25 13:00:00+00:00,SELL,10.0,41.08
2026-06-25 12:30:00+00:00,2026-06-25 23:00:00+00:00,SELL,10.0,34.2
2026-06-25 13:15:00+00:00,2026-06-25 14:00:00+00:00,SELL,10.0,39.66
2026-06-25 13:30:00+00:00,2026-06-26 00:00:00+00:00,BUY,10.0,31.71
2026-06-25 14:15:00+00:00,2026-06-25 15:00:00+00:00,BUY,10.0,34.65
2026-06-25 14:30:00+00:00,2026-06-26 01:00:00+00:00,SELL,10.0,35.93
2026-06-25 15:15:00+00:00,2026-06-25 16:00:00+00:00,BUY,10.0,39.05
2026-06-25 15:30:00+00:00,2026-06-26 02:00:00+00:00,BUY,10.0,35.2
2026-06-25 16:15:00+00:00,2026-06-25 17:00:00+00:00,SELL,10.0,44.39
2026-06-25 16:30:00+00:00,2026-06-26 03:00:00+00:00,SELL,10.0,30.66
2026-06-25 17:15:00+00:00,2026-06-25 18:00:00+00:00,SELL,10.0,43.89
2026-06-25 17:30:00+00:00,2026-06-26 04:00:00+00:00,BUY,10.0,33.52
2026-06-25 18:15:00+00:00,2026-06-25 19:00:00+00:00,SELL,10.0,46.02
2026-06-25 18:30:00+00:00,2026-06-26 05:00:00+00:00,SELL,10.0,46.29
2026-06-25 19:15:00+00:00,2026-06-25 20:00:00+00:00,BUY,10.0,43.75
2026-06-25 19:30:00+00:00,2026-06-26 06:00:00+00:00,BUY,10.0,39.35
2026-06-25 20:15:00+00:00,2026-06-25 21:00:00+00:00,BUY,10.0,36.24
2026-06-25 20:30:00+00:00,2026-06-26 07:00:00+00:00,SELL,10.0,47.64
2026-06-25 21:15:00+00:00,2026-06-25 22:00:00+00:00,SELL,10.0,34.72
2026-06-25 21:30:00+00:00,2026-06-26 08:00:00+00:00,BUY,10.0,45.75
2026-06-25 22:15:00+00:00,2026-06-25 23:00:00+00:00,BUY,10.0,34.73
2026-06-25 22:30:00+00:00,2026-06-26 09:00:00+00:00,SELL,10.0,50.11
2026-06-25 23:15:00+00:00,2026-06-26 00:00:00+00:00,SELL,10.0,28.26
2026-06-25 23:30:00+00:00,2026-06-26 10:00:00+00:00,SELL,10.0,58.46
2026-06-26 00:15:00+00:00,2026-06-26 01:00:00+00:00,BUY,10.0,31.93
2026-06-26 00:30:00+00:00,2026-06-26 11:00:00+00:00,BUY,10.0,48.71
2026-06-26 01:15:00+00:00,2026-06-26 02:00:00+00:00,SELL,10.0,31.23
2026-06-26 01:30:00+00:00,2026-06-26 12:00:00+00:00,SELL,10.0,52.08
2026-06-26 02:15:00+00:00,2026-06-26 03:00:00+00:00,BUY,10.0,26.06
2026-06-26 02:30:00+00:00,2026-06-26 13:00:00+00:00,BUY,10.0,42.41
2026-06-26 03:15:00+00:00,2026-06-26 04:00:00+00:00,SELL,10.0,29.59
2026-06-26 03:30:00+00:00,2026-06-26 14:00:00+00:00,BUY,10.0,41.4
2026-06-26 04:15:00+00:00,2026-06-26 05:00:00+00:00,BUY,10.0,40.26
2026-06-26 04:30:00+00:00,2026-06-26 15:00:00+00:00,BUY,10.0,41.94
2026-06-26 05:15:00+00:00,2026-06-26 06:00:00+00:00,SELL,10.0,35.42
2026-06-26 05:30:00+00:00,2026-06-26 16:00:00+00:00,SELL,10.0,51.31
2026-06-26 06:15:00+00:00,2026-06-26 07:00:00+00:00,BUY,10.0,148.48
2026-06-26 06:30:00+00:00,2026-06-26 17:00:00+00:00,SELL,10.0,46.74
2026-06-26 07:15:00+00:00,2026-06-26 08:00:00+00:00,SELL,10.0,45.62
2026-06-26 07:30:00+00:00,2026-06-26 18:00:00+00:00,SELL,10.0,55.25
2026-06-26 08:15:00+00:00,2026-06-26 09:00:00+00:00,BUY,10.0,44.16
2026-06-26 08:30:00+00:00,2026-06-26 19:00:00+00:00,SELL,10.0,44.93
2026-06-26 09:15:00+00:00,2026-06-26 10:00:00+00:00,BUY,10.0,44.72
2026-06-26 09:30:00+00:00,2026-06-26 20:00:00+00:00,BUY,10.0,41.45
2026-06-26 10:15:00+00:00,2026-06-26 11:00:00+00:00,SELL,10.0,40.87
2026-06-26 10:30:00+00:00,2026-06-26 21:00:00+00:00,BUY,10.0,38.94
2026-06-26 11:15:00+00:00,2026-06-26 12:00:00+00:00,BUY,10.0,38.58
2026-06-26 11:30:00+00:00,2026-06-26 22:00:00+00:00,SELL,10.0,39.85
2026-06-26 12:15:00+00:00,2026-06-26 13:00:00+00:00,SELL,10.0,79.11
2026-06-26 12:30:00+00:00,2026-06-26 23:00:00+00:00,SELL,10.0,43.64
2026-06-26 13:15:00+00:00,2026-06-26 14:00:00+00:00,SELL,10.0,32.26
2026-06-26 13:30:00+00:00,2026-06-27 00:00:00+00:00,BUY,10.0,32.69
2026-06-26 14:15:00+00:00,2026-06-26 15:00:00+00:00,SELL,10.0,40.11
2026-06-26 14:30:00+00:00,2026-06-27 01:00:00+00:00,BUY,10.0,34.23
2026-06-26 15:15:00+00:00,2026-06-26 16:00:00+00:00,BUY,10.0,42.86
2026-06-26 15:30:00+00:00,2026-06-27 02:00:00+00:00,SELL,10.0,31.83
2026-06-26 16:15:00+00:00,2026-06-26 17:00:00+00:00,BUY,10.0,42.55
2026-06-26 16:30:00+00:00,2026-06-27 03:00:00+00:00,SELL,10.0,30.3
2026-06-26 17:15:00+00:00,2026-06-26 18:00:00+00:00,BUY,10.0,45.83
2026-06-26 17:30:00+00:00,2026-06-27 04:00:00+00:00,BUY,10.0,32.13
2026-06-26 18:15:00+00:00,2026-06-26 19:00:00+00:00,BUY,10.0,38.97
2026-06-26 18:30:00+00:00,2026-06-27 05:00:00+00:00,SELL,10.0,41.12
2026-06-26 19:15:00+00:00,2026-06-26 20:00:00+00:00,SELL,10.0,38.61
2026-06-26 19:30:00+00:00,2026-06-27 06:00:00+00:00,SELL,10.0,40.55
2026-06-26 20:15:00+00:00,2026-06-26 21:00:00+00:00,SELL,10.0,33.86
2026-06-26 20:30:00+00:00,2026-06-27 07:00:00+00:00,SELL,10.0,48.62
2026-06-26 21:15:00+00:00,2026-06-26 22:00:00+00:00,BUY,10.0,35.22
2026-06-26 21:30:00+00:00,2026-06-27 08:00:00+00:00,BUY,10.0,38.88
2026-06-26 22:15:00+00:00,2026-06-26 23:00:00+00:00,BUY,10.0,39.48
2026-06-26 22:30:00+00:00,2026-06-27 09:00:00+00:00,SELL,10.0,29.69
2026-06-26 23:15:00+00:00,2026-06-27 00:00:00+00:00,SELL,10.0,-11.48
2026-06-26 23:30:00+00:00,2026-06-27 10:00:00+00:00,BUY,10.0,35.58
2026-06-27 00:15:00+00:00,2026-06-27 01:00:00+00:00,SELL,10.0,97.16
2026-06-27 00:30:00+00:00,2026-06-27 11:00:00+00:00,BUY,10.0,35.9
2026-06-27 01:15:00+00:00,2026-06-27 02:00:00+00:00,BUY,10.0,21.55
2026-06-27 01:30:00+00:00,2026-06-27 12:00:00+00:00,BUY,10.0,29.08
2026-06-27 02:15:00+00:00,2026-06-27 03:00:00+00:00,BUY,10.0,26.23
2026-06-27 02:30:00+00:00,2026-06-27 13:00:00+00:00,SELL,10.0,29.01
2026-06-27 03:15:00+00:00,2026-06-27 04:00:00+00:00,SELL,10.0,25.89
2026-06-27 03:30:00+00:00,2026-06-27 14:00:00+00:00,SELL,10.0,23.0
2026-06-27 04:15:00+00:00,2026-06-27 05:00:00+00:00,BUY,10.0,31.26
2026-06-27 04:30:00+00:00,2026-06-27 15:00:00+00:00,BUY,10.0,29.77
2026-06-27 05:15:00+00:00,2026-06-27 06:00:00+00:00,BUY,10.0,33.77
2026-06-27 05:30:00+00:00,2026-06-27 16:00:00+00:00,BUY,10.0,31.65
2026-06-27 06:15:00+00:00,2026-06-27 07:00:00+00:00,BUY,10.0,125.92
2026-06-27 06:30:00+00:00,2026-06-27 17:00:00+00:00,SELL,10.0,37.37
2026-06-27 07:15:00+00:00,2026-06-27 08:00:00+00:00,SELL,10.0,30.42
2026-06-27 07:30:00+00:00,2026-06-27 18:00:00+00:00,BUY,10.0,42.7
2026-06-27 08:15:00+00:00,2026-06-27 09:00:00+00:00,BUY,10.0,67.93
2026-06-27 08:30:00+00:00,2026-06-27 19:00:00+00:00,BUY,10.0,38.7
2026-06-27 09:15:00+00:00,2026-06-27 10:00:00+00:00,SELL,10.0,27.18
2026-06-27 09:30:00+00:00,2026-06-27 20:00:00+00:00,SELL,10.0,38.51
2026-06-27 10:15:00+00:00,2026-06-27 11:00:00+00:00,SELL,10.0,27.16
2026-06-27 10:30:00+00:00,2026-06-27 21:00:00+00:00,SELL,10.0,33.09
2026-06-27 11:15:00+00:00,2026-06-27 12:00:00+00:00,SELL,10.0,16.79
2026-06-27 11:30:00+00:00,2026-06-27 22:00:00+00:00,SELL,10.0,37.26
2026-06-27 12:15:00+00:00,2026-06-27 13:00:00+00:00,BUY,10.0,20.28
2026-06-27 12:30:00+00:00,2026-06-27 23:00:00+00:00,BUY,10.0,31.1
2026-06-27 13:15:00+00:00,2026-06-27 14:00:00+00:00,BUY,10.0,12.29
2026-06-27 13:30:00+00:00,2026-06-28 00:00:00+00:00,SELL,10.0,28.8
2026-06-27 14:15:00+00:00,2026-06-27 15:00:00+00:00,SELL,10.0,19.11
2026-06-27 14:30:00+00:00,2026-06-28 01:00:00+00:00,BUY,10.0,27.74
2026-06-27 15:15:00+00:00,2026-06-27 16:00:00+00:00,SELL,10.0,26.82
2026-06-27 15:30:00+00:00,2026-06-28 02:00:00+00:00,BUY,10.0,37.03
2026-06-27 16:15:00+00:00,2026-06-27 17:00:00+00:00,BUY,10.0,29.59
2026-06-27 16:30:00+00:00,2026-06-28 03:00:00+00:00,SELL,10.0,31.71
2026-06-27 17:15:00+00:00,2026-06-27 18:00:00+00:00,SELL,10.0,37.29
2026-06-27 17:30:00+00:00,2026-06-28 04:00:00+00:00,SELL,10.0,37.1
2026-06-27 18:15:00+00:00,2026-06-27 19:00:00+00:00,SELL,10.0,32.62
2026-06-27 18:30:00+00:00,2026-06-28 05:00:00+00:00,SELL,10.0,44.52
2026-06-27 19:15:00+00:00,2026-06-27 20:00:00+00:00,BUY,10.0,27.05
2026-06-27 19:30:00+00:00,2026-06-28 06:00:00+00:00,BUY,10.0,41.49
2026-06-27 20:15:00+00:00,2026-06-27 21:00:00+00:00,BUY,10.0,27.99
2026-06-27 20:30:00+00:00,2026-06-28 07:00:00+00:00,SELL,10.0,55.36
2026-06-27 21:15:00+00:00,2026-06-27 22:00:00+00:00,BUY,10.0,27.58
2026-06-27 21:30:00+00:00,2026-06-28 08:00:00+00:00,SELL,10.0,37.27
2026-06-27 22:15:00+00:00,2026-06-27 23:00:00+00:00,SELL,10.0,27.93
2026-06-27 22:30:00+00:00,2026-06-28 09:00:00+00:00,BUY,10.0,51.7
2026-06-27 23:15:00+00:00,2026-06-28 00:00:00+00:00,BUY,10.0,32.65
2026-06-27 23:30:00+00:00,2026-06-28 10:00:00+00:00,BUY,10.0,41.68
2026-06-28 00:15:00+00:00,2026-06-28 01:00:00+00:00,SELL,10.0,34.16
2026-06-28 00:30:00+00:00,2026-06-28 11:00:00+00:00,BUY,10.0,43.72
2026-06-28 01:15:00+00:00,2026-06-28 02:00:00+00:00,SELL,10.0,37.88
2026-06-28 01:30:00+00:00,2026-06-28 12:00:00+00:00,SELL,10.0,38.23
2026-06-28 02:15:00+00:00,2026-06-28 03:00:00+00:00,BUY,10.0,39.28
2026-06-28 02:30:00+00:00,2026-06-28 13:00:00+00:00,SELL,10.0,28.68
2026-06-28 03:15:00+00:00,2026-06-28 04:00:00+00:00,BUY,10.0,43.64
2026-06-28 03:30:00+00:00,2026-06-28 14:00:00+00:00,BUY,10.0,22.37
2026-06-28 04:15:00+00:00,2026-06-28 05:00:00+00:00,BUY,10.0,45.6
2026-06-28 04:30:00+00:00,2026-06-28 15:00:00+00:00,SELL,10.0,33.78
2026-06-28 05:15:00+00:00,2026-06-28 06:00:00+00:00,SELL,10.0,38.94
2026-06-28 05:30:00+00:00,2026-06-28 16:00:00+00:00,BUY,10.0,36.29
2026-06-28 06:15:00+00:00,2026-06-28 07:00:00+00:00,BUY,10.0,50.69
2026-06-28 06:30:00+00:00,2026-06-28 17:00:00+00:00,BUY,10.0,46.19
2026-06-28 07:15:00+00:00,2026-06-28 08:00:00+00:00,BUY,10.0,39.54
2026-06-28 07:30:00+00:00,2026-06-28 18:00:00+00:00,BUY,10.0,49.29
2026-06-28 08:15:00+00:00,2026-06-28 09:00:00+00:00,SELL,10.0,44.93
2026-06-28 08:30:00+00:00,2026-06-28 19:00:00+00:00,BUY,10.0,41.68
2026-06-28 09:15:00+00:00,2026-06-28 10:00:00+00:00,SELL,10.0,37.08
2026-06-28 09:30:00+00:00,2026-06-28 20:00:00+00:00,BUY,10.0,51.97
2026-06-28 10:15:00+00:00,2026-06-28 11:00:00+00:00,SELL,10.0,36.76
2026-06-28 10:30:00+00:00,2026-06-28 21:00:00+00:00,SELL,10.0,39.78
2026-06-28 11:15:00+00:00,2026-06-28 12:00:00+00:00,BUY,10.0,33.21
2026-06-28 11:30:00+00:00,2026-06-28 22:00:00+00:00,BUY,10.0,29.61
2026-06-28 12:15:00+00:00,2026-06-28 13:00:00+00:00,BUY,10.0,31.61
2026-06-28 12:30:00+00:00,2026-06-28 23:00:00+00:00,SELL,10.0,33.52
2026-06-28 13:15:00+00:00,2026-06-28 14:00:00+00:00,SELL,10.0,28.42
2026-06-28 13:30:00+00:00,2026-06-29 00:00:00+00:00,BUY,10.0,21.78
2026-06-28 14:15:00+00:00,2026-06-28 15:00:00+00:00,BUY,10.0,32.22
2026-06-28 14:30:00+00:00,2026-06-29 01:00:00+00:00,BUY,10.0,27.55
2026-06-28 15:15:00+00:00,2026-06-28 16:00:00+00:00,SELL,10.0,39.19
2026-06-28 15:30:00+00:00,2026-06-29 02:00:00+00:00,SELL,10.0,30.55
2026-06-28 16:15:00+00:00,2026-06-28 17:00:00+00:00,SELL,10.0,48.32
2026-06-28 16:30:00+00:00,2026-06-29 03:00:00+00:00,BUY,10.0,30.29
2026-06-28 17:15:00+00:00,2026-06-28 18:00:00+00:00,SELL,10.0,51.1
2026-06-28 17:30:00+00:00,2026-06-29 04:00:00+00:00,SELL,10.0,32.36
2026-06-28 18:15:00+00:00,2026-06-28 19:00:00+00:00,SELL,10.0,47.39
2026-06-28 18:30:00+00:00,2026-06-29 05:00:00+00:00,BUY,10.0,40.08
2026-06-28 19:15:00+00:00,2026-06-28 20:00:00+00:00,SELL,10.0,50.0
2026-06-28 19:30:00+00:00,2026-06-29 06:00:00+00:00,SELL,10.0,38.14
2026-06-28 20:15:00+00:00,2026-06-28 21:00:00+00:00,BUY,10.0,41.74
2026-06-28 20:30:00+00:00,2026-06-29 07:00:00+00:00,BUY,10.0,35.38
2026-06-28 21:15:00+00:00,2026-06-28 22:00:00+00:00,SELL,10.0,147.48
2026-06-28 21:30:00+00:00,2026-06-29 08:00:00+00:00,BUY,10.0,47.88
2026-06-28 22:15:00+00:00,2026-06-28 23:00:00+00:00,BUY,10.0,33.4
2026-06-28 22:30:00+00:00,2026-06-29 09:00:00+00:00,SELL,10.0,45.79
2026-06-28 23:15:00+00:00,2026-06-29 00:00:00+00:00,SELL,10.0,20.65
2026-06-28 23:30:00+00:00,2026-06-29 10:00:00+00:00,BUY,10.0,41.27
2026-06-29 00:15:00+00:00,2026-06-29 01:00:00+00:00,SELL,10.0,25.58
2026-06-29 00:30:00+00:00,2026-06-29 11:00:00+00:00,SELL,10.0,40.18
2026-06-29 01:15:00+00:00,2026-06-29 02:00:00+00:00,BUY,10.0,29.04
2026-06-29 01:30:00+00:00,2026-06-29 12:00:00+00:00,BUY,10.0,42.28
2026-06-29 02:15:00+00:00,2026-06-29 03:00:00+00:00,SELL,10.0,30.55
2026-06-29 02:30:00+00:00,2026-06-29 13:00:00+00:00,SELL,10.0,30.3
2026-06-29 03:15:00+00:00,2026-06-29 04:00:00+00:00,BUY,10.0,31.47
2026-06-29 03:30:00+00:00,2026-06-29 14:00:00+00:00,BUY,10.0,44.05
2026-06-29 04:15:00+00:00,2026-06-29 05:00:00+00:00,SELL,10.0,37.77
2026-06-29 04:30:00+00:00,2026-06-29 15:00:00+00:00,SELL,10.0,33.22
2026-06-29 05:15:00+00:00,2026-06-29 06:00:00+00:00,BUY,10.0,37.22
2026-06-29 05:30:00+00:00,2026-06-29 16:00:00+00:00,BUY,10.0,40.23
2026-06-29 06:15:00+00:00,2026-06-29 07:00:00+00:00,SELL,10.0,37.05
2026-06-29 06:30:00+00:00,2026-06-29 17:00:00+00:00,SELL,10.0,37.48
2026-06-29 07:15:00+00:00,2026-06-29 08:00:00+00:00,SELL,10.0,39.22
2026-06-29 07:30:00+00:00,2026-06-29 18:00:00+00:00,SELL,10.0,45.51
2026-06-29 08:15:00+00:00,2026-06-29 09:00:00+00:00,BUY,10.0,38.09
2026-06-29 08:30:00+00:00,2026-06-29 19:00:00+00:00,SELL,10.0,43.83
2026-06-29 09:15:00+00:00,2026-06-29 10:00:00+00:00,SELL,10.0,112.19
2026-06-29 09:30:00+00:00,2026-06-29 20:00:00+00:00,BUY,10.0,40.36
2026-06-29 10:15:00+00:00,2026-06-29 11:00:00+00:00,BUY,10.0,25.65
2026-06-29 10:30:00+00:00,2026-06-29 21:00:00+00:00,BUY,10.0,34.69
2026-06-29 11:15:00+00:00,2026-06-29 12:00:00+00:00,SELL,10.0,22.74
2026-06-29 11:30:00+00:00,2026-06-29 22:00:00+00:00,SELL,10.0,31.71
2026-06-29 12:15:00+00:00,2026-06-29 13:00:00+00:00,BUY,10.0,19.71
2026-06-29 12:30:00+00:00,2026-06-29 23:00:00+00:00,SELL,10.0,29.45
2026-06-29 13:15:00+00:00,2026-06-29 14:00:00+00:00,SELL,10.0,28.74
2026-06-29 13:30:00+00:00,2026-06-30 00:00:00+00:00,BUY,10.0,38.66
2026-06-29 14:15:00+00:00,2026-06-29 15:00:00+00:00,BUY,10.0,27.25
2026-06-29 14:30:00+00:00,2026-06-30 01:00:00+00:00,BUY,10.0,37.92
2026-06-29 15:15:00+00:00,2026-06-29 16:00:00+00:00,SELL,10.0,34.38
2026-06-29 15:30:00+00:00,2026-06-30 02:00:00+00:00,SELL,10.0,34.21
2026-06-29 16:15:00+00:00,2026-06-29 17:00:00+00:00,BUY,10.0,34.71
2026-06-29 16:30:00+00:00,2026-06-30 03:00:00+00:00,BUY,10.0,41.97
2026-06-29 17:15:00+00:00,2026-06-29 18:00:00+00:00,BUY,10.0,43.72
2026-06-29 17:30:00+00:00,2026-06-30 04:00:00+00:00,SELL,10.0,45.6
2026-06-29 18:15:00+00:00,2026-06-29 19:00:00+00:00,BUY,10.0,42.02
2026-06-29 18:30:00+00:00,2026-06-30 05:00:00+00:00,BUY,10.0,48.05
2026-06-29 19:15:00+00:00,2026-06-29 20:00:00+00:00,SELL,10.0,39.08
2026-06-29 19:30:00+00:00,2026-06-30 06:00:00+00:00,BUY,10.0,50.67
2026-06-29 20:15:00+00:00,2026-06-29 21:00:00+00:00,SELL,10.0,34.53
2026-06-29 20:30:00+00:00,2026-06-30 07:00:00+00:00,BUY,10.0,55.38
2026-06-29 21:15:00+00:00,2026-06-29 22:00:00+00:00,BUY,10.0,25.59
2026-06-29 21:30:00+00:00,2026-06-30 08:00:00+00:00,BUY,10.0,46.91
2026-06-29 22:15:00+00:00,2026-06-29 23:00:00+00:00,BUY,10.0,28.6
2026-06-29 22:30:00+00:00,2026-06-30 09:00:00+00:00,SELL,10.0,44.83
2026-06-29 23:15:00+00:00,2026-06-30 00:00:00+00:00,SELL,10.0,31.55
2026-06-29 23:30:00+00:00,2026-06-30 10:00:00+00:00,SELL,10.0,38.7
2026-06-30 00:15:00+00:00,2026-06-30 01:00:00+00:00,SELL,10.0,34.94
2026-06-30 00:30:00+00:00,2026-06-30 11:00:00+00:00,SELL,10.0,35.18
2026-06-30 01:15:00+00:00,2026-06-30 02:00:00+00:00,BUY,10.0,29.61
2026-06-30 01:30:00+00:00,2026-06-30 12:00:00+00:00,SELL,10.0,36.38
2026-06-30 02:15:00+00:00,2026-06-30 03:00:00+00:00,SELL,10.0,39.59
2026-06-30 02:30:00+00:00,2026-06-30 13:00:00+00:00,SELL,10.0,19.49
2026-06-30 03:15:00+00:00,2026-06-30 04:00:00+00:00,BUY,10.0,38.89
2026-06-30 03:30:00+00:00,2026-06-30 14:00:00+00:00,SELL,10.0,26.71
2026-06-30 04:15:00+00:00,2026-06-30 05:00:00+00:00,SELL,10.0,43.25
2026-06-30 04:30:00+00:00,2026-06-30 15:00:00+00:00,SELL,10.0,41.52
2026-06-30 05:15:00+00:00,2026-06-30 06:00:00+00:00,SELL,10.0,40.99
2026-06-30 05:30:00+00:00,2026-06-30 16:00:00+00:00,SELL,10.0,38.48
2026-06-30 06:15:00+00:00,2026-06-30 07:00:00+00:00,SELL,10.0,49.07
2026-06-30 06:30:00+00:00,2026-06-30 17:00:00+00:00,BUY,10.0,39.71
2026-06-30 07:15:00+00:00,2026-06-30 08:00:00+00:00,SELL,10.0,45.15
2026-06-30 07:30:00+00:00,2026-06-30 18:00:00+00:00,BUY,10.0,55.5
2026-06-30 08:15:00+00:00,2026-06-30 09:00:00+00:00,BUY,10.0,37.42
2026-06-30 08:30:00+00:00,2026-06-30 19:00:00+00:00,BUY,10.0,49.83
2026-06-30 09:15:00+00:00,2026-06-30 10:00:00+00:00,BUY,10.0,34.65
2026-06-30 09:30:00+00:00,2026-06-30 20:00:00+00:00,SELL,10.0,45.09
2026-06-30 10:15:00+00:00,2026-06-30 11:00:00+00:00,BUY,10.0,31.31
2026-06-30 10:30:00+00:00,2026-06-30 21:00:00+00:00,SELL,10.0,38.35
2026-06-30 11:15:00+00:00,2026-06-30 12:00:00+00:00,BUY,10.0,24.55
2026-06-30 11:30:00+00:00,2026-06-30 22:00:00+00:00,BUY,10.0,43.5
2026-06-30 12:15:00+00:00,2026-06-30 13:00:00+00:00,BUY,10.0,28.99
2026-06-30 12:30:00+00:00,2026-06-30 23:00:00+00:00,BUY,10.0,37.47
2026-06-30 13:15:00+00:00,2026-06-30 14:00:00+00:00,BUY,10.0,23.12
2026-06-30 14:15:00+00:00,2026-06-30 15:00:00+00:00,BUY,10.0,32.43
2026-06-30 15:15:00+00:00,2026-06-30 16:00:00+00:00,BUY,10.0,36.24
2026-06-30 16:15:00+00:00,2026-06-30 17:00:00+00:00,SELL,10.0,36.73
2026-06-30 17:15:00+00:00,2026-06-30 18:00:00+00:00,SELL,10.0,108.67
2026-06-30 18:15:00+00:00,2026-06-30 19:00:00+00:00,SELL,10.0,45.97
2026-06-30 19:15:00+00:00,2026-06-30 20:00:00+00:00,BUY,10.0,39.26
2026-06-30 20:15:00+00:00,2026-06-30 21:00:00+00:00,BUY,10.0,35.0
2026-06-30 21:15:00+00:00,2026-06-30 22:00:00+00:00,SELL,10.0,34.87
2026-06-30 22:15:00+00:00,2026-06-30 23:00:00+00:00,SELL,10.0,32.99
