exec_ts,product_delivery,side,qty_mw,price
2026-01-01 18:45:00+00:00,2026-01-02 01:00:00+00:00,BUY,10.0,11.21
2026-01-01 20:00:00+00:00,2026-01-02 01:00:00+00:00,SELL,10.0,13.58
2026-01-02 18:45:00+00:00,2026-01-03 04:00:00+00:00,BUY,10.0,34.9
2026-01-02 19:45:00+00:00,2026-01-03 04:00:00+00:00,SELL,10.0,35.08
2026-01-03 02:00:00+00:00,2026-01-03 11:00:00+00:00,BUY,10.0,50.23
2026-01-03 03:00:00+00:00,2026-01-03 11:00:00+00:00,SELL,10.0,55.24
2026-01-03 06:00:00+00:00,2026-01-03 08:00:00+00:00,BUY,10.0,-9.88
2026-01-03 07:15:00+00:00,2026-01-03 08:00:00+00:00,SELL,10.0,-10.89
2026-01-03 07:30:00+00:00,2026-01-03 17:00:00+00:00,BUY,10.0,49.12
2026-01-03 09:00:00+00:00,2026-01-03 17:00:00+00:00,SELL,10.0,48.52
2026-01-03 14:30:00+00:00,2026-01-03 17:00:00+00:00,BUY,10.0,88.99
2026-01-03 15:15:00+00:00,2026-01-03 17:00:00+00:00,SELL,10.0,89.08
2026-01-03 21:30:00+00:00,2026-01-04 06:00:00+00:00,BUY,10.0,47.41
2026-01-03 23:00:00+00:00,2026-01-04 06:00:00+00:00,SELL,10.0,45.67
2026-01-03 23:45:00+00:00,2026-01-04 05:00:00+00:00,BUY,10.0,204.99
2026-01-04 00:15:00+00:00,2026-01-04 07:00:00+00:00,BUY,10.0,186.79
2026-01-04 00:30:00+00:00,2026-01-04 05:00:00+00:00,SELL,10.0,203.56
2026-01-04 01:00:00+00:00,2026-01-04 07:00:00+00:00,SELL,10.0,195.12
2026-01-04 02:00:00+00:00,2026-01-04 11:00:00+00:00,BUY,10.0,68.25
2026-01-04 03:15:00+00:00,2026-01-04 11:00:00+00:00,SELL,10.0,64.38
2026-01-04 03:45:00+00:00,2026-01-04 12:00:00+00:00,BUY,10.0,54.86
2026-01-04 04:45:00+00:00,2026-01-04 07:00:00+00:00,BUY,10.0,303.74
2026-01-04 05:00:00+00:00,2026-01-04 12:00:00+00:00,SELL,10.0,56.24
2026-01-04 05:30:00+00:00,2026-01-04 07:00:00+00:00,SELL,10.0,303.18
2026-01-04 07:45:00+00:00,2026-01-04 17:00:00+00:00,BUY,10.0,73.22
2026-01-04 08:00:00+00:00,2026-01-04 09:00:00+00:00,BUY,10.0,177.27
2026-01-04 08:15:00+00:00,2026-01-04 09:00:00+00:00,SELL,10.0,178.44
2026-01-04 09:30:00+00:00,2026-01-04 17:00:00+00:00,SELL,10.0,64.13
2026-01-04 11:15:00+00:00,2026-01-04 18:00:00+00:00,BUY,10.0,158.32
2026-01-04 11:30:00+00:00,2026-01-04 20:00:00+00:00,BUY,10.0,62.8
2026-01-04 12:00:00+00:00,2026-01-04 18:00:00+00:00,SELL,10.0,159.38
2026-01-04 13:00:00+00:00,2026-01-04 20:00:00+00:00,SELL,10.0,63.4
2026-01-04 13:00:00+00:00,2026-01-04 21:00:00+00:00,BUY,10.0,57.84
2026-01-04 14:00:00+00:00,2026-01-04 21:00:00+00:00,SELL,10.0,54.21
2026-01-04 19:00:00+00:00,2026-01-05 03:00:00+00:00,BUY,10.0,72.68
2026-01-04 20:00:00+00:00,2026-01-05 03:00:00+00:00,SELL,10.0,73.84
2026-01-04 21:45:00+00:00,2026-01-05 06:00:00+00:00,BUY,10.0,180.41
2026-01-04 23:00:00+00:00,2026-01-05 06:00:00+00:00,SELL,10.0,180.44
2026-01-05 02:00:00+00:00,2026-01-05 11:00:00+00:00,BUY,10.0,-27.68
2026-01-05 03:30:00+00:00,2026-01-05 11:00:00+00:00,SELL,10.0,-27.04
2026-01-05 04:30:00+00:00,2026-01-05 06:00:00+00:00,BUY,10.0,170.37
2026-01-05 05:15:00+00:00,2026-01-05 06:00:00+00:00,SELL,10.0,169.89
2026-01-05 07:00:00+00:00,2026-01-05 09:00:00+00:00,BUY,10.0,49.25
2026-01-05 07:45:00+00:00,2026-01-05 16:00:00+00:00,BUY,10.0,55.15
2026-01-05 08:15:00+00:00,2026-01-05 09:00:00+00:00,SELL,10.0,47.79
2026-01-05 08:30:00+00:00,2026-01-05 16:00:00+00:00,SELL,10.0,55.01
2026-01-05 09:45:00+00:00,2026-01-05 18:00:00+00:00,BUY,10.0,68.57
2026-01-05 11:00:00+00:00,2026-01-05 18:00:00+00:00,SELL,10.0,72.13
2026-01-05 12:00:00+00:00,2026-01-05 18:00:00+00:00,BUY,10.0,66.26
2026-01-05 12:45:00+00:00,2026-01-05 18:00:00+00:00,SELL,10.0,64.54
2026-01-05 13:45:00+00:00,2026-01-05 22:00:00+00:00,BUY,10.0,57.67
2026-01-05 15:00:00+00:00,2026-01-05 22:00:00+00:00,SELL,10.0,55.88
2026-01-05 20:30:00+00:00,2026-01-06 06:00:00+00:00,BUY,10.0,56.26
2026-01-05 21:30:00+00:00,2026-01-06 07:00:00+00:00,BUY,10.0,94.13
2026-01-05 22:00:00+00:00,2026-01-06 06:00:00+00:00,SELL,10.0,58.32
2026-01-05 22:30:00+00:00,2026-01-06 08:00:00+00:00,BUY,10.0,57.63
2026-01-05 23:00:00+00:00,2026-01-06 07:00:00+00:00,SELL,10.0,94.52
2026-01-05 23:30:00+00:00,2026-01-06 07:00:00+00:00,BUY,10.0,88.5
2026-01-05 23:30:00+00:00,2026-01-06 09:00:00+00:00,BUY,10.0,74.96
2026-01-06 01:00:00+00:00,2026-01-06 07:00:00+00:00,SELL,10.0,85.54
2026-01-06 01:00:00+00:00,2026-01-06 09:00:00+00:00,SELL,10.0,82.56
2026-01-06 01:15:00+00:00,2026-01-06 08:00:00+00:00,SELL,10.0,6.2
2026-01-06 05:45:00+00:00,2026-01-06 09:00:00+00:00,BUY,10.0,84.07
2026-01-06 08:00:00+00:00,2026-01-06 09:00:00+00:00,SELL,10.0,75.81
2026-01-06 08:15:00+00:00,2026-01-06 10:00:00+00:00,BUY,10.0,161.98
2026-01-06 09:00:00+00:00,2026-01-06 10:00:00+00:00,SELL,10.0,162.17
2026-01-06 09:30:00+00:00,2026-01-06 19:00:00+00:00,BUY,10.0,53.37
2026-01-06 10:15:00+00:00,2026-01-06 19:00:00+00:00,SELL,10.0,89.9
2026-01-06 10:30:00+00:00,2026-01-06 20:00:00+00:00,BUY,10.0,48.11
2026-01-06 12:00:00+00:00,2026-01-06 20:00:00+00:00,SELL,10.0,53.25
2026-01-07 02:15:00+00:00,2026-01-07 11:00:00+00:00,BUY,10.0,157.94
2026-01-07 02:30:00+00:00,2026-01-07 10:00:00+00:00,BUY,10.0,70.96
2026-01-07 03:00:00+00:00,2026-01-07 11:00:00+00:00,SELL,10.0,158.64
2026-01-07 05:00:00+00:00,2026-01-07 10:00:00+00:00,SELL,10.0,62.94
2026-01-07 11:30:00+00:00,2026-01-07 18:00:00+00:00,BUY,10.0,52.41
2026-01-07 13:00:00+00:00,2026-01-07 18:00:00+00:00,SELL,10.0,53.99
2026-01-07 19:30:00+00:00,2026-01-08 02:00:00+00:00,BUY,10.0,100.8
2026-01-07 20:15:00+00:00,2026-01-08 02:00:00+00:00,SELL,10.0,99.95
2026-01-08 15:30:00+00:00,2026-01-09 01:00:00+00:00,BUY,10.0,-29.82
2026-01-08 16:15:00+00:00,2026-01-09 01:00:00+00:00,SELL,10.0,-5.97
2026-01-08 16:30:00+00:00,2026-01-09 02:00:00+00:00,BUY,10.0,-16.11
2026-01-08 17:30:00+00:00,2026-01-09 02:00:00+00:00,SELL,10.0,5.06
2026-01-08 22:45:00+00:00,2026-01-09 03:00:00+00:00,BUY,10.0,39.61
2026-01-08 23:30:00+00:00,2026-01-09 03:00:00+00:00,SELL,10.0,38.55
2026-01-09 01:30:00+00:00,2026-01-09 03:00:00+00:00,BUY,10.0,9.72
2026-01-09 02:15:00+00:00,2026-01-09 03:00:00+00:00,SELL,10.0,10.65
2026-01-09 15:30:00+00:00,2026-01-10 00:00:00+00:00,BUY,10.0,9.53
2026-01-09 16:45:00+00:00,2026-01-10 01:00:00+00:00,BUY,10.0,-53.17
2026-01-09 17:00:00+00:00,2026-01-10 00:00:00+00:00,SELL,10.0,10.38
2026-01-09 18:00:00+00:00,2026-01-10 01:00:00+00:00,SELL,10.0,-40.8
2026-01-09 19:00:00+00:00,2026-01-10 03:00:00+00:00,BUY,10.0,23.06
2026-01-09 20:00:00+00:00,2026-01-10 03:00:00+00:00,SELL,10.0,38.14
2026-01-09 22:00:00+00:00,2026-01-10 00:00:00+00:00,BUY,10.0,6.75
2026-01-09 22:45:00+00:00,2026-01-10 00:00:00+00:00,SELL,10.0,5.84
2026-01-10 01:45:00+00:00,2026-01-10 03:00:00+00:00,BUY,10.0,42.94
2026-01-10 02:15:00+00:00,2026-01-10 03:00:00+00:00,SELL,10.0,41.09
2026-01-10 19:45:00+00:00,2026-01-11 02:00:00+00:00,BUY,10.0,14.03
2026-01-10 20:30:00+00:00,2026-01-11 02:00:00+00:00,SELL,10.0,15.4
2026-01-10 22:00:00+00:00,2026-01-10 23:00:00+00:00,BUY,10.0,11.3
2026-01-10 22:15:00+00:00,2026-01-10 23:00:00+00:00,SELL,10.0,11.48
2026-01-11 15:15:00+00:00,2026-01-11 23:00:00+00:00,BUY,10.0,20.11
2026-01-11 16:00:00+00:00,2026-01-11 23:00:00+00:00,SELL,10.0,17.22
2026-01-11 18:30:00+00:00,2026-01-12 02:00:00+00:00,BUY,10.0,-1.82
2026-01-11 21:00:00+00:00,2026-01-12 02:00:00+00:00,SELL,10.0,7.43
2026-01-11 21:45:00+00:00,2026-01-12 02:00:00+00:00,BUY,10.0,-0.64
2026-01-11 23:15:00+00:00,2026-01-12 02:00:00+00:00,SELL,10.0,5.73
2026-01-12 08:00:00+00:00,2026-01-12 14:00:00+00:00,BUY,10.0,16.33
2026-01-12 08:45:00+00:00,2026-01-12 14:00:00+00:00,SELL,10.0,21.26
2026-01-12 10:30:00+00:00,2026-01-12 16:00:00+00:00,BUY,10.0,128.65
2026-01-12 11:15:00+00:00,2026-01-12 16:00:00+00:00,SELL,10.0,130.07
2026-01-12 14:45:00+00:00,2026-01-13 00:00:00+00:00,BUY,10.0,22.97
2026-01-12 15:45:00+00:00,2026-01-13 01:00:00+00:00,BUY,10.0,13.74
2026-01-12 16:00:00+00:00,2026-01-13 00:00:00+00:00,SELL,10.0,21.8
2026-01-12 16:45:00+00:00,2026-01-12 23:00:00+00:00,BUY,10.0,-4.83
2026-01-12 17:00:00+00:00,2026-01-12 21:00:00+00:00,BUY,10.0,21.3
2026-01-12 17:00:00+00:00,2026-01-13 01:00:00+00:00,SELL,10.0,12.09
2026-01-12 17:15:00+00:00,2026-01-13 02:00:00+00:00,BUY,10.0,21.3
2026-01-12 17:45:00+00:00,2026-01-12 22:00:00+00:00,BUY,10.0,15.27
2026-01-12 18:00:00+00:00,2026-01-12 21:00:00+00:00,SELL,10.0,25.17
2026-01-12 18:00:00+00:00,2026-01-13 03:00:00+00:00,BUY,10.0,22.48
2026-01-12 18:00:00+00:00,2026-01-12 23:00:00+00:00,SELL,10.0,21.73
2026-01-12 18:00:00+00:00,2026-01-13 02:00:00+00:00,SELL,10.0,18.73
2026-01-12 18:45:00+00:00,2026-01-13 04:00:00+00:00,BUY,10.0,33.93
2026-01-12 19:00:00+00:00,2026-01-13 03:00:00+00:00,SELL,10.0,21.42
2026-01-12 19:15:00+00:00,2026-01-12 22:00:00+00:00,SELL,10.0,18.44
2026-01-12 19:45:00+00:00,2026-01-13 05:00:00+00:00,BUY,10.0,36.56
2026-01-12 20:00:00+00:00,2026-01-13 04:00:00+00:00,SELL,10.0,30.51
2026-01-12 21:00:00+00:00,2026-01-13 05:00:00+00:00,SELL,10.0,33.12
2026-01-12 21:15:00+00:00,2026-01-13 06:00:00+00:00,BUY,10.0,32.66
2026-01-12 21:45:00+00:00,2026-01-13 07:00:00+00:00,BUY,10.0,31.89
2026-01-12 22:00:00+00:00,2026-01-13 06:00:00+00:00,SELL,10.0,32.94
2026-01-12 22:45:00+00:00,2026-01-13 08:00:00+00:00,BUY,10.0,39.79
2026-01-12 23:15:00+00:00,2026-01-13 07:00:00+00:00,SELL,10.0,28.4
2026-01-13 00:15:00+00:00,2026-01-13 08:00:00+00:00,SELL,10.0,36.77
2026-01-13 00:30:00+00:00,2026-01-13 10:00:00+00:00,BUY,10.0,32.32
2026-01-13 02:00:00+00:00,2026-01-13 10:00:00+00:00,SELL,10.0,30.38
2026-01-13 03:30:00+00:00,2026-01-13 13:00:00+00:00,BUY,10.0,38.59
2026-01-13 04:45:00+00:00,2026-01-13 14:00:00+00:00,BUY,10.0,27.66
2026-01-13 05:00:00+00:00,2026-01-13 13:00:00+00:00,SELL,10.0,32.49
2026-01-13 06:00:00+00:00,2026-01-13 14:00:00+00:00,SELL,10.0,26.23
2026-01-13 07:45:00+00:00,2026-01-13 17:00:00+00:00,BUY,10.0,32.49
2026-01-13 09:00:00+00:00,2026-01-13 17:00:00+00:00,SELL,10.0,31.97
2026-01-13 10:00:00+00:00,2026-01-13 19:00:00+00:00,BUY,10.0,31.96
2026-01-13 10:45:00+00:00,2026-01-13 19:00:00+00:00,SELL,10.0,31.71
2026-01-13 10:45:00+00:00,2026-01-13 20:00:00+00:00,BUY,10.0,29.0
2026-01-13 12:00:00+00:00,2026-01-13 20:00:00+00:00,SELL,10.0,29.22
2026-01-13 13:45:00+00:00,2026-01-13 23:00:00+00:00,BUY,10.0,24.25
2026-01-13 15:00:00+00:00,2026-01-13 23:00:00+00:00,SELL,10.0,23.68
2026-01-13 19:45:00+00:00,2026-01-14 00:00:00+00:00,BUY,10.0,-48.26
2026-01-13 21:15:00+00:00,2026-01-14 00:00:00+00:00,SELL,10.0,-48.19
2026-01-14 04:45:00+00:00,2026-01-14 14:00:00+00:00,BUY,10.0,25.01
2026-01-14 05:30:00+00:00,2026-01-14 14:00:00+00:00,SELL,10.0,26.28
2026-01-14 11:45:00+00:00,2026-01-14 21:00:00+00:00,BUY,10.0,25.32
2026-01-14 13:00:00+00:00,2026-01-14 21:00:00+00:00,SELL,10.0,24.77
2026-01-14 15:30:00+00:00,2026-01-14 22:00:00+00:00,BUY,10.0,124.4
2026-01-14 16:15:00+00:00,2026-01-14 22:00:00+00:00,SELL,10.0,124.46
2026-01-15 03:00:00+00:00,2026-01-15 09:00:00+00:00,BUY,10.0,65.41
2026-01-15 03:45:00+00:00,2026-01-15 09:00:00+00:00,SELL,10.0,64.65
2026-01-15 06:45:00+00:00,2026-01-15 09:00:00+00:00,BUY,10.0,134.72
2026-01-15 07:30:00+00:00,2026-01-15 09:00:00+00:00,SELL,10.0,133.29
2026-01-15 11:30:00+00:00,2026-01-15 17:00:00+00:00,BUY,10.0,-40.37
2026-01-15 13:00:00+00:00,2026-01-15 17:00:00+00:00,SELL,10.0,-42.2
2026-01-16 23:30:00+00:00,2026-01-17 04:00:00+00:00,BUY,10.0,-11.6
2026-01-17 01:00:00+00:00,2026-01-17 04:00:00+00:00,SELL,10.0,-14.14
2026-01-17 10:45:00+00:00,2026-01-17 19:00:00+00:00,BUY,10.0,114.72
2026-01-17 11:30:00+00:00,2026-01-17 19:00:00+00:00,SELL,10.0,114.54
2026-01-17 12:00:00+00:00,2026-01-17 21:00:00+00:00,BUY,10.0,131.25
2026-01-17 13:00:00+00:00,2026-01-17 21:00:00+00:00,SELL,10.0,129.93
2026-01-18 01:00:00+00:00,2026-01-18 10:00:00+00:00,BUY,10.0,161.27
2026-01-18 01:45:00+00:00,2026-01-18 09:00:00+00:00,BUY,10.0,159.02
2026-01-18 01:45:00+00:00,2026-01-18 10:00:00+00:00,SELL,10.0,161.37
2026-01-18 03:45:00+00:00,2026-01-18 09:00:00+00:00,SELL,10.0,269.44
2026-01-18 03:45:00+00:00,2026-01-18 10:00:00+00:00,BUY,10.0,155.89
2026-01-18 04:15:00+00:00,2026-01-18 09:00:00+00:00,BUY,10.0,266.63
2026-01-18 04:45:00+00:00,2026-01-18 10:00:00+00:00,SELL,10.0,153.75
2026-01-18 05:15:00+00:00,2026-01-18 09:00:00+00:00,SELL,10.0,264.39
2026-01-18 05:15:00+00:00,2026-01-18 14:00:00+00:00,BUY,10.0,118.58
2026-01-18 06:00:00+00:00,2026-01-18 14:00:00+00:00,SELL,10.0,118.54
2026-01-18 10:45:00+00:00,2026-01-18 14:00:00+00:00,BUY,10.0,83.45
2026-01-18 12:15:00+00:00,2026-01-18 14:00:00+00:00,SELL,10.0,80.99
2026-01-18 15:45:00+00:00,2026-01-18 20:00:00+00:00,BUY,10.0,2.22
2026-01-18 17:15:00+00:00,2026-01-18 20:00:00+00:00,SELL,10.0,1.22
2026-01-18 17:30:00+00:00,2026-01-19 00:00:00+00:00,BUY,10.0,17.48
2026-01-18 18:15:00+00:00,2026-01-19 00:00:00+00:00,SELL,10.0,15.71
2026-01-18 18:30:00+00:00,2026-01-19 00:00:00+00:00,BUY,10.0,9.78
2026-01-18 20:45:00+00:00,2026-01-19 01:00:00+00:00,BUY,10.0,10.81
2026-01-18 21:00:00+00:00,2026-01-19 00:00:00+00:00,SELL,10.0,-2.09
2026-01-18 21:45:00+00:00,2026-01-19 02:00:00+00:00,BUY,10.0,64.19
2026-01-18 22:00:00+00:00,2026-01-19 01:00:00+00:00,SELL,10.0,7.55
2026-01-18 23:00:00+00:00,2026-01-19 02:00:00+00:00,SELL,10.0,63.78
2026-01-21 13:30:00+00:00,2026-01-21 22:00:00+00:00,BUY,10.0,7.9
2026-01-21 14:15:00+00:00,2026-01-21 22:00:00+00:00,SELL,10.0,9.44
2026-01-21 15:30:00+00:00,2026-01-22 00:00:00+00:00,BUY,10.0,-0.65
2026-01-21 17:00:00+00:00,2026-01-22 00:00:00+00:00,SELL,10.0,3.89
2026-01-23 23:15:00+00:00,2026-01-24 06:00:00+00:00,BUY,10.0,28.65
2026-01-24 00:45:00+00:00,2026-01-24 06:00:00+00:00,SELL,10.0,29.63
2026-01-24 01:15:00+00:00,2026-01-24 08:00:00+00:00,BUY,10.0,44.67
2026-01-24 02:00:00+00:00,2026-01-24 09:00:00+00:00,BUY,10.0,210.71
2026-01-24 02:45:00+00:00,2026-01-24 08:00:00+00:00,SELL,10.0,43.88
2026-01-24 02:45:00+00:00,2026-01-24 09:00:00+00:00,SELL,10.0,211.4
2026-01-24 03:30:00+00:00,2026-01-24 08:00:00+00:00,BUY,10.0,38.77
2026-01-24 04:15:00+00:00,2026-01-24 08:00:00+00:00,SELL,10.0,39.45
2026-01-24 08:45:00+00:00,2026-01-24 13:00:00+00:00,BUY,10.0,97.69
2026-01-24 09:30:00+00:00,2026-01-24 13:00:00+00:00,SELL,10.0,95.6
2026-01-24 22:45:00+00:00,2026-01-25 03:00:00+00:00,BUY,10.0,133.61
2026-01-24 23:30:00+00:00,2026-01-25 03:00:00+00:00,SELL,10.0,132.78
2026-01-25 01:15:00+00:00,2026-01-25 05:00:00+00:00,BUY,10.0,80.82
2026-01-25 01:30:00+00:00,2026-01-25 10:00:00+00:00,BUY,10.0,78.29
2026-01-25 02:15:00+00:00,2026-01-25 10:00:00+00:00,SELL,10.0,79.87
2026-01-25 02:30:00+00:00,2026-01-25 05:00:00+00:00,SELL,10.0,78.72
2026-01-25 03:15:00+00:00,2026-01-25 08:00:00+00:00,BUY,10.0,90.84
2026-01-25 03:30:00+00:00,2026-01-25 09:00:00+00:00,BUY,10.0,153.94
2026-01-25 04:45:00+00:00,2026-01-25 10:00:00+00:00,BUY,10.0,73.92
2026-01-25 05:15:00+00:00,2026-01-25 08:00:00+00:00,SELL,10.0,80.14
2026-01-25 05:45:00+00:00,2026-01-25 15:00:00+00:00,BUY,10.0,107.35
2026-01-25 05:45:00+00:00,2026-01-25 11:00:00+00:00,BUY,10.0,117.8
2026-01-25 06:30:00+00:00,2026-01-25 15:00:00+00:00,SELL,10.0,257.97
2026-01-25 07:00:00+00:00,2026-01-25 09:00:00+00:00,SELL,10.0,125.99
2026-01-25 07:00:00+00:00,2026-01-25 10:00:00+00:00,SELL,10.0,62.31
2026-01-25 07:15:00+00:00,2026-01-25 15:00:00+00:00,BUY,10.0,255.43
2026-01-25 08:00:00+00:00,2026-01-25 15:00:00+00:00,SELL,10.0,254.58
2026-01-25 09:00:00+00:00,2026-01-25 11:00:00+00:00,SELL,10.0,103.96
2026-01-25 09:45:00+00:00,2026-01-25 14:00:00+00:00,BUY,10.0,53.28
2026-01-25 11:00:00+00:00,2026-01-25 14:00:00+00:00,SELL,10.0,51.62
2026-01-25 12:00:00+00:00,2026-01-25 17:00:00+00:00,BUY,10.0,120.89
2026-01-25 13:00:00+00:00,2026-01-25 17:00:00+00:00,SELL,10.0,116.09
2026-01-25 23:15:00+00:00,2026-01-26 06:00:00+00:00,BUY,10.0,50.41
2026-01-26 00:00:00+00:00,2026-01-26 06:00:00+00:00,SELL,10.0,52.28
2026-01-26 00:30:00+00:00,2026-01-26 08:00:00+00:00,BUY,10.0,59.33
2026-01-26 01:30:00+00:00,2026-01-26 08:00:00+00:00,SELL,10.0,59.04
2026-01-27 01:45:00+00:00,2026-01-27 09:00:00+00:00,BUY,10.0,52.23
2026-01-27 02:45:00+00:00,2026-01-27 09:00:00+00:00,SELL,10.0,50.84
2026-01-27 18:30:00+00:00,2026-01-28 02:00:00+00:00,BUY,10.0,152.66
2026-01-27 18:30:00+00:00,2026-01-28 04:00:00+00:00,BUY,10.0,58.99
2026-01-27 19:30:00+00:00,2026-01-27 21:00:00+00:00,BUY,10.0,136.26
2026-01-27 19:30:00+00:00,2026-01-28 02:00:00+00:00,SELL,10.0,151.2
2026-01-27 19:30:00+00:00,2026-01-28 05:00:00+00:00,BUY,10.0,43.74
2026-01-27 20:00:00+00:00,2026-01-28 04:00:00+00:00,SELL,10.0,57.11
2026-01-27 20:15:00+00:00,2026-01-27 21:00:00+00:00,SELL,10.0,137.05
2026-01-27 21:30:00+00:00,2026-01-28 04:00:00+00:00,BUY,10.0,49.41
2026-01-27 22:00:00+00:00,2026-01-28 05:00:00+00:00,SELL,10.0,29.54
2026-01-27 22:00:00+00:00,2026-01-28 07:00:00+00:00,BUY,10.0,136.29
2026-01-27 22:15:00+00:00,2026-01-28 04:00:00+00:00,SELL,10.0,101.5
2026-01-27 23:00:00+00:00,2026-01-28 07:00:00+00:00,SELL,10.0,134.62
2026-01-27 23:15:00+00:00,2026-01-28 08:00:00+00:00,BUY,10.0,77.83
2026-01-27 23:30:00+00:00,2026-01-28 05:00:00+00:00,BUY,10.0,153.29
2026-01-27 23:30:00+00:00,2026-01-28 06:00:00+00:00,BUY,10.0,72.75
2026-01-28 00:00:00+00:00,2026-01-28 07:00:00+00:00,BUY,10.0,128.96
2026-01-28 00:15:00+00:00,2026-01-28 05:00:00+00:00,SELL,10.0,153.32
2026-01-28 00:15:00+00:00,2026-01-28 09:00:00+00:00,BUY,10.0,88.72
2026-01-28 00:30:00+00:00,2026-01-28 10:00:00+00:00,BUY,10.0,64.54
2026-01-28 00:45:00+00:00,2026-01-28 07:00:00+00:00,SELL,10.0,127.21
2026-01-28 00:45:00+00:00,2026-01-28 08:00:00+00:00,SELL,10.0,66.72
2026-01-28 01:00:00+00:00,2026-01-28 08:00:00+00:00,BUY,10.0,65.79
2026-01-28 01:00:00+00:00,2026-01-28 06:00:00+00:00,SELL,10.0,71.54
2026-01-28 02:15:00+00:00,2026-01-28 08:00:00+00:00,SELL,10.0,61.95
2026-01-28 03:00:00+00:00,2026-01-28 10:00:00+00:00,SELL,10.0,60.93
2026-01-28 03:45:00+00:00,2026-01-28 11:00:00+00:00,BUY,10.0,142.5
2026-01-28 03:45:00+00:00,2026-01-28 09:00:00+00:00,SELL,10.0,-9.33
2026-01-28 04:30:00+00:00,2026-01-28 13:00:00+00:00,BUY,10.0,64.53
2026-01-28 05:15:00+00:00,2026-01-28 13:00:00+00:00,SELL,10.0,64.89
2026-01-28 05:15:00+00:00,2026-01-28 12:00:00+00:00,BUY,10.0,59.25
2026-01-28 06:00:00+00:00,2026-01-28 11:00:00+00:00,SELL,10.0,132.69
2026-01-28 06:00:00+00:00,2026-01-28 12:00:00+00:00,SELL,10.0,56.58
2026-01-28 06:15:00+00:00,2026-01-28 15:00:00+00:00,BUY,10.0,62.87
2026-01-28 06:30:00+00:00,2026-01-28 11:00:00+00:00,BUY,10.0,129.5
2026-01-28 07:00:00+00:00,2026-01-28 15:00:00+00:00,SELL,10.0,60.85
2026-01-28 07:15:00+00:00,2026-01-28 11:00:00+00:00,SELL,10.0,131.24
2026-01-28 08:30:00+00:00,2026-01-28 17:00:00+00:00,BUY,10.0,68.24
2026-01-28 10:00:00+00:00,2026-01-28 17:00:00+00:00,SELL,10.0,66.42
2026-01-28 10:15:00+00:00,2026-01-28 19:00:00+00:00,BUY,10.0,229.98
2026-01-28 10:45:00+00:00,2026-01-28 17:00:00+00:00,BUY,10.0,60.95
2026-01-28 11:00:00+00:00,2026-01-28 20:00:00+00:00,BUY,10.0,65.29
2026-01-28 11:30:00+00:00,2026-01-28 17:00:00+00:00,SELL,10.0,62.14
2026-01-28 11:45:00+00:00,2026-01-28 18:00:00+00:00,BUY,10.0,83.28
2026-01-28 12:00:00+00:00,2026-01-28 20:00:00+00:00,SELL,10.0,65.35
2026-01-28 12:00:00+00:00,2026-01-28 19:00:00+00:00,SELL,10.0,218.13
2026-01-28 12:30:00+00:00,2026-01-28 19:00:00+00:00,BUY,10.0,213.17
2026-01-28 12:30:00+00:00,2026-01-28 21:00:00+00:00,BUY,10.0,49.7
2026-01-28 13:00:00+00:00,2026-01-28 18:00:00+00:00,SELL,10.0,82.97
2026-01-28 13:45:00+00:00,2026-01-28 20:00:00+00:00,BUY,10.0,63.84
2026-01-28 14:00:00+00:00,2026-01-28 21:00:00+00:00,SELL,10.0,48.75
2026-01-28 14:00:00+00:00,2026-01-28 19:00:00+00:00,SELL,10.0,209.72
2026-01-28 14:30:00+00:00,2026-01-28 20:00:00+00:00,SELL,10.0,65.35
2026-01-28 21:30:00+00:00,2026-01-29 07:00:00+00:00,BUY,10.0,50.07
2026-01-28 22:45:00+00:00,2026-01-29 07:00:00+00:00,SELL,10.0,53.85
2026-01-28 23:30:00+00:00,2026-01-29 04:00:00+00:00,BUY,10.0,-2.19
2026-01-29 01:00:00+00:00,2026-01-29 04:00:00+00:00,SELL,10.0,-0.68
2026-01-29 09:30:00+00:00,2026-01-29 19:00:00+00:00,BUY,10.0,61.15
2026-01-29 11:00:00+00:00,2026-01-29 19:00:00+00:00,SELL,10.0,57.37
2026-01-29 14:00:00+00:00,2026-01-29 19:00:00+00:00,BUY,10.0,46.57
2026-01-29 15:00:00+00:00,2026-01-29 19:00:00+00:00,SELL,10.0,43.17
2026-01-29 20:30:00+00:00,2026-01-30 06:00:00+00:00,BUY,10.0,8.04
2026-01-29 21:30:00+00:00,2026-01-30 06:00:00+00:00,SELL,10.0,7.86
2026-01-30 08:15:00+00:00,2026-01-30 10:00:00+00:00,BUY,10.0,136.31
2026-01-30 09:00:00+00:00,2026-01-30 10:00:00+00:00,SELL,10.0,137.37
2026-01-30 20:30:00+00:00,2026-01-31 06:00:00+00:00,BUY,10.0,22.17
2026-01-30 22:00:00+00:00,2026-01-31 06:00:00+00:00,SELL,10.0,17.97
2026-01-30 22:45:00+00:00,2026-01-31 06:00:00+00:00,BUY,10.0,11.85
2026-01-31 00:00:00+00:00,2026-01-31 06:00:00+00:00,SELL,10.0,13.97
2026-01-31 00:30:00+00:00,2026-01-31 08:00:00+00:00,BUY,10.0,58.31
2026-01-31 02:00:00+00:00,2026-01-31 08:00:00+00:00,SELL,10.0,60.47
2026-01-31 02:15:00+00:00,2026-01-31 10:00:00+00:00,BUY,10.0,57.43
2026-01-31 02:30:00+00:00,2026-01-31 11:00:00+00:00,BUY,10.0,72.51
2026-01-31 03:00:00+00:00,2026-01-31 10:00:00+00:00,SELL,10.0,57.4
2026-01-31 03:15:00+00:00,2026-01-31 11:00:00+00:00,SELL,10.0,74.52
2026-01-31 03:30:00+00:00,2026-01-31 05:00:00+00:00,BUY,10.0,-43.01
2026-01-31 03:30:00+00:00,2026-01-31 11:00:00+00:00,BUY,10.0,63.08
2026-01-31 04:00:00+00:00,2026-01-31 12:00:00+00:00,BUY,10.0,77.67
2026-01-31 04:15:00+00:00,2026-01-31 05:00:00+00:00,SELL,10.0,-43.2
2026-01-31 05:00:00+00:00,2026-01-31 11:00:00+00:00,SELL,10.0,66.8
2026-01-31 06:00:00+00:00,2026-01-31 12:00:00+00:00,SELL,10.0,68.35
2026-01-31 07:45:00+00:00,2026-01-31 16:00:00+00:00,BUY,10.0,113.65
2026-01-31 08:30:00+00:00,2026-01-31 17:00:00+00:00,BUY,10.0,87.09
2026-01-31 08:45:00+00:00,2026-01-31 16:00:00+00:00,SELL,10.0,111.0
2026-01-31 10:00:00+00:00,2026-01-31 18:00:00+00:00,BUY,10.0,160.43
2026-01-31 11:15:00+00:00,2026-01-31 17:00:00+00:00,SELL,10.0,70.03
2026-01-31 11:30:00+00:00,2026-01-31 18:00:00+00:00,SELL,10.0,156.09
2026-01-31 13:00:00+00:00,2026-01-31 17:00:00+00:00,BUY,10.0,65.99
2026-01-31 14:00:00+00:00,2026-01-31 17:00:00+00:00,SELL,10.0,70.29
2026-01-31 20:45:00+00:00,2026-02-01 03:00:00+00:00,BUY,10.0,46.94
2026-01-31 22:00:00+00:00,2026-02-01 03:00:00+00:00,SELL,10.0,48.54
2026-02-01 00:45:00+00:00,2026-02-01 09:00:00+00:00,BUY,10.0,80.84
2026-02-01 01:15:00+00:00,2026-02-01 07:00:00+00:00,BUY,10.0,61.86
2026-02-01 01:15:00+00:00,2026-02-01 06:00:00+00:00,BUY,10.0,18.67
2026-02-01 01:30:00+00:00,2026-02-01 08:00:00+00:00,BUY,10.0,57.21
2026-02-01 01:30:00+00:00,2026-02-01 10:00:00+00:00,BUY,10.0,69.87
2026-02-01 02:00:00+00:00,2026-02-01 07:00:00+00:00,SELL,10.0,64.23
2026-02-01 02:00:00+00:00,2026-02-01 09:00:00+00:00,SELL,10.0,84.81
2026-02-01 02:30:00+00:00,2026-02-01 09:00:00+00:00,BUY,10.0,69.84
2026-02-01 02:45:00+00:00,2026-02-01 06:00:00+00:00,SELL,10.0,18.28
2026-02-01 03:00:00+00:00,2026-02-01 08:00:00+00:00,SELL,10.0,59.87
2026-02-01 03:00:00+00:00,2026-02-01 10:00:00+00:00,SELL,10.0,74.85
2026-02-01 03:45:00+00:00,2026-02-01 10:00:00+00:00,BUY,10.0,67.72
2026-02-01 04:00:00+00:00,2026-02-01 09:00:00+00:00,SELL,10.0,72.63
2026-02-01 04:45:00+00:00,2026-02-01 11:00:00+00:00,BUY,10.0,59.83
2026-02-01 05:00:00+00:00,2026-02-01 10:00:00+00:00,SELL,10.0,92.42
2026-02-01 05:30:00+00:00,2026-02-01 11:00:00+00:00,SELL,10.0,60.94
2026-02-01 05:45:00+00:00,2026-02-01 14:00:00+00:00,BUY,10.0,71.14
2026-02-01 06:45:00+00:00,2026-02-01 15:00:00+00:00,BUY,10.0,219.29
2026-02-01 07:15:00+00:00,2026-02-01 14:00:00+00:00,SELL,10.0,66.44
2026-02-01 07:30:00+00:00,2026-02-01 14:00:00+00:00,BUY,10.0,55.32
2026-02-01 08:00:00+00:00,2026-02-01 15:00:00+00:00,SELL,10.0,220.84
2026-02-01 09:00:00+00:00,2026-02-01 14:00:00+00:00,SELL,10.0,57.88
2026-02-01 09:15:00+00:00,2026-02-01 15:00:00+00:00,BUY,10.0,201.99
2026-02-01 09:45:00+00:00,2026-02-01 16:00:00+00:00,BUY,10.0,45.58
2026-02-01 10:45:00+00:00,2026-02-01 15:00:00+00:00,SELL,10.0,204.1
2026-02-01 11:00:00+00:00,2026-02-01 16:00:00+00:00,SELL,10.0,48.71
2026-02-01 12:30:00+00:00,2026-02-01 20:00:00+00:00,BUY,10.0,56.9
2026-02-01 13:15:00+00:00,2026-02-01 19:00:00+00:00,BUY,10.0,52.98
2026-02-01 13:30:00+00:00,2026-02-01 20:00:00+00:00,SELL,10.0,52.21
2026-02-01 14:00:00+00:00,2026-02-01 19:00:00+00:00,SELL,10.0,54.75
2026-02-01 14:00:00+00:00,2026-02-01 20:00:00+00:00,BUY,10.0,50.9
2026-02-01 15:00:00+00:00,2026-02-01 20:00:00+00:00,SELL,10.0,53.22
2026-02-01 20:45:00+00:00,2026-02-02 06:00:00+00:00,BUY,10.0,292.01
2026-02-01 22:30:00+00:00,2026-02-02 06:00:00+00:00,SELL,10.0,322.96
2026-02-01 23:30:00+00:00,2026-02-02 02:00:00+00:00,BUY,10.0,134.12
2026-02-02 00:30:00+00:00,2026-02-02 02:00:00+00:00,SELL,10.0,134.31
2026-02-02 00:30:00+00:00,2026-02-02 09:00:00+00:00,BUY,10.0,97.76
2026-02-02 01:30:00+00:00,2026-02-02 10:00:00+00:00,BUY,10.0,68.21
2026-02-02 02:00:00+00:00,2026-02-02 09:00:00+00:00,SELL,10.0,101.26
2026-02-02 02:30:00+00:00,2026-02-02 09:00:00+00:00,BUY,10.0,94.91
2026-02-02 03:00:00+00:00,2026-02-02 10:00:00+00:00,SELL,10.0,69.78
2026-02-02 04:00:00+00:00,2026-02-02 09:00:00+00:00,SELL,10.0,90.01
2026-02-02 06:30:00+00:00,2026-02-02 09:00:00+00:00,BUY,10.0,79.59
2026-02-02 07:15:00+00:00,2026-02-02 09:00:00+00:00,SELL,10.0,79.71
2026-02-02 09:30:00+00:00,2026-02-02 18:00:00+00:00,BUY,10.0,86.82
2026-02-02 10:30:00+00:00,2026-02-02 19:00:00+00:00,BUY,10.0,84.36
2026-02-02 11:00:00+00:00,2026-02-02 18:00:00+00:00,SELL,10.0,85.97
2026-02-02 12:00:00+00:00,2026-02-02 19:00:00+00:00,SELL,10.0,84.42
2026-02-02 13:00:00+00:00,2026-02-02 19:00:00+00:00,BUY,10.0,74.71
2026-02-02 14:00:00+00:00,2026-02-02 19:00:00+00:00,SELL,10.0,82.07
2026-02-02 14:00:00+00:00,2026-02-02 22:00:00+00:00,BUY,10.0,40.93
2026-02-02 15:00:00+00:00,2026-02-02 22:00:00+00:00,SELL,10.0,42.32
2026-02-02 15:00:00+00:00,2026-02-03 00:00:00+00:00,BUY,10.0,36.67
2026-02-02 15:45:00+00:00,2026-02-03 00:00:00+00:00,SELL,10.0,36.95
2026-02-02 16:45:00+00:00,2026-02-03 02:00:00+00:00,BUY,10.0,35.55
2026-02-02 17:45:00+00:00,2026-02-03 03:00:00+00:00,BUY,10.0,34.72
2026-02-02 18:00:00+00:00,2026-02-03 02:00:00+00:00,SELL,10.0,36.53
2026-02-02 18:45:00+00:00,2026-02-02 20:00:00+00:00,BUY,10.0,118.71
2026-02-02 18:45:00+00:00,2026-02-03 04:00:00+00:00,BUY,10.0,43.9
2026-02-02 19:00:00+00:00,2026-02-03 03:00:00+00:00,SELL,10.0,35.4
2026-02-02 19:15:00+00:00,2026-02-02 20:00:00+00:00,SELL,10.0,118.23
2026-02-02 19:45:00+00:00,2026-02-03 05:00:00+00:00,BUY,10.0,37.8
2026-02-02 20:00:00+00:00,2026-02-03 04:00:00+00:00,SELL,10.0,42.0
2026-02-02 20:45:00+00:00,2026-02-03 06:00:00+00:00,BUY,10.0,43.07
2026-02-02 21:00:00+00:00,2026-02-03 05:00:00+00:00,SELL,10.0,40.06
2026-02-02 21:45:00+00:00,2026-02-03 07:00:00+00:00,BUY,10.0,46.49
2026-02-02 22:00:00+00:00,2026-02-03 06:00:00+00:00,SELL,10.0,43.49
2026-02-02 23:00:00+00:00,2026-02-03 07:00:00+00:00,SELL,10.0,47.06
2026-02-02 23:30:00+00:00,2026-02-03 09:00:00+00:00,BUY,10.0,53.08
2026-02-03 00:30:00+00:00,2026-02-03 10:00:00+00:00,BUY,10.0,48.58
2026-02-03 01:00:00+00:00,2026-02-03 09:00:00+00:00,SELL,10.0,50.95
2026-02-03 02:00:00+00:00,2026-02-03 10:00:00+00:00,SELL,10.0,47.33
2026-02-03 02:45:00+00:00,2026-02-03 08:00:00+00:00,BUY,10.0,193.03
2026-02-03 03:30:00+00:00,2026-02-03 08:00:00+00:00,SELL,10.0,190.94
2026-02-03 04:00:00+00:00,2026-02-03 13:00:00+00:00,BUY,10.0,39.5
2026-02-03 04:45:00+00:00,2026-02-03 13:00:00+00:00,SELL,10.0,39.45
2026-02-03 04:45:00+00:00,2026-02-03 14:00:00+00:00,BUY,10.0,38.84
2026-02-03 05:00:00+00:00,2026-02-03 09:00:00+00:00,BUY,10.0,122.86
2026-02-03 05:30:00+00:00,2026-02-03 15:00:00+00:00,BUY,10.0,42.79
2026-02-03 05:45:00+00:00,2026-02-03 09:00:00+00:00,SELL,10.0,157.26
2026-02-03 06:00:00+00:00,2026-02-03 08:00:00+00:00,BUY,10.0,250.81
2026-02-03 06:00:00+00:00,2026-02-03 14:00:00+00:00,SELL,10.0,35.43
2026-02-03 06:30:00+00:00,2026-02-03 15:00:00+00:00,SELL,10.0,41.77
2026-02-03 06:45:00+00:00,2026-02-03 09:00:00+00:00,BUY,10.0,118.33
2026-02-03 06:45:00+00:00,2026-02-03 16:00:00+00:00,BUY,10.0,39.04
2026-02-03 07:00:00+00:00,2026-02-03 08:00:00+00:00,SELL,10.0,249.28
2026-02-03 07:30:00+00:00,2026-02-03 17:00:00+00:00,BUY,10.0,37.1
2026-02-03 08:00:00+00:00,2026-02-03 16:00:00+00:00,SELL,10.0,39.47
2026-02-03 08:15:00+00:00,2026-02-03 09:00:00+00:00,SELL,10.0,116.12
2026-02-03 08:30:00+00:00,2026-02-03 18:00:00+00:00,BUY,10.0,55.86
2026-02-03 09:00:00+00:00,2026-02-03 17:00:00+00:00,SELL,10.0,36.2
2026-02-03 09:30:00+00:00,2026-02-03 19:00:00+00:00,BUY,10.0,49.28
2026-02-03 10:00:00+00:00,2026-02-03 11:00:00+00:00,BUY,10.0,139.39
2026-02-03 10:00:00+00:00,2026-02-03 18:00:00+00:00,SELL,10.0,55.65
2026-02-03 10:15:00+00:00,2026-02-03 11:00:00+00:00,SELL,10.0,138.66
2026-02-03 10:45:00+00:00,2026-02-03 20:00:00+00:00,BUY,10.0,40.13
2026-02-03 11:00:00+00:00,2026-02-03 19:00:00+00:00,SELL,10.0,44.51
2026-02-03 12:00:00+00:00,2026-02-03 20:00:00+00:00,SELL,10.0,38.79
2026-02-03 13:00:00+00:00,2026-02-03 22:00:00+00:00,BUY,10.0,36.38
2026-02-03 13:30:00+00:00,2026-02-03 23:00:00+00:00,BUY,10.0,32.65
2026-02-03 13:45:00+00:00,2026-02-03 22:00:00+00:00,SELL,10.0,36.21
2026-02-03 15:00:00+00:00,2026-02-03 23:00:00+00:00,SELL,10.0,33.02
2026-02-03 17:00:00+00:00,2026-02-03 18:00:00+00:00,BUY,10.0,158.3
2026-02-03 17:15:00+00:00,2026-02-03 18:00:00+00:00,SELL,10.0,157.21
2026-02-04 03:30:00+00:00,2026-02-04 07:00:00+00:00,BUY,10.0,28.74
2026-02-04 05:00:00+00:00,2026-02-04 07:00:00+00:00,SELL,10.0,28.38
2026-02-04 15:15:00+00:00,2026-02-04 18:00:00+00:00,BUY,10.0,29.06
2026-02-04 16:45:00+00:00,2026-02-04 18:00:00+00:00,SELL,10.0,28.4
2026-02-05 09:30:00+00:00,2026-02-05 19:00:00+00:00,BUY,10.0,-13.79
2026-02-05 10:45:00+00:00,2026-02-05 19:00:00+00:00,SELL,10.0,-15.71
2026-02-05 13:00:00+00:00,2026-02-05 22:00:00+00:00,BUY,10.0,77.38
2026-02-05 14:00:00+00:00,2026-02-05 22:00:00+00:00,SELL,10.0,77.25
2026-02-05 15:15:00+00:00,2026-02-06 00:00:00+00:00,BUY,10.0,122.55
2026-02-05 15:45:00+00:00,2026-02-06 01:00:00+00:00,BUY,10.0,56.24
2026-02-05 16:00:00+00:00,2026-02-06 00:00:00+00:00,SELL,10.0,119.13
2026-02-05 18:30:00+00:00,2026-02-06 04:00:00+00:00,BUY,10.0,83.99
2026-02-05 18:30:00+00:00,2026-02-06 02:00:00+00:00,BUY,10.0,52.51
2026-02-05 18:30:00+00:00,2026-02-06 01:00:00+00:00,SELL,10.0,25.47
2026-02-05 19:15:00+00:00,2026-02-06 02:00:00+00:00,SELL,10.0,53.61
2026-02-05 20:30:00+00:00,2026-02-06 06:00:00+00:00,BUY,10.0,65.28
2026-02-05 20:45:00+00:00,2026-02-06 05:00:00+00:00,BUY,10.0,47.6
2026-02-05 21:45:00+00:00,2026-02-06 07:00:00+00:00,BUY,10.0,91.28
2026-02-05 22:00:00+00:00,2026-02-06 04:00:00+00:00,SELL,10.0,49.74
2026-02-05 22:15:00+00:00,2026-02-06 05:00:00+00:00,SELL,10.0,45.77
2026-02-05 22:45:00+00:00,2026-02-06 08:00:00+00:00,BUY,10.0,74.84
2026-02-05 23:15:00+00:00,2026-02-06 06:00:00+00:00,SELL,10.0,47.54
2026-02-05 23:30:00+00:00,2026-02-06 09:00:00+00:00,BUY,10.0,117.73
2026-02-06 00:15:00+00:00,2026-02-06 07:00:00+00:00,SELL,10.0,76.15
2026-02-06 00:45:00+00:00,2026-02-06 04:00:00+00:00,BUY,10.0,41.89
2026-02-06 01:30:00+00:00,2026-02-06 10:00:00+00:00,BUY,10.0,148.2
2026-02-06 01:45:00+00:00,2026-02-06 11:00:00+00:00,BUY,10.0,86.02
2026-02-06 02:00:00+00:00,2026-02-06 08:00:00+00:00,SELL,10.0,57.12
2026-02-06 02:15:00+00:00,2026-02-06 04:00:00+00:00,SELL,10.0,38.97
2026-02-06 02:30:00+00:00,2026-02-06 12:00:00+00:00,BUY,10.0,51.74
2026-02-06 03:00:00+00:00,2026-02-06 09:00:00+00:00,SELL,10.0,77.52
2026-02-06 03:30:00+00:00,2026-02-06 07:00:00+00:00,BUY,10.0,154.32
2026-02-06 04:00:00+00:00,2026-02-06 10:00:00+00:00,SELL,10.0,110.59
2026-02-06 04:00:00+00:00,2026-02-06 11:00:00+00:00,SELL,10.0,74.9
2026-02-06 04:15:00+00:00,2026-02-06 07:00:00+00:00,SELL,10.0,154.01
2026-02-06 04:45:00+00:00,2026-02-06 13:00:00+00:00,BUY,10.0,60.6
2026-02-06 05:30:00+00:00,2026-02-06 14:00:00+00:00,BUY,10.0,60.13
2026-02-06 05:30:00+00:00,2026-02-06 11:00:00+00:00,BUY,10.0,68.96
2026-02-06 05:45:00+00:00,2026-02-06 12:00:00+00:00,SELL,10.0,24.67
2026-02-06 05:45:00+00:00,2026-02-06 09:00:00+00:00,BUY,10.0,71.35
2026-02-06 06:15:00+00:00,2026-02-06 13:00:00+00:00,SELL,10.0,60.81
2026-02-06 06:15:00+00:00,2026-02-06 11:00:00+00:00,SELL,10.0,70.37
2026-02-06 06:30:00+00:00,2026-02-06 09:00:00+00:00,SELL,10.0,69.6
2026-02-06 06:45:00+00:00,2026-02-06 15:00:00+00:00,BUY,10.0,57.03
2026-02-06 06:45:00+00:00,2026-02-06 10:00:00+00:00,BUY,10.0,115.51
2026-02-06 07:15:00+00:00,2026-02-06 14:00:00+00:00,SELL,10.0,55.12
2026-02-06 07:30:00+00:00,2026-02-06 17:00:00+00:00,BUY,10.0,89.11
2026-02-06 07:30:00+00:00,2026-02-06 16:00:00+00:00,BUY,10.0,53.53
2026-02-06 07:30:00+00:00,2026-02-06 10:00:00+00:00,SELL,10.0,118.49
2026-02-06 08:00:00+00:00,2026-02-06 11:00:00+00:00,BUY,10.0,64.83
2026-02-06 08:30:00+00:00,2026-02-06 12:00:00+00:00,BUY,10.0,21.02
2026-02-06 08:45:00+00:00,2026-02-06 15:00:00+00:00,SELL,10.0,51.39
2026-02-06 08:45:00+00:00,2026-02-06 11:00:00+00:00,SELL,10.0,62.53
2026-02-06 09:00:00+00:00,2026-02-06 16:00:00+00:00,SELL,10.0,149.0
2026-02-06 09:15:00+00:00,2026-02-06 12:00:00+00:00,SELL,10.0,19.2
2026-02-06 09:30:00+00:00,2026-02-06 19:00:00+00:00,BUY,10.0,76.16
2026-02-06 09:45:00+00:00,2026-02-06 12:00:00+00:00,BUY,10.0,15.27
2026-02-06 09:45:00+00:00,2026-02-06 18:00:00+00:00,BUY,10.0,62.96
2026-02-06 10:00:00+00:00,2026-02-06 16:00:00+00:00,BUY,10.0,142.24
2026-02-06 10:45:00+00:00,2026-02-06 16:00:00+00:00,SELL,10.0,142.19
2026-02-06 10:45:00+00:00,2026-02-06 17:00:00+00:00,SELL,10.0,58.76
2026-02-06 11:00:00+00:00,2026-02-06 12:00:00+00:00,SELL,10.0,13.36
2026-02-06 11:15:00+00:00,2026-02-06 18:00:00+00:00,SELL,10.0,65.66
2026-02-06 11:45:00+00:00,2026-02-06 20:00:00+00:00,BUY,10.0,63.83
2026-02-06 12:15:00+00:00,2026-02-06 19:00:00+00:00,SELL,10.0,61.72
2026-02-06 12:45:00+00:00,2026-02-06 17:00:00+00:00,BUY,10.0,47.73
2026-02-06 13:15:00+00:00,2026-02-06 21:00:00+00:00,BUY,10.0,218.3
2026-02-06 13:30:00+00:00,2026-02-06 20:00:00+00:00,SELL,10.0,59.58
2026-02-06 14:15:00+00:00,2026-02-06 17:00:00+00:00,SELL,10.0,42.98
2026-02-06 14:30:00+00:00,2026-02-06 21:00:00+00:00,SELL,10.0,215.65
2026-02-06 15:15:00+00:00,2026-02-06 19:00:00+00:00,BUY,10.0,60.99
2026-02-06 16:00:00+00:00,2026-02-06 19:00:00+00:00,SELL,10.0,61.2
2026-02-06 18:30:00+00:00,2026-02-07 03:00:00+00:00,BUY,10.0,150.33
2026-02-06 18:45:00+00:00,2026-02-07 04:00:00+00:00,BUY,10.0,74.6
2026-02-06 19:00:00+00:00,2026-02-06 22:00:00+00:00,BUY,10.0,110.26
2026-02-06 19:15:00+00:00,2026-02-07 03:00:00+00:00,SELL,10.0,150.22
2026-02-06 19:30:00+00:00,2026-02-07 05:00:00+00:00,BUY,10.0,81.54
2026-02-06 19:45:00+00:00,2026-02-06 22:00:00+00:00,SELL,10.0,111.28
2026-02-06 20:00:00+00:00,2026-02-07 04:00:00+00:00,SELL,10.0,75.32
2026-02-06 21:00:00+00:00,2026-02-07 05:00:00+00:00,SELL,10.0,166.89
2026-02-06 21:30:00+00:00,2026-02-07 05:00:00+00:00,BUY,10.0,163.69
2026-02-06 22:15:00+00:00,2026-02-07 05:00:00+00:00,SELL,10.0,163.28
2026-02-06 22:30:00+00:00,2026-02-07 08:00:00+00:00,BUY,10.0,83.79
2026-02-06 23:45:00+00:00,2026-02-07 05:00:00+00:00,BUY,10.0,159.12
2026-02-07 00:00:00+00:00,2026-02-07 08:00:00+00:00,SELL,10.0,96.53
2026-02-07 00:30:00+00:00,2026-02-07 10:00:00+00:00,BUY,10.0,87.33
2026-02-07 01:15:00+00:00,2026-02-07 05:00:00+00:00,SELL,10.0,155.32
2026-02-07 01:30:00+00:00,2026-02-07 11:00:00+00:00,BUY,10.0,89.42
2026-02-07 01:30:00+00:00,2026-02-07 06:00:00+00:00,BUY,10.0,77.06
2026-02-07 02:00:00+00:00,2026-02-07 10:00:00+00:00,SELL,10.0,92.2
2026-02-07 02:15:00+00:00,2026-02-07 04:00:00+00:00,BUY,10.0,137.73
2026-02-07 02:30:00+00:00,2026-02-07 08:00:00+00:00,BUY,10.0,114.35
2026-02-07 03:00:00+00:00,2026-02-07 11:00:00+00:00,SELL,10.0,93.3
2026-02-07 03:00:00+00:00,2026-02-07 06:00:00+00:00,SELL,10.0,75.38
2026-02-07 03:00:00+00:00,2026-02-07 04:00:00+00:00,SELL,10.0,138.09
2026-02-07 03:30:00+00:00,2026-02-07 13:00:00+00:00,BUY,10.0,101.96
2026-02-07 03:30:00+00:00,2026-02-07 09:00:00+00:00,BUY,10.0,97.33
2026-02-07 04:30:00+00:00,2026-02-07 14:00:00+00:00,BUY,10.0,89.92
2026-02-07 04:45:00+00:00,2026-02-07 10:00:00+00:00,BUY,10.0,98.93
2026-02-07 05:00:00+00:00,2026-02-07 09:00:00+00:00,SELL,10.0,91.26
2026-02-07 05:00:00+00:00,2026-02-07 08:00:00+00:00,SELL,10.0,83.76
2026-02-07 05:00:00+00:00,2026-02-07 13:00:00+00:00,SELL,10.0,98.3
2026-02-07 05:30:00+00:00,2026-02-07 15:00:00+00:00,BUY,10.0,72.99
2026-02-07 06:00:00+00:00,2026-02-07 14:00:00+00:00,SELL,10.0,96.4
2026-02-07 06:30:00+00:00,2026-02-07 11:00:00+00:00,BUY,10.0,96.26
2026-02-07 06:30:00+00:00,2026-02-07 16:00:00+00:00,BUY,10.0,84.82
2026-02-07 07:00:00+00:00,2026-02-07 10:00:00+00:00,SELL,10.0,91.6
2026-02-07 07:00:00+00:00,2026-02-07 15:00:00+00:00,SELL,10.0,73.9
2026-02-07 07:45:00+00:00,2026-02-07 11:00:00+00:00,SELL,10.0,98.92
2026-02-07 07:45:00+00:00,2026-02-07 17:00:00+00:00,BUY,10.0,167.58
2026-02-07 08:00:00+00:00,2026-02-07 16:00:00+00:00,SELL,10.0,88.11
2026-02-07 08:00:00+00:00,2026-02-07 13:00:00+00:00,BUY,10.0,88.35
2026-02-07 08:45:00+00:00,2026-02-07 13:00:00+00:00,SELL,10.0,86.76
2026-02-07 08:45:00+00:00,2026-02-07 17:00:00+00:00,SELL,10.0,166.58
2026-02-07 08:45:00+00:00,2026-02-07 11:00:00+00:00,BUY,10.0,92.65
2026-02-07 09:30:00+00:00,2026-02-07 19:00:00+00:00,BUY,10.0,65.29
2026-02-07 09:45:00+00:00,2026-02-07 11:00:00+00:00,SELL,10.0,90.98
2026-02-07 10:30:00+00:00,2026-02-07 15:00:00+00:00,BUY,10.0,69.38
2026-02-07 10:30:00+00:00,2026-02-07 13:00:00+00:00,BUY,10.0,79.18
2026-02-07 11:00:00+00:00,2026-02-07 20:00:00+00:00,BUY,10.0,183.87
2026-02-07 11:00:00+00:00,2026-02-07 19:00:00+00:00,SELL,10.0,68.97
2026-02-07 11:15:00+00:00,2026-02-07 15:00:00+00:00,SELL,10.0,69.78
2026-02-07 11:30:00+00:00,2026-02-07 14:00:00+00:00,BUY,10.0,85.04
2026-02-07 12:00:00+00:00,2026-02-07 13:00:00+00:00,SELL,10.0,74.38
2026-02-07 12:00:00+00:00,2026-02-07 20:00:00+00:00,SELL,10.0,187.24
2026-02-07 13:00:00+00:00,2026-02-07 14:00:00+00:00,SELL,10.0,80.83
2026-02-07 13:30:00+00:00,2026-02-07 18:00:00+00:00,BUY,10.0,88.62
2026-02-07 15:00:00+00:00,2026-02-07 18:00:00+00:00,SELL,10.0,89.11
2026-02-07 15:00:00+00:00,2026-02-07 19:00:00+00:00,BUY,10.0,139.66
2026-02-07 15:30:00+00:00,2026-02-07 20:00:00+00:00,BUY,10.0,183.35
2026-02-07 16:00:00+00:00,2026-02-07 19:00:00+00:00,SELL,10.0,140.94
2026-02-07 16:15:00+00:00,2026-02-07 20:00:00+00:00,SELL,10.0,183.2
2026-02-07 18:15:00+00:00,2026-02-07 23:00:00+00:00,BUY,10.0,-7.65
2026-02-07 19:00:00+00:00,2026-02-07 23:00:00+00:00,SELL,10.0,76.04
2026-02-07 19:30:00+00:00,2026-02-07 23:00:00+00:00,BUY,10.0,73.64
2026-02-07 20:15:00+00:00,2026-02-07 23:00:00+00:00,SELL,10.0,126.24
2026-02-07 21:15:00+00:00,2026-02-07 23:00:00+00:00,BUY,10.0,120.7
2026-02-07 22:00:00+00:00,2026-02-07 23:00:00+00:00,SELL,10.0,118.26
2026-02-08 00:30:00+00:00,2026-02-08 08:00:00+00:00,BUY,10.0,-23.1
2026-02-08 02:00:00+00:00,2026-02-08 08:00:00+00:00,SELL,10.0,-23.61
2026-02-08 04:15:00+00:00,2026-02-08 12:00:00+00:00,BUY,10.0,51.41
2026-02-08 05:00:00+00:00,2026-02-08 12:00:00+00:00,SELL,10.0,49.89
2026-02-08 06:45:00+00:00,2026-02-08 09:00:00+00:00,BUY,10.0,153.47
2026-02-08 07:15:00+00:00,2026-02-08 12:00:00+00:00,BUY,10.0,149.89
2026-02-08 07:30:00+00:00,2026-02-08 09:00:00+00:00,SELL,10.0,153.39
2026-02-08 08:00:00+00:00,2026-02-08 12:00:00+00:00,SELL,10.0,151.51
2026-02-08 16:15:00+00:00,2026-02-09 01:00:00+00:00,BUY,10.0,46.29
2026-02-08 17:00:00+00:00,2026-02-09 01:00:00+00:00,SELL,10.0,47.59
2026-02-08 21:00:00+00:00,2026-02-09 06:00:00+00:00,BUY,10.0,63.4
2026-02-08 21:45:00+00:00,2026-02-09 04:00:00+00:00,BUY,10.0,23.77
2026-02-08 22:00:00+00:00,2026-02-09 06:00:00+00:00,SELL,10.0,67.57
2026-02-08 22:45:00+00:00,2026-02-09 08:00:00+00:00,BUY,10.0,58.36
2026-02-08 23:15:00+00:00,2026-02-09 04:00:00+00:00,SELL,10.0,19.53
2026-02-08 23:30:00+00:00,2026-02-09 08:00:00+00:00,SELL,10.0,65.07
2026-02-08 23:45:00+00:00,2026-02-09 09:00:00+00:00,BUY,10.0,64.77
2026-02-09 00:00:00+00:00,2026-02-09 03:00:00+00:00,BUY,10.0,195.96
2026-02-09 01:00:00+00:00,2026-02-09 03:00:00+00:00,SELL,10.0,196.42
2026-02-09 01:00:00+00:00,2026-02-09 09:00:00+00:00,SELL,10.0,71.19
2026-02-09 01:15:00+00:00,2026-02-09 07:00:00+00:00,BUY,10.0,68.16
2026-02-09 01:45:00+00:00,2026-02-09 11:00:00+00:00,BUY,10.0,55.36
2026-02-09 02:00:00+00:00,2026-02-09 07:00:00+00:00,SELL,10.0,66.43
2026-02-09 02:30:00+00:00,2026-02-09 11:00:00+00:00,SELL,10.0,56.56
2026-02-09 03:45:00+00:00,2026-02-09 12:00:00+00:00,BUY,10.0,247.42
2026-02-09 04:30:00+00:00,2026-02-09 12:00:00+00:00,SELL,10.0,250.18
2026-02-09 05:45:00+00:00,2026-02-09 09:00:00+00:00,BUY,10.0,155.18
2026-02-09 06:00:00+00:00,2026-02-09 07:00:00+00:00,BUY,10.0,21.92
2026-02-09 06:15:00+00:00,2026-02-09 07:00:00+00:00,SELL,10.0,21.83
2026-02-09 06:15:00+00:00,2026-02-09 15:00:00+00:00,BUY,10.0,120.38
2026-02-09 06:30:00+00:00,2026-02-09 09:00:00+00:00,SELL,10.0,154.52
2026-02-09 07:00:00+00:00,2026-02-09 15:00:00+00:00,SELL,10.0,123.11
2026-02-09 07:15:00+00:00,2026-02-09 16:00:00+00:00,BUY,10.0,51.35
2026-02-09 07:45:00+00:00,2026-02-09 17:00:00+00:00,BUY,10.0,70.67
2026-02-09 08:00:00+00:00,2026-02-09 16:00:00+00:00,SELL,10.0,53.83
2026-02-09 08:30:00+00:00,2026-02-09 17:00:00+00:00,SELL,10.0,199.92
2026-02-09 09:00:00+00:00,2026-02-09 17:00:00+00:00,BUY,10.0,197.45
2026-02-09 09:15:00+00:00,2026-02-09 18:00:00+00:00,BUY,10.0,109.62
2026-02-09 09:45:00+00:00,2026-02-09 19:00:00+00:00,BUY,10.0,91.55
2026-02-09 09:45:00+00:00,2026-02-09 17:00:00+00:00,SELL,10.0,199.95
2026-02-09 10:00:00+00:00,2026-02-09 18:00:00+00:00,SELL,10.0,112.21
2026-02-09 10:30:00+00:00,2026-02-09 17:00:00+00:00,BUY,10.0,191.22
2026-02-09 10:45:00+00:00,2026-02-09 20:00:00+00:00,BUY,10.0,58.62
2026-02-09 11:00:00+00:00,2026-02-09 19:00:00+00:00,SELL,10.0,95.11
2026-02-09 12:00:00+00:00,2026-02-09 17:00:00+00:00,SELL,10.0,189.57
2026-02-09 12:00:00+00:00,2026-02-09 20:00:00+00:00,SELL,10.0,62.12
2026-02-09 12:30:00+00:00,2026-02-09 19:00:00+00:00,BUY,10.0,96.34
2026-02-09 13:15:00+00:00,2026-02-09 19:00:00+00:00,SELL,10.0,145.45
2026-02-09 16:15:00+00:00,2026-02-09 19:00:00+00:00,BUY,10.0,140.61
2026-02-09 17:00:00+00:00,2026-02-09 19:00:00+00:00,SELL,10.0,145.44
2026-02-09 21:00:00+00:00,2026-02-10 06:00:00+00:00,BUY,10.0,82.87
2026-02-09 21:30:00+00:00,2026-02-10 07:00:00+00:00,BUY,10.0,109.67
2026-02-09 22:00:00+00:00,2026-02-10 05:00:00+00:00,BUY,10.0,203.57
2026-02-09 22:00:00+00:00,2026-02-10 06:00:00+00:00,SELL,10.0,80.81
2026-02-09 22:30:00+00:00,2026-02-10 08:00:00+00:00,BUY,10.0,131.28
2026-02-09 22:45:00+00:00,2026-02-10 03:00:00+00:00,BUY,10.0,56.15
2026-02-09 23:00:00+00:00,2026-02-10 05:00:00+00:00,SELL,10.0,200.2
2026-02-09 23:00:00+00:00,2026-02-10 07:00:00+00:00,SELL,10.0,109.48
2026-02-09 23:30:00+00:00,2026-02-10 09:00:00+00:00,BUY,10.0,117.36
2026-02-10 00:00:00+00:00,2026-02-10 08:00:00+00:00,SELL,10.0,129.13
2026-02-10 00:00:00+00:00,2026-02-10 03:00:00+00:00,SELL,10.0,54.71
2026-02-10 00:30:00+00:00,2026-02-10 10:00:00+00:00,BUY,10.0,89.45
2026-02-10 00:30:00+00:00,2026-02-10 07:00:00+00:00,BUY,10.0,102.4
2026-02-10 00:30:00+00:00,2026-02-10 04:00:00+00:00,BUY,10.0,34.44
2026-02-10 01:00:00+00:00,2026-02-10 09:00:00+00:00,SELL,10.0,117.35
2026-02-10 01:15:00+00:00,2026-02-10 05:00:00+00:00,BUY,10.0,409.24
2026-02-10 01:30:00+00:00,2026-02-10 08:00:00+00:00,BUY,10.0,119.56
2026-02-10 02:00:00+00:00,2026-02-10 04:00:00+00:00,SELL,10.0,31.68
2026-02-10 02:00:00+00:00,2026-02-10 10:00:00+00:00,SELL,10.0,90.23
2026-02-10 02:15:00+00:00,2026-02-10 05:00:00+00:00,SELL,10.0,411.73
2026-02-10 02:30:00+00:00,2026-02-10 09:00:00+00:00,BUY,10.0,109.85
2026-02-10 03:00:00+00:00,2026-02-10 07:00:00+00:00,SELL,10.0,181.02
2026-02-10 03:00:00+00:00,2026-02-10 08:00:00+00:00,SELL,10.0,120.21
2026-02-10 03:30:00+00:00,2026-02-10 07:00:00+00:00,BUY,10.0,176.92
2026-02-10 03:30:00+00:00,2026-02-10 10:00:00+00:00,BUY,10.0,83.98
2026-02-10 03:45:00+00:00,2026-02-10 08:00:00+00:00,BUY,10.0,112.21
2026-02-10 04:30:00+00:00,2026-02-10 11:00:00+00:00,BUY,10.0,82.35
2026-02-10 04:45:00+00:00,2026-02-10 13:00:00+00:00,BUY,10.0,84.32
2026-02-10 05:00:00+00:00,2026-02-10 06:00:00+00:00,BUY,10.0,65.28
2026-02-10 05:00:00+00:00,2026-02-10 08:00:00+00:00,SELL,10.0,112.09
2026-02-10 05:15:00+00:00,2026-02-10 06:00:00+00:00,SELL,10.0,64.71
2026-02-10 05:30:00+00:00,2026-02-10 13:00:00+00:00,SELL,10.0,83.02
2026-02-10 05:30:00+00:00,2026-02-10 08:00:00+00:00,BUY,10.0,104.92
2026-02-10 06:00:00+00:00,2026-02-10 14:00:00+00:00,BUY,10.0,59.11
2026-02-10 06:00:00+00:00,2026-02-10 10:00:00+00:00,SELL,10.0,152.04
2026-02-10 06:00:00+00:00,2026-02-10 11:00:00+00:00,SELL,10.0,79.41
2026-02-10 06:00:00+00:00,2026-02-10 15:00:00+00:00,BUY,10.0,71.34
2026-02-10 06:15:00+00:00,2026-02-10 09:00:00+00:00,SELL,10.0,79.89
2026-02-10 06:15:00+00:00,2026-02-10 07:00:00+00:00,SELL,10.0,155.63
2026-02-10 06:30:00+00:00,2026-02-10 09:00:00+00:00,BUY,10.0,72.82
2026-02-10 06:45:00+00:00,2026-02-10 12:00:00+00:00,BUY,10.0,64.97
2026-02-10 06:45:00+00:00,2026-02-10 13:00:00+00:00,BUY,10.0,77.82
2026-02-10 07:00:00+00:00,2026-02-10 10:00:00+00:00,BUY,10.0,144.05
2026-02-10 07:00:00+00:00,2026-02-10 15:00:00+00:00,SELL,10.0,67.45
2026-02-10 07:00:00+00:00,2026-02-10 14:00:00+00:00,SELL,10.0,62.39
2026-02-10 07:15:00+00:00,2026-02-10 08:00:00+00:00,SELL,10.0,81.03
2026-02-10 07:30:00+00:00,2026-02-10 17:00:00+00:00,BUY,10.0,87.13
2026-02-10 07:30:00+00:00,2026-02-10 16:00:00+00:00,BUY,10.0,76.8
2026-02-10 08:00:00+00:00,2026-02-10 12:00:00+00:00,SELL,10.0,63.97
2026-02-10 08:15:00+00:00,2026-02-10 09:00:00+00:00,SELL,10.0,58.12
2026-02-10 08:45:00+00:00,2026-02-10 16:00:00+00:00,SELL,10.0,78.14
2026-02-10 09:00:00+00:00,2026-02-10 18:00:00+00:00,BUY,10.0,93.86
2026-02-10 09:00:00+00:00,2026-02-10 13:00:00+00:00,SELL,10.0,62.21
2026-02-10 09:15:00+00:00,2026-02-10 10:00:00+00:00,SELL,10.0,132.26
2026-02-10 09:15:00+00:00,2026-02-10 17:00:00+00:00,SELL,10.0,199.73
2026-02-10 09:30:00+00:00,2026-02-10 11:00:00+00:00,BUY,10.0,64.01
2026-02-10 09:30:00+00:00,2026-02-10 19:00:00+00:00,BUY,10.0,92.31
2026-02-10 09:45:00+00:00,2026-02-10 16:00:00+00:00,BUY,10.0,72.59
2026-02-10 10:00:00+00:00,2026-02-10 17:00:00+00:00,BUY,10.0,196.16
2026-02-10 10:00:00+00:00,2026-02-10 18:00:00+00:00,SELL,10.0,95.3
2026-02-10 10:15:00+00:00,2026-02-10 11:00:00+00:00,SELL,10.0,62.77
2026-02-10 10:45:00+00:00,2026-02-10 13:00:00+00:00,BUY,10.0,56.16
2026-02-10 11:00:00+00:00,2026-02-10 16:00:00+00:00,SELL,10.0,70.55
2026-02-10 11:00:00+00:00,2026-02-10 19:00:00+00:00,SELL,10.0,89.73
2026-02-10 11:30:00+00:00,2026-02-10 20:00:00+00:00,BUY,10.0,72.68
2026-02-10 12:00:00+00:00,2026-02-10 17:00:00+00:00,SELL,10.0,189.18
2026-02-10 12:15:00+00:00,2026-02-10 13:00:00+00:00,SELL,10.0,52.8
2026-02-10 12:45:00+00:00,2026-02-10 18:00:00+00:00,BUY,10.0,77.71
2026-02-10 12:45:00+00:00,2026-02-10 19:00:00+00:00,BUY,10.0,78.82
2026-02-10 13:00:00+00:00,2026-02-10 20:00:00+00:00,SELL,10.0,74.54
2026-02-10 13:00:00+00:00,2026-02-10 17:00:00+00:00,BUY,10.0,183.59
2026-02-10 13:30:00+00:00,2026-02-10 20:00:00+00:00,BUY,10.0,63.29
2026-02-10 13:45:00+00:00,2026-02-10 17:00:00+00:00,SELL,10.0,185.51
2026-02-10 14:30:00+00:00,2026-02-11 00:00:00+00:00,BUY,10.0,25.75
2026-02-10 15:00:00+00:00,2026-02-10 18:00:00+00:00,SELL,10.0,69.55
2026-02-10 15:00:00+00:00,2026-02-10 16:00:00+00:00,BUY,10.0,195.67
2026-02-10 15:15:00+00:00,2026-02-10 16:00:00+00:00,SELL,10.0,194.87
2026-02-10 15:15:00+00:00,2026-02-10 17:00:00+00:00,BUY,10.0,178.8
2026-02-10 15:45:00+00:00,2026-02-10 19:00:00+00:00,SELL,10.0,64.57
2026-02-10 15:45:00+00:00,2026-02-10 18:00:00+00:00,BUY,10.0,60.67
2026-02-10 16:00:00+00:00,2026-02-10 20:00:00+00:00,SELL,10.0,54.17
2026-02-10 16:00:00+00:00,2026-02-11 00:00:00+00:00,SELL,10.0,24.06
2026-02-10 16:15:00+00:00,2026-02-10 17:00:00+00:00,SELL,10.0,174.8
2026-02-10 16:30:00+00:00,2026-02-10 18:00:00+00:00,SELL,10.0,139.38
2026-02-10 16:45:00+00:00,2026-02-10 19:00:00+00:00,BUY,10.0,55.57
2026-02-10 17:00:00+00:00,2026-02-10 18:00:00+00:00,BUY,10.0,137.4
2026-02-10 17:15:00+00:00,2026-02-10 18:00:00+00:00,SELL,10.0,136.5
2026-02-10 18:15:00+00:00,2026-02-10 19:00:00+00:00,SELL,10.0,51.25
2026-02-10 20:00:00+00:00,2026-02-11 04:00:00+00:00,BUY,10.0,34.07
2026-02-10 20:45:00+00:00,2026-02-11 04:00:00+00:00,SELL,10.0,37.76
2026-02-10 21:15:00+00:00,2026-02-11 05:00:00+00:00,BUY,10.0,36.58
2026-02-10 22:00:00+00:00,2026-02-11 06:00:00+00:00,BUY,10.0,45.25
2026-02-10 22:00:00+00:00,2026-02-11 05:00:00+00:00,SELL,10.0,41.25
2026-02-10 22:30:00+00:00,2026-02-11 08:00:00+00:00,BUY,10.0,47.75
2026-02-10 23:00:00+00:00,2026-02-11 06:00:00+00:00,SELL,10.0,50.63
2026-02-10 23:45:00+00:00,2026-02-11 08:00:00+00:00,SELL,10.0,45.7
2026-02-11 03:15:00+00:00,2026-02-11 11:00:00+00:00,BUY,10.0,40.75
2026-02-11 04:00:00+00:00,2026-02-11 11:00:00+00:00,SELL,10.0,44.18
2026-02-11 07:45:00+00:00,2026-02-11 16:00:00+00:00,BUY,10.0,46.11
2026-02-11 08:30:00+00:00,2026-02-11 18:00:00+00:00,BUY,10.0,53.92
2026-02-11 09:00:00+00:00,2026-02-11 16:00:00+00:00,SELL,10.0,50.15
2026-02-11 09:15:00+00:00,2026-02-11 18:00:00+00:00,SELL,10.0,53.63
2026-02-11 09:30:00+00:00,2026-02-11 19:00:00+00:00,BUY,10.0,51.73
2026-02-11 11:00:00+00:00,2026-02-11 19:00:00+00:00,SELL,10.0,50.61
2026-02-11 18:30:00+00:00,2026-02-12 03:00:00+00:00,BUY,10.0,65.0
2026-02-11 19:45:00+00:00,2026-02-12 05:00:00+00:00,BUY,10.0,83.64
2026-02-11 20:00:00+00:00,2026-02-12 03:00:00+00:00,SELL,10.0,65.28
2026-02-11 21:15:00+00:00,2026-02-12 05:00:00+00:00,SELL,10.0,86.02
2026-02-11 21:30:00+00:00,2026-02-12 07:00:00+00:00,BUY,10.0,100.63
2026-02-11 22:30:00+00:00,2026-02-12 06:00:00+00:00,BUY,10.0,105.3
2026-02-11 23:45:00+00:00,2026-02-12 09:00:00+00:00,BUY,10.0,68.21
2026-02-12 00:00:00+00:00,2026-02-12 06:00:00+00:00,SELL,10.0,112.59
2026-02-12 00:00:00+00:00,2026-02-12 03:00:00+00:00,BUY,10.0,64.29
2026-02-12 00:00:00+00:00,2026-02-12 07:00:00+00:00,SELL,10.0,82.94
2026-02-12 00:45:00+00:00,2026-02-12 09:00:00+00:00,SELL,10.0,68.62
2026-02-12 00:45:00+00:00,2026-02-12 10:00:00+00:00,BUY,10.0,83.17
2026-02-12 00:45:00+00:00,2026-02-12 03:00:00+00:00,SELL,10.0,63.48
2026-02-12 01:15:00+00:00,2026-02-12 05:00:00+00:00,BUY,10.0,91.23
2026-02-12 01:30:00+00:00,2026-02-12 10:00:00+00:00,SELL,10.0,86.78
2026-02-12 01:30:00+00:00,2026-02-12 08:00:00+00:00,BUY,10.0,155.95
2026-02-12 01:45:00+00:00,2026-02-12 06:00:00+00:00,BUY,10.0,101.06
2026-02-12 01:45:00+00:00,2026-02-12 11:00:00+00:00,BUY,10.0,62.65
2026-02-12 02:45:00+00:00,2026-02-12 11:00:00+00:00,SELL,10.0,162.39
2026-02-12 03:00:00+00:00,2026-02-12 05:00:00+00:00,SELL,10.0,80.31
2026-02-12 03:30:00+00:00,2026-02-12 12:00:00+00:00,BUY,10.0,64.05
2026-02-12 04:00:00+00:00,2026-02-12 06:00:00+00:00,SELL,10.0,90.25
2026-02-12 04:15:00+00:00,2026-02-12 07:00:00+00:00,BUY,10.0,93.43
2026-02-12 04:15:00+00:00,2026-02-12 12:00:00+00:00,SELL,10.0,62.56
2026-02-12 05:00:00+00:00,2026-02-12 07:00:00+00:00,SELL,10.0,94.85
2026-02-12 06:15:00+00:00,2026-02-12 08:00:00+00:00,SELL,10.0,111.82
2026-02-12 06:30:00+00:00,2026-02-12 16:00:00+00:00,BUY,10.0,61.97
2026-02-12 07:45:00+00:00,2026-02-12 17:00:00+00:00,BUY,10.0,83.8
2026-02-12 08:00:00+00:00,2026-02-12 10:00:00+00:00,BUY,10.0,176.49
2026-02-12 08:00:00+00:00,2026-02-12 16:00:00+00:00,SELL,10.0,59.44
2026-02-12 08:30:00+00:00,2026-02-12 17:00:00+00:00,SELL,10.0,89.72
2026-02-12 08:45:00+00:00,2026-02-12 10:00:00+00:00,SELL,10.0,205.02
2026-02-12 09:00:00+00:00,2026-02-12 18:00:00+00:00,BUY,10.0,81.64
2026-02-12 09:00:00+00:00,2026-02-12 17:00:00+00:00,BUY,10.0,81.06
2026-02-12 09:00:00+00:00,2026-02-12 14:00:00+00:00,BUY,10.0,134.01
2026-02-12 09:45:00+00:00,2026-02-12 14:00:00+00:00,SELL,10.0,131.27
2026-02-12 09:45:00+00:00,2026-02-12 18:00:00+00:00,SELL,10.0,76.48
2026-02-12 10:00:00+00:00,2026-02-12 17:00:00+00:00,SELL,10.0,87.73
2026-02-12 10:00:00+00:00,2026-02-12 18:00:00+00:00,BUY,10.0,74.47
2026-02-12 10:45:00+00:00,2026-02-12 20:00:00+00:00,BUY,10.0,87.01
2026-02-12 11:15:00+00:00,2026-02-12 15:00:00+00:00,BUY,10.0,75.99
2026-02-12 11:30:00+00:00,2026-02-12 18:00:00+00:00,SELL,10.0,77.26
2026-02-12 12:00:00+00:00,2026-02-12 21:00:00+00:00,BUY,10.0,49.37
2026-02-12 12:00:00+00:00,2026-02-12 15:00:00+00:00,SELL,10.0,73.22
2026-02-12 12:45:00+00:00,2026-02-12 21:00:00+00:00,SELL,10.0,50.45
2026-02-12 13:00:00+00:00,2026-02-12 20:00:00+00:00,SELL,10.0,74.1
2026-02-12 13:15:00+00:00,2026-02-12 17:00:00+00:00,BUY,10.0,97.46
2026-02-12 14:15:00+00:00,2026-02-12 16:00:00+00:00,BUY,10.0,153.68
2026-02-12 15:00:00+00:00,2026-02-12 17:00:00+00:00,SELL,10.0,89.48
2026-02-12 15:00:00+00:00,2026-02-12 16:00:00+00:00,SELL,10.0,153.55
2026-02-12 15:30:00+00:00,2026-02-13 00:00:00+00:00,BUY,10.0,49.12
2026-02-12 15:45:00+00:00,2026-02-12 19:00:00+00:00,BUY,10.0,115.6
2026-02-12 16:30:00+00:00,2026-02-12 20:00:00+00:00,BUY,10.0,70.38
2026-02-12 16:45:00+00:00,2026-02-13 01:00:00+00:00,BUY,10.0,47.95
2026-02-12 17:00:00+00:00,2026-02-13 00:00:00+00:00,SELL,10.0,44.15
2026-02-12 17:00:00+00:00,2026-02-12 19:00:00+00:00,SELL,10.0,115.37
2026-02-12 17:15:00+00:00,2026-02-12 23:00:00+00:00,BUY,10.0,-1.75
2026-02-12 17:30:00+00:00,2026-02-13 02:00:00+00:00,BUY,10.0,46.36
2026-02-12 18:00:00+00:00,2026-02-12 20:00:00+00:00,SELL,10.0,67.34
2026-02-12 18:00:00+00:00,2026-02-13 01:00:00+00:00,SELL,10.0,42.54
2026-02-12 18:15:00+00:00,2026-02-13 01:00:00+00:00,BUY,10.0,40.5
2026-02-12 18:30:00+00:00,2026-02-13 03:00:00+00:00,BUY,10.0,51.97
2026-02-12 18:45:00+00:00,2026-02-12 23:00:00+00:00,SELL,10.0,-3.85
2026-02-12 19:00:00+00:00,2026-02-13 02:00:00+00:00,SELL,10.0,43.63
2026-02-12 19:30:00+00:00,2026-02-13 02:00:00+00:00,BUY,10.0,39.45
2026-02-12 19:30:00+00:00,2026-02-13 04:00:00+00:00,BUY,10.0,50.4
2026-02-12 19:30:00+00:00,2026-02-13 01:00:00+00:00,SELL,10.0,40.04
2026-02-12 20:15:00+00:00,2026-02-13 02:00:00+00:00,SELL,10.0,38.94
2026-02-12 20:30:00+00:00,2026-02-13 05:00:00+00:00,BUY,10.0,75.06
2026-02-12 21:00:00+00:00,2026-02-13 03:00:00+00:00,SELL,10.0,40.19
2026-02-12 21:00:00+00:00,2026-02-13 04:00:00+00:00,SELL,10.0,47.02
2026-02-12 21:30:00+00:00,2026-02-13 06:00:00+00:00,BUY,10.0,72.1
2026-02-12 22:30:00+00:00,2026-02-13 07:00:00+00:00,BUY,10.0,80.21
2026-02-12 23:15:00+00:00,2026-02-13 04:00:00+00:00,BUY,10.0,145.78
2026-02-12 23:45:00+00:00,2026-02-13 08:00:00+00:00,BUY,10.0,129.33
2026-02-13 00:00:00+00:00,2026-02-13 05:00:00+00:00,SELL,10.0,55.42
2026-02-13 00:00:00+00:00,2026-02-13 04:00:00+00:00,SELL,10.0,147.11
2026-02-13 00:30:00+00:00,2026-02-13 10:00:00+00:00,BUY,10.0,118.93
2026-02-13 01:00:00+00:00,2026-02-13 06:00:00+00:00,SELL,10.0,43.2
2026-02-13 02:15:00+00:00,2026-02-13 07:00:00+00:00,SELL,10.0,55.47
2026-02-13 02:30:00+00:00,2026-02-13 09:00:00+00:00,BUY,10.0,92.09
2026-02-13 02:45:00+00:00,2026-02-13 10:00:00+00:00,SELL,10.0,165.06
2026-02-13 03:00:00+00:00,2026-02-13 08:00:00+00:00,SELL,10.0,94.82
2026-02-13 03:15:00+00:00,2026-02-13 10:00:00+00:00,BUY,10.0,153.92
2026-02-13 03:30:00+00:00,2026-02-13 12:00:00+00:00,BUY,10.0,72.63
2026-02-13 04:15:00+00:00,2026-02-13 11:00:00+00:00,BUY,10.0,98.23
2026-02-13 04:45:00+00:00,2026-02-13 08:00:00+00:00,BUY,10.0,98.1
2026-02-13 04:45:00+00:00,2026-02-13 13:00:00+00:00,BUY,10.0,59.34
2026-02-13 05:00:00+00:00,2026-02-13 10:00:00+00:00,SELL,10.0,137.0
2026-02-13 05:30:00+00:00,2026-02-13 11:00:00+00:00,SELL,10.0,208.22
2026-02-13 05:30:00+00:00,2026-02-13 08:00:00+00:00,SELL,10.0,98.85
2026-02-13 05:45:00+00:00,2026-02-13 14:00:00+00:00,BUY,10.0,53.28
2026-02-13 06:00:00+00:00,2026-02-13 11:00:00+00:00,BUY,10.0,205.74
2026-02-13 06:00:00+00:00,2026-02-13 09:00:00+00:00,SELL,10.0,70.22
2026-02-13 06:00:00+00:00,2026-02-13 13:00:00+00:00,SELL,10.0,55.37
2026-02-13 06:30:00+00:00,2026-02-13 13:00:00+00:00,BUY,10.0,52.04
2026-02-13 06:45:00+00:00,2026-02-13 12:00:00+00:00,SELL,10.0,59.02
2026-02-13 07:00:00+00:00,2026-02-13 09:00:00+00:00,BUY,10.0,49.16
2026-02-13 07:00:00+00:00,2026-02-13 14:00:00+00:00,SELL,10.0,52.86
2026-02-13 07:15:00+00:00,2026-02-13 13:00:00+00:00,SELL,10.0,51.82
2026-02-13 07:30:00+00:00,2026-02-13 14:00:00+00:00,BUY,10.0,46.94
2026-02-13 08:00:00+00:00,2026-02-13 11:00:00+00:00,SELL,10.0,192.21
2026-02-13 08:15:00+00:00,2026-02-13 09:00:00+00:00,SELL,10.0,46.78
2026-02-13 08:15:00+00:00,2026-02-13 10:00:00+00:00,BUY,10.0,256.39
2026-02-13 08:30:00+00:00,2026-02-13 15:00:00+00:00,BUY,10.0,77.59
2026-02-13 08:30:00+00:00,2026-02-13 17:00:00+00:00,BUY,10.0,92.27
2026-02-13 08:45:00+00:00,2026-02-13 14:00:00+00:00,SELL,10.0,45.65
2026-02-13 09:00:00+00:00,2026-02-13 10:00:00+00:00,SELL,10.0,258.08
2026-02-13 09:15:00+00:00,2026-02-13 15:00:00+00:00,SELL,10.0,77.79
2026-02-13 09:15:00+00:00,2026-02-13 16:00:00+00:00,BUY,10.0,64.9
2026-02-13 09:30:00+00:00,2026-02-13 18:00:00+00:00,BUY,10.0,108.1
2026-02-13 10:30:00+00:00,2026-02-13 19:00:00+00:00,BUY,10.0,76.48
2026-02-13 10:45:00+00:00,2026-02-13 16:00:00+00:00,SELL,10.0,60.12
2026-02-13 11:30:00+00:00,2026-02-13 20:00:00+00:00,BUY,10.0,66.31
2026-02-13 12:00:00+00:00,2026-02-13 17:00:00+00:00,SELL,10.0,42.7
2026-02-13 12:15:00+00:00,2026-02-13 14:00:00+00:00,BUY,10.0,-20.77
2026-02-13 12:30:00+00:00,2026-02-13 21:00:00+00:00,BUY,10.0,60.74
2026-02-13 13:00:00+00:00,2026-02-13 18:00:00+00:00,SELL,10.0,53.58
2026-02-13 13:15:00+00:00,2026-02-13 14:00:00+00:00,SELL,10.0,-19.69
2026-02-13 14:00:00+00:00,2026-02-13 19:00:00+00:00,SELL,10.0,47.9
2026-02-13 14:30:00+00:00,2026-02-13 23:00:00+00:00,BUY,10.0,56.05
2026-02-13 15:00:00+00:00,2026-02-13 20:00:00+00:00,SELL,10.0,50.65
2026-02-13 15:30:00+00:00,2026-02-13 21:00:00+00:00,SELL,10.0,49.87
2026-02-13 15:30:00+00:00,2026-02-13 22:00:00+00:00,BUY,10.0,54.76
2026-02-13 16:00:00+00:00,2026-02-13 23:00:00+00:00,SELL,10.0,48.58
2026-02-13 16:30:00+00:00,2026-02-14 01:00:00+00:00,BUY,10.0,-6.06
2026-02-13 16:30:00+00:00,2026-02-13 23:00:00+00:00,BUY,10.0,44.87
2026-02-13 17:00:00+00:00,2026-02-13 22:00:00+00:00,SELL,10.0,54.17
2026-02-13 17:30:00+00:00,2026-02-13 23:00:00+00:00,SELL,10.0,107.28
2026-02-13 18:00:00+00:00,2026-02-13 23:00:00+00:00,BUY,10.0,105.81
2026-02-13 18:00:00+00:00,2026-02-14 01:00:00+00:00,SELL,10.0,-3.41
2026-02-13 18:45:00+00:00,2026-02-13 23:00:00+00:00,SELL,10.0,107.87
2026-02-13 18:45:00+00:00,2026-02-13 20:00:00+00:00,BUY,10.0,130.16
2026-02-13 19:15:00+00:00,2026-02-13 20:00:00+00:00,SELL,10.0,129.47
2026-02-14 10:00:00+00:00,2026-02-14 19:00:00+00:00,BUY,10.0,42.01
2026-02-14 11:00:00+00:00,2026-02-14 19:00:00+00:00,SELL,10.0,43.95
2026-02-15 01:15:00+00:00,2026-02-15 06:00:00+00:00,BUY,10.0,161.96
2026-02-15 02:00:00+00:00,2026-02-15 06:00:00+00:00,SELL,10.0,158.09
2026-02-15 02:30:00+00:00,2026-02-15 06:00:00+00:00,BUY,10.0,154.66
2026-02-15 03:15:00+00:00,2026-02-15 06:00:00+00:00,SELL,10.0,154.11
2026-02-15 07:30:00+00:00,2026-02-15 11:00:00+00:00,BUY,10.0,82.51
2026-02-15 08:15:00+00:00,2026-02-15 11:00:00+00:00,SELL,10.0,82.22
2026-02-15 08:45:00+00:00,2026-02-15 17:00:00+00:00,BUY,10.0,201.27
2026-02-15 09:30:00+00:00,2026-02-15 17:00:00+00:00,SELL,10.0,197.35
2026-02-15 10:45:00+00:00,2026-02-15 15:00:00+00:00,BUY,10.0,138.59
2026-02-15 11:30:00+00:00,2026-02-15 15:00:00+00:00,SELL,10.0,138.29
2026-02-15 15:30:00+00:00,2026-02-15 19:00:00+00:00,BUY,10.0,89.89
2026-02-15 17:00:00+00:00,2026-02-15 19:00:00+00:00,SELL,10.0,89.18
2026-02-15 18:30:00+00:00,2026-02-16 04:00:00+00:00,BUY,10.0,22.44
2026-02-15 19:15:00+00:00,2026-02-16 04:00:00+00:00,SELL,10.0,21.99
2026-02-16 09:45:00+00:00,2026-02-16 12:00:00+00:00,BUY,10.0,106.9
2026-02-16 10:30:00+00:00,2026-02-16 12:00:00+00:00,SELL,10.0,106.26
2026-02-16 22:00:00+00:00,2026-02-17 06:00:00+00:00,BUY,10.0,154.03
2026-02-16 22:45:00+00:00,2026-02-17 06:00:00+00:00,SELL,10.0,152.83
2026-02-16 23:30:00+00:00,2026-02-17 09:00:00+00:00,BUY,10.0,84.7
2026-02-17 00:45:00+00:00,2026-02-17 10:00:00+00:00,BUY,10.0,48.43
2026-02-17 01:15:00+00:00,2026-02-17 09:00:00+00:00,SELL,10.0,68.11
2026-02-17 01:45:00+00:00,2026-02-17 09:00:00+00:00,BUY,10.0,61.65
2026-02-17 01:45:00+00:00,2026-02-17 10:00:00+00:00,SELL,10.0,50.79
2026-02-17 03:00:00+00:00,2026-02-17 09:00:00+00:00,SELL,10.0,64.64
2026-02-17 03:45:00+00:00,2026-02-17 09:00:00+00:00,BUY,10.0,9.11
2026-02-17 04:45:00+00:00,2026-02-17 12:00:00+00:00,BUY,10.0,103.65
2026-02-17 05:15:00+00:00,2026-02-17 09:00:00+00:00,SELL,10.0,9.08
2026-02-17 05:30:00+00:00,2026-02-17 12:00:00+00:00,SELL,10.0,104.34
2026-02-17 06:30:00+00:00,2026-02-17 09:00:00+00:00,BUY,10.0,2.04
2026-02-17 07:15:00+00:00,2026-02-17 09:00:00+00:00,SELL,10.0,2.73
2026-02-17 11:15:00+00:00,2026-02-17 20:00:00+00:00,BUY,10.0,41.54
2026-02-17 12:15:00+00:00,2026-02-17 20:00:00+00:00,SELL,10.0,40.71
2026-02-17 17:30:00+00:00,2026-02-18 02:00:00+00:00,BUY,10.0,58.61
2026-02-17 17:30:00+00:00,2026-02-18 03:00:00+00:00,BUY,10.0,20.98
2026-02-17 18:30:00+00:00,2026-02-18 02:00:00+00:00,SELL,10.0,59.74
2026-02-17 19:00:00+00:00,2026-02-18 03:00:00+00:00,SELL,10.0,22.12
2026-02-17 20:45:00+00:00,2026-02-18 06:00:00+00:00,BUY,10.0,86.75
2026-02-17 22:00:00+00:00,2026-02-18 06:00:00+00:00,SELL,10.0,91.13
2026-02-17 23:30:00+00:00,2026-02-18 08:00:00+00:00,BUY,10.0,167.28
2026-02-17 23:45:00+00:00,2026-02-18 09:00:00+00:00,BUY,10.0,89.72
2026-02-18 01:00:00+00:00,2026-02-18 09:00:00+00:00,SELL,10.0,96.87
2026-02-18 01:00:00+00:00,2026-02-18 08:00:00+00:00,SELL,10.0,169.2
2026-02-18 01:30:00+00:00,2026-02-18 08:00:00+00:00,BUY,10.0,175.97
2026-02-18 02:15:00+00:00,2026-02-18 08:00:00+00:00,SELL,10.0,176.96
2026-02-18 02:30:00+00:00,2026-02-18 06:00:00+00:00,BUY,10.0,91.93
2026-02-18 03:15:00+00:00,2026-02-18 06:00:00+00:00,SELL,10.0,93.15
2026-02-18 03:30:00+00:00,2026-02-18 08:00:00+00:00,BUY,10.0,169.84
2026-02-18 03:45:00+00:00,2026-02-18 06:00:00+00:00,BUY,10.0,86.53
2026-02-18 04:45:00+00:00,2026-02-18 09:00:00+00:00,BUY,10.0,107.13
2026-02-18 05:15:00+00:00,2026-02-18 06:00:00+00:00,SELL,10.0,82.02
2026-02-18 05:15:00+00:00,2026-02-18 14:00:00+00:00,BUY,10.0,57.37
2026-02-18 05:45:00+00:00,2026-02-18 09:00:00+00:00,SELL,10.0,106.75
2026-02-18 06:00:00+00:00,2026-02-18 14:00:00+00:00,SELL,10.0,61.39
2026-02-18 06:15:00+00:00,2026-02-18 10:00:00+00:00,BUY,10.0,120.19
2026-02-18 06:45:00+00:00,2026-02-18 09:00:00+00:00,BUY,10.0,99.07
2026-02-18 07:15:00+00:00,2026-02-18 08:00:00+00:00,SELL,10.0,112.18
2026-02-18 07:45:00+00:00,2026-02-18 10:00:00+00:00,SELL,10.0,119.35
2026-02-18 08:15:00+00:00,2026-02-18 09:00:00+00:00,SELL,10.0,63.13
2026-02-18 08:45:00+00:00,2026-02-18 11:00:00+00:00,BUY,10.0,213.73
2026-02-18 09:45:00+00:00,2026-02-18 11:00:00+00:00,SELL,10.0,208.6
2026-02-18 10:45:00+00:00,2026-02-18 19:00:00+00:00,BUY,10.0,92.07
2026-02-18 11:45:00+00:00,2026-02-18 16:00:00+00:00,BUY,10.0,75.91
2026-02-18 12:00:00+00:00,2026-02-18 19:00:00+00:00,SELL,10.0,188.33
2026-02-18 12:15:00+00:00,2026-02-18 21:00:00+00:00,BUY,10.0,57.31
2026-02-18 12:45:00+00:00,2026-02-18 17:00:00+00:00,BUY,10.0,109.31
2026-02-18 13:00:00+00:00,2026-02-18 21:00:00+00:00,SELL,10.0,59.18
2026-02-18 13:15:00+00:00,2026-02-18 16:00:00+00:00,SELL,10.0,73.46
2026-02-18 14:15:00+00:00,2026-02-18 17:00:00+00:00,SELL,10.0,105.28
2026-02-18 14:30:00+00:00,2026-02-18 16:00:00+00:00,BUY,10.0,65.7
2026-02-18 14:45:00+00:00,2026-02-18 17:00:00+00:00,BUY,10.0,96.47
2026-02-18 15:15:00+00:00,2026-02-18 16:00:00+00:00,SELL,10.0,67.35
2026-02-18 15:30:00+00:00,2026-02-19 01:00:00+00:00,BUY,10.0,36.64
2026-02-18 16:15:00+00:00,2026-02-18 17:00:00+00:00,SELL,10.0,91.88
2026-02-18 16:15:00+00:00,2026-02-18 18:00:00+00:00,BUY,10.0,85.99
2026-02-18 16:45:00+00:00,2026-02-19 01:00:00+00:00,SELL,10.0,59.67
2026-02-18 16:45:00+00:00,2026-02-18 19:00:00+00:00,BUY,10.0,174.45
2026-02-18 17:15:00+00:00,2026-02-18 23:00:00+00:00,BUY,10.0,75.04
2026-02-18 17:15:00+00:00,2026-02-18 18:00:00+00:00,SELL,10.0,83.72
2026-02-18 18:15:00+00:00,2026-02-18 19:00:00+00:00,SELL,10.0,170.88
2026-02-18 18:45:00+00:00,2026-02-18 23:00:00+00:00,SELL,10.0,71.96
2026-02-18 19:45:00+00:00,2026-02-19 03:00:00+00:00,BUY,10.0,55.6
2026-02-18 20:30:00+00:00,2026-02-19 03:00:00+00:00,SELL,10.0,56.13
2026-02-18 21:30:00+00:00,2026-02-19 07:00:00+00:00,BUY,10.0,85.82
2026-02-18 21:45:00+00:00,2026-02-19 05:00:00+00:00,BUY,10.0,69.01
2026-02-18 22:30:00+00:00,2026-02-19 08:00:00+00:00,BUY,10.0,113.59
2026-02-18 23:00:00+00:00,2026-02-19 05:00:00+00:00,SELL,10.0,66.06
2026-02-18 23:00:00+00:00,2026-02-19 07:00:00+00:00,SELL,10.0,87.35
2026-02-18 23:15:00+00:00,2026-02-19 08:00:00+00:00,SELL,10.0,115.37
2026-02-18 23:30:00+00:00,2026-02-19 08:00:00+00:00,BUY,10.0,100.91
2026-02-19 01:30:00+00:00,2026-02-19 07:00:00+00:00,BUY,10.0,80.87
2026-02-19 02:00:00+00:00,2026-02-19 08:00:00+00:00,SELL,10.0,90.27
2026-02-19 02:30:00+00:00,2026-02-19 07:00:00+00:00,SELL,10.0,79.68
2026-02-19 02:30:00+00:00,2026-02-19 08:00:00+00:00,BUY,10.0,82.0
2026-02-19 03:30:00+00:00,2026-02-19 09:00:00+00:00,BUY,10.0,79.67
2026-02-19 03:30:00+00:00,2026-02-19 12:00:00+00:00,BUY,10.0,69.95
2026-02-19 04:00:00+00:00,2026-02-19 08:00:00+00:00,SELL,10.0,122.98
2026-02-19 04:15:00+00:00,2026-02-19 09:00:00+00:00,SELL,10.0,80.88
2026-02-19 04:15:00+00:00,2026-02-19 12:00:00+00:00,SELL,10.0,69.35
2026-02-19 04:30:00+00:00,2026-02-19 06:00:00+00:00,BUY,10.0,6.53
2026-02-19 05:00:00+00:00,2026-02-19 13:00:00+00:00,BUY,10.0,53.25
2026-02-19 05:15:00+00:00,2026-02-19 06:00:00+00:00,SELL,10.0,7.07
2026-02-19 05:45:00+00:00,2026-02-19 13:00:00+00:00,SELL,10.0,54.06
2026-02-19 10:15:00+00:00,2026-02-19 17:00:00+00:00,BUY,10.0,82.73
2026-02-19 10:30:00+00:00,2026-02-19 18:00:00+00:00,BUY,10.0,102.44
2026-02-19 11:00:00+00:00,2026-02-19 17:00:00+00:00,SELL,10.0,81.54
2026-02-19 11:30:00+00:00,2026-02-19 16:00:00+00:00,BUY,10.0,22.28
2026-02-19 11:30:00+00:00,2026-02-19 19:00:00+00:00,BUY,10.0,93.0
2026-02-19 12:15:00+00:00,2026-02-19 18:00:00+00:00,SELL,10.0,96.18
2026-02-19 12:30:00+00:00,2026-02-19 20:00:00+00:00,BUY,10.0,78.09
2026-02-19 13:00:00+00:00,2026-02-19 16:00:00+00:00,SELL,10.0,24.48
2026-02-19 13:00:00+00:00,2026-02-19 19:00:00+00:00,SELL,10.0,90.17
2026-02-19 14:00:00+00:00,2026-02-19 20:00:00+00:00,SELL,10.0,76.8
2026-02-19 15:15:00+00:00,2026-02-19 19:00:00+00:00,BUY,10.0,81.56
2026-02-19 16:00:00+00:00,2026-02-19 19:00:00+00:00,SELL,10.0,80.85
2026-02-19 19:15:00+00:00,2026-02-20 04:00:00+00:00,BUY,10.0,59.63
2026-02-19 21:00:00+00:00,2026-02-20 04:00:00+00:00,SELL,10.0,54.12
2026-02-19 22:30:00+00:00,2026-02-20 07:00:00+00:00,BUY,10.0,60.16
2026-02-19 23:15:00+00:00,2026-02-20 08:00:00+00:00,BUY,10.0,89.44
2026-02-19 23:30:00+00:00,2026-02-20 07:00:00+00:00,SELL,10.0,62.72
2026-02-20 00:15:00+00:00,2026-02-20 08:00:00+00:00,SELL,10.0,204.28
2026-02-20 00:45:00+00:00,2026-02-20 08:00:00+00:00,BUY,10.0,204.84
2026-02-20 01:00:00+00:00,2026-02-20 10:00:00+00:00,BUY,10.0,64.03
2026-02-20 01:00:00+00:00,2026-02-20 09:00:00+00:00,BUY,10.0,72.59
2026-02-20 01:30:00+00:00,2026-02-20 08:00:00+00:00,SELL,10.0,201.68
2026-02-20 02:00:00+00:00,2026-02-20 09:00:00+00:00,SELL,10.0,73.73
2026-02-20 02:30:00+00:00,2026-02-20 11:00:00+00:00,BUY,10.0,56.83
2026-02-20 02:45:00+00:00,2026-02-20 09:00:00+00:00,BUY,10.0,66.69
2026-02-20 03:00:00+00:00,2026-02-20 12:00:00+00:00,BUY,10.0,67.28
2026-02-20 03:15:00+00:00,2026-02-20 11:00:00+00:00,SELL,10.0,192.61
2026-02-20 03:15:00+00:00,2026-02-20 10:00:00+00:00,SELL,10.0,58.72
2026-02-20 03:45:00+00:00,2026-02-20 11:00:00+00:00,BUY,10.0,190.31
2026-02-20 04:00:00+00:00,2026-02-20 09:00:00+00:00,SELL,10.0,61.15
2026-02-20 04:15:00+00:00,2026-02-20 09:00:00+00:00,BUY,10.0,60.79
2026-02-20 04:15:00+00:00,2026-02-20 13:00:00+00:00,BUY,10.0,55.65
2026-02-20 04:45:00+00:00,2026-02-20 11:00:00+00:00,SELL,10.0,238.69
2026-02-20 04:45:00+00:00,2026-02-20 12:00:00+00:00,SELL,10.0,61.79
2026-02-20 05:00:00+00:00,2026-02-20 09:00:00+00:00,SELL,10.0,59.37
2026-02-20 05:45:00+00:00,2026-02-20 13:00:00+00:00,SELL,10.0,53.6
2026-02-20 06:15:00+00:00,2026-02-20 11:00:00+00:00,BUY,10.0,315.16
2026-02-20 06:45:00+00:00,2026-02-20 16:00:00+00:00,BUY,10.0,66.28
2026-02-20 07:00:00+00:00,2026-02-20 11:00:00+00:00,SELL,10.0,315.49
2026-02-20 07:30:00+00:00,2026-02-20 12:00:00+00:00,BUY,10.0,50.78
2026-02-20 07:45:00+00:00,2026-02-20 17:00:00+00:00,BUY,10.0,57.49
2026-02-20 08:15:00+00:00,2026-02-20 12:00:00+00:00,SELL,10.0,52.69
2026-02-20 08:45:00+00:00,2026-02-20 16:00:00+00:00,SELL,10.0,61.82
2026-02-20 08:45:00+00:00,2026-02-20 18:00:00+00:00,BUY,10.0,63.88
2026-02-20 09:00:00+00:00,2026-02-20 17:00:00+00:00,SELL,10.0,54.68
2026-02-20 10:15:00+00:00,2026-02-20 18:00:00+00:00,SELL,10.0,59.5
2026-02-20 10:15:00+00:00,2026-02-20 19:00:00+00:00,BUY,10.0,67.47
2026-02-20 11:30:00+00:00,2026-02-20 17:00:00+00:00,BUY,10.0,114.09
2026-02-20 11:30:00+00:00,2026-02-20 20:00:00+00:00,BUY,10.0,56.99
2026-02-20 12:00:00+00:00,2026-02-20 19:00:00+00:00,SELL,10.0,66.37
2026-02-20 12:15:00+00:00,2026-02-20 21:00:00+00:00,BUY,10.0,44.35
2026-02-20 12:30:00+00:00,2026-02-20 17:00:00+00:00,SELL,10.0,111.16
2026-02-20 12:45:00+00:00,2026-02-20 20:00:00+00:00,SELL,10.0,60.97
2026-02-20 13:00:00+00:00,2026-02-20 21:00:00+00:00,SELL,10.0,44.18
2026-02-20 13:45:00+00:00,2026-02-20 15:00:00+00:00,BUY,10.0,134.47
2026-02-20 14:15:00+00:00,2026-02-20 15:00:00+00:00,SELL,10.0,135.82
2026-02-20 15:30:00+00:00,2026-02-20 20:00:00+00:00,BUY,10.0,49.62
2026-02-20 16:00:00+00:00,2026-02-20 18:00:00+00:00,BUY,10.0,19.85
2026-02-20 16:15:00+00:00,2026-02-20 20:00:00+00:00,SELL,10.0,48.66
2026-02-20 17:15:00+00:00,2026-02-20 18:00:00+00:00,SELL,10.0,20.98
2026-02-20 19:15:00+00:00,2026-02-21 03:00:00+00:00,BUY,10.0,81.1
2026-02-20 20:00:00+00:00,2026-02-21 03:00:00+00:00,SELL,10.0,81.61
2026-02-20 21:15:00+00:00,2026-02-20 23:00:00+00:00,BUY,10.0,148.09
2026-02-20 21:30:00+00:00,2026-02-21 01:00:00+00:00,BUY,10.0,114.47
2026-02-20 22:00:00+00:00,2026-02-20 23:00:00+00:00,SELL,10.0,147.05
2026-02-20 22:15:00+00:00,2026-02-21 01:00:00+00:00,SELL,10.0,113.67
2026-02-20 22:15:00+00:00,2026-02-21 03:00:00+00:00,BUY,10.0,203.18
2026-02-20 22:45:00+00:00,2026-02-21 08:00:00+00:00,BUY,10.0,207.23
2026-02-20 22:45:00+00:00,2026-02-21 07:00:00+00:00,BUY,10.0,126.9
2026-02-20 23:30:00+00:00,2026-02-21 09:00:00+00:00,BUY,10.0,147.11
2026-02-20 23:30:00+00:00,2026-02-21 03:00:00+00:00,SELL,10.0,201.64
2026-02-20 23:45:00+00:00,2026-02-21 08:00:00+00:00,SELL,10.0,209.1
2026-02-21 00:15:00+00:00,2026-02-21 07:00:00+00:00,SELL,10.0,137.06
2026-02-21 00:30:00+00:00,2026-02-21 05:00:00+00:00,BUY,10.0,81.02
2026-02-21 01:00:00+00:00,2026-02-21 09:00:00+00:00,SELL,10.0,148.01
2026-02-21 01:15:00+00:00,2026-02-21 10:00:00+00:00,BUY,10.0,158.8
2026-02-21 01:15:00+00:00,2026-02-21 05:00:00+00:00,SELL,10.0,80.26
2026-02-21 01:30:00+00:00,2026-02-21 11:00:00+00:00,BUY,10.0,16.02
2026-02-21 01:45:00+00:00,2026-02-21 07:00:00+00:00,BUY,10.0,138.97
2026-02-21 02:00:00+00:00,2026-02-21 10:00:00+00:00,SELL,10.0,156.36
2026-02-21 02:30:00+00:00,2026-02-21 10:00:00+00:00,BUY,10.0,152.36
2026-02-21 02:30:00+00:00,2026-02-21 08:00:00+00:00,BUY,10.0,209.74
2026-02-21 02:30:00+00:00,2026-02-21 09:00:00+00:00,BUY,10.0,160.8
2026-02-21 03:45:00+00:00,2026-02-21 10:00:00+00:00,SELL,10.0,151.84
2026-02-21 04:00:00+00:00,2026-02-21 07:00:00+00:00,SELL,10.0,120.73
2026-02-21 04:00:00+00:00,2026-02-21 11:00:00+00:00,SELL,10.0,0.79
2026-02-21 04:30:00+00:00,2026-02-21 11:00:00+00:00,BUY,10.0,-6.85
2026-02-21 05:00:00+00:00,2026-02-21 10:00:00+00:00,BUY,10.0,141.76
2026-02-21 05:00:00+00:00,2026-02-21 08:00:00+00:00,SELL,10.0,190.41
2026-02-21 05:15:00+00:00,2026-02-21 11:00:00+00:00,SELL,10.0,-3.53
2026-02-21 05:45:00+00:00,2026-02-21 10:00:00+00:00,SELL,10.0,243.99
2026-02-21 05:45:00+00:00,2026-02-21 11:00:00+00:00,BUY,10.0,-11.93
2026-02-21 05:45:00+00:00,2026-02-21 07:00:00+00:00,BUY,10.0,120.71
2026-02-21 06:15:00+00:00,2026-02-21 10:00:00+00:00,BUY,10.0,241.72
2026-02-21 06:15:00+00:00,2026-02-21 07:00:00+00:00,SELL,10.0,120.37
2026-02-21 06:30:00+00:00,2026-02-21 08:00:00+00:00,BUY,10.0,181.56
2026-02-21 07:00:00+00:00,2026-02-21 09:00:00+00:00,SELL,10.0,96.38
2026-02-21 07:15:00+00:00,2026-02-21 08:00:00+00:00,SELL,10.0,314.59
2026-02-21 07:30:00+00:00,2026-02-21 09:00:00+00:00,BUY,10.0,82.22
2026-02-21 07:45:00+00:00,2026-02-21 17:00:00+00:00,BUY,10.0,70.69
2026-02-21 08:00:00+00:00,2026-02-21 10:00:00+00:00,SELL,10.0,238.8
2026-02-21 08:00:00+00:00,2026-02-21 11:00:00+00:00,SELL,10.0,-30.27
2026-02-21 08:15:00+00:00,2026-02-21 09:00:00+00:00,SELL,10.0,164.48
2026-02-21 08:30:00+00:00,2026-02-21 17:00:00+00:00,SELL,10.0,71.18
2026-02-21 08:45:00+00:00,2026-02-21 12:00:00+00:00,BUY,10.0,186.53
2026-02-21 09:30:00+00:00,2026-02-21 11:00:00+00:00,BUY,10.0,-35.97
2026-02-21 09:30:00+00:00,2026-02-21 12:00:00+00:00,SELL,10.0,186.65
2026-02-21 09:45:00+00:00,2026-02-21 18:00:00+00:00,BUY,10.0,97.19
2026-02-21 10:00:00+00:00,2026-02-21 19:00:00+00:00,BUY,10.0,84.32
2026-02-21 10:15:00+00:00,2026-02-21 11:00:00+00:00,SELL,10.0,-35.36
2026-02-21 11:00:00+00:00,2026-02-21 18:00:00+00:00,SELL,10.0,105.73
2026-02-21 12:00:00+00:00,2026-02-21 19:00:00+00:00,SELL,10.0,77.2
2026-02-21 12:45:00+00:00,2026-02-21 18:00:00+00:00,BUY,10.0,101.97
2026-02-21 13:15:00+00:00,2026-02-21 21:00:00+00:00,BUY,10.0,51.77
2026-02-21 13:45:00+00:00,2026-02-21 22:00:00+00:00,BUY,10.0,58.94
2026-02-21 14:00:00+00:00,2026-02-21 21:00:00+00:00,SELL,10.0,56.67
2026-02-21 14:00:00+00:00,2026-02-21 18:00:00+00:00,SELL,10.0,101.3
2026-02-21 14:30:00+00:00,2026-02-21 19:00:00+00:00,BUY,10.0,70.13
2026-02-21 14:30:00+00:00,2026-02-21 22:00:00+00:00,SELL,10.0,57.2
2026-02-21 15:15:00+00:00,2026-02-21 19:00:00+00:00,SELL,10.0,69.27
2026-02-21 20:45:00+00:00,2026-02-22 06:00:00+00:00,BUY,10.0,59.22
2026-02-21 22:45:00+00:00,2026-02-22 07:00:00+00:00,BUY,10.0,65.92
2026-02-21 23:00:00+00:00,2026-02-22 06:00:00+00:00,SELL,10.0,51.92
2026-02-21 23:30:00+00:00,2026-02-22 08:00:00+00:00,BUY,10.0,67.4
2026-02-21 23:30:00+00:00,2026-02-22 09:00:00+00:00,BUY,10.0,72.59
2026-02-21 23:45:00+00:00,2026-02-22 07:00:00+00:00,SELL,10.0,62.55
2026-02-22 01:00:00+00:00,2026-02-22 08:00:00+00:00,SELL,10.0,61.28
2026-02-22 01:30:00+00:00,2026-02-22 11:00:00+00:00,BUY,10.0,56.0
2026-02-22 02:15:00+00:00,2026-02-22 09:00:00+00:00,SELL,10.0,58.97
2026-02-22 03:15:00+00:00,2026-02-22 11:00:00+00:00,SELL,10.0,48.95
2026-02-22 03:45:00+00:00,2026-02-22 09:00:00+00:00,BUY,10.0,54.08
2026-02-22 04:45:00+00:00,2026-02-22 13:00:00+00:00,BUY,10.0,43.46
2026-02-22 05:00:00+00:00,2026-02-22 09:00:00+00:00,SELL,10.0,58.55
2026-02-22 05:00:00+00:00,2026-02-22 12:00:00+00:00,BUY,10.0,253.12
2026-02-22 05:00:00+00:00,2026-02-22 14:00:00+00:00,BUY,10.0,56.62
2026-02-22 06:00:00+00:00,2026-02-22 12:00:00+00:00,SELL,10.0,252.63
2026-02-22 06:00:00+00:00,2026-02-22 13:00:00+00:00,SELL,10.0,42.57
2026-02-22 07:00:00+00:00,2026-02-22 14:00:00+00:00,SELL,10.0,50.69
2026-02-22 07:30:00+00:00,2026-02-22 17:00:00+00:00,BUY,10.0,74.49
2026-02-22 08:30:00+00:00,2026-02-22 16:00:00+00:00,BUY,10.0,81.25
2026-02-22 08:45:00+00:00,2026-02-22 18:00:00+00:00,BUY,10.0,60.14
2026-02-22 09:15:00+00:00,2026-02-22 16:00:00+00:00,SELL,10.0,80.73
2026-02-22 09:30:00+00:00,2026-02-22 19:00:00+00:00,BUY,10.0,64.6
2026-02-22 10:15:00+00:00,2026-02-22 19:00:00+00:00,SELL,10.0,66.2
2026-02-22 10:30:00+00:00,2026-02-22 20:00:00+00:00,BUY,10.0,72.27
2026-02-22 10:45:00+00:00,2026-02-22 19:00:00+00:00,BUY,10.0,54.53
2026-02-22 11:00:00+00:00,2026-02-22 17:00:00+00:00,SELL,10.0,45.21
2026-02-22 11:00:00+00:00,2026-02-22 18:00:00+00:00,SELL,10.0,226.79
2026-02-22 11:45:00+00:00,2026-02-22 17:00:00+00:00,BUY,10.0,40.23
2026-02-22 11:45:00+00:00,2026-02-22 18:00:00+00:00,BUY,10.0,224.15
2026-02-22 12:30:00+00:00,2026-02-22 18:00:00+00:00,SELL,10.0,221.84
2026-02-22 13:00:00+00:00,2026-02-22 17:00:00+00:00,SELL,10.0,47.56
2026-02-22 13:00:00+00:00,2026-02-22 19:00:00+00:00,SELL,10.0,40.64
2026-02-22 14:00:00+00:00,2026-02-22 20:00:00+00:00,SELL,10.0,59.54
2026-02-22 14:15:00+00:00,2026-02-22 16:00:00+00:00,BUY,10.0,154.09
2026-02-22 15:00:00+00:00,2026-02-22 16:00:00+00:00,SELL,10.0,155.2
2026-02-22 23:00:00+00:00,2026-02-23 07:00:00+00:00,BUY,10.0,68.09
2026-02-23 00:00:00+00:00,2026-02-23 06:00:00+00:00,BUY,10.0,61.58
2026-02-23 00:00:00+00:00,2026-02-23 07:00:00+00:00,SELL,10.0,64.72
2026-02-23 00:30:00+00:00,2026-02-23 04:00:00+00:00,BUY,10.0,31.52
2026-02-23 00:30:00+00:00,2026-02-23 07:00:00+00:00,BUY,10.0,62.81
2026-02-23 00:45:00+00:00,2026-02-23 09:00:00+00:00,BUY,10.0,95.82
2026-02-23 00:45:00+00:00,2026-02-23 06:00:00+00:00,SELL,10.0,58.81
2026-02-23 01:15:00+00:00,2026-02-23 07:00:00+00:00,SELL,10.0,61.45
2026-02-23 02:00:00+00:00,2026-02-23 04:00:00+00:00,SELL,10.0,33.11
2026-02-23 02:15:00+00:00,2026-02-23 09:00:00+00:00,SELL,10.0,95.66
2026-02-23 02:30:00+00:00,2026-02-23 08:00:00+00:00,BUY,10.0,73.97
2026-02-23 03:15:00+00:00,2026-02-23 09:00:00+00:00,BUY,10.0,87.76
2026-02-23 03:30:00+00:00,2026-02-23 08:00:00+00:00,SELL,10.0,72.88
2026-02-23 03:45:00+00:00,2026-02-23 10:00:00+00:00,BUY,10.0,72.96
2026-02-23 04:30:00+00:00,2026-02-23 11:00:00+00:00,BUY,10.0,199.27
2026-02-23 05:00:00+00:00,2026-02-23 09:00:00+00:00,SELL,10.0,72.64
2026-02-23 05:15:00+00:00,2026-02-23 11:00:00+00:00,SELL,10.0,198.37
2026-02-23 05:15:00+00:00,2026-02-23 10:00:00+00:00,SELL,10.0,68.49
2026-02-23 05:30:00+00:00,2026-02-23 07:00:00+00:00,BUY,10.0,132.9
2026-02-23 05:45:00+00:00,2026-02-23 13:00:00+00:00,BUY,10.0,146.22
2026-02-23 06:15:00+00:00,2026-02-23 07:00:00+00:00,SELL,10.0,133.97
2026-02-23 06:30:00+00:00,2026-02-23 12:00:00+00:00,BUY,10.0,-0.14
2026-02-23 06:45:00+00:00,2026-02-23 13:00:00+00:00,SELL,10.0,143.68
2026-02-23 08:00:00+00:00,2026-02-23 12:00:00+00:00,SELL,10.0,1.28
2026-02-23 08:45:00+00:00,2026-02-23 13:00:00+00:00,BUY,10.0,220.83
2026-02-23 09:30:00+00:00,2026-02-23 13:00:00+00:00,SELL,10.0,221.83
2026-02-23 09:30:00+00:00,2026-02-23 15:00:00+00:00,BUY,10.0,63.99
2026-02-23 10:15:00+00:00,2026-02-23 15:00:00+00:00,SELL,10.0,63.9
2026-02-23 12:45:00+00:00,2026-02-23 15:00:00+00:00,BUY,10.0,192.18
2026-02-23 13:30:00+00:00,2026-02-23 15:00:00+00:00,SELL,10.0,191.13
2026-02-23 13:30:00+00:00,2026-02-23 19:00:00+00:00,BUY,10.0,55.28
2026-02-23 14:15:00+00:00,2026-02-23 19:00:00+00:00,SELL,10.0,56.96
2026-02-23 19:00:00+00:00,2026-02-24 00:00:00+00:00,BUY,10.0,10.09
2026-02-23 19:45:00+00:00,2026-02-24 03:00:00+00:00,BUY,10.0,58.38
2026-02-23 20:30:00+00:00,2026-02-24 00:00:00+00:00,SELL,10.0,11.42
2026-02-23 21:00:00+00:00,2026-02-24 03:00:00+00:00,SELL,10.0,59.99
2026-02-23 22:00:00+00:00,2026-02-24 06:00:00+00:00,BUY,10.0,98.8
2026-02-23 23:45:00+00:00,2026-02-24 09:00:00+00:00,BUY,10.0,71.78
2026-02-24 00:00:00+00:00,2026-02-24 08:00:00+00:00,BUY,10.0,339.16
2026-02-24 01:00:00+00:00,2026-02-24 08:00:00+00:00,SELL,10.0,340.16
2026-02-24 01:00:00+00:00,2026-02-24 09:00:00+00:00,SELL,10.0,71.06
2026-02-24 01:45:00+00:00,2026-02-24 10:00:00+00:00,BUY,10.0,81.83
2026-02-24 02:00:00+00:00,2026-02-24 06:00:00+00:00,SELL,10.0,80.34
2026-02-24 02:30:00+00:00,2026-02-24 09:00:00+00:00,BUY,10.0,64.54
2026-02-24 03:00:00+00:00,2026-02-24 10:00:00+00:00,SELL,10.0,78.25
2026-02-24 03:15:00+00:00,2026-02-24 09:00:00+00:00,SELL,10.0,62.71
2026-02-24 03:45:00+00:00,2026-02-24 11:00:00+00:00,BUY,10.0,70.99
2026-02-24 05:15:00+00:00,2026-02-24 11:00:00+00:00,SELL,10.0,66.41
2026-02-24 05:45:00+00:00,2026-02-24 11:00:00+00:00,BUY,10.0,60.13
2026-02-24 07:00:00+00:00,2026-02-24 11:00:00+00:00,SELL,10.0,65.65
2026-02-24 07:30:00+00:00,2026-02-24 15:00:00+00:00,BUY,10.0,179.39
2026-02-24 07:45:00+00:00,2026-02-24 16:00:00+00:00,BUY,10.0,78.73
2026-02-24 08:45:00+00:00,2026-02-24 15:00:00+00:00,SELL,10.0,178.64
2026-02-24 09:15:00+00:00,2026-02-24 17:00:00+00:00,BUY,10.0,93.6
2026-02-24 09:30:00+00:00,2026-02-24 18:00:00+00:00,BUY,10.0,149.86
2026-02-24 11:00:00+00:00,2026-02-24 16:00:00+00:00,SELL,10.0,64.56
2026-02-24 11:15:00+00:00,2026-02-24 17:00:00+00:00,SELL,10.0,82.95
2026-02-24 12:15:00+00:00,2026-02-24 18:00:00+00:00,SELL,10.0,186.94
2026-02-24 12:45:00+00:00,2026-02-24 18:00:00+00:00,BUY,10.0,165.71
2026-02-24 13:45:00+00:00,2026-02-24 21:00:00+00:00,BUY,10.0,55.07
2026-02-24 14:00:00+00:00,2026-02-24 18:00:00+00:00,SELL,10.0,169.05
2026-02-24 14:30:00+00:00,2026-02-24 18:00:00+00:00,BUY,10.0,156.6
2026-02-24 14:45:00+00:00,2026-02-24 21:00:00+00:00,SELL,10.0,55.35
2026-02-24 17:15:00+00:00,2026-02-24 18:00:00+00:00,SELL,10.0,117.54
2026-02-24 21:45:00+00:00,2026-02-25 07:00:00+00:00,BUY,10.0,153.17
2026-02-24 22:30:00+00:00,2026-02-25 08:00:00+00:00,BUY,10.0,104.55
2026-02-24 23:00:00+00:00,2026-02-25 07:00:00+00:00,SELL,10.0,171.68
2026-02-24 23:30:00+00:00,2026-02-25 09:00:00+00:00,BUY,10.0,108.71
2026-02-24 23:45:00+00:00,2026-02-25 07:00:00+00:00,BUY,10.0,166.41
2026-02-24 23:45:00+00:00,2026-02-25 05:00:00+00:00,BUY,10.0,123.93
2026-02-25 00:00:00+00:00,2026-02-25 08:00:00+00:00,SELL,10.0,109.44
2026-02-25 00:30:00+00:00,2026-02-25 06:00:00+00:00,BUY,10.0,102.59
2026-02-25 00:30:00+00:00,2026-02-25 10:00:00+00:00,BUY,10.0,140.58
2026-02-25 00:30:00+00:00,2026-02-25 07:00:00+00:00,SELL,10.0,304.86
2026-02-25 01:30:00+00:00,2026-02-25 11:00:00+00:00,BUY,10.0,110.02
2026-02-25 02:00:00+00:00,2026-02-25 09:00:00+00:00,SELL,10.0,103.37
2026-02-25 02:15:00+00:00,2026-02-25 10:00:00+00:00,SELL,10.0,184.02
2026-02-25 02:30:00+00:00,2026-02-25 12:00:00+00:00,BUY,10.0,67.95
2026-02-25 02:30:00+00:00,2026-02-25 07:00:00+00:00,BUY,10.0,287.13
2026-02-25 02:45:00+00:00,2026-02-25 05:00:00+00:00,SELL,10.0,100.96
2026-02-25 03:00:00+00:00,2026-02-25 11:00:00+00:00,SELL,10.0,113.55
2026-02-25 03:30:00+00:00,2026-02-25 13:00:00+00:00,BUY,10.0,109.21
2026-02-25 03:30:00+00:00,2026-02-25 08:00:00+00:00,BUY,10.0,148.48
2026-02-25 04:00:00+00:00,2026-02-25 06:00:00+00:00,SELL,10.0,80.47
2026-02-25 04:00:00+00:00,2026-02-25 12:00:00+00:00,SELL,10.0,64.72
2026-02-25 04:00:00+00:00,2026-02-25 07:00:00+00:00,SELL,10.0,288.17
2026-02-25 04:15:00+00:00,2026-02-25 10:00:00+00:00,BUY,10.0,317.25
2026-02-25 04:30:00+00:00,2026-02-25 14:00:00+00:00,BUY,10.0,95.34
2026-02-25 04:30:00+00:00,2026-02-25 09:00:00+00:00,BUY,10.0,99.55
2026-02-25 05:00:00+00:00,2026-02-25 08:00:00+00:00,SELL,10.0,146.3
2026-02-25 05:45:00+00:00,2026-02-25 11:00:00+00:00,BUY,10.0,111.24
2026-02-25 06:00:00+00:00,2026-02-25 14:00:00+00:00,SELL,10.0,100.86
2026-02-25 06:00:00+00:00,2026-02-25 13:00:00+00:00,SELL,10.0,97.19
2026-02-25 06:00:00+00:00,2026-02-25 07:00:00+00:00,BUY,10.0,282.41
2026-02-25 06:15:00+00:00,2026-02-25 09:00:00+00:00,SELL,10.0,91.99
2026-02-25 06:15:00+00:00,2026-02-25 07:00:00+00:00,SELL,10.0,282.2
2026-02-25 06:30:00+00:00,2026-02-25 16:00:00+00:00,BUY,10.0,130.27
2026-02-25 07:30:00+00:00,2026-02-25 17:00:00+00:00,BUY,10.0,118.34
2026-02-25 07:45:00+00:00,2026-02-25 13:00:00+00:00,BUY,10.0,98.34
2026-02-25 08:00:00+00:00,2026-02-25 16:00:00+00:00,SELL,10.0,144.29
2026-02-25 08:00:00+00:00,2026-02-25 12:00:00+00:00,BUY,10.0,64.58
2026-02-25 08:00:00+00:00,2026-02-25 10:00:00+00:00,SELL,10.0,285.39
2026-02-25 08:30:00+00:00,2026-02-25 16:00:00+00:00,BUY,10.0,138.28
2026-02-25 08:45:00+00:00,2026-02-25 10:00:00+00:00,BUY,10.0,277.11
2026-02-25 08:45:00+00:00,2026-02-25 14:00:00+00:00,BUY,10.0,94.45
2026-02-25 09:00:00+00:00,2026-02-25 11:00:00+00:00,SELL,10.0,93.38
2026-02-25 09:00:00+00:00,2026-02-25 12:00:00+00:00,SELL,10.0,61.65
2026-02-25 09:15:00+00:00,2026-02-25 10:00:00+00:00,SELL,10.0,276.71
2026-02-25 10:00:00+00:00,2026-02-25 16:00:00+00:00,SELL,10.0,199.93
2026-02-25 10:00:00+00:00,2026-02-25 17:00:00+00:00,SELL,10.0,105.42
2026-02-25 10:45:00+00:00,2026-02-25 18:00:00+00:00,BUY,10.0,192.52
2026-02-25 11:00:00+00:00,2026-02-25 13:00:00+00:00,SELL,10.0,69.85
2026-02-25 11:00:00+00:00,2026-02-25 16:00:00+00:00,BUY,10.0,177.9
2026-02-25 11:15:00+00:00,2026-02-25 14:00:00+00:00,SELL,10.0,60.71
2026-02-25 11:45:00+00:00,2026-02-25 13:00:00+00:00,BUY,10.0,63.1
2026-02-25 12:00:00+00:00,2026-02-25 18:00:00+00:00,SELL,10.0,203.16
2026-02-25 12:15:00+00:00,2026-02-25 13:00:00+00:00,SELL,10.0,60.45
2026-02-25 12:15:00+00:00,2026-02-25 17:00:00+00:00,BUY,10.0,128.96
2026-02-25 12:45:00+00:00,2026-02-25 14:00:00+00:00,BUY,10.0,48.54
2026-02-25 12:45:00+00:00,2026-02-25 18:00:00+00:00,BUY,10.0,197.44
2026-02-25 13:15:00+00:00,2026-02-25 14:00:00+00:00,SELL,10.0,45.2
2026-02-25 13:45:00+00:00,2026-02-25 22:00:00+00:00,BUY,10.0,72.85
2026-02-25 13:45:00+00:00,2026-02-25 21:00:00+00:00,BUY,10.0,139.5
2026-02-25 14:00:00+00:00,2026-02-25 16:00:00+00:00,SELL,10.0,148.48
2026-02-25 14:30:00+00:00,2026-02-25 17:00:00+00:00,SELL,10.0,99.7
2026-02-25 14:30:00+00:00,2026-02-25 21:00:00+00:00,SELL,10.0,277.61
2026-02-25 14:45:00+00:00,2026-02-25 20:00:00+00:00,BUY,10.0,83.44
2026-02-25 14:45:00+00:00,2026-02-25 16:00:00+00:00,BUY,10.0,141.69
2026-02-25 15:00:00+00:00,2026-02-25 18:00:00+00:00,SELL,10.0,182.64
2026-02-25 15:15:00+00:00,2026-02-25 19:00:00+00:00,BUY,10.0,134.79
2026-02-25 15:15:00+00:00,2026-02-25 16:00:00+00:00,SELL,10.0,141.58
2026-02-25 15:15:00+00:00,2026-02-25 22:00:00+00:00,SELL,10.0,72.73
2026-02-25 15:30:00+00:00,2026-02-25 21:00:00+00:00,BUY,10.0,270.1
2026-02-25 15:30:00+00:00,2026-02-26 01:00:00+00:00,BUY,10.0,48.81
2026-02-25 16:00:00+00:00,2026-02-25 19:00:00+00:00,SELL,10.0,136.43
2026-02-25 17:00:00+00:00,2026-02-25 20:00:00+00:00,SELL,10.0,66.11
2026-02-25 17:00:00+00:00,2026-02-26 01:00:00+00:00,SELL,10.0,47.21
2026-02-25 17:00:00+00:00,2026-02-25 18:00:00+00:00,BUY,10.0,179.15
2026-02-25 17:15:00+00:00,2026-02-25 18:00:00+00:00,SELL,10.0,178.41
2026-02-25 17:30:00+00:00,2026-02-26 03:00:00+00:00,BUY,10.0,54.92
2026-02-25 18:00:00+00:00,2026-02-25 21:00:00+00:00,SELL,10.0,259.73
2026-02-25 18:30:00+00:00,2026-02-26 01:00:00+00:00,BUY,10.0,110.97
2026-02-25 19:00:00+00:00,2026-02-25 20:00:00+00:00,BUY,10.0,58.09
2026-02-25 19:00:00+00:00,2026-02-26 03:00:00+00:00,SELL,10.0,51.69
2026-02-25 19:15:00+00:00,2026-02-25 20:00:00+00:00,SELL,10.0,57.99
2026-02-25 19:15:00+00:00,2026-02-26 01:00:00+00:00,SELL,10.0,108.79
2026-02-25 20:30:00+00:00,2026-02-26 06:00:00+00:00,BUY,10.0,91.26
2026-02-25 21:15:00+00:00,2026-02-26 03:00:00+00:00,BUY,10.0,137.08
2026-02-25 22:00:00+00:00,2026-02-26 03:00:00+00:00,SELL,10.0,138.66
2026-02-25 22:45:00+00:00,2026-02-26 08:00:00+00:00,BUY,10.0,106.08
2026-02-25 23:00:00+00:00,2026-02-26 06:00:00+00:00,SELL,10.0,86.28
2026-02-25 23:30:00+00:00,2026-02-26 06:00:00+00:00,BUY,10.0,78.1
2026-02-25 23:30:00+00:00,2026-02-26 09:00:00+00:00,BUY,10.0,70.45
2026-02-26 00:30:00+00:00,2026-02-26 10:00:00+00:00,BUY,10.0,68.45
2026-02-26 00:30:00+00:00,2026-02-26 08:00:00+00:00,SELL,10.0,103.37
2026-02-26 01:00:00+00:00,2026-02-26 06:00:00+00:00,SELL,10.0,77.94
2026-02-26 01:00:00+00:00,2026-02-26 09:00:00+00:00,SELL,10.0,67.8
2026-02-26 01:30:00+00:00,2026-02-26 04:00:00+00:00,BUY,10.0,35.53
2026-02-26 02:15:00+00:00,2026-02-26 10:00:00+00:00,SELL,10.0,58.76
2026-02-26 02:30:00+00:00,2026-02-26 12:00:00+00:00,BUY,10.0,62.28
2026-02-26 03:00:00+00:00,2026-02-26 04:00:00+00:00,SELL,10.0,35.81
2026-02-26 03:45:00+00:00,2026-02-26 12:00:00+00:00,SELL,10.0,64.1
2026-02-26 04:00:00+00:00,2026-02-26 10:00:00+00:00,BUY,10.0,57.18
2026-02-26 04:30:00+00:00,2026-02-26 08:00:00+00:00,BUY,10.0,100.66
2026-02-26 05:00:00+00:00,2026-02-26 13:00:00+00:00,BUY,10.0,53.44
2026-02-26 05:15:00+00:00,2026-02-26 08:00:00+00:00,SELL,10.0,140.8
2026-02-26 06:00:00+00:00,2026-02-26 09:00:00+00:00,BUY,10.0,177.01
2026-02-26 06:00:00+00:00,2026-02-26 10:00:00+00:00,SELL,10.0,-14.02
2026-02-26 06:15:00+00:00,2026-02-26 13:00:00+00:00,SELL,10.0,52.25
2026-02-26 06:15:00+00:00,2026-02-26 14:00:00+00:00,BUY,10.0,56.53
2026-02-26 06:30:00+00:00,2026-02-26 16:00:00+00:00,BUY,10.0,60.85
2026-02-26 07:00:00+00:00,2026-02-26 09:00:00+00:00,SELL,10.0,179.95
2026-02-26 07:00:00+00:00,2026-02-26 14:00:00+00:00,SELL,10.0,58.93
2026-02-26 07:45:00+00:00,2026-02-26 16:00:00+00:00,SELL,10.0,57.63
2026-02-26 08:30:00+00:00,2026-02-26 18:00:00+00:00,BUY,10.0,161.03
2026-02-26 09:15:00+00:00,2026-02-26 17:00:00+00:00,BUY,10.0,197.52
2026-02-26 09:30:00+00:00,2026-02-26 19:00:00+00:00,BUY,10.0,86.61
2026-02-26 10:00:00+00:00,2026-02-26 18:00:00+00:00,SELL,10.0,172.43
2026-02-26 10:30:00+00:00,2026-02-26 17:00:00+00:00,SELL,10.0,193.27
2026-02-26 10:30:00+00:00,2026-02-26 20:00:00+00:00,BUY,10.0,47.87
2026-02-26 11:00:00+00:00,2026-02-26 17:00:00+00:00,BUY,10.0,188.6
2026-02-26 11:45:00+00:00,2026-02-26 18:00:00+00:00,BUY,10.0,187.88
2026-02-26 12:00:00+00:00,2026-02-26 20:00:00+00:00,SELL,10.0,76.13
2026-02-26 12:00:00+00:00,2026-02-26 19:00:00+00:00,SELL,10.0,72.57
2026-02-26 12:15:00+00:00,2026-02-26 17:00:00+00:00,SELL,10.0,187.33
2026-02-26 12:30:00+00:00,2026-02-26 22:00:00+00:00,BUY,10.0,47.17
2026-02-26 12:30:00+00:00,2026-02-26 19:00:00+00:00,BUY,10.0,68.16
2026-02-26 13:00:00+00:00,2026-02-26 21:00:00+00:00,BUY,10.0,52.99
2026-02-26 13:15:00+00:00,2026-02-26 22:00:00+00:00,SELL,10.0,48.7
2026-02-26 13:15:00+00:00,2026-02-26 18:00:00+00:00,SELL,10.0,356.16
2026-02-26 13:45:00+00:00,2026-02-26 18:00:00+00:00,BUY,10.0,350.29
2026-02-26 13:45:00+00:00,2026-02-26 21:00:00+00:00,SELL,10.0,140.6
2026-02-26 14:00:00+00:00,2026-02-26 19:00:00+00:00,SELL,10.0,70.79
2026-02-26 14:15:00+00:00,2026-02-26 23:00:00+00:00,BUY,10.0,43.02
2026-02-26 14:45:00+00:00,2026-02-26 19:00:00+00:00,BUY,10.0,59.91
2026-02-26 14:45:00+00:00,2026-02-26 21:00:00+00:00,BUY,10.0,133.03
2026-02-26 15:00:00+00:00,2026-02-26 23:00:00+00:00,SELL,10.0,41.53
2026-02-26 15:00:00+00:00,2026-02-27 00:00:00+00:00,BUY,10.0,34.56
2026-02-26 15:30:00+00:00,2026-02-26 21:00:00+00:00,SELL,10.0,132.68
2026-02-26 15:45:00+00:00,2026-02-27 00:00:00+00:00,SELL,10.0,34.55
2026-02-26 16:00:00+00:00,2026-02-26 18:00:00+00:00,SELL,10.0,328.62
2026-02-26 16:15:00+00:00,2026-02-26 19:00:00+00:00,SELL,10.0,54.47
2026-02-26 16:45:00+00:00,2026-02-26 18:00:00+00:00,BUY,10.0,321.48
2026-02-26 17:15:00+00:00,2026-02-26 18:00:00+00:00,SELL,10.0,321.26
2026-02-26 21:15:00+00:00,2026-02-27 06:00:00+00:00,BUY,10.0,41.09
2026-02-26 21:30:00+00:00,2026-02-27 07:00:00+00:00,BUY,10.0,57.58
2026-02-26 22:00:00+00:00,2026-02-27 06:00:00+00:00,SELL,10.0,43.36
2026-02-26 23:00:00+00:00,2026-02-27 07:00:00+00:00,SELL,10.0,52.65
2026-02-27 03:15:00+00:00,2026-02-27 12:00:00+00:00,BUY,10.0,32.26
2026-02-27 04:00:00+00:00,2026-02-27 12:00:00+00:00,SELL,10.0,33.14
2026-02-27 05:30:00+00:00,2026-02-27 13:00:00+00:00,BUY,10.0,154.52
2026-02-27 05:45:00+00:00,2026-02-27 15:00:00+00:00,BUY,10.0,50.18
2026-02-27 06:15:00+00:00,2026-02-27 13:00:00+00:00,SELL,10.0,153.13
2026-02-27 07:00:00+00:00,2026-02-27 16:00:00+00:00,BUY,10.0,48.65
2026-02-27 07:00:00+00:00,2026-02-27 15:00:00+00:00,SELL,10.0,51.4
2026-02-27 08:00:00+00:00,2026-02-27 16:00:00+00:00,SELL,10.0,46.55
2026-02-27 14:45:00+00:00,2026-02-28 00:00:00+00:00,BUY,10.0,-8.4
2026-02-27 15:00:00+00:00,2026-02-27 18:00:00+00:00,BUY,10.0,154.07
2026-02-27 15:45:00+00:00,2026-02-27 18:00:00+00:00,SELL,10.0,152.65
2026-02-27 15:45:00+00:00,2026-02-28 00:00:00+00:00,SELL,10.0,5.05
2026-02-27 23:30:00+00:00,2026-02-28 09:00:00+00:00,BUY,10.0,36.59
2026-02-28 01:00:00+00:00,2026-02-28 09:00:00+00:00,SELL,10.0,37.1
2026-03-01 14:30:00+00:00,2026-03-02 00:00:00+00:00,BUY,10.0,-4.26
2026-03-01 15:45:00+00:00,2026-03-02 01:00:00+00:00,BUY,10.0,-5.48
2026-03-01 16:00:00+00:00,2026-03-02 00:00:00+00:00,SELL,10.0,-0.81
2026-03-01 16:30:00+00:00,2026-03-02 01:00:00+00:00,SELL,10.0,0.76
2026-03-01 17:00:00+00:00,2026-03-02 02:00:00+00:00,BUY,10.0,18.99
2026-03-01 17:45:00+00:00,2026-03-02 02:00:00+00:00,SELL,10.0,15.82
2026-03-01 17:45:00+00:00,2026-03-02 03:00:00+00:00,BUY,10.0,6.19
2026-03-01 19:00:00+00:00,2026-03-02 03:00:00+00:00,SELL,10.0,6.73
2026-03-02 05:15:00+00:00,2026-03-02 14:00:00+00:00,BUY,10.0,19.66
2026-03-02 06:00:00+00:00,2026-03-02 14:00:00+00:00,SELL,10.0,20.89
2026-03-02 12:00:00+00:00,2026-03-02 16:00:00+00:00,BUY,10.0,-40.32
2026-03-02 12:45:00+00:00,2026-03-02 22:00:00+00:00,BUY,10.0,-20.5
2026-03-02 13:30:00+00:00,2026-03-02 16:00:00+00:00,SELL,10.0,-39.42
2026-03-02 14:15:00+00:00,2026-03-02 22:00:00+00:00,SELL,10.0,-17.64
2026-03-04 21:00:00+00:00,2026-03-04 23:00:00+00:00,BUY,10.0,12.62
2026-03-04 21:45:00+00:00,2026-03-05 05:00:00+00:00,BUY,10.0,26.76
2026-03-04 22:15:00+00:00,2026-03-04 23:00:00+00:00,SELL,10.0,11.83
2026-03-04 22:30:00+00:00,2026-03-05 05:00:00+00:00,SELL,10.0,28.14
2026-03-05 19:30:00+00:00,2026-03-06 05:00:00+00:00,BUY,10.0,-7.11
2026-03-05 21:00:00+00:00,2026-03-06 05:00:00+00:00,SELL,10.0,-6.26
2026-03-06 15:00:00+00:00,2026-03-07 00:00:00+00:00,BUY,10.0,10.5
2026-03-06 16:00:00+00:00,2026-03-07 01:00:00+00:00,BUY,10.0,11.62
2026-03-06 16:15:00+00:00,2026-03-07 00:00:00+00:00,SELL,10.0,9.3
2026-03-06 16:30:00+00:00,2026-03-07 02:00:00+00:00,BUY,10.0,7.23
2026-03-06 17:00:00+00:00,2026-03-07 01:00:00+00:00,SELL,10.0,9.32
2026-03-06 18:00:00+00:00,2026-03-07 03:00:00+00:00,BUY,10.0,20.3
2026-03-06 19:00:00+00:00,2026-03-07 02:00:00+00:00,SELL,10.0,-3.52
2026-03-06 19:00:00+00:00,2026-03-07 04:00:00+00:00,BUY,10.0,25.74
2026-03-06 19:30:00+00:00,2026-03-07 03:00:00+00:00,SELL,10.0,17.99
2026-03-06 20:00:00+00:00,2026-03-07 04:00:00+00:00,SELL,10.0,59.63
2026-03-06 21:00:00+00:00,2026-03-07 06:00:00+00:00,BUY,10.0,24.52
2026-03-06 21:45:00+00:00,2026-03-07 06:00:00+00:00,SELL,10.0,25.63
2026-03-06 22:00:00+00:00,2026-03-07 07:00:00+00:00,BUY,10.0,27.72
2026-03-06 22:15:00+00:00,2026-03-07 02:00:00+00:00,BUY,10.0,-1.3
2026-03-06 23:00:00+00:00,2026-03-07 02:00:00+00:00,SELL,10.0,0.77
2026-03-06 23:30:00+00:00,2026-03-07 07:00:00+00:00,SELL,10.0,25.02
2026-03-07 01:30:00+00:00,2026-03-07 10:00:00+00:00,BUY,10.0,23.41
2026-03-07 02:15:00+00:00,2026-03-07 10:00:00+00:00,SELL,10.0,24.04
2026-03-07 04:30:00+00:00,2026-03-07 14:00:00+00:00,BUY,10.0,17.83
2026-03-07 06:00:00+00:00,2026-03-07 14:00:00+00:00,SELL,10.0,15.63
2026-03-07 07:00:00+00:00,2026-03-07 16:00:00+00:00,BUY,10.0,23.78
2026-03-07 08:00:00+00:00,2026-03-07 16:00:00+00:00,SELL,10.0,23.75
2026-03-07 08:00:00+00:00,2026-03-07 17:00:00+00:00,BUY,10.0,30.96
2026-03-07 09:00:00+00:00,2026-03-07 18:00:00+00:00,BUY,10.0,35.38
2026-03-07 09:15:00+00:00,2026-03-07 17:00:00+00:00,SELL,10.0,28.76
2026-03-07 10:00:00+00:00,2026-03-07 19:00:00+00:00,BUY,10.0,24.44
2026-03-07 10:15:00+00:00,2026-03-07 18:00:00+00:00,SELL,10.0,32.01
2026-03-07 11:15:00+00:00,2026-03-07 19:00:00+00:00,SELL,10.0,23.73
2026-03-07 12:00:00+00:00,2026-03-07 21:00:00+00:00,BUY,10.0,22.08
2026-03-07 12:45:00+00:00,2026-03-07 21:00:00+00:00,SELL,10.0,23.28
2026-03-07 12:45:00+00:00,2026-03-07 22:00:00+00:00,BUY,10.0,-2.86
2026-03-07 14:00:00+00:00,2026-03-07 23:00:00+00:00,BUY,10.0,14.59
2026-03-07 14:15:00+00:00,2026-03-07 22:00:00+00:00,SELL,10.0,-3.34
2026-03-07 15:30:00+00:00,2026-03-07 23:00:00+00:00,SELL,10.0,12.97
2026-03-07 18:45:00+00:00,2026-03-08 01:00:00+00:00,BUY,10.0,24.9
2026-03-07 20:00:00+00:00,2026-03-08 01:00:00+00:00,SELL,10.0,23.33
2026-03-07 23:00:00+00:00,2026-03-08 08:00:00+00:00,BUY,10.0,39.92
2026-03-08 00:00:00+00:00,2026-03-08 08:00:00+00:00,SELL,10.0,42.59
2026-03-10 14:30:00+00:00,2026-03-11 00:00:00+00:00,BUY,10.0,-15.74
2026-03-10 15:45:00+00:00,2026-03-11 01:00:00+00:00,BUY,10.0,16.6
2026-03-10 16:00:00+00:00,2026-03-11 00:00:00+00:00,SELL,10.0,-20.03
2026-03-10 16:45:00+00:00,2026-03-11 02:00:00+00:00,BUY,10.0,10.08
2026-03-10 17:45:00+00:00,2026-03-11 01:00:00+00:00,SELL,10.0,10.64
2026-03-10 18:00:00+00:00,2026-03-11 02:00:00+00:00,SELL,10.0,4.91
2026-03-10 18:15:00+00:00,2026-03-11 03:00:00+00:00,BUY,10.0,14.8
2026-03-10 19:00:00+00:00,2026-03-11 04:00:00+00:00,BUY,10.0,21.72
2026-03-10 19:30:00+00:00,2026-03-11 03:00:00+00:00,SELL,10.0,10.23
2026-03-10 20:00:00+00:00,2026-03-11 05:00:00+00:00,BUY,10.0,28.58
2026-03-10 20:15:00+00:00,2026-03-11 04:00:00+00:00,SELL,10.0,18.82
2026-03-10 20:45:00+00:00,2026-03-11 06:00:00+00:00,BUY,10.0,27.45
2026-03-10 21:00:00+00:00,2026-03-11 05:00:00+00:00,SELL,10.0,25.71
2026-03-10 22:00:00+00:00,2026-03-11 06:00:00+00:00,SELL,10.0,22.6
2026-03-10 22:00:00+00:00,2026-03-11 07:00:00+00:00,BUY,10.0,32.08
2026-03-10 23:00:00+00:00,2026-03-11 07:00:00+00:00,SELL,10.0,30.58
2026-03-11 02:00:00+00:00,2026-03-11 11:00:00+00:00,BUY,10.0,25.21
2026-03-11 03:00:00+00:00,2026-03-11 11:00:00+00:00,SELL,10.0,22.31
2026-03-11 05:30:00+00:00,2026-03-11 13:00:00+00:00,BUY,10.0,14.44
2026-03-11 05:30:00+00:00,2026-03-11 15:00:00+00:00,BUY,10.0,13.67
2026-03-11 06:30:00+00:00,2026-03-11 13:00:00+00:00,SELL,10.0,16.38
2026-03-11 06:45:00+00:00,2026-03-11 16:00:00+00:00,BUY,10.0,23.04
2026-03-11 07:00:00+00:00,2026-03-11 15:00:00+00:00,SELL,10.0,16.37
2026-03-11 07:30:00+00:00,2026-03-11 16:00:00+00:00,SELL,10.0,24.13
2026-03-11 09:15:00+00:00,2026-03-11 18:00:00+00:00,BUY,10.0,24.04
2026-03-11 09:45:00+00:00,2026-03-11 19:00:00+00:00,BUY,10.0,33.1
2026-03-11 10:00:00+00:00,2026-03-11 18:00:00+00:00,SELL,10.0,22.41
2026-03-11 10:30:00+00:00,2026-03-11 20:00:00+00:00,BUY,10.0,26.53
2026-03-11 11:00:00+00:00,2026-03-11 19:00:00+00:00,SELL,10.0,31.44
2026-03-11 11:45:00+00:00,2026-03-11 21:00:00+00:00,BUY,10.0,25.94
2026-03-11 12:00:00+00:00,2026-03-11 20:00:00+00:00,SELL,10.0,23.01
2026-03-11 12:45:00+00:00,2026-03-11 22:00:00+00:00,BUY,10.0,11.98
2026-03-11 13:15:00+00:00,2026-03-11 21:00:00+00:00,SELL,10.0,24.77
2026-03-11 14:00:00+00:00,2026-03-11 22:00:00+00:00,SELL,10.0,9.96
2026-03-11 14:00:00+00:00,2026-03-11 23:00:00+00:00,BUY,10.0,12.24
2026-03-11 15:45:00+00:00,2026-03-11 23:00:00+00:00,SELL,10.0,5.52
2026-03-12 07:00:00+00:00,2026-03-12 14:00:00+00:00,BUY,10.0,24.95
2026-03-12 07:45:00+00:00,2026-03-12 14:00:00+00:00,SELL,10.0,26.52
2026-03-12 08:30:00+00:00,2026-03-12 17:00:00+00:00,BUY,10.0,42.66
2026-03-12 09:45:00+00:00,2026-03-12 17:00:00+00:00,SELL,10.0,39.31
2026-03-12 19:30:00+00:00,2026-03-13 05:00:00+00:00,BUY,10.0,8.33
2026-03-12 20:45:00+00:00,2026-03-13 05:00:00+00:00,SELL,10.0,9.26
2026-03-12 22:30:00+00:00,2026-03-13 08:00:00+00:00,BUY,10.0,65.11
2026-03-12 23:00:00+00:00,2026-03-13 06:00:00+00:00,BUY,10.0,45.33
2026-03-12 23:15:00+00:00,2026-03-13 08:00:00+00:00,SELL,10.0,65.9
2026-03-12 23:45:00+00:00,2026-03-13 06:00:00+00:00,SELL,10.0,45.33
2026-03-13 00:45:00+00:00,2026-03-13 07:00:00+00:00,BUY,10.0,54.53
2026-03-13 00:45:00+00:00,2026-03-13 08:00:00+00:00,BUY,10.0,60.65
2026-03-13 02:00:00+00:00,2026-03-13 08:00:00+00:00,SELL,10.0,56.41
2026-03-13 02:15:00+00:00,2026-03-13 07:00:00+00:00,SELL,10.0,51.65
2026-03-13 02:30:00+00:00,2026-03-13 08:00:00+00:00,BUY,10.0,52.35
2026-03-13 03:15:00+00:00,2026-03-13 08:00:00+00:00,SELL,10.0,52.4
2026-03-13 05:45:00+00:00,2026-03-13 15:00:00+00:00,BUY,10.0,59.32
2026-03-13 07:15:00+00:00,2026-03-13 15:00:00+00:00,SELL,10.0,56.76
2026-03-13 07:30:00+00:00,2026-03-13 15:00:00+00:00,BUY,10.0,50.52
2026-03-13 08:30:00+00:00,2026-03-13 17:00:00+00:00,BUY,10.0,53.47
2026-03-13 09:00:00+00:00,2026-03-13 15:00:00+00:00,SELL,10.0,46.76
2026-03-13 09:15:00+00:00,2026-03-13 17:00:00+00:00,SELL,10.0,52.71
2026-03-13 11:45:00+00:00,2026-03-13 20:00:00+00:00,BUY,10.0,65.74
2026-03-13 12:00:00+00:00,2026-03-13 19:00:00+00:00,BUY,10.0,54.86
2026-03-13 13:00:00+00:00,2026-03-13 19:00:00+00:00,SELL,10.0,53.01
2026-03-13 14:45:00+00:00,2026-03-14 00:00:00+00:00,BUY,10.0,-76.77
2026-03-13 15:15:00+00:00,2026-03-13 20:00:00+00:00,SELL,10.0,6.72
2026-03-13 15:30:00+00:00,2026-03-14 01:00:00+00:00,BUY,10.0,-106.95
2026-03-13 16:00:00+00:00,2026-03-14 00:00:00+00:00,SELL,10.0,-57.82
2026-03-13 17:00:00+00:00,2026-03-14 01:00:00+00:00,SELL,10.0,-92.0
2026-03-13 17:00:00+00:00,2026-03-14 02:00:00+00:00,BUY,10.0,53.23
2026-03-13 17:30:00+00:00,2026-03-13 20:00:00+00:00,BUY,10.0,-2.67
2026-03-13 18:00:00+00:00,2026-03-14 02:00:00+00:00,SELL,10.0,60.15
2026-03-13 18:15:00+00:00,2026-03-14 00:00:00+00:00,BUY,10.0,-56.0
2026-03-13 18:30:00+00:00,2026-03-13 20:00:00+00:00,SELL,10.0,-3.08
2026-03-13 19:00:00+00:00,2026-03-14 00:00:00+00:00,SELL,10.0,-32.44
2026-03-13 20:00:00+00:00,2026-03-14 05:00:00+00:00,BUY,10.0,15.65
2026-03-13 20:45:00+00:00,2026-03-14 05:00:00+00:00,SELL,10.0,15.4
2026-03-13 20:45:00+00:00,2026-03-14 06:00:00+00:00,BUY,10.0,23.25
2026-03-13 21:30:00+00:00,2026-03-14 06:00:00+00:00,SELL,10.0,24.59
2026-03-13 23:45:00+00:00,2026-03-14 09:00:00+00:00,BUY,10.0,18.88
2026-03-14 01:00:00+00:00,2026-03-14 09:00:00+00:00,SELL,10.0,18.7
2026-03-14 01:45:00+00:00,2026-03-14 11:00:00+00:00,BUY,10.0,10.91
2026-03-14 02:30:00+00:00,2026-03-14 12:00:00+00:00,BUY,10.0,-1.11
2026-03-14 03:00:00+00:00,2026-03-14 11:00:00+00:00,SELL,10.0,12.63
2026-03-14 03:45:00+00:00,2026-03-14 13:00:00+00:00,BUY,10.0,15.21
2026-03-14 04:00:00+00:00,2026-03-14 12:00:00+00:00,SELL,10.0,2.01
2026-03-14 04:30:00+00:00,2026-03-14 14:00:00+00:00,BUY,10.0,-36.26
2026-03-14 05:00:00+00:00,2026-03-14 13:00:00+00:00,SELL,10.0,15.74
2026-03-14 05:45:00+00:00,2026-03-14 15:00:00+00:00,BUY,10.0,4.62
2026-03-14 06:45:00+00:00,2026-03-14 14:00:00+00:00,SELL,10.0,-25.66
2026-03-14 07:00:00+00:00,2026-03-14 15:00:00+00:00,SELL,10.0,11.01
2026-03-14 07:45:00+00:00,2026-03-14 17:00:00+00:00,BUY,10.0,-1.75
2026-03-14 08:45:00+00:00,2026-03-14 18:00:00+00:00,BUY,10.0,15.95
2026-03-14 09:00:00+00:00,2026-03-14 17:00:00+00:00,SELL,10.0,2.88
2026-03-14 09:30:00+00:00,2026-03-14 18:00:00+00:00,SELL,10.0,18.4
2026-03-14 12:45:00+00:00,2026-03-14 22:00:00+00:00,BUY,10.0,1.87
2026-03-14 13:30:00+00:00,2026-03-14 23:00:00+00:00,BUY,10.0,-40.42
2026-03-14 14:00:00+00:00,2026-03-14 22:00:00+00:00,SELL,10.0,8.75
2026-03-14 14:30:00+00:00,2026-03-15 00:00:00+00:00,BUY,10.0,9.03
2026-03-14 15:00:00+00:00,2026-03-14 23:00:00+00:00,SELL,10.0,-30.49
2026-03-14 16:00:00+00:00,2026-03-15 00:00:00+00:00,SELL,10.0,4.85
2026-03-14 16:45:00+00:00,2026-03-15 02:00:00+00:00,BUY,10.0,9.35
2026-03-14 18:00:00+00:00,2026-03-15 02:00:00+00:00,SELL,10.0,12.25
2026-03-14 18:00:00+00:00,2026-03-15 03:00:00+00:00,BUY,10.0,12.52
2026-03-14 19:30:00+00:00,2026-03-15 03:00:00+00:00,SELL,10.0,12.91
2026-03-14 23:00:00+00:00,2026-03-15 08:00:00+00:00,BUY,10.0,30.95
2026-03-14 23:45:00+00:00,2026-03-15 08:00:00+00:00,SELL,10.0,33.95
2026-03-15 00:30:00+00:00,2026-03-15 10:00:00+00:00,BUY,10.0,33.77
2026-03-15 02:00:00+00:00,2026-03-15 10:00:00+00:00,SELL,10.0,30.44
2026-03-15 02:00:00+00:00,2026-03-15 11:00:00+00:00,BUY,10.0,17.18
2026-03-15 03:00:00+00:00,2026-03-15 11:00:00+00:00,SELL,10.0,21.27
2026-03-15 03:00:00+00:00,2026-03-15 12:00:00+00:00,BUY,10.0,11.18
2026-03-15 03:30:00+00:00,2026-03-15 13:00:00+00:00,BUY,10.0,25.4
2026-03-15 04:00:00+00:00,2026-03-15 12:00:00+00:00,SELL,10.0,17.05
2026-03-15 05:00:00+00:00,2026-03-15 13:00:00+00:00,SELL,10.0,23.29
2026-03-15 05:00:00+00:00,2026-03-15 14:00:00+00:00,BUY,10.0,25.78
2026-03-15 06:00:00+00:00,2026-03-15 14:00:00+00:00,SELL,10.0,25.88
2026-03-15 07:00:00+00:00,2026-03-15 16:00:00+00:00,BUY,10.0,31.35
2026-03-15 07:45:00+00:00,2026-03-15 16:00:00+00:00,SELL,10.0,32.07
2026-03-15 09:00:00+00:00,2026-03-15 18:00:00+00:00,BUY,10.0,22.85
2026-03-15 09:45:00+00:00,2026-03-15 18:00:00+00:00,SELL,10.0,23.9
2026-03-15 10:45:00+00:00,2026-03-15 20:00:00+00:00,BUY,10.0,31.46
2026-03-15 12:00:00+00:00,2026-03-15 20:00:00+00:00,SELL,10.0,28.32
2026-03-15 13:00:00+00:00,2026-03-15 22:00:00+00:00,BUY,10.0,12.43
2026-03-15 13:30:00+00:00,2026-03-15 23:00:00+00:00,BUY,10.0,-6.32
2026-03-15 13:45:00+00:00,2026-03-15 22:00:00+00:00,SELL,10.0,15.27
2026-03-15 15:00:00+00:00,2026-03-15 23:00:00+00:00,SELL,10.0,-4.78
2026-03-15 16:30:00+00:00,2026-03-15 23:00:00+00:00,BUY,10.0,-2.77
2026-03-15 18:00:00+00:00,2026-03-15 23:00:00+00:00,SELL,10.0,-3.11
2026-03-16 15:00:00+00:00,2026-03-17 00:00:00+00:00,BUY,10.0,-101.41
2026-03-16 16:00:00+00:00,2026-03-17 00:00:00+00:00,SELL,10.0,-94.07
2026-03-16 16:30:00+00:00,2026-03-16 23:00:00+00:00,BUY,10.0,16.65
2026-03-16 17:30:00+00:00,2026-03-16 23:00:00+00:00,SELL,10.0,16.57
2026-03-16 23:30:00+00:00,2026-03-17 02:00:00+00:00,BUY,10.0,-46.7
2026-03-17 00:15:00+00:00,2026-03-17 02:00:00+00:00,SELL,10.0,-46.37
2026-03-17 01:00:00+00:00,2026-03-17 02:00:00+00:00,BUY,10.0,-53.16
2026-03-17 01:15:00+00:00,2026-03-17 02:00:00+00:00,SELL,10.0,-54.39
2026-03-17 07:00:00+00:00,2026-03-17 15:00:00+00:00,BUY,10.0,8.17
2026-03-17 08:00:00+00:00,2026-03-17 15:00:00+00:00,SELL,10.0,10.79
2026-03-17 08:30:00+00:00,2026-03-17 14:00:00+00:00,BUY,10.0,-39.82
2026-03-17 09:15:00+00:00,2026-03-17 14:00:00+00:00,SELL,10.0,-29.04
2026-03-17 18:00:00+00:00,2026-03-18 00:00:00+00:00,BUY,10.0,-133.11
2026-03-17 18:30:00+00:00,2026-03-17 21:00:00+00:00,BUY,10.0,10.96
2026-03-17 19:30:00+00:00,2026-03-18 00:00:00+00:00,SELL,10.0,-137.95
2026-03-17 20:00:00+00:00,2026-03-17 21:00:00+00:00,SELL,10.0,12.63
2026-03-17 20:00:00+00:00,2026-03-18 04:00:00+00:00,BUY,10.0,-11.09
2026-03-17 21:00:00+00:00,2026-03-18 04:00:00+00:00,SELL,10.0,1.4
2026-03-17 21:30:00+00:00,2026-03-18 03:00:00+00:00,BUY,10.0,-21.22
2026-03-17 22:15:00+00:00,2026-03-18 02:00:00+00:00,BUY,10.0,-60.95
2026-03-17 22:30:00+00:00,2026-03-18 04:00:00+00:00,BUY,10.0,-3.06
2026-03-17 23:00:00+00:00,2026-03-18 02:00:00+00:00,SELL,10.0,-61.64
2026-03-17 23:00:00+00:00,2026-03-18 03:00:00+00:00,SELL,10.0,-22.09
2026-03-18 00:00:00+00:00,2026-03-18 04:00:00+00:00,SELL,10.0,-3.66
2026-03-18 06:45:00+00:00,2026-03-18 15:00:00+00:00,BUY,10.0,-13.44
2026-03-18 08:00:00+00:00,2026-03-18 15:00:00+00:00,SELL,10.0,7.66
2026-03-18 09:00:00+00:00,2026-03-18 12:00:00+00:00,BUY,10.0,28.39
2026-03-18 09:30:00+00:00,2026-03-18 15:00:00+00:00,BUY,10.0,19.3
2026-03-18 09:45:00+00:00,2026-03-18 12:00:00+00:00,SELL,10.0,28.47
2026-03-18 10:15:00+00:00,2026-03-18 15:00:00+00:00,SELL,10.0,22.24
2026-03-18 14:00:00+00:00,2026-03-18 19:00:00+00:00,BUY,10.0,22.3
2026-03-18 15:00:00+00:00,2026-03-18 19:00:00+00:00,SELL,10.0,20.05
2026-03-18 15:00:00+00:00,2026-03-19 00:00:00+00:00,BUY,10.0,-114.93
2026-03-18 15:30:00+00:00,2026-03-18 21:00:00+00:00,BUY,10.0,-30.28
2026-03-18 15:45:00+00:00,2026-03-19 01:00:00+00:00,BUY,10.0,-91.99
2026-03-18 16:00:00+00:00,2026-03-19 00:00:00+00:00,SELL,10.0,-104.78
2026-03-18 16:30:00+00:00,2026-03-18 22:00:00+00:00,BUY,10.0,-60.26
2026-03-18 16:30:00+00:00,2026-03-19 02:00:00+00:00,BUY,10.0,-16.42
2026-03-18 17:00:00+00:00,2026-03-18 21:00:00+00:00,SELL,10.0,-33.39
2026-03-18 17:15:00+00:00,2026-03-19 01:00:00+00:00,SELL,10.0,-75.41
2026-03-18 18:00:00+00:00,2026-03-18 22:00:00+00:00,SELL,10.0,-62.98
2026-03-18 18:30:00+00:00,2026-03-19 02:00:00+00:00,SELL,10.0,-10.52
2026-03-18 21:45:00+00:00,2026-03-19 02:00:00+00:00,BUY,10.0,-2.96
2026-03-18 22:30:00+00:00,2026-03-19 01:00:00+00:00,BUY,10.0,-49.39
2026-03-18 23:00:00+00:00,2026-03-19 02:00:00+00:00,SELL,10.0,-2.03
2026-03-18 23:00:00+00:00,2026-03-19 03:00:00+00:00,BUY,10.0,27.85
2026-03-18 23:30:00+00:00,2026-03-19 02:00:00+00:00,BUY,10.0,-10.28
2026-03-19 00:15:00+00:00,2026-03-19 01:00:00+00:00,SELL,10.0,-59.82
2026-03-19 00:15:00+00:00,2026-03-19 03:00:00+00:00,SELL,10.0,25.33
2026-03-19 00:30:00+00:00,2026-03-19 03:00:00+00:00,BUY,10.0,15.73
2026-03-19 01:00:00+00:00,2026-03-19 02:00:00+00:00,SELL,10.0,-15.79
2026-03-19 01:30:00+00:00,2026-03-19 11:00:00+00:00,BUY,10.0,3.58
2026-03-19 02:15:00+00:00,2026-03-19 03:00:00+00:00,SELL,10.0,2.67
2026-03-19 02:30:00+00:00,2026-03-19 11:00:00+00:00,SELL,10.0,11.32
2026-03-19 02:30:00+00:00,2026-03-19 12:00:00+00:00,BUY,10.0,9.38
2026-03-19 04:00:00+00:00,2026-03-19 12:00:00+00:00,SELL,10.0,16.13
2026-03-19 05:00:00+00:00,2026-03-19 14:00:00+00:00,BUY,10.0,-4.95
2026-03-19 06:00:00+00:00,2026-03-19 14:00:00+00:00,SELL,10.0,9.21
2026-03-19 07:45:00+00:00,2026-03-19 13:00:00+00:00,BUY,10.0,48.87
2026-03-19 08:15:00+00:00,2026-03-19 10:00:00+00:00,BUY,10.0,38.58
2026-03-19 08:45:00+00:00,2026-03-19 13:00:00+00:00,SELL,10.0,49.65
2026-03-19 09:00:00+00:00,2026-03-19 11:00:00+00:00,BUY,10.0,54.64
2026-03-19 09:15:00+00:00,2026-03-19 10:00:00+00:00,SELL,10.0,32.96
2026-03-19 10:15:00+00:00,2026-03-19 11:00:00+00:00,SELL,10.0,49.32
2026-03-19 10:30:00+00:00,2026-03-19 13:00:00+00:00,BUY,10.0,40.85
2026-03-19 11:30:00+00:00,2026-03-19 14:00:00+00:00,BUY,10.0,28.85
2026-03-19 12:15:00+00:00,2026-03-19 13:00:00+00:00,SELL,10.0,33.44
2026-03-19 13:00:00+00:00,2026-03-19 22:00:00+00:00,BUY,10.0,-33.84
2026-03-19 13:15:00+00:00,2026-03-19 14:00:00+00:00,SELL,10.0,22.16
2026-03-19 13:30:00+00:00,2026-03-19 16:00:00+00:00,BUY,10.0,29.05
2026-03-19 14:00:00+00:00,2026-03-19 22:00:00+00:00,SELL,10.0,-9.56
2026-03-19 14:15:00+00:00,2026-03-19 16:00:00+00:00,SELL,10.0,31.34
2026-03-19 17:45:00+00:00,2026-03-19 22:00:00+00:00,BUY,10.0,13.69
2026-03-19 18:00:00+00:00,2026-03-19 20:00:00+00:00,BUY,10.0,24.36
2026-03-19 18:30:00+00:00,2026-03-19 21:00:00+00:00,BUY,10.0,25.15
2026-03-19 18:45:00+00:00,2026-03-19 20:00:00+00:00,SELL,10.0,22.12
2026-03-19 20:00:00+00:00,2026-03-19 21:00:00+00:00,SELL,10.0,21.48
2026-03-19 20:15:00+00:00,2026-03-19 23:00:00+00:00,BUY,10.0,8.32
2026-03-19 21:15:00+00:00,2026-03-19 22:00:00+00:00,SELL,10.0,-8.33
2026-03-19 21:30:00+00:00,2026-03-20 07:00:00+00:00,BUY,10.0,49.87
2026-03-19 22:15:00+00:00,2026-03-19 23:00:00+00:00,SELL,10.0,-16.68
2026-03-19 22:15:00+00:00,2026-03-20 07:00:00+00:00,SELL,10.0,49.8
2026-03-20 00:45:00+00:00,2026-03-20 07:00:00+00:00,BUY,10.0,40.74
2026-03-20 02:00:00+00:00,2026-03-20 07:00:00+00:00,SELL,10.0,37.03
2026-03-20 02:00:00+00:00,2026-03-20 08:00:00+00:00,BUY,10.0,31.3
2026-03-20 02:45:00+00:00,2026-03-20 08:00:00+00:00,SELL,10.0,30.93
2026-03-20 07:15:00+00:00,2026-03-20 13:00:00+00:00,BUY,10.0,22.74
2026-03-20 08:00:00+00:00,2026-03-20 13:00:00+00:00,SELL,10.0,22.28
2026-03-20 10:15:00+00:00,2026-03-20 16:00:00+00:00,BUY,10.0,30.45
2026-03-20 10:45:00+00:00,2026-03-20 17:00:00+00:00,BUY,10.0,34.1
2026-03-20 11:00:00+00:00,2026-03-20 16:00:00+00:00,SELL,10.0,29.01
2026-03-20 11:30:00+00:00,2026-03-20 17:00:00+00:00,SELL,10.0,32.79
2026-03-20 14:30:00+00:00,2026-03-20 20:00:00+00:00,BUY,10.0,15.9
2026-03-20 16:00:00+00:00,2026-03-20 20:00:00+00:00,SELL,10.0,12.95
2026-03-20 17:15:00+00:00,2026-03-20 23:00:00+00:00,BUY,10.0,22.96
2026-03-20 18:00:00+00:00,2026-03-20 23:00:00+00:00,SELL,10.0,21.79
2026-03-20 18:15:00+00:00,2026-03-21 03:00:00+00:00,BUY,10.0,22.77
2026-03-20 19:00:00+00:00,2026-03-21 03:00:00+00:00,SELL,10.0,23.76
2026-03-20 20:15:00+00:00,2026-03-21 05:00:00+00:00,BUY,10.0,34.14
2026-03-20 21:00:00+00:00,2026-03-21 05:00:00+00:00,SELL,10.0,34.52
2026-03-20 21:15:00+00:00,2026-03-21 06:00:00+00:00,BUY,10.0,38.83
2026-03-20 21:30:00+00:00,2026-03-21 07:00:00+00:00,BUY,10.0,51.43
2026-03-20 22:30:00+00:00,2026-03-21 06:00:00+00:00,SELL,10.0,39.1
2026-03-20 22:45:00+00:00,2026-03-21 07:00:00+00:00,SELL,10.0,125.6
2026-03-20 23:15:00+00:00,2026-03-21 07:00:00+00:00,BUY,10.0,123.99
2026-03-21 00:00:00+00:00,2026-03-21 07:00:00+00:00,SELL,10.0,123.63
2026-03-21 03:00:00+00:00,2026-03-21 12:00:00+00:00,BUY,10.0,45.62
2026-03-21 04:30:00+00:00,2026-03-21 12:00:00+00:00,SELL,10.0,44.52
2026-03-21 05:15:00+00:00,2026-03-21 14:00:00+00:00,BUY,10.0,39.22
2026-03-21 06:00:00+00:00,2026-03-21 14:00:00+00:00,SELL,10.0,38.56
2026-03-21 12:15:00+00:00,2026-03-21 21:00:00+00:00,BUY,10.0,32.28
2026-03-21 13:00:00+00:00,2026-03-21 21:00:00+00:00,SELL,10.0,29.72
2026-03-22 02:45:00+00:00,2026-03-22 12:00:00+00:00,BUY,10.0,31.36
2026-03-22 03:30:00+00:00,2026-03-22 12:00:00+00:00,SELL,10.0,34.12
2026-03-22 20:45:00+00:00,2026-03-23 06:00:00+00:00,BUY,10.0,46.1
2026-03-22 21:30:00+00:00,2026-03-23 06:00:00+00:00,SELL,10.0,47.05
2026-03-22 21:45:00+00:00,2026-03-23 07:00:00+00:00,BUY,10.0,49.69
2026-03-22 23:00:00+00:00,2026-03-23 08:00:00+00:00,BUY,10.0,49.45
2026-03-22 23:15:00+00:00,2026-03-23 07:00:00+00:00,SELL,10.0,47.62
2026-03-22 23:45:00+00:00,2026-03-23 08:00:00+00:00,SELL,10.0,49.8
2026-03-23 01:00:00+00:00,2026-03-23 10:00:00+00:00,BUY,10.0,47.74
2026-03-23 01:45:00+00:00,2026-03-23 10:00:00+00:00,SELL,10.0,44.09
2026-03-23 01:45:00+00:00,2026-03-23 11:00:00+00:00,BUY,10.0,45.96
2026-03-23 02:15:00+00:00,2026-03-23 10:00:00+00:00,BUY,10.0,42.91
2026-03-23 03:00:00+00:00,2026-03-23 10:00:00+00:00,SELL,10.0,46.01
2026-03-23 03:15:00+00:00,2026-03-23 11:00:00+00:00,SELL,10.0,41.95
2026-03-23 05:00:00+00:00,2026-03-23 13:00:00+00:00,BUY,10.0,44.7
2026-03-23 05:45:00+00:00,2026-03-23 13:00:00+00:00,SELL,10.0,46.74
2026-03-23 09:00:00+00:00,2026-03-23 10:00:00+00:00,BUY,10.0,112.97
2026-03-23 09:00:00+00:00,2026-03-23 18:00:00+00:00,BUY,10.0,44.48
2026-03-23 09:15:00+00:00,2026-03-23 10:00:00+00:00,SELL,10.0,112.81
2026-03-23 09:45:00+00:00,2026-03-23 18:00:00+00:00,SELL,10.0,44.68
2026-03-23 13:45:00+00:00,2026-03-23 23:00:00+00:00,BUY,10.0,33.27
2026-03-23 15:00:00+00:00,2026-03-23 23:00:00+00:00,SELL,10.0,30.64
2026-03-23 16:45:00+00:00,2026-03-24 01:00:00+00:00,BUY,10.0,35.97
2026-03-23 18:00:00+00:00,2026-03-24 01:00:00+00:00,SELL,10.0,34.92
2026-03-23 18:45:00+00:00,2026-03-24 03:00:00+00:00,BUY,10.0,42.6
2026-03-23 20:00:00+00:00,2026-03-24 03:00:00+00:00,SELL,10.0,44.31
2026-03-23 20:30:00+00:00,2026-03-24 05:00:00+00:00,BUY,10.0,42.76
2026-03-23 21:30:00+00:00,2026-03-24 06:00:00+00:00,BUY,10.0,53.02
2026-03-23 22:00:00+00:00,2026-03-24 05:00:00+00:00,SELL,10.0,41.49
2026-03-23 23:00:00+00:00,2026-03-24 06:00:00+00:00,SELL,10.0,49.81
2026-03-23 23:45:00+00:00,2026-03-24 08:00:00+00:00,BUY,10.0,54.15
2026-03-24 00:45:00+00:00,2026-03-24 09:00:00+00:00,BUY,10.0,49.58
2026-03-24 01:00:00+00:00,2026-03-24 08:00:00+00:00,SELL,10.0,54.38
2026-03-24 01:45:00+00:00,2026-03-24 10:00:00+00:00,BUY,10.0,58.18
2026-03-24 02:00:00+00:00,2026-03-24 09:00:00+00:00,SELL,10.0,49.23
2026-03-24 03:15:00+00:00,2026-03-24 10:00:00+00:00,SELL,10.0,52.65
2026-03-24 04:00:00+00:00,2026-03-24 12:00:00+00:00,BUY,10.0,43.86
2026-03-24 04:45:00+00:00,2026-03-24 07:00:00+00:00,BUY,10.0,200.73
2026-03-24 04:45:00+00:00,2026-03-24 12:00:00+00:00,SELL,10.0,42.36
2026-03-24 05:30:00+00:00,2026-03-24 13:00:00+00:00,BUY,10.0,103.37
2026-03-24 05:45:00+00:00,2026-03-24 07:00:00+00:00,SELL,10.0,199.66
2026-03-24 06:15:00+00:00,2026-03-24 13:00:00+00:00,SELL,10.0,138.23
2026-03-24 06:30:00+00:00,2026-03-24 11:00:00+00:00,BUY,10.0,107.81
2026-03-24 06:45:00+00:00,2026-03-24 15:00:00+00:00,BUY,10.0,95.22
2026-03-24 07:15:00+00:00,2026-03-24 11:00:00+00:00,SELL,10.0,106.54
2026-03-24 08:00:00+00:00,2026-03-24 15:00:00+00:00,SELL,10.0,94.49
2026-03-24 08:00:00+00:00,2026-03-24 16:00:00+00:00,BUY,10.0,118.72
2026-03-24 09:00:00+00:00,2026-03-24 16:00:00+00:00,SELL,10.0,117.32
2026-03-24 09:30:00+00:00,2026-03-24 18:00:00+00:00,BUY,10.0,60.55
2026-03-24 10:30:00+00:00,2026-03-24 19:00:00+00:00,BUY,10.0,49.72
2026-03-24 11:00:00+00:00,2026-03-24 18:00:00+00:00,SELL,10.0,57.43
2026-03-24 12:00:00+00:00,2026-03-24 19:00:00+00:00,SELL,10.0,51.0
2026-03-24 12:00:00+00:00,2026-03-24 20:00:00+00:00,BUY,10.0,41.13
2026-03-24 12:30:00+00:00,2026-03-24 21:00:00+00:00,BUY,10.0,45.56
2026-03-24 13:00:00+00:00,2026-03-24 20:00:00+00:00,SELL,10.0,42.16
2026-03-24 14:00:00+00:00,2026-03-24 21:00:00+00:00,SELL,10.0,44.21
2026-03-24 15:45:00+00:00,2026-03-24 18:00:00+00:00,BUY,10.0,-28.13
2026-03-24 17:15:00+00:00,2026-03-24 18:00:00+00:00,SELL,10.0,-28.99
2026-03-24 17:15:00+00:00,2026-03-25 02:00:00+00:00,BUY,10.0,44.86
2026-03-24 18:00:00+00:00,2026-03-25 02:00:00+00:00,SELL,10.0,43.49
2026-03-24 19:00:00+00:00,2026-03-25 04:00:00+00:00,BUY,10.0,89.8
2026-03-24 19:45:00+00:00,2026-03-25 05:00:00+00:00,BUY,10.0,58.21
2026-03-24 20:00:00+00:00,2026-03-25 04:00:00+00:00,SELL,10.0,87.18
2026-03-24 20:45:00+00:00,2026-03-25 06:00:00+00:00,BUY,10.0,61.1
2026-03-24 21:00:00+00:00,2026-03-25 05:00:00+00:00,SELL,10.0,56.65
2026-03-24 21:30:00+00:00,2026-03-25 07:00:00+00:00,BUY,10.0,102.23
2026-03-24 22:15:00+00:00,2026-03-25 06:00:00+00:00,SELL,10.0,58.6
2026-03-24 22:45:00+00:00,2026-03-25 08:00:00+00:00,BUY,10.0,64.26
2026-03-24 23:30:00+00:00,2026-03-25 09:00:00+00:00,BUY,10.0,67.29
2026-03-24 23:45:00+00:00,2026-03-25 01:00:00+00:00,BUY,10.0,154.59
2026-03-25 00:00:00+00:00,2026-03-25 08:00:00+00:00,SELL,10.0,64.3
2026-03-25 00:15:00+00:00,2026-03-25 01:00:00+00:00,SELL,10.0,154.82
2026-03-25 00:30:00+00:00,2026-03-25 10:00:00+00:00,BUY,10.0,69.92
2026-03-25 02:00:00+00:00,2026-03-25 07:00:00+00:00,SELL,10.0,29.04
2026-03-25 02:00:00+00:00,2026-03-25 09:00:00+00:00,SELL,10.0,55.19
2026-03-25 02:00:00+00:00,2026-03-25 11:00:00+00:00,BUY,10.0,49.08
2026-03-25 02:15:00+00:00,2026-03-25 10:00:00+00:00,SELL,10.0,63.21
2026-03-25 02:30:00+00:00,2026-03-25 07:00:00+00:00,BUY,10.0,22.13
2026-03-25 02:45:00+00:00,2026-03-25 09:00:00+00:00,BUY,10.0,47.45
2026-03-25 03:00:00+00:00,2026-03-25 12:00:00+00:00,BUY,10.0,51.4
2026-03-25 03:15:00+00:00,2026-03-25 11:00:00+00:00,SELL,10.0,45.3
2026-03-25 03:30:00+00:00,2026-03-25 10:00:00+00:00,BUY,10.0,125.62
2026-03-25 04:00:00+00:00,2026-03-25 07:00:00+00:00,SELL,10.0,17.53
2026-03-25 04:15:00+00:00,2026-03-25 09:00:00+00:00,SELL,10.0,45.54
2026-03-25 04:15:00+00:00,2026-03-25 12:00:00+00:00,SELL,10.0,48.78
2026-03-25 04:15:00+00:00,2026-03-25 13:00:00+00:00,BUY,10.0,52.06
2026-03-25 04:45:00+00:00,2026-03-25 14:00:00+00:00,BUY,10.0,43.83
2026-03-25 05:00:00+00:00,2026-03-25 10:00:00+00:00,SELL,10.0,122.75
2026-03-25 05:00:00+00:00,2026-03-25 13:00:00+00:00,SELL,10.0,50.13
2026-03-25 05:15:00+00:00,2026-03-25 09:00:00+00:00,BUY,10.0,40.02
2026-03-25 05:45:00+00:00,2026-03-25 15:00:00+00:00,BUY,10.0,46.93
2026-03-25 05:45:00+00:00,2026-03-25 10:00:00+00:00,BUY,10.0,116.62
2026-03-25 06:00:00+00:00,2026-03-25 09:00:00+00:00,SELL,10.0,41.32
2026-03-25 06:15:00+00:00,2026-03-25 14:00:00+00:00,SELL,10.0,43.51
2026-03-25 06:30:00+00:00,2026-03-25 15:00:00+00:00,SELL,10.0,131.71
2026-03-25 06:45:00+00:00,2026-03-25 16:00:00+00:00,BUY,10.0,47.97
2026-03-25 07:00:00+00:00,2026-03-25 10:00:00+00:00,SELL,10.0,115.57
2026-03-25 07:15:00+00:00,2026-03-25 15:00:00+00:00,BUY,10.0,128.09
2026-03-25 07:30:00+00:00,2026-03-25 16:00:00+00:00,SELL,10.0,48.84
2026-03-25 07:45:00+00:00,2026-03-25 17:00:00+00:00,BUY,10.0,55.17
2026-03-25 08:00:00+00:00,2026-03-25 15:00:00+00:00,SELL,10.0,128.42
2026-03-25 09:15:00+00:00,2026-03-25 17:00:00+00:00,SELL,10.0,54.32
2026-03-25 09:30:00+00:00,2026-03-25 18:00:00+00:00,BUY,10.0,57.91
2026-03-25 10:00:00+00:00,2026-03-25 19:00:00+00:00,BUY,10.0,50.56
2026-03-25 10:15:00+00:00,2026-03-25 18:00:00+00:00,SELL,10.0,58.17
2026-03-25 10:45:00+00:00,2026-03-25 20:00:00+00:00,BUY,10.0,56.5
2026-03-25 11:00:00+00:00,2026-03-25 19:00:00+00:00,SELL,10.0,51.45
2026-03-25 12:00:00+00:00,2026-03-25 21:00:00+00:00,BUY,10.0,48.76
2026-03-25 12:15:00+00:00,2026-03-25 20:00:00+00:00,SELL,10.0,54.13
2026-03-25 12:45:00+00:00,2026-03-25 21:00:00+00:00,SELL,10.0,49.35
2026-03-25 12:45:00+00:00,2026-03-25 22:00:00+00:00,BUY,10.0,45.44
2026-03-25 14:15:00+00:00,2026-03-25 22:00:00+00:00,SELL,10.0,43.12
2026-03-25 16:45:00+00:00,2026-03-26 02:00:00+00:00,BUY,10.0,46.7
2026-03-25 17:45:00+00:00,2026-03-26 03:00:00+00:00,BUY,10.0,46.0
2026-03-25 18:00:00+00:00,2026-03-26 02:00:00+00:00,SELL,10.0,43.23
2026-03-25 18:30:00+00:00,2026-03-26 04:00:00+00:00,BUY,10.0,52.2
2026-03-25 18:45:00+00:00,2026-03-26 03:00:00+00:00,SELL,10.0,104.86
2026-03-25 19:15:00+00:00,2026-03-26 03:00:00+00:00,BUY,10.0,104.36
2026-03-25 20:00:00+00:00,2026-03-26 03:00:00+00:00,SELL,10.0,103.66
2026-03-25 20:30:00+00:00,2026-03-26 04:00:00+00:00,SELL,10.0,42.99
2026-03-25 20:30:00+00:00,2026-03-26 06:00:00+00:00,BUY,10.0,73.26
2026-03-25 22:00:00+00:00,2026-03-26 06:00:00+00:00,SELL,10.0,69.47
2026-03-25 22:45:00+00:00,2026-03-26 08:00:00+00:00,BUY,10.0,51.39
2026-03-25 23:30:00+00:00,2026-03-26 09:00:00+00:00,BUY,10.0,61.14
2026-03-26 00:00:00+00:00,2026-03-26 08:00:00+00:00,SELL,10.0,48.76
2026-03-26 00:30:00+00:00,2026-03-26 10:00:00+00:00,BUY,10.0,54.87
2026-03-26 00:45:00+00:00,2026-03-26 06:00:00+00:00,BUY,10.0,65.49
2026-03-26 01:30:00+00:00,2026-03-26 09:00:00+00:00,SELL,10.0,47.02
2026-03-26 01:45:00+00:00,2026-03-26 06:00:00+00:00,SELL,10.0,67.56
2026-03-26 02:00:00+00:00,2026-03-26 10:00:00+00:00,SELL,10.0,51.4
2026-03-26 02:15:00+00:00,2026-03-26 08:00:00+00:00,BUY,10.0,147.49
2026-03-26 02:30:00+00:00,2026-03-26 12:00:00+00:00,BUY,10.0,54.03
2026-03-26 03:15:00+00:00,2026-03-26 08:00:00+00:00,SELL,10.0,145.66
2026-03-26 04:00:00+00:00,2026-03-26 13:00:00+00:00,BUY,10.0,38.4
2026-03-26 04:45:00+00:00,2026-03-26 12:00:00+00:00,SELL,10.0,44.31
2026-03-26 05:00:00+00:00,2026-03-26 13:00:00+00:00,SELL,10.0,39.02
2026-03-26 06:15:00+00:00,2026-03-26 15:00:00+00:00,BUY,10.0,42.35
2026-03-26 06:30:00+00:00,2026-03-26 16:00:00+00:00,BUY,10.0,59.76
2026-03-26 07:00:00+00:00,2026-03-26 15:00:00+00:00,SELL,10.0,41.79
2026-03-26 07:45:00+00:00,2026-03-26 17:00:00+00:00,BUY,10.0,51.35
2026-03-26 08:45:00+00:00,2026-03-26 16:00:00+00:00,SELL,10.0,50.98
2026-03-26 09:00:00+00:00,2026-03-26 17:00:00+00:00,SELL,10.0,50.5
2026-03-26 09:45:00+00:00,2026-03-26 19:00:00+00:00,BUY,10.0,54.72
2026-03-26 10:45:00+00:00,2026-03-26 19:00:00+00:00,SELL,10.0,50.01
2026-03-26 11:00:00+00:00,2026-03-26 19:00:00+00:00,BUY,10.0,50.52
2026-03-26 12:00:00+00:00,2026-03-26 19:00:00+00:00,SELL,10.0,54.03
2026-03-26 14:15:00+00:00,2026-03-26 23:00:00+00:00,BUY,10.0,40.01
2026-03-26 15:00:00+00:00,2026-03-26 23:00:00+00:00,SELL,10.0,39.14
2026-03-26 19:30:00+00:00,2026-03-27 04:00:00+00:00,BUY,10.0,34.8
2026-03-26 20:15:00+00:00,2026-03-27 04:00:00+00:00,SELL,10.0,36.17
2026-03-27 03:30:00+00:00,2026-03-27 12:00:00+00:00,BUY,10.0,48.79
2026-03-27 04:45:00+00:00,2026-03-27 12:00:00+00:00,SELL,10.0,47.56
2026-03-28 02:00:00+00:00,2026-03-28 11:00:00+00:00,BUY,10.0,50.92
2026-03-28 02:45:00+00:00,2026-03-28 11:00:00+00:00,SELL,10.0,47.45
2026-03-28 18:15:00+00:00,2026-03-29 00:00:00+00:00,BUY,10.0,120.25
2026-03-28 19:00:00+00:00,2026-03-29 00:00:00+00:00,SELL,10.0,121.18
2026-03-28 19:00:00+00:00,2026-03-29 01:00:00+00:00,BUY,10.0,48.31
2026-03-28 19:30:00+00:00,2026-03-29 04:00:00+00:00,BUY,10.0,66.23
2026-03-28 19:30:00+00:00,2026-03-29 02:00:00+00:00,BUY,10.0,47.6
2026-03-28 19:45:00+00:00,2026-03-29 01:00:00+00:00,SELL,10.0,49.89
2026-03-28 20:30:00+00:00,2026-03-29 03:00:00+00:00,BUY,10.0,57.56
2026-03-28 20:30:00+00:00,2026-03-29 02:00:00+00:00,SELL,10.0,48.67
2026-03-28 21:15:00+00:00,2026-03-29 04:00:00+00:00,SELL,10.0,59.06
2026-03-28 21:45:00+00:00,2026-03-29 05:00:00+00:00,BUY,10.0,81.07
2026-03-28 21:45:00+00:00,2026-03-29 04:00:00+00:00,BUY,10.0,52.59
2026-03-28 22:00:00+00:00,2026-03-29 03:00:00+00:00,SELL,10.0,56.61
2026-03-28 22:30:00+00:00,2026-03-29 07:00:00+00:00,BUY,10.0,96.04
2026-03-28 23:00:00+00:00,2026-03-29 04:00:00+00:00,SELL,10.0,54.96
2026-03-28 23:30:00+00:00,2026-03-29 08:00:00+00:00,BUY,10.0,144.35
2026-03-29 00:00:00+00:00,2026-03-29 05:00:00+00:00,SELL,10.0,63.35
2026-03-29 00:00:00+00:00,2026-03-29 07:00:00+00:00,SELL,10.0,254.95
2026-03-29 00:30:00+00:00,2026-03-29 05:00:00+00:00,BUY,10.0,56.56
2026-03-29 00:30:00+00:00,2026-03-29 07:00:00+00:00,BUY,10.0,230.88
2026-03-29 02:00:00+00:00,2026-03-29 07:00:00+00:00,SELL,10.0,235.57
2026-03-29 02:15:00+00:00,2026-03-29 10:00:00+00:00,BUY,10.0,76.65
2026-03-29 02:30:00+00:00,2026-03-29 07:00:00+00:00,BUY,10.0,226.19
2026-03-29 03:00:00+00:00,2026-03-29 08:00:00+00:00,SELL,10.0,128.24
2026-03-29 03:15:00+00:00,2026-03-29 05:00:00+00:00,SELL,10.0,40.91
2026-03-29 03:30:00+00:00,2026-03-29 05:00:00+00:00,BUY,10.0,34.93
2026-03-29 03:30:00+00:00,2026-03-29 08:00:00+00:00,BUY,10.0,123.23
2026-03-29 04:15:00+00:00,2026-03-29 05:00:00+00:00,SELL,10.0,90.89
2026-03-29 04:45:00+00:00,2026-03-29 11:00:00+00:00,BUY,10.0,61.0
2026-03-29 05:00:00+00:00,2026-03-29 10:00:00+00:00,SELL,10.0,65.65
2026-03-29 05:15:00+00:00,2026-03-29 07:00:00+00:00,SELL,10.0,219.11
2026-03-29 05:45:00+00:00,2026-03-29 12:00:00+00:00,BUY,10.0,58.14
2026-03-29 06:00:00+00:00,2026-03-29 11:00:00+00:00,SELL,10.0,64.0
2026-03-29 06:15:00+00:00,2026-03-29 08:00:00+00:00,SELL,10.0,101.39
2026-03-29 06:30:00+00:00,2026-03-29 08:00:00+00:00,BUY,10.0,95.5
2026-03-29 07:00:00+00:00,2026-03-29 12:00:00+00:00,SELL,10.0,58.12
2026-03-29 07:15:00+00:00,2026-03-29 08:00:00+00:00,SELL,10.0,90.32
2026-03-29 08:30:00+00:00,2026-03-29 17:00:00+00:00,BUY,10.0,97.01
2026-03-29 08:45:00+00:00,2026-03-29 15:00:00+00:00,BUY,10.0,57.79
2026-03-29 09:30:00+00:00,2026-03-29 16:00:00+00:00,BUY,10.0,134.61
2026-03-29 09:30:00+00:00,2026-03-29 18:00:00+00:00,BUY,10.0,126.81
2026-03-29 10:00:00+00:00,2026-03-29 15:00:00+00:00,SELL,10.0,59.83
2026-03-29 10:00:00+00:00,2026-03-29 17:00:00+00:00,SELL,10.0,91.64
2026-03-29 10:00:00+00:00,2026-03-29 19:00:00+00:00,BUY,10.0,90.45
2026-03-29 10:30:00+00:00,2026-03-29 17:00:00+00:00,BUY,10.0,76.19
2026-03-29 11:00:00+00:00,2026-03-29 16:00:00+00:00,SELL,10.0,135.42
2026-03-29 11:00:00+00:00,2026-03-29 18:00:00+00:00,SELL,10.0,122.01
2026-03-29 11:30:00+00:00,2026-03-29 18:00:00+00:00,BUY,10.0,86.87
2026-03-29 12:00:00+00:00,2026-03-29 17:00:00+00:00,SELL,10.0,70.61
2026-03-29 12:00:00+00:00,2026-03-29 19:00:00+00:00,SELL,10.0,80.39
2026-03-29 12:30:00+00:00,2026-03-29 19:00:00+00:00,BUY,10.0,63.69
2026-03-29 12:45:00+00:00,2026-03-29 17:00:00+00:00,BUY,10.0,65.25
2026-03-29 13:00:00+00:00,2026-03-29 18:00:00+00:00,SELL,10.0,94.21
2026-03-29 13:00:00+00:00,2026-03-29 21:00:00+00:00,BUY,10.0,60.92
2026-03-29 13:30:00+00:00,2026-03-29 18:00:00+00:00,BUY,10.0,85.25
2026-03-29 13:45:00+00:00,2026-03-29 20:00:00+00:00,BUY,10.0,64.02
2026-03-29 14:00:00+00:00,2026-03-29 21:00:00+00:00,SELL,10.0,60.22
2026-03-29 14:30:00+00:00,2026-03-29 21:00:00+00:00,BUY,10.0,52.69
2026-03-29 15:00:00+00:00,2026-03-29 17:00:00+00:00,SELL,10.0,60.07
2026-03-29 15:15:00+00:00,2026-03-29 20:00:00+00:00,SELL,10.0,62.14
2026-03-29 15:30:00+00:00,2026-03-29 19:00:00+00:00,SELL,10.0,-35.9
2026-03-29 15:30:00+00:00,2026-03-29 17:00:00+00:00,BUY,10.0,55.31
2026-03-29 16:00:00+00:00,2026-03-29 19:00:00+00:00,BUY,10.0,-41.57
2026-03-29 16:00:00+00:00,2026-03-29 21:00:00+00:00,SELL,10.0,49.61
2026-03-29 16:15:00+00:00,2026-03-29 18:00:00+00:00,SELL,10.0,56.65
2026-03-29 16:15:00+00:00,2026-03-29 17:00:00+00:00,SELL,10.0,54.39
2026-03-29 16:45:00+00:00,2026-03-29 22:00:00+00:00,BUY,10.0,138.74
2026-03-29 17:15:00+00:00,2026-03-29 19:00:00+00:00,SELL,10.0,-43.74
2026-03-29 17:30:00+00:00,2026-03-29 22:00:00+00:00,SELL,10.0,138.06
2026-03-30 13:00:00+00:00,2026-03-30 14:00:00+00:00,BUY,10.0,143.15
2026-03-30 13:15:00+00:00,2026-03-30 14:00:00+00:00,SELL,10.0,143.08
2026-03-30 22:15:00+00:00,2026-03-31 06:00:00+00:00,BUY,10.0,55.29
2026-03-30 23:00:00+00:00,2026-03-31 06:00:00+00:00,SELL,10.0,58.98
2026-03-31 00:45:00+00:00,2026-03-31 06:00:00+00:00,BUY,10.0,54.08
2026-03-31 01:30:00+00:00,2026-03-31 06:00:00+00:00,SELL,10.0,51.81
2026-03-31 05:30:00+00:00,2026-03-31 14:00:00+00:00,BUY,10.0,45.87
2026-03-31 06:15:00+00:00,2026-03-31 14:00:00+00:00,SELL,10.0,45.74
2026-03-31 08:30:00+00:00,2026-03-31 17:00:00+00:00,BUY,10.0,137.16
2026-03-31 09:15:00+00:00,2026-03-31 17:00:00+00:00,SELL,10.0,138.0
2026-03-31 13:00:00+00:00,2026-03-31 15:00:00+00:00,BUY,10.0,112.01
2026-03-31 13:45:00+00:00,2026-03-31 15:00:00+00:00,SELL,10.0,111.56
2026-03-31 23:45:00+00:00,2026-04-01 08:00:00+00:00,BUY,10.0,84.52
2026-04-01 01:00:00+00:00,2026-04-01 08:00:00+00:00,SELL,10.0,86.59
2026-04-01 01:15:00+00:00,2026-04-01 09:00:00+00:00,BUY,10.0,48.29
2026-04-01 01:45:00+00:00,2026-04-01 10:00:00+00:00,BUY,10.0,51.61
2026-04-01 02:00:00+00:00,2026-04-01 09:00:00+00:00,SELL,10.0,51.93
2026-04-01 02:45:00+00:00,2026-04-01 07:00:00+00:00,BUY,10.0,281.75
2026-04-01 03:00:00+00:00,2026-04-01 10:00:00+00:00,SELL,10.0,53.63
2026-04-01 03:00:00+00:00,2026-04-01 11:00:00+00:00,BUY,10.0,50.89
2026-04-01 03:45:00+00:00,2026-04-01 07:00:00+00:00,SELL,10.0,283.0
2026-04-01 03:45:00+00:00,2026-04-01 12:00:00+00:00,BUY,10.0,49.5
2026-04-01 04:00:00+00:00,2026-04-01 11:00:00+00:00,SELL,10.0,54.61
2026-04-01 04:30:00+00:00,2026-04-01 12:00:00+00:00,SELL,10.0,51.65
2026-04-01 04:30:00+00:00,2026-04-01 13:00:00+00:00,BUY,10.0,48.61
2026-04-01 06:00:00+00:00,2026-04-01 13:00:00+00:00,SELL,10.0,50.53
2026-04-01 09:45:00+00:00,2026-04-01 18:00:00+00:00,BUY,10.0,43.34
2026-04-01 11:00:00+00:00,2026-04-01 18:00:00+00:00,SELL,10.0,47.06
2026-04-01 13:00:00+00:00,2026-04-01 21:00:00+00:00,BUY,10.0,39.67
2026-04-01 13:45:00+00:00,2026-04-01 21:00:00+00:00,SELL,10.0,41.43
2026-04-01 20:00:00+00:00,2026-04-02 04:00:00+00:00,BUY,10.0,125.35
2026-04-01 20:45:00+00:00,2026-04-02 04:00:00+00:00,SELL,10.0,126.73
2026-04-01 21:30:00+00:00,2026-04-02 07:00:00+00:00,BUY,10.0,44.5
2026-04-01 22:45:00+00:00,2026-04-02 07:00:00+00:00,SELL,10.0,39.5
2026-04-01 23:30:00+00:00,2026-04-02 08:00:00+00:00,BUY,10.0,88.82
2026-04-02 00:15:00+00:00,2026-04-02 08:00:00+00:00,SELL,10.0,90.49
2026-04-02 00:30:00+00:00,2026-04-02 09:00:00+00:00,BUY,10.0,65.17
2026-04-02 01:30:00+00:00,2026-04-02 09:00:00+00:00,SELL,10.0,66.0
2026-04-02 02:45:00+00:00,2026-04-02 08:00:00+00:00,BUY,10.0,83.51
2026-04-02 04:00:00+00:00,2026-04-02 08:00:00+00:00,SELL,10.0,79.34
2026-04-02 06:30:00+00:00,2026-04-02 08:00:00+00:00,BUY,10.0,111.57
2026-04-02 07:15:00+00:00,2026-04-02 08:00:00+00:00,SELL,10.0,110.32
2026-04-02 08:45:00+00:00,2026-04-02 17:00:00+00:00,BUY,10.0,57.38
2026-04-02 10:15:00+00:00,2026-04-02 17:00:00+00:00,SELL,10.0,56.76
2026-04-02 12:00:00+00:00,2026-04-02 20:00:00+00:00,BUY,10.0,25.08
2026-04-02 13:30:00+00:00,2026-04-02 20:00:00+00:00,SELL,10.0,26.54
2026-04-04 18:30:00+00:00,2026-04-05 04:00:00+00:00,BUY,10.0,33.63
2026-04-04 20:00:00+00:00,2026-04-05 04:00:00+00:00,SELL,10.0,32.38
2026-04-04 22:00:00+00:00,2026-04-05 07:00:00+00:00,BUY,10.0,44.24
2026-04-04 22:30:00+00:00,2026-04-05 08:00:00+00:00,BUY,10.0,44.62
2026-04-04 23:00:00+00:00,2026-04-05 07:00:00+00:00,SELL,10.0,42.74
2026-04-05 00:00:00+00:00,2026-04-05 08:00:00+00:00,SELL,10.0,41.52
2026-04-05 00:00:00+00:00,2026-04-05 09:00:00+00:00,BUY,10.0,45.63
2026-04-05 01:00:00+00:00,2026-04-05 09:00:00+00:00,SELL,10.0,42.41
2026-04-05 02:15:00+00:00,2026-04-05 11:00:00+00:00,BUY,10.0,36.26
2026-04-05 03:15:00+00:00,2026-04-05 11:00:00+00:00,SELL,10.0,33.94
2026-04-05 05:00:00+00:00,2026-04-05 14:00:00+00:00,BUY,10.0,37.77
2026-04-05 06:00:00+00:00,2026-04-05 14:00:00+00:00,SELL,10.0,34.99
2026-04-05 06:30:00+00:00,2026-04-05 15:00:00+00:00,BUY,10.0,39.71
2026-04-05 07:15:00+00:00,2026-04-05 15:00:00+00:00,SELL,10.0,38.93
2026-04-05 07:45:00+00:00,2026-04-05 17:00:00+00:00,BUY,10.0,41.22
2026-04-05 09:00:00+00:00,2026-04-05 17:00:00+00:00,SELL,10.0,39.87
2026-04-05 09:15:00+00:00,2026-04-05 18:00:00+00:00,BUY,10.0,42.82
2026-04-05 10:00:00+00:00,2026-04-05 18:00:00+00:00,SELL,10.0,40.25
2026-04-05 10:15:00+00:00,2026-04-05 19:00:00+00:00,BUY,10.0,45.2
2026-04-05 11:00:00+00:00,2026-04-05 19:00:00+00:00,SELL,10.0,45.29
2026-04-05 22:30:00+00:00,2026-04-06 07:00:00+00:00,BUY,10.0,42.84
2026-04-05 23:15:00+00:00,2026-04-06 07:00:00+00:00,SELL,10.0,44.13
2026-04-06 01:15:00+00:00,2026-04-06 10:00:00+00:00,BUY,10.0,90.22
2026-04-06 02:15:00+00:00,2026-04-06 10:00:00+00:00,SELL,10.0,88.67
2026-04-06 05:30:00+00:00,2026-04-06 14:00:00+00:00,BUY,10.0,26.84
2026-04-06 06:30:00+00:00,2026-04-06 14:00:00+00:00,SELL,10.0,27.5
2026-04-06 14:30:00+00:00,2026-04-06 23:00:00+00:00,BUY,10.0,15.16
2026-04-06 15:15:00+00:00,2026-04-06 23:00:00+00:00,SELL,10.0,14.89
2026-04-06 15:45:00+00:00,2026-04-07 00:00:00+00:00,BUY,10.0,-31.28
2026-04-06 17:00:00+00:00,2026-04-07 00:00:00+00:00,SELL,10.0,-16.12
2026-04-06 17:45:00+00:00,2026-04-07 02:00:00+00:00,BUY,10.0,1.31
2026-04-06 18:45:00+00:00,2026-04-07 03:00:00+00:00,BUY,10.0,-13.21
2026-04-06 19:00:00+00:00,2026-04-07 02:00:00+00:00,SELL,10.0,8.98
2026-04-06 20:00:00+00:00,2026-04-07 04:00:00+00:00,BUY,10.0,-8.39
2026-04-06 20:00:00+00:00,2026-04-07 03:00:00+00:00,SELL,10.0,-4.09
2026-04-06 21:00:00+00:00,2026-04-07 04:00:00+00:00,SELL,10.0,3.85
2026-04-07 01:00:00+00:00,2026-04-07 02:00:00+00:00,BUY,10.0,-5.15
2026-04-07 01:15:00+00:00,2026-04-07 02:00:00+00:00,SELL,10.0,-5.37
2026-04-07 01:30:00+00:00,2026-04-07 10:00:00+00:00,BUY,10.0,4.1
2026-04-07 01:30:00+00:00,2026-04-07 11:00:00+00:00,BUY,10.0,-37.41
2026-04-07 02:15:00+00:00,2026-04-07 10:00:00+00:00,SELL,10.0,3.48
2026-04-07 02:30:00+00:00,2026-04-07 12:00:00+00:00,BUY,10.0,-66.04
2026-04-07 03:45:00+00:00,2026-04-07 13:00:00+00:00,BUY,10.0,-69.45
2026-04-07 04:15:00+00:00,2026-04-07 11:00:00+00:00,SELL,10.0,-41.95
2026-04-07 05:00:00+00:00,2026-04-07 12:00:00+00:00,SELL,10.0,-51.37
2026-04-07 05:15:00+00:00,2026-04-07 13:00:00+00:00,SELL,10.0,-71.59
2026-04-07 07:30:00+00:00,2026-04-07 17:00:00+00:00,BUY,10.0,9.55
2026-04-07 07:30:00+00:00,2026-04-07 15:00:00+00:00,BUY,10.0,-61.13
2026-04-07 07:45:00+00:00,2026-04-07 16:00:00+00:00,BUY,10.0,4.63
2026-04-07 08:15:00+00:00,2026-04-07 15:00:00+00:00,SELL,10.0,-54.98
2026-04-07 08:45:00+00:00,2026-04-07 15:00:00+00:00,BUY,10.0,-72.3
2026-04-07 09:00:00+00:00,2026-04-07 16:00:00+00:00,SELL,10.0,10.53
2026-04-07 09:45:00+00:00,2026-04-07 17:00:00+00:00,SELL,10.0,13.66
2026-04-07 10:00:00+00:00,2026-04-07 15:00:00+00:00,SELL,10.0,-62.7
2026-04-07 13:30:00+00:00,2026-04-07 22:00:00+00:00,BUY,10.0,-35.44
2026-04-07 14:30:00+00:00,2026-04-07 23:00:00+00:00,BUY,10.0,-15.77
2026-04-07 15:00:00+00:00,2026-04-07 22:00:00+00:00,SELL,10.0,-19.47
2026-04-07 15:45:00+00:00,2026-04-07 22:00:00+00:00,BUY,10.0,-28.82
2026-04-07 16:00:00+00:00,2026-04-07 23:00:00+00:00,SELL,10.0,-1.08
2026-04-07 17:00:00+00:00,2026-04-07 22:00:00+00:00,SELL,10.0,-21.49
2026-04-08 05:15:00+00:00,2026-04-08 12:00:00+00:00,BUY,10.0,11.42
2026-04-08 06:00:00+00:00,2026-04-08 12:00:00+00:00,SELL,10.0,11.85
2026-04-08 06:45:00+00:00,2026-04-08 14:00:00+00:00,BUY,10.0,19.22
2026-04-08 07:00:00+00:00,2026-04-08 15:00:00+00:00,BUY,10.0,13.01
2026-04-08 07:30:00+00:00,2026-04-08 14:00:00+00:00,SELL,10.0,19.57
2026-04-08 07:45:00+00:00,2026-04-08 15:00:00+00:00,SELL,10.0,11.27
2026-04-08 15:00:00+00:00,2026-04-09 00:00:00+00:00,BUY,10.0,8.86
2026-04-08 15:15:00+00:00,2026-04-08 23:00:00+00:00,BUY,10.0,16.0
2026-04-08 15:30:00+00:00,2026-04-09 01:00:00+00:00,BUY,10.0,-23.12
2026-04-08 15:45:00+00:00,2026-04-09 00:00:00+00:00,SELL,10.0,9.34
2026-04-08 16:00:00+00:00,2026-04-08 23:00:00+00:00,SELL,10.0,15.62
2026-04-08 17:15:00+00:00,2026-04-09 01:00:00+00:00,SELL,10.0,-27.05
2026-04-09 20:30:00+00:00,2026-04-10 05:00:00+00:00,BUY,10.0,46.34
2026-04-09 21:15:00+00:00,2026-04-10 05:00:00+00:00,SELL,10.0,45.38
2026-04-09 21:30:00+00:00,2026-04-10 07:00:00+00:00,BUY,10.0,74.81
2026-04-09 23:30:00+00:00,2026-04-10 08:00:00+00:00,BUY,10.0,70.64
2026-04-09 23:45:00+00:00,2026-04-10 09:00:00+00:00,BUY,10.0,63.71
2026-04-10 00:45:00+00:00,2026-04-10 10:00:00+00:00,BUY,10.0,81.1
2026-04-10 00:45:00+00:00,2026-04-10 09:00:00+00:00,SELL,10.0,62.94
2026-04-10 01:30:00+00:00,2026-04-10 09:00:00+00:00,BUY,10.0,55.44
2026-04-10 01:45:00+00:00,2026-04-10 07:00:00+00:00,SELL,10.0,49.72
2026-04-10 02:15:00+00:00,2026-04-10 08:00:00+00:00,SELL,10.0,52.58
2026-04-10 03:00:00+00:00,2026-04-10 09:00:00+00:00,SELL,10.0,54.56
2026-04-10 03:00:00+00:00,2026-04-10 11:00:00+00:00,BUY,10.0,42.9
2026-04-10 04:00:00+00:00,2026-04-10 10:00:00+00:00,SELL,10.0,39.98
2026-04-10 04:15:00+00:00,2026-04-10 11:00:00+00:00,SELL,10.0,38.43
2026-04-10 04:45:00+00:00,2026-04-10 13:00:00+00:00,BUY,10.0,50.2
2026-04-10 04:45:00+00:00,2026-04-10 12:00:00+00:00,BUY,10.0,36.19
2026-04-10 05:30:00+00:00,2026-04-10 12:00:00+00:00,SELL,10.0,35.45
2026-04-10 06:30:00+00:00,2026-04-10 08:00:00+00:00,BUY,10.0,45.13
2026-04-10 07:00:00+00:00,2026-04-10 13:00:00+00:00,SELL,10.0,40.74
2026-04-10 07:15:00+00:00,2026-04-10 08:00:00+00:00,SELL,10.0,47.33
2026-04-10 07:15:00+00:00,2026-04-10 15:00:00+00:00,BUY,10.0,50.47
2026-04-10 07:30:00+00:00,2026-04-10 10:00:00+00:00,BUY,10.0,40.27
2026-04-10 08:00:00+00:00,2026-04-10 16:00:00+00:00,BUY,10.0,57.52
2026-04-10 08:30:00+00:00,2026-04-10 10:00:00+00:00,SELL,10.0,38.23
2026-04-10 08:45:00+00:00,2026-04-10 15:00:00+00:00,SELL,10.0,44.64
2026-04-10 09:00:00+00:00,2026-04-10 17:00:00+00:00,BUY,10.0,49.71
2026-04-10 09:45:00+00:00,2026-04-10 17:00:00+00:00,SELL,10.0,47.17
2026-04-10 09:45:00+00:00,2026-04-10 18:00:00+00:00,BUY,10.0,55.41
2026-04-10 10:15:00+00:00,2026-04-10 16:00:00+00:00,SELL,10.0,46.23
2026-04-10 11:15:00+00:00,2026-04-10 18:00:00+00:00,SELL,10.0,50.27
2026-04-10 11:30:00+00:00,2026-04-10 19:00:00+00:00,BUY,10.0,48.0
2026-04-10 11:30:00+00:00,2026-04-10 20:00:00+00:00,BUY,10.0,61.06
2026-04-10 12:30:00+00:00,2026-04-10 20:00:00+00:00,SELL,10.0,57.7
2026-04-10 13:00:00+00:00,2026-04-10 19:00:00+00:00,SELL,10.0,46.18
2026-04-10 13:30:00+00:00,2026-04-10 20:00:00+00:00,BUY,10.0,51.73
2026-04-10 14:15:00+00:00,2026-04-10 23:00:00+00:00,BUY,10.0,39.97
2026-04-10 15:00:00+00:00,2026-04-10 20:00:00+00:00,SELL,10.0,53.78
2026-04-10 15:00:00+00:00,2026-04-10 23:00:00+00:00,SELL,10.0,38.3
2026-04-11 01:45:00+00:00,2026-04-11 09:00:00+00:00,BUY,10.0,63.23
2026-04-11 03:00:00+00:00,2026-04-11 09:00:00+00:00,SELL,10.0,60.4
2026-04-11 14:45:00+00:00,2026-04-12 00:00:00+00:00,BUY,10.0,31.35
2026-04-11 16:00:00+00:00,2026-04-12 00:00:00+00:00,SELL,10.0,30.39
2026-04-11 23:30:00+00:00,2026-04-12 02:00:00+00:00,BUY,10.0,126.38
2026-04-12 00:15:00+00:00,2026-04-12 02:00:00+00:00,SELL,10.0,125.72
2026-04-12 06:30:00+00:00,2026-04-12 14:00:00+00:00,BUY,10.0,29.54
2026-04-12 07:15:00+00:00,2026-04-12 14:00:00+00:00,SELL,10.0,29.12
2026-04-12 09:15:00+00:00,2026-04-12 18:00:00+00:00,BUY,10.0,-8.05
2026-04-12 10:45:00+00:00,2026-04-12 18:00:00+00:00,SELL,10.0,-12.19
2026-04-12 14:30:00+00:00,2026-04-13 00:00:00+00:00,BUY,10.0,-11.92
2026-04-12 15:30:00+00:00,2026-04-13 01:00:00+00:00,BUY,10.0,5.31
2026-04-12 16:00:00+00:00,2026-04-13 00:00:00+00:00,SELL,10.0,-9.74
2026-04-12 16:30:00+00:00,2026-04-13 00:00:00+00:00,BUY,10.0,-20.88
2026-04-12 16:30:00+00:00,2026-04-13 02:00:00+00:00,BUY,10.0,0.44
2026-04-12 17:00:00+00:00,2026-04-13 01:00:00+00:00,SELL,10.0,0.46
2026-04-12 18:00:00+00:00,2026-04-13 00:00:00+00:00,SELL,10.0,-14.74
2026-04-12 18:00:00+00:00,2026-04-13 02:00:00+00:00,SELL,10.0,-2.2
2026-04-12 18:30:00+00:00,2026-04-13 02:00:00+00:00,BUY,10.0,-11.99
2026-04-12 20:00:00+00:00,2026-04-13 02:00:00+00:00,SELL,10.0,-2.58
2026-04-13 02:30:00+00:00,2026-04-13 10:00:00+00:00,BUY,10.0,22.02
2026-04-13 03:15:00+00:00,2026-04-13 10:00:00+00:00,SELL,10.0,21.2
2026-04-13 05:30:00+00:00,2026-04-13 13:00:00+00:00,BUY,10.0,18.91
2026-04-13 06:30:00+00:00,2026-04-13 13:00:00+00:00,SELL,10.0,20.3
2026-04-13 08:30:00+00:00,2026-04-13 16:00:00+00:00,BUY,10.0,9.61
2026-04-13 10:00:00+00:00,2026-04-13 16:00:00+00:00,SELL,10.0,13.11
2026-04-13 12:15:00+00:00,2026-04-13 21:00:00+00:00,BUY,10.0,18.76
2026-04-13 12:45:00+00:00,2026-04-13 22:00:00+00:00,BUY,10.0,2.63
2026-04-13 13:00:00+00:00,2026-04-13 21:00:00+00:00,SELL,10.0,18.96
2026-04-13 14:00:00+00:00,2026-04-13 22:00:00+00:00,SELL,10.0,6.41
2026-04-13 14:45:00+00:00,2026-04-13 22:00:00+00:00,BUY,10.0,0.1
2026-04-13 16:00:00+00:00,2026-04-13 22:00:00+00:00,SELL,10.0,4.18
2026-04-13 17:30:00+00:00,2026-04-14 00:00:00+00:00,BUY,10.0,27.01
2026-04-13 18:30:00+00:00,2026-04-14 01:00:00+00:00,BUY,10.0,11.38
2026-04-13 19:00:00+00:00,2026-04-14 00:00:00+00:00,SELL,10.0,33.82
2026-04-13 19:00:00+00:00,2026-04-14 02:00:00+00:00,BUY,10.0,23.55
2026-04-13 20:00:00+00:00,2026-04-14 01:00:00+00:00,SELL,10.0,16.61
2026-04-13 20:30:00+00:00,2026-04-14 03:00:00+00:00,BUY,10.0,35.85
2026-04-13 21:00:00+00:00,2026-04-14 02:00:00+00:00,SELL,10.0,26.85
2026-04-13 21:15:00+00:00,2026-04-14 00:00:00+00:00,BUY,10.0,26.99
2026-04-13 21:30:00+00:00,2026-04-14 01:00:00+00:00,BUY,10.0,18.99
2026-04-13 21:30:00+00:00,2026-04-14 04:00:00+00:00,BUY,10.0,-10.77
2026-04-13 21:45:00+00:00,2026-04-14 02:00:00+00:00,BUY,10.0,18.7
2026-04-13 22:00:00+00:00,2026-04-14 03:00:00+00:00,SELL,10.0,51.95
2026-04-13 22:15:00+00:00,2026-04-14 01:00:00+00:00,SELL,10.0,18.6
2026-04-13 22:30:00+00:00,2026-04-14 04:00:00+00:00,SELL,10.0,10.55
2026-04-13 22:45:00+00:00,2026-04-14 01:00:00+00:00,BUY,10.0,10.68
2026-04-13 22:45:00+00:00,2026-04-14 03:00:00+00:00,BUY,10.0,43.53
2026-04-13 23:15:00+00:00,2026-04-14 02:00:00+00:00,SELL,10.0,15.56
2026-04-13 23:15:00+00:00,2026-04-14 00:00:00+00:00,SELL,10.0,15.54
2026-04-13 23:45:00+00:00,2026-04-14 02:00:00+00:00,BUY,10.0,8.2
2026-04-14 00:15:00+00:00,2026-04-14 03:00:00+00:00,SELL,10.0,38.31
2026-04-14 00:15:00+00:00,2026-04-14 01:00:00+00:00,SELL,10.0,7.38
2026-04-14 00:30:00+00:00,2026-04-14 03:00:00+00:00,BUY,10.0,36.45
2026-04-14 01:15:00+00:00,2026-04-14 02:00:00+00:00,SELL,10.0,1.9
2026-04-14 01:30:00+00:00,2026-04-14 04:00:00+00:00,BUY,10.0,5.08
2026-04-14 02:15:00+00:00,2026-04-14 03:00:00+00:00,SELL,10.0,31.33
2026-04-14 03:15:00+00:00,2026-04-14 04:00:00+00:00,SELL,10.0,-0.69
2026-04-14 15:15:00+00:00,2026-04-14 22:00:00+00:00,BUY,10.0,18.33
2026-04-14 15:30:00+00:00,2026-04-15 00:00:00+00:00,BUY,10.0,4.51
2026-04-14 16:00:00+00:00,2026-04-14 20:00:00+00:00,BUY,10.0,32.59
2026-04-14 16:30:00+00:00,2026-04-14 23:00:00+00:00,BUY,10.0,38.7
2026-04-14 16:45:00+00:00,2026-04-15 00:00:00+00:00,SELL,10.0,4.86
2026-04-14 16:45:00+00:00,2026-04-14 20:00:00+00:00,SELL,10.0,33.03
2026-04-14 17:00:00+00:00,2026-04-14 22:00:00+00:00,SELL,10.0,18.82
2026-04-14 17:45:00+00:00,2026-04-14 22:00:00+00:00,BUY,10.0,11.52
2026-04-14 17:45:00+00:00,2026-04-15 02:00:00+00:00,BUY,10.0,20.51
2026-04-14 18:00:00+00:00,2026-04-14 23:00:00+00:00,SELL,10.0,47.42
2026-04-14 18:30:00+00:00,2026-04-15 02:00:00+00:00,SELL,10.0,21.41
2026-04-14 18:45:00+00:00,2026-04-14 21:00:00+00:00,BUY,10.0,98.7
2026-04-14 19:00:00+00:00,2026-04-14 22:00:00+00:00,SELL,10.0,11.2
2026-04-14 19:15:00+00:00,2026-04-14 23:00:00+00:00,BUY,10.0,40.87
2026-04-14 19:30:00+00:00,2026-04-14 22:00:00+00:00,BUY,10.0,6.32
2026-04-14 19:30:00+00:00,2026-04-14 21:00:00+00:00,SELL,10.0,98.57
2026-04-14 20:00:00+00:00,2026-04-14 23:00:00+00:00,SELL,10.0,45.18
2026-04-14 20:45:00+00:00,2026-04-14 23:00:00+00:00,BUY,10.0,34.04
2026-04-14 21:00:00+00:00,2026-04-14 22:00:00+00:00,SELL,10.0,1.39
2026-04-14 22:15:00+00:00,2026-04-14 23:00:00+00:00,SELL,10.0,29.19
2026-04-15 00:15:00+00:00,2026-04-15 08:00:00+00:00,BUY,10.0,36.39
2026-04-15 01:00:00+00:00,2026-04-15 08:00:00+00:00,SELL,10.0,38.46
2026-04-15 12:30:00+00:00,2026-04-15 21:00:00+00:00,BUY,10.0,17.51
2026-04-15 14:00:00+00:00,2026-04-15 21:00:00+00:00,SELL,10.0,23.35
2026-04-15 15:00:00+00:00,2026-04-15 23:00:00+00:00,BUY,10.0,19.98
2026-04-15 16:00:00+00:00,2026-04-15 23:00:00+00:00,SELL,10.0,23.05
2026-04-15 16:45:00+00:00,2026-04-16 02:00:00+00:00,BUY,10.0,9.84
2026-04-15 18:15:00+00:00,2026-04-16 02:00:00+00:00,SELL,10.0,10.58
2026-04-15 19:15:00+00:00,2026-04-15 22:00:00+00:00,BUY,10.0,35.92
2026-04-15 20:00:00+00:00,2026-04-15 22:00:00+00:00,SELL,10.0,37.5
2026-04-15 23:45:00+00:00,2026-04-16 06:00:00+00:00,BUY,10.0,56.0
2026-04-16 00:30:00+00:00,2026-04-16 06:00:00+00:00,SELL,10.0,55.56
2026-04-16 01:30:00+00:00,2026-04-16 05:00:00+00:00,BUY,10.0,107.23
2026-04-16 02:15:00+00:00,2026-04-16 05:00:00+00:00,SELL,10.0,185.71
2026-04-16 02:45:00+00:00,2026-04-16 05:00:00+00:00,BUY,10.0,183.09
2026-04-16 03:30:00+00:00,2026-04-16 05:00:00+00:00,SELL,10.0,183.77
2026-04-16 11:30:00+00:00,2026-04-16 21:00:00+00:00,BUY,10.0,39.0
2026-04-16 12:00:00+00:00,2026-04-16 17:00:00+00:00,BUY,10.0,60.2
2026-04-16 12:15:00+00:00,2026-04-16 21:00:00+00:00,SELL,10.0,39.94
2026-04-16 12:45:00+00:00,2026-04-16 17:00:00+00:00,SELL,10.0,60.35
2026-04-16 16:45:00+00:00,2026-04-17 02:00:00+00:00,BUY,10.0,21.23
2026-04-16 18:00:00+00:00,2026-04-17 02:00:00+00:00,SELL,10.0,21.09
2026-04-16 19:15:00+00:00,2026-04-17 04:00:00+00:00,BUY,10.0,39.37
2026-04-16 20:00:00+00:00,2026-04-17 04:00:00+00:00,SELL,10.0,38.2
2026-04-16 22:30:00+00:00,2026-04-17 07:00:00+00:00,BUY,10.0,44.9
2026-04-16 23:15:00+00:00,2026-04-17 07:00:00+00:00,SELL,10.0,45.02
2026-04-16 23:15:00+00:00,2026-04-17 08:00:00+00:00,BUY,10.0,48.24
2026-04-17 00:30:00+00:00,2026-04-17 08:00:00+00:00,SELL,10.0,45.52
2026-04-17 09:45:00+00:00,2026-04-17 19:00:00+00:00,BUY,10.0,43.56
2026-04-17 10:45:00+00:00,2026-04-17 20:00:00+00:00,BUY,10.0,123.97
2026-04-17 11:00:00+00:00,2026-04-17 19:00:00+00:00,SELL,10.0,42.74
2026-04-17 11:30:00+00:00,2026-04-17 20:00:00+00:00,SELL,10.0,122.75
2026-04-17 12:00:00+00:00,2026-04-17 21:00:00+00:00,BUY,10.0,34.82
2026-04-17 13:00:00+00:00,2026-04-17 21:00:00+00:00,SELL,10.0,35.46
2026-04-17 13:45:00+00:00,2026-04-17 23:00:00+00:00,BUY,10.0,24.78
2026-04-17 15:15:00+00:00,2026-04-17 17:00:00+00:00,BUY,10.0,174.02
2026-04-17 15:15:00+00:00,2026-04-17 23:00:00+00:00,SELL,10.0,21.96
2026-04-17 15:30:00+00:00,2026-04-17 20:00:00+00:00,BUY,10.0,102.62
2026-04-17 16:15:00+00:00,2026-04-17 17:00:00+00:00,SELL,10.0,174.75
2026-04-17 17:00:00+00:00,2026-04-17 20:00:00+00:00,SELL,10.0,103.74
2026-04-17 18:45:00+00:00,2026-04-18 04:00:00+00:00,BUY,10.0,134.42
2026-04-17 19:30:00+00:00,2026-04-18 04:00:00+00:00,SELL,10.0,134.1
2026-04-18 00:45:00+00:00,2026-04-18 08:00:00+00:00,BUY,10.0,54.77
2026-04-18 02:15:00+00:00,2026-04-18 08:00:00+00:00,SELL,10.0,52.27
2026-04-18 03:15:00+00:00,2026-04-18 10:00:00+00:00,BUY,10.0,54.15
2026-04-18 04:00:00+00:00,2026-04-18 10:00:00+00:00,SELL,10.0,54.38
2026-04-19 01:00:00+00:00,2026-04-19 09:00:00+00:00,BUY,10.0,17.68
2026-04-19 02:30:00+00:00,2026-04-19 09:00:00+00:00,SELL,10.0,16.48
2026-04-21 21:00:00+00:00,2026-04-22 06:00:00+00:00,BUY,10.0,47.67
2026-04-21 22:00:00+00:00,2026-04-22 06:00:00+00:00,SELL,10.0,49.03
2026-04-22 04:00:00+00:00,2026-04-22 11:00:00+00:00,BUY,10.0,-9.58
2026-04-22 05:30:00+00:00,2026-04-22 11:00:00+00:00,SELL,10.0,-6.47
2026-04-22 09:15:00+00:00,2026-04-22 18:00:00+00:00,BUY,10.0,143.69
2026-04-22 10:15:00+00:00,2026-04-22 18:00:00+00:00,SELL,10.0,146.11
2026-04-22 20:30:00+00:00,2026-04-23 01:00:00+00:00,BUY,10.0,106.71
2026-04-22 21:15:00+00:00,2026-04-23 01:00:00+00:00,SELL,10.0,105.59
2026-04-23 05:00:00+00:00,2026-04-23 12:00:00+00:00,BUY,10.0,33.55
2026-04-23 05:45:00+00:00,2026-04-23 12:00:00+00:00,SELL,10.0,34.91
2026-04-23 12:30:00+00:00,2026-04-23 22:00:00+00:00,BUY,10.0,32.5
2026-04-23 13:15:00+00:00,2026-04-23 22:00:00+00:00,SELL,10.0,31.33
2026-04-24 05:45:00+00:00,2026-04-24 12:00:00+00:00,BUY,10.0,33.56
2026-04-24 07:00:00+00:00,2026-04-24 12:00:00+00:00,SELL,10.0,31.22
2026-04-24 09:15:00+00:00,2026-04-24 12:00:00+00:00,BUY,10.0,111.2
2026-04-24 10:00:00+00:00,2026-04-24 12:00:00+00:00,SELL,10.0,110.53
2026-04-25 00:30:00+00:00,2026-04-25 06:00:00+00:00,BUY,10.0,133.39
2026-04-25 01:15:00+00:00,2026-04-25 06:00:00+00:00,SELL,10.0,131.55
2026-04-25 21:30:00+00:00,2026-04-26 06:00:00+00:00,BUY,10.0,68.13
2026-04-25 23:30:00+00:00,2026-04-26 07:00:00+00:00,BUY,10.0,53.67
2026-04-26 00:00:00+00:00,2026-04-26 06:00:00+00:00,SELL,10.0,55.73
2026-04-26 01:00:00+00:00,2026-04-26 07:00:00+00:00,SELL,10.0,52.13
2026-04-26 01:30:00+00:00,2026-04-26 09:00:00+00:00,BUY,10.0,44.6
2026-04-26 03:00:00+00:00,2026-04-26 09:00:00+00:00,SELL,10.0,45.42
2026-04-26 03:30:00+00:00,2026-04-26 11:00:00+00:00,BUY,10.0,33.97
2026-04-26 04:30:00+00:00,2026-04-26 11:00:00+00:00,SELL,10.0,32.88
2026-04-26 15:30:00+00:00,2026-04-27 00:00:00+00:00,BUY,10.0,-4.29
2026-04-26 16:30:00+00:00,2026-04-27 01:00:00+00:00,BUY,10.0,-21.45
2026-04-26 17:00:00+00:00,2026-04-27 00:00:00+00:00,SELL,10.0,0.32
2026-04-26 17:30:00+00:00,2026-04-27 02:00:00+00:00,BUY,10.0,9.39
2026-04-26 18:00:00+00:00,2026-04-27 01:00:00+00:00,SELL,10.0,-17.06
2026-04-26 18:30:00+00:00,2026-04-27 03:00:00+00:00,BUY,10.0,18.02
2026-04-26 19:00:00+00:00,2026-04-27 02:00:00+00:00,SELL,10.0,9.21
2026-04-26 19:30:00+00:00,2026-04-27 00:00:00+00:00,BUY,10.0,-1.44
2026-04-26 19:30:00+00:00,2026-04-27 04:00:00+00:00,BUY,10.0,-6.21
2026-04-26 20:00:00+00:00,2026-04-27 03:00:00+00:00,SELL,10.0,20.84
2026-04-26 21:00:00+00:00,2026-04-27 04:00:00+00:00,SELL,10.0,-1.14
2026-04-26 21:00:00+00:00,2026-04-27 00:00:00+00:00,SELL,10.0,-1.83
2026-04-26 21:30:00+00:00,2026-04-27 02:00:00+00:00,BUY,10.0,3.36
2026-04-26 23:00:00+00:00,2026-04-27 02:00:00+00:00,SELL,10.0,1.96
2026-04-26 23:15:00+00:00,2026-04-27 07:00:00+00:00,BUY,10.0,16.6
2026-04-26 23:45:00+00:00,2026-04-27 04:00:00+00:00,BUY,10.0,-1.28
2026-04-27 00:00:00+00:00,2026-04-27 07:00:00+00:00,SELL,10.0,23.1
2026-04-27 01:00:00+00:00,2026-04-27 04:00:00+00:00,SELL,10.0,-0.94
2026-04-27 01:30:00+00:00,2026-04-27 10:00:00+00:00,BUY,10.0,-7.49
2026-04-27 02:15:00+00:00,2026-04-27 10:00:00+00:00,SELL,10.0,2.1
2026-04-27 03:30:00+00:00,2026-04-27 12:00:00+00:00,BUY,10.0,-84.47
2026-04-27 04:15:00+00:00,2026-04-27 12:00:00+00:00,SELL,10.0,-75.96
2026-04-27 06:45:00+00:00,2026-04-27 11:00:00+00:00,BUY,10.0,36.95
2026-04-27 07:00:00+00:00,2026-04-27 15:00:00+00:00,BUY,10.0,-78.54
2026-04-27 07:30:00+00:00,2026-04-27 12:00:00+00:00,BUY,10.0,-43.59
2026-04-27 08:00:00+00:00,2026-04-27 11:00:00+00:00,SELL,10.0,51.49
2026-04-27 08:00:00+00:00,2026-04-27 15:00:00+00:00,SELL,10.0,-61.36
2026-04-27 09:00:00+00:00,2026-04-27 12:00:00+00:00,SELL,10.0,-41.49
2026-04-27 09:45:00+00:00,2026-04-27 11:00:00+00:00,BUY,10.0,48.72
2026-04-27 10:15:00+00:00,2026-04-27 11:00:00+00:00,SELL,10.0,47.88
2026-04-27 12:00:00+00:00,2026-04-27 16:00:00+00:00,BUY,10.0,28.19
2026-04-27 12:00:00+00:00,2026-04-27 20:00:00+00:00,BUY,10.0,26.87
2026-04-27 12:30:00+00:00,2026-04-27 21:00:00+00:00,BUY,10.0,-9.0
2026-04-27 12:45:00+00:00,2026-04-27 16:00:00+00:00,SELL,10.0,33.64
2026-04-27 13:00:00+00:00,2026-04-27 20:00:00+00:00,SELL,10.0,27.94
2026-04-27 13:30:00+00:00,2026-04-27 22:00:00+00:00,BUY,10.0,-8.48
2026-04-27 14:00:00+00:00,2026-04-27 21:00:00+00:00,SELL,10.0,-2.17
2026-04-27 14:45:00+00:00,2026-04-27 23:00:00+00:00,BUY,10.0,11.8
2026-04-27 15:00:00+00:00,2026-04-27 22:00:00+00:00,SELL,10.0,14.37
2026-04-27 16:00:00+00:00,2026-04-27 23:00:00+00:00,SELL,10.0,19.43
2026-04-27 17:15:00+00:00,2026-04-28 01:00:00+00:00,BUY,10.0,-15.22
2026-04-27 17:30:00+00:00,2026-04-27 23:00:00+00:00,BUY,10.0,15.4
2026-04-27 17:45:00+00:00,2026-04-28 02:00:00+00:00,BUY,10.0,-43.99
2026-04-27 18:00:00+00:00,2026-04-28 01:00:00+00:00,SELL,10.0,25.72
2026-04-27 18:15:00+00:00,2026-04-27 23:00:00+00:00,SELL,10.0,15.86
2026-04-27 18:30:00+00:00,2026-04-28 03:00:00+00:00,BUY,10.0,-39.47
2026-04-27 19:00:00+00:00,2026-04-28 02:00:00+00:00,SELL,10.0,14.67
2026-04-27 20:00:00+00:00,2026-04-28 03:00:00+00:00,SELL,10.0,-2.94
2026-04-27 21:00:00+00:00,2026-04-28 00:00:00+00:00,BUY,10.0,46.64
2026-04-27 22:00:00+00:00,2026-04-28 00:00:00+00:00,SELL,10.0,50.31
2026-04-28 02:45:00+00:00,2026-04-28 11:00:00+00:00,BUY,10.0,6.4
2026-04-28 03:15:00+00:00,2026-04-28 05:00:00+00:00,BUY,10.0,32.08
2026-04-28 03:30:00+00:00,2026-04-28 13:00:00+00:00,BUY,10.0,-25.39
2026-04-28 04:00:00+00:00,2026-04-28 11:00:00+00:00,SELL,10.0,32.47
2026-04-28 04:00:00+00:00,2026-04-28 05:00:00+00:00,SELL,10.0,31.98
2026-04-28 04:15:00+00:00,2026-04-28 13:00:00+00:00,SELL,10.0,-15.99
2026-04-28 04:45:00+00:00,2026-04-28 10:00:00+00:00,BUY,10.0,58.09
2026-04-28 05:15:00+00:00,2026-04-28 13:00:00+00:00,BUY,10.0,-22.21
2026-04-28 06:00:00+00:00,2026-04-28 13:00:00+00:00,SELL,10.0,36.17
2026-04-28 06:15:00+00:00,2026-04-28 10:00:00+00:00,SELL,10.0,56.72
2026-04-28 06:30:00+00:00,2026-04-28 12:00:00+00:00,BUY,10.0,60.23
2026-04-28 06:45:00+00:00,2026-04-28 10:00:00+00:00,BUY,10.0,50.47
2026-04-28 07:45:00+00:00,2026-04-28 14:00:00+00:00,BUY,10.0,32.66
2026-04-28 08:00:00+00:00,2026-04-28 12:00:00+00:00,SELL,10.0,92.01
2026-04-28 08:30:00+00:00,2026-04-28 12:00:00+00:00,BUY,10.0,73.69
2026-04-28 09:00:00+00:00,2026-04-28 10:00:00+00:00,SELL,10.0,42.48
2026-04-28 09:15:00+00:00,2026-04-28 11:00:00+00:00,BUY,10.0,19.33
2026-04-28 09:30:00+00:00,2026-04-28 13:00:00+00:00,BUY,10.0,24.17
2026-04-28 10:00:00+00:00,2026-04-28 11:00:00+00:00,SELL,10.0,20.72
2026-04-28 10:00:00+00:00,2026-04-28 14:00:00+00:00,SELL,10.0,19.74
2026-04-28 11:00:00+00:00,2026-04-28 12:00:00+00:00,SELL,10.0,59.76
2026-04-28 11:45:00+00:00,2026-04-28 14:00:00+00:00,BUY,10.0,106.28
2026-04-28 12:15:00+00:00,2026-04-28 13:00:00+00:00,SELL,10.0,10.4
2026-04-28 12:30:00+00:00,2026-04-28 15:00:00+00:00,BUY,10.0,17.98
2026-04-28 13:15:00+00:00,2026-04-28 14:00:00+00:00,SELL,10.0,105.3
2026-04-28 14:00:00+00:00,2026-04-28 15:00:00+00:00,SELL,10.0,16.91
2026-04-28 17:15:00+00:00,2026-04-29 02:00:00+00:00,BUY,10.0,14.5
2026-04-28 19:00:00+00:00,2026-04-29 02:00:00+00:00,SELL,10.0,14.22
2026-04-28 19:45:00+00:00,2026-04-28 22:00:00+00:00,BUY,10.0,18.14
2026-04-28 20:30:00+00:00,2026-04-28 23:00:00+00:00,BUY,10.0,7.15
2026-04-28 21:00:00+00:00,2026-04-28 22:00:00+00:00,SELL,10.0,18.11
2026-04-28 22:00:00+00:00,2026-04-28 23:00:00+00:00,SELL,10.0,6.73
2026-04-29 01:45:00+00:00,2026-04-29 11:00:00+00:00,BUY,10.0,-38.94
2026-04-29 03:00:00+00:00,2026-04-29 11:00:00+00:00,SELL,10.0,-19.5
2026-04-29 03:30:00+00:00,2026-04-29 13:00:00+00:00,BUY,10.0,-33.09
2026-04-29 05:00:00+00:00,2026-04-29 13:00:00+00:00,SELL,10.0,-27.95
2026-04-29 06:15:00+00:00,2026-04-29 15:00:00+00:00,BUY,10.0,1.53
2026-04-29 06:30:00+00:00,2026-04-29 11:00:00+00:00,BUY,10.0,49.9
2026-04-29 07:00:00+00:00,2026-04-29 15:00:00+00:00,SELL,10.0,7.08
2026-04-29 07:30:00+00:00,2026-04-29 12:00:00+00:00,BUY,10.0,70.97
2026-04-29 08:00:00+00:00,2026-04-29 11:00:00+00:00,SELL,10.0,44.71
2026-04-29 08:30:00+00:00,2026-04-29 13:00:00+00:00,BUY,10.0,20.24
2026-04-29 09:15:00+00:00,2026-04-29 11:00:00+00:00,BUY,10.0,40.87
2026-04-29 10:00:00+00:00,2026-04-29 11:00:00+00:00,SELL,10.0,39.28
2026-04-29 10:30:00+00:00,2026-04-29 15:00:00+00:00,BUY,10.0,26.93
2026-04-29 11:15:00+00:00,2026-04-29 12:00:00+00:00,SELL,10.0,48.69
2026-04-29 12:15:00+00:00,2026-04-29 21:00:00+00:00,BUY,10.0,11.23
2026-04-29 12:15:00+00:00,2026-04-29 13:00:00+00:00,SELL,10.0,-3.82
2026-04-29 12:45:00+00:00,2026-04-29 15:00:00+00:00,SELL,10.0,19.2
2026-04-29 13:00:00+00:00,2026-04-29 21:00:00+00:00,SELL,10.0,10.15
2026-04-29 14:15:00+00:00,2026-04-29 23:00:00+00:00,BUY,10.0,14.54
2026-04-29 15:00:00+00:00,2026-04-29 23:00:00+00:00,SELL,10.0,11.74
2026-04-30 14:45:00+00:00,2026-05-01 00:00:00+00:00,BUY,10.0,38.54
2026-04-30 15:45:00+00:00,2026-05-01 01:00:00+00:00,BUY,10.0,39.74
2026-04-30 16:00:00+00:00,2026-05-01 00:00:00+00:00,SELL,10.0,36.23
2026-04-30 17:00:00+00:00,2026-05-01 01:00:00+00:00,SELL,10.0,38.22
2026-04-30 18:00:00+00:00,2026-05-01 03:00:00+00:00,BUY,10.0,-21.47
2026-04-30 18:45:00+00:00,2026-05-01 04:00:00+00:00,BUY,10.0,55.34
2026-04-30 19:30:00+00:00,2026-05-01 03:00:00+00:00,SELL,10.0,-25.87
2026-04-30 20:00:00+00:00,2026-05-01 04:00:00+00:00,SELL,10.0,51.91
2026-04-30 20:30:00+00:00,2026-05-01 06:00:00+00:00,BUY,10.0,61.81
2026-04-30 21:45:00+00:00,2026-05-01 07:00:00+00:00,BUY,10.0,57.7
2026-04-30 22:00:00+00:00,2026-05-01 06:00:00+00:00,SELL,10.0,55.11
2026-04-30 23:15:00+00:00,2026-05-01 08:00:00+00:00,BUY,10.0,63.84
2026-04-30 23:15:00+00:00,2026-05-01 07:00:00+00:00,SELL,10.0,53.77
2026-04-30 23:30:00+00:00,2026-05-01 06:00:00+00:00,BUY,10.0,47.63
2026-05-01 00:15:00+00:00,2026-05-01 06:00:00+00:00,SELL,10.0,47.93
2026-05-01 00:30:00+00:00,2026-05-01 07:00:00+00:00,BUY,10.0,47.65
2026-05-01 00:30:00+00:00,2026-05-01 09:00:00+00:00,BUY,10.0,57.58
2026-05-01 00:45:00+00:00,2026-05-01 08:00:00+00:00,SELL,10.0,58.63
2026-05-01 01:00:00+00:00,2026-05-01 08:00:00+00:00,BUY,10.0,53.66
2026-05-01 01:00:00+00:00,2026-05-01 04:00:00+00:00,BUY,10.0,19.7
2026-05-01 01:30:00+00:00,2026-05-01 11:00:00+00:00,BUY,10.0,14.93
2026-05-01 02:00:00+00:00,2026-05-01 09:00:00+00:00,SELL,10.0,51.09
2026-05-01 02:00:00+00:00,2026-05-01 07:00:00+00:00,SELL,10.0,44.34
2026-05-01 02:30:00+00:00,2026-05-01 04:00:00+00:00,SELL,10.0,18.48
2026-05-01 02:30:00+00:00,2026-05-01 09:00:00+00:00,BUY,10.0,46.32
2026-05-01 03:00:00+00:00,2026-05-01 08:00:00+00:00,SELL,10.0,47.13
2026-05-01 03:30:00+00:00,2026-05-01 12:00:00+00:00,BUY,10.0,56.59
2026-05-01 04:00:00+00:00,2026-05-01 09:00:00+00:00,SELL,10.0,40.25
2026-05-01 04:45:00+00:00,2026-05-01 10:00:00+00:00,BUY,10.0,54.44
2026-05-01 05:15:00+00:00,2026-05-01 12:00:00+00:00,SELL,10.0,110.66
2026-05-01 05:45:00+00:00,2026-05-01 10:00:00+00:00,SELL,10.0,51.52
2026-05-01 05:45:00+00:00,2026-05-01 12:00:00+00:00,BUY,10.0,103.8
2026-05-01 06:00:00+00:00,2026-05-01 11:00:00+00:00,SELL,10.0,-11.2
2026-05-01 07:15:00+00:00,2026-05-01 13:00:00+00:00,BUY,10.0,34.95
2026-05-01 08:00:00+00:00,2026-05-01 13:00:00+00:00,SELL,10.0,36.83
2026-05-01 08:00:00+00:00,2026-05-01 17:00:00+00:00,BUY,10.0,54.46
2026-05-01 08:00:00+00:00,2026-05-01 12:00:00+00:00,SELL,10.0,152.84
2026-05-01 08:45:00+00:00,2026-05-01 18:00:00+00:00,BUY,10.0,59.07
2026-05-01 09:15:00+00:00,2026-05-01 17:00:00+00:00,SELL,10.0,51.29
2026-05-01 10:00:00+00:00,2026-05-01 18:00:00+00:00,SELL,10.0,57.23
2026-05-01 10:15:00+00:00,2026-05-01 12:00:00+00:00,BUY,10.0,245.81
2026-05-01 11:00:00+00:00,2026-05-01 12:00:00+00:00,SELL,10.0,245.57
2026-05-01 11:30:00+00:00,2026-05-01 18:00:00+00:00,BUY,10.0,48.38
2026-05-01 12:30:00+00:00,2026-05-01 18:00:00+00:00,SELL,10.0,51.95
2026-05-01 19:45:00+00:00,2026-05-02 04:00:00+00:00,BUY,10.0,32.33
2026-05-01 21:15:00+00:00,2026-05-02 04:00:00+00:00,SELL,10.0,33.06
2026-05-02 06:30:00+00:00,2026-05-02 16:00:00+00:00,BUY,10.0,17.78
2026-05-02 08:00:00+00:00,2026-05-02 16:00:00+00:00,SELL,10.0,21.4
2026-05-02 21:15:00+00:00,2026-05-03 06:00:00+00:00,BUY,10.0,119.84
2026-05-02 22:15:00+00:00,2026-05-03 06:00:00+00:00,SELL,10.0,116.31
2026-05-03 05:30:00+00:00,2026-05-03 13:00:00+00:00,BUY,10.0,-31.17
2026-05-03 07:00:00+00:00,2026-05-03 13:00:00+00:00,SELL,10.0,-28.28
2026-05-03 08:45:00+00:00,2026-05-03 18:00:00+00:00,BUY,10.0,63.44
2026-05-03 09:30:00+00:00,2026-05-03 16:00:00+00:00,BUY,10.0,13.98
2026-05-03 10:00:00+00:00,2026-05-03 19:00:00+00:00,BUY,10.0,62.76
2026-05-03 10:15:00+00:00,2026-05-03 18:00:00+00:00,SELL,10.0,62.4
2026-05-03 10:45:00+00:00,2026-05-03 19:00:00+00:00,SELL,10.0,62.59
2026-05-03 11:00:00+00:00,2026-05-03 16:00:00+00:00,SELL,10.0,12.93
2026-05-03 19:30:00+00:00,2026-05-04 03:00:00+00:00,BUY,10.0,30.37
2026-05-03 20:15:00+00:00,2026-05-04 03:00:00+00:00,SELL,10.0,30.72
2026-05-03 23:15:00+00:00,2026-05-04 07:00:00+00:00,BUY,10.0,48.82
2026-05-04 00:00:00+00:00,2026-05-04 08:00:00+00:00,BUY,10.0,50.74
2026-05-04 00:00:00+00:00,2026-05-04 07:00:00+00:00,SELL,10.0,51.15
2026-05-04 01:30:00+00:00,2026-05-04 08:00:00+00:00,SELL,10.0,51.89
2026-05-04 08:30:00+00:00,2026-05-04 10:00:00+00:00,BUY,10.0,-0.94
2026-05-04 09:15:00+00:00,2026-05-04 10:00:00+00:00,SELL,10.0,-1.34
2026-05-04 09:30:00+00:00,2026-05-04 19:00:00+00:00,BUY,10.0,48.22
2026-05-04 10:15:00+00:00,2026-05-04 13:00:00+00:00,BUY,10.0,147.03
2026-05-04 10:30:00+00:00,2026-05-04 20:00:00+00:00,BUY,10.0,40.42
2026-05-04 11:00:00+00:00,2026-05-04 13:00:00+00:00,SELL,10.0,147.65
2026-05-04 11:00:00+00:00,2026-05-04 19:00:00+00:00,SELL,10.0,44.83
2026-05-04 11:15:00+00:00,2026-05-04 20:00:00+00:00,SELL,10.0,40.53
2026-05-05 18:30:00+00:00,2026-05-05 21:00:00+00:00,BUY,10.0,20.29
2026-05-05 20:00:00+00:00,2026-05-05 21:00:00+00:00,SELL,10.0,19.93
2026-05-05 23:30:00+00:00,2026-05-06 09:00:00+00:00,BUY,10.0,88.06
2026-05-06 01:00:00+00:00,2026-05-06 09:00:00+00:00,SELL,10.0,84.18
2026-05-06 01:30:00+00:00,2026-05-06 09:00:00+00:00,BUY,10.0,78.42
2026-05-06 01:45:00+00:00,2026-05-06 08:00:00+00:00,BUY,10.0,79.8
2026-05-06 02:45:00+00:00,2026-05-06 08:00:00+00:00,SELL,10.0,78.05
2026-05-06 03:30:00+00:00,2026-05-06 11:00:00+00:00,BUY,10.0,77.05
2026-05-06 05:00:00+00:00,2026-05-06 09:00:00+00:00,SELL,10.0,66.95
2026-05-06 05:15:00+00:00,2026-05-06 10:00:00+00:00,BUY,10.0,66.61
2026-05-06 06:00:00+00:00,2026-05-06 10:00:00+00:00,SELL,10.0,67.49
2026-05-06 07:00:00+00:00,2026-05-06 11:00:00+00:00,SELL,10.0,63.65
2026-05-06 09:00:00+00:00,2026-05-06 16:00:00+00:00,BUY,10.0,-89.98
2026-05-06 10:30:00+00:00,2026-05-06 16:00:00+00:00,SELL,10.0,-91.93
2026-05-06 11:15:00+00:00,2026-05-06 20:00:00+00:00,BUY,10.0,238.94
2026-05-06 11:45:00+00:00,2026-05-06 21:00:00+00:00,BUY,10.0,238.74
2026-05-06 12:15:00+00:00,2026-05-06 20:00:00+00:00,SELL,10.0,237.97
2026-05-06 12:30:00+00:00,2026-05-06 21:00:00+00:00,SELL,10.0,238.4
2026-05-06 14:00:00+00:00,2026-05-06 20:00:00+00:00,BUY,10.0,305.44
2026-05-06 14:45:00+00:00,2026-05-07 00:00:00+00:00,BUY,10.0,50.61
2026-05-06 14:45:00+00:00,2026-05-06 20:00:00+00:00,SELL,10.0,306.22
2026-05-06 16:00:00+00:00,2026-05-07 00:00:00+00:00,SELL,10.0,52.75
2026-05-06 17:45:00+00:00,2026-05-07 03:00:00+00:00,BUY,10.0,43.07
2026-05-06 18:30:00+00:00,2026-05-07 03:00:00+00:00,SELL,10.0,47.55
2026-05-06 18:30:00+00:00,2026-05-07 04:00:00+00:00,BUY,10.0,50.88
2026-05-06 20:00:00+00:00,2026-05-07 04:00:00+00:00,SELL,10.0,53.99
2026-05-06 20:30:00+00:00,2026-05-07 06:00:00+00:00,BUY,10.0,54.82
2026-05-06 21:30:00+00:00,2026-05-07 07:00:00+00:00,BUY,10.0,66.59
2026-05-06 22:00:00+00:00,2026-05-07 06:00:00+00:00,SELL,10.0,64.37
2026-05-06 22:30:00+00:00,2026-05-07 08:00:00+00:00,BUY,10.0,77.35
2026-05-06 23:00:00+00:00,2026-05-07 07:00:00+00:00,SELL,10.0,81.73
2026-05-07 00:00:00+00:00,2026-05-07 08:00:00+00:00,SELL,10.0,88.31
2026-05-07 00:30:00+00:00,2026-05-07 10:00:00+00:00,BUY,10.0,79.68
2026-05-07 00:45:00+00:00,2026-05-07 07:00:00+00:00,BUY,10.0,73.7
2026-05-07 01:30:00+00:00,2026-05-07 07:00:00+00:00,SELL,10.0,70.16
2026-05-07 02:00:00+00:00,2026-05-07 10:00:00+00:00,SELL,10.0,90.7
2026-05-07 02:45:00+00:00,2026-05-07 08:00:00+00:00,BUY,10.0,82.13
2026-05-07 03:45:00+00:00,2026-05-07 13:00:00+00:00,BUY,10.0,49.01
2026-05-07 04:00:00+00:00,2026-05-07 09:00:00+00:00,BUY,10.0,61.66
2026-05-07 04:15:00+00:00,2026-05-07 08:00:00+00:00,SELL,10.0,76.61
2026-05-07 04:30:00+00:00,2026-05-07 14:00:00+00:00,BUY,10.0,45.91
2026-05-07 04:45:00+00:00,2026-05-07 11:00:00+00:00,BUY,10.0,58.33
2026-05-07 04:45:00+00:00,2026-05-07 10:00:00+00:00,BUY,10.0,80.67
2026-05-07 05:00:00+00:00,2026-05-07 13:00:00+00:00,SELL,10.0,54.34
2026-05-07 05:00:00+00:00,2026-05-07 09:00:00+00:00,SELL,10.0,58.73
2026-05-07 05:45:00+00:00,2026-05-07 09:00:00+00:00,BUY,10.0,4.92
2026-05-07 06:00:00+00:00,2026-05-07 14:00:00+00:00,SELL,10.0,51.87
2026-05-07 06:30:00+00:00,2026-05-07 16:00:00+00:00,BUY,10.0,70.3
2026-05-07 06:45:00+00:00,2026-05-07 10:00:00+00:00,SELL,10.0,71.84
2026-05-07 07:00:00+00:00,2026-05-07 11:00:00+00:00,SELL,10.0,51.06
2026-05-07 07:15:00+00:00,2026-05-07 09:00:00+00:00,SELL,10.0,8.04
2026-05-07 07:30:00+00:00,2026-05-07 17:00:00+00:00,BUY,10.0,70.87
2026-05-07 08:00:00+00:00,2026-05-07 16:00:00+00:00,SELL,10.0,70.11
2026-05-07 08:30:00+00:00,2026-05-07 18:00:00+00:00,BUY,10.0,66.17
2026-05-07 08:30:00+00:00,2026-05-07 16:00:00+00:00,BUY,10.0,64.15
2026-05-07 09:00:00+00:00,2026-05-07 17:00:00+00:00,SELL,10.0,85.85
2026-05-07 09:30:00+00:00,2026-05-07 19:00:00+00:00,BUY,10.0,73.01
2026-05-07 10:00:00+00:00,2026-05-07 17:00:00+00:00,BUY,10.0,78.98
2026-05-07 10:00:00+00:00,2026-05-07 18:00:00+00:00,SELL,10.0,73.76
2026-05-07 10:30:00+00:00,2026-05-07 18:00:00+00:00,BUY,10.0,64.99
2026-05-07 10:30:00+00:00,2026-05-07 20:00:00+00:00,BUY,10.0,70.66
2026-05-07 11:00:00+00:00,2026-05-07 16:00:00+00:00,SELL,10.0,55.01
2026-05-07 11:00:00+00:00,2026-05-07 19:00:00+00:00,SELL,10.0,73.18
2026-05-07 11:15:00+00:00,2026-05-07 17:00:00+00:00,SELL,10.0,75.72
2026-05-07 11:30:00+00:00,2026-05-07 21:00:00+00:00,BUY,10.0,50.58
2026-05-07 12:00:00+00:00,2026-05-07 18:00:00+00:00,SELL,10.0,60.73
2026-05-07 12:00:00+00:00,2026-05-07 20:00:00+00:00,SELL,10.0,79.76
2026-05-07 12:30:00+00:00,2026-05-07 22:00:00+00:00,BUY,10.0,-11.61
2026-05-07 12:30:00+00:00,2026-05-07 21:00:00+00:00,SELL,10.0,95.12
2026-05-07 12:45:00+00:00,2026-05-07 20:00:00+00:00,BUY,10.0,72.48
2026-05-07 13:45:00+00:00,2026-05-07 22:00:00+00:00,SELL,10.0,-9.06
2026-05-07 15:00:00+00:00,2026-05-07 20:00:00+00:00,SELL,10.0,60.58
2026-05-07 15:30:00+00:00,2026-05-07 20:00:00+00:00,BUY,10.0,56.69
2026-05-07 16:15:00+00:00,2026-05-07 20:00:00+00:00,SELL,10.0,55.53
2026-05-07 22:30:00+00:00,2026-05-08 06:00:00+00:00,BUY,10.0,69.26
2026-05-07 23:15:00+00:00,2026-05-08 08:00:00+00:00,BUY,10.0,172.84
2026-05-08 00:00:00+00:00,2026-05-08 06:00:00+00:00,SELL,10.0,68.25
2026-05-08 00:00:00+00:00,2026-05-08 08:00:00+00:00,SELL,10.0,172.05
2026-05-08 01:45:00+00:00,2026-05-08 09:00:00+00:00,BUY,10.0,76.67
2026-05-08 03:00:00+00:00,2026-05-08 11:00:00+00:00,BUY,10.0,27.36
2026-05-08 03:00:00+00:00,2026-05-08 09:00:00+00:00,SELL,10.0,76.61
2026-05-08 04:30:00+00:00,2026-05-08 12:00:00+00:00,BUY,10.0,48.63
2026-05-08 05:00:00+00:00,2026-05-08 11:00:00+00:00,SELL,10.0,23.33
2026-05-08 05:45:00+00:00,2026-05-08 09:00:00+00:00,BUY,10.0,36.5
2026-05-08 06:00:00+00:00,2026-05-08 12:00:00+00:00,SELL,10.0,49.9
2026-05-08 07:15:00+00:00,2026-05-08 09:00:00+00:00,SELL,10.0,38.07
2026-05-08 07:30:00+00:00,2026-05-08 15:00:00+00:00,BUY,10.0,129.64
2026-05-08 08:30:00+00:00,2026-05-08 12:00:00+00:00,BUY,10.0,154.78
2026-05-08 08:30:00+00:00,2026-05-08 15:00:00+00:00,SELL,10.0,129.96
2026-05-08 09:15:00+00:00,2026-05-08 12:00:00+00:00,SELL,10.0,155.2
2026-05-09 09:15:00+00:00,2026-05-09 13:00:00+00:00,BUY,10.0,16.59
2026-05-09 10:45:00+00:00,2026-05-09 13:00:00+00:00,SELL,10.0,100.35
2026-05-09 11:45:00+00:00,2026-05-09 13:00:00+00:00,BUY,10.0,92.18
2026-05-09 12:15:00+00:00,2026-05-09 13:00:00+00:00,SELL,10.0,92.13
2026-05-09 17:15:00+00:00,2026-05-09 20:00:00+00:00,BUY,10.0,116.25
2026-05-09 18:00:00+00:00,2026-05-09 20:00:00+00:00,SELL,10.0,116.51
2026-05-09 20:00:00+00:00,2026-05-10 04:00:00+00:00,BUY,10.0,96.86
2026-05-09 20:30:00+00:00,2026-05-10 06:00:00+00:00,BUY,10.0,83.57
2026-05-09 20:45:00+00:00,2026-05-10 04:00:00+00:00,SELL,10.0,95.6
2026-05-09 21:15:00+00:00,2026-05-10 06:00:00+00:00,SELL,10.0,84.55
2026-05-09 21:30:00+00:00,2026-05-10 06:00:00+00:00,BUY,10.0,77.46
2026-05-09 21:30:00+00:00,2026-05-10 07:00:00+00:00,BUY,10.0,69.49
2026-05-09 22:45:00+00:00,2026-05-10 08:00:00+00:00,BUY,10.0,76.32
2026-05-09 23:00:00+00:00,2026-05-10 07:00:00+00:00,SELL,10.0,70.25
2026-05-09 23:45:00+00:00,2026-05-10 06:00:00+00:00,SELL,10.0,70.47
2026-05-10 00:30:00+00:00,2026-05-10 09:00:00+00:00,BUY,10.0,62.96
2026-05-10 01:00:00+00:00,2026-05-10 08:00:00+00:00,SELL,10.0,67.75
2026-05-10 01:15:00+00:00,2026-05-10 09:00:00+00:00,SELL,10.0,66.18
2026-05-10 01:30:00+00:00,2026-05-10 10:00:00+00:00,BUY,10.0,59.58
2026-05-10 02:30:00+00:00,2026-05-10 11:00:00+00:00,BUY,10.0,59.55
2026-05-10 03:00:00+00:00,2026-05-10 10:00:00+00:00,SELL,10.0,55.51
2026-05-10 03:15:00+00:00,2026-05-10 06:00:00+00:00,BUY,10.0,145.35
2026-05-10 04:00:00+00:00,2026-05-10 06:00:00+00:00,SELL,10.0,145.5
2026-05-10 04:00:00+00:00,2026-05-10 11:00:00+00:00,SELL,10.0,59.64
2026-05-10 04:30:00+00:00,2026-05-10 11:00:00+00:00,BUY,10.0,53.25
2026-05-10 04:30:00+00:00,2026-05-10 14:00:00+00:00,BUY,10.0,48.79
2026-05-10 04:30:00+00:00,2026-05-10 13:00:00+00:00,BUY,10.0,44.17
2026-05-10 06:00:00+00:00,2026-05-10 14:00:00+00:00,SELL,10.0,45.99
2026-05-10 06:00:00+00:00,2026-05-10 11:00:00+00:00,SELL,10.0,51.11
2026-05-10 06:00:00+00:00,2026-05-10 13:00:00+00:00,SELL,10.0,47.29
2026-05-10 10:30:00+00:00,2026-05-10 20:00:00+00:00,BUY,10.0,70.94
2026-05-10 13:00:00+00:00,2026-05-10 20:00:00+00:00,SELL,10.0,59.66
2026-05-11 20:15:00+00:00,2026-05-12 04:00:00+00:00,BUY,10.0,40.59
2026-05-11 21:00:00+00:00,2026-05-12 04:00:00+00:00,SELL,10.0,39.17
2026-05-11 23:30:00+00:00,2026-05-12 07:00:00+00:00,BUY,10.0,52.91
2026-05-12 00:15:00+00:00,2026-05-12 07:00:00+00:00,SELL,10.0,51.87
2026-05-12 05:15:00+00:00,2026-05-12 13:00:00+00:00,BUY,10.0,32.1
2026-05-12 05:30:00+00:00,2026-05-12 09:00:00+00:00,BUY,10.0,96.17
2026-05-12 06:00:00+00:00,2026-05-12 13:00:00+00:00,SELL,10.0,29.19
2026-05-12 06:15:00+00:00,2026-05-12 09:00:00+00:00,SELL,10.0,96.61
2026-05-12 22:45:00+00:00,2026-05-13 00:00:00+00:00,BUY,10.0,118.5
2026-05-12 23:15:00+00:00,2026-05-13 00:00:00+00:00,SELL,10.0,117.78
2026-05-13 02:30:00+00:00,2026-05-13 10:00:00+00:00,BUY,10.0,30.38
2026-05-13 03:15:00+00:00,2026-05-13 10:00:00+00:00,SELL,10.0,29.74
2026-05-13 04:30:00+00:00,2026-05-13 12:00:00+00:00,BUY,10.0,37.06
2026-05-13 05:15:00+00:00,2026-05-13 10:00:00+00:00,BUY,10.0,25.0
2026-05-13 05:15:00+00:00,2026-05-13 12:00:00+00:00,SELL,10.0,43.03
2026-05-13 05:30:00+00:00,2026-05-13 13:00:00+00:00,BUY,10.0,22.62
2026-05-13 05:45:00+00:00,2026-05-13 12:00:00+00:00,BUY,10.0,34.76
2026-05-13 06:00:00+00:00,2026-05-13 10:00:00+00:00,SELL,10.0,23.65
2026-05-13 07:00:00+00:00,2026-05-13 13:00:00+00:00,SELL,10.0,26.85
2026-05-13 07:30:00+00:00,2026-05-13 13:00:00+00:00,BUY,10.0,9.3
2026-05-13 08:15:00+00:00,2026-05-13 11:00:00+00:00,BUY,10.0,22.23
2026-05-13 08:45:00+00:00,2026-05-13 12:00:00+00:00,SELL,10.0,28.41
2026-05-13 09:00:00+00:00,2026-05-13 13:00:00+00:00,SELL,10.0,15.16
2026-05-13 09:00:00+00:00,2026-05-13 11:00:00+00:00,SELL,10.0,21.47
2026-05-13 09:30:00+00:00,2026-05-13 13:00:00+00:00,BUY,10.0,7.62
2026-05-13 10:30:00+00:00,2026-05-13 16:00:00+00:00,BUY,10.0,14.45
2026-05-13 10:45:00+00:00,2026-05-13 12:00:00+00:00,BUY,10.0,20.66
2026-05-13 11:00:00+00:00,2026-05-13 13:00:00+00:00,SELL,10.0,6.37
2026-05-13 11:00:00+00:00,2026-05-13 17:00:00+00:00,BUY,10.0,114.87
2026-05-13 11:15:00+00:00,2026-05-13 12:00:00+00:00,SELL,10.0,21.6
2026-05-13 11:45:00+00:00,2026-05-13 17:00:00+00:00,SELL,10.0,112.78
2026-05-13 12:00:00+00:00,2026-05-13 16:00:00+00:00,SELL,10.0,13.3
2026-05-13 12:15:00+00:00,2026-05-13 15:00:00+00:00,BUY,10.0,101.9
2026-05-13 13:00:00+00:00,2026-05-13 15:00:00+00:00,SELL,10.0,100.69
2026-05-13 17:45:00+00:00,2026-05-13 19:00:00+00:00,BUY,10.0,15.63
2026-05-13 18:15:00+00:00,2026-05-13 19:00:00+00:00,SELL,10.0,15.62
2026-05-13 23:45:00+00:00,2026-05-14 08:00:00+00:00,BUY,10.0,37.47
2026-05-14 00:45:00+00:00,2026-05-14 08:00:00+00:00,SELL,10.0,34.9
2026-05-14 04:15:00+00:00,2026-05-14 13:00:00+00:00,BUY,10.0,20.85
2026-05-14 05:45:00+00:00,2026-05-14 13:00:00+00:00,SELL,10.0,14.15
2026-05-15 03:30:00+00:00,2026-05-15 10:00:00+00:00,BUY,10.0,62.4
2026-05-15 05:00:00+00:00,2026-05-15 10:00:00+00:00,SELL,10.0,56.71
2026-05-15 05:30:00+00:00,2026-05-15 10:00:00+00:00,BUY,10.0,53.14
2026-05-15 06:15:00+00:00,2026-05-15 10:00:00+00:00,SELL,10.0,53.04
2026-05-15 08:30:00+00:00,2026-05-15 14:00:00+00:00,BUY,10.0,46.76
2026-05-15 09:15:00+00:00,2026-05-15 14:00:00+00:00,SELL,10.0,47.25
2026-05-15 10:15:00+00:00,2026-05-15 16:00:00+00:00,BUY,10.0,121.29
2026-05-15 11:00:00+00:00,2026-05-15 16:00:00+00:00,SELL,10.0,117.58
2026-05-15 13:30:00+00:00,2026-05-15 15:00:00+00:00,BUY,10.0,33.08
2026-05-15 14:15:00+00:00,2026-05-15 15:00:00+00:00,SELL,10.0,32.16
2026-05-15 19:15:00+00:00,2026-05-16 02:00:00+00:00,BUY,10.0,42.53
2026-05-15 20:45:00+00:00,2026-05-16 02:00:00+00:00,SELL,10.0,38.59
2026-05-16 03:00:00+00:00,2026-05-16 06:00:00+00:00,BUY,10.0,26.32
2026-05-16 04:30:00+00:00,2026-05-16 06:00:00+00:00,SELL,10.0,23.72
2026-05-16 05:30:00+00:00,2026-05-16 08:00:00+00:00,BUY,10.0,101.94
2026-05-16 05:45:00+00:00,2026-05-16 12:00:00+00:00,BUY,10.0,41.31
2026-05-16 06:15:00+00:00,2026-05-16 08:00:00+00:00,SELL,10.0,102.12
2026-05-16 06:30:00+00:00,2026-05-16 12:00:00+00:00,SELL,10.0,41.39
2026-05-16 11:15:00+00:00,2026-05-16 18:00:00+00:00,BUY,10.0,39.53
2026-05-16 12:45:00+00:00,2026-05-16 18:00:00+00:00,SELL,10.0,34.55
2026-05-16 16:30:00+00:00,2026-05-16 19:00:00+00:00,BUY,10.0,59.29
2026-05-16 17:45:00+00:00,2026-05-16 19:00:00+00:00,SELL,10.0,60.19
2026-05-16 19:00:00+00:00,2026-05-17 03:00:00+00:00,BUY,10.0,79.06
2026-05-16 19:45:00+00:00,2026-05-17 03:00:00+00:00,SELL,10.0,78.88
2026-05-16 23:30:00+00:00,2026-05-17 07:00:00+00:00,BUY,10.0,90.6
2026-05-17 00:15:00+00:00,2026-05-17 07:00:00+00:00,SELL,10.0,90.4
2026-05-17 00:45:00+00:00,2026-05-17 08:00:00+00:00,BUY,10.0,54.36
2026-05-17 01:30:00+00:00,2026-05-17 08:00:00+00:00,SELL,10.0,53.18
2026-05-17 10:00:00+00:00,2026-05-17 18:00:00+00:00,BUY,10.0,54.92
2026-05-17 10:45:00+00:00,2026-05-17 18:00:00+00:00,SELL,10.0,51.88
2026-05-17 12:30:00+00:00,2026-05-17 19:00:00+00:00,BUY,10.0,46.41
2026-05-17 13:15:00+00:00,2026-05-17 19:00:00+00:00,SELL,10.0,46.81
2026-05-17 23:15:00+00:00,2026-05-18 08:00:00+00:00,BUY,10.0,31.78
2026-05-18 00:45:00+00:00,2026-05-18 08:00:00+00:00,SELL,10.0,34.46
2026-05-18 07:30:00+00:00,2026-05-18 13:00:00+00:00,BUY,10.0,56.85
2026-05-18 08:45:00+00:00,2026-05-18 14:00:00+00:00,BUY,10.0,28.72
2026-05-18 09:00:00+00:00,2026-05-18 13:00:00+00:00,SELL,10.0,60.2
2026-05-18 10:00:00+00:00,2026-05-18 14:00:00+00:00,SELL,10.0,32.26
2026-05-18 16:45:00+00:00,2026-05-19 00:00:00+00:00,BUY,10.0,32.9
2026-05-18 17:45:00+00:00,2026-05-19 00:00:00+00:00,SELL,10.0,33.17
2026-05-18 19:00:00+00:00,2026-05-19 02:00:00+00:00,BUY,10.0,31.26
2026-05-18 20:00:00+00:00,2026-05-19 02:00:00+00:00,SELL,10.0,30.18
2026-05-18 21:00:00+00:00,2026-05-19 04:00:00+00:00,BUY,10.0,41.17
2026-05-18 22:00:00+00:00,2026-05-19 04:00:00+00:00,SELL,10.0,39.32
2026-05-18 22:00:00+00:00,2026-05-19 05:00:00+00:00,BUY,10.0,43.04
2026-05-18 22:45:00+00:00,2026-05-19 05:00:00+00:00,SELL,10.0,43.23
2026-05-19 00:30:00+00:00,2026-05-19 07:00:00+00:00,BUY,10.0,141.77
2026-05-19 00:45:00+00:00,2026-05-19 08:00:00+00:00,BUY,10.0,51.33
2026-05-19 01:15:00+00:00,2026-05-19 07:00:00+00:00,SELL,10.0,140.64
2026-05-19 01:45:00+00:00,2026-05-19 09:00:00+00:00,BUY,10.0,36.92
2026-05-19 02:00:00+00:00,2026-05-19 08:00:00+00:00,SELL,10.0,49.2
2026-05-19 03:00:00+00:00,2026-05-19 09:00:00+00:00,SELL,10.0,35.01
2026-05-19 03:45:00+00:00,2026-05-19 11:00:00+00:00,BUY,10.0,40.72
2026-05-19 04:30:00+00:00,2026-05-19 12:00:00+00:00,BUY,10.0,41.45
2026-05-19 05:00:00+00:00,2026-05-19 11:00:00+00:00,SELL,10.0,39.73
2026-05-19 05:30:00+00:00,2026-05-19 13:00:00+00:00,BUY,10.0,39.07
2026-05-19 06:00:00+00:00,2026-05-19 12:00:00+00:00,SELL,10.0,41.02
2026-05-19 06:30:00+00:00,2026-05-19 14:00:00+00:00,BUY,10.0,37.96
2026-05-19 07:00:00+00:00,2026-05-19 13:00:00+00:00,SELL,10.0,36.97
2026-05-19 07:30:00+00:00,2026-05-19 15:00:00+00:00,BUY,10.0,40.91
2026-05-19 08:00:00+00:00,2026-05-19 14:00:00+00:00,SELL,10.0,37.11
2026-05-19 08:45:00+00:00,2026-05-19 18:00:00+00:00,BUY,10.0,61.88
2026-05-19 09:00:00+00:00,2026-05-19 15:00:00+00:00,SELL,10.0,39.36
2026-05-19 10:00:00+00:00,2026-05-19 18:00:00+00:00,SELL,10.0,62.61
2026-05-19 10:45:00+00:00,2026-05-19 12:00:00+00:00,BUY,10.0,96.17
2026-05-19 11:00:00+00:00,2026-05-19 18:00:00+00:00,BUY,10.0,54.61
2026-05-19 11:15:00+00:00,2026-05-19 12:00:00+00:00,SELL,10.0,96.85
2026-05-19 12:00:00+00:00,2026-05-19 19:00:00+00:00,BUY,10.0,44.26
2026-05-19 12:15:00+00:00,2026-05-19 18:00:00+00:00,SELL,10.0,56.39
2026-05-19 12:45:00+00:00,2026-05-19 20:00:00+00:00,BUY,10.0,41.66
2026-05-19 13:00:00+00:00,2026-05-19 19:00:00+00:00,SELL,10.0,42.97
2026-05-19 13:30:00+00:00,2026-05-19 20:00:00+00:00,SELL,10.0,40.92
2026-05-19 14:00:00+00:00,2026-05-19 21:00:00+00:00,BUY,10.0,39.13
2026-05-19 15:00:00+00:00,2026-05-19 21:00:00+00:00,SELL,10.0,39.8
2026-05-19 15:45:00+00:00,2026-05-19 23:00:00+00:00,BUY,10.0,35.07
2026-05-19 17:00:00+00:00,2026-05-19 23:00:00+00:00,SELL,10.0,35.84
2026-05-20 00:45:00+00:00,2026-05-20 10:00:00+00:00,BUY,10.0,40.19
2026-05-20 01:30:00+00:00,2026-05-20 10:00:00+00:00,SELL,10.0,38.87
2026-05-20 23:00:00+00:00,2026-05-21 06:00:00+00:00,BUY,10.0,53.9
2026-05-21 01:00:00+00:00,2026-05-21 06:00:00+00:00,SELL,10.0,44.98
2026-05-21 03:15:00+00:00,2026-05-21 06:00:00+00:00,BUY,10.0,75.23
2026-05-21 04:00:00+00:00,2026-05-21 06:00:00+00:00,SELL,10.0,74.79
2026-05-21 04:00:00+00:00,2026-05-21 12:00:00+00:00,BUY,10.0,46.92
2026-05-21 04:45:00+00:00,2026-05-21 13:00:00+00:00,BUY,10.0,27.71
2026-05-21 05:00:00+00:00,2026-05-21 12:00:00+00:00,SELL,10.0,54.76
2026-05-21 05:45:00+00:00,2026-05-21 12:00:00+00:00,BUY,10.0,49.02
2026-05-21 06:00:00+00:00,2026-05-21 13:00:00+00:00,SELL,10.0,25.85
2026-05-21 07:15:00+00:00,2026-05-21 12:00:00+00:00,SELL,10.0,45.17
2026-05-21 07:30:00+00:00,2026-05-21 12:00:00+00:00,BUY,10.0,38.29
2026-05-21 10:00:00+00:00,2026-05-21 12:00:00+00:00,SELL,10.0,34.04
2026-05-21 15:30:00+00:00,2026-05-22 01:00:00+00:00,BUY,10.0,32.2
2026-05-21 17:00:00+00:00,2026-05-22 01:00:00+00:00,SELL,10.0,32.04
2026-05-21 19:45:00+00:00,2026-05-22 05:00:00+00:00,BUY,10.0,32.42
2026-05-21 20:45:00+00:00,2026-05-22 05:00:00+00:00,SELL,10.0,31.9
2026-05-21 22:45:00+00:00,2026-05-22 08:00:00+00:00,BUY,10.0,27.95
2026-05-21 23:30:00+00:00,2026-05-22 08:00:00+00:00,SELL,10.0,28.66
2026-05-21 23:30:00+00:00,2026-05-22 09:00:00+00:00,BUY,10.0,96.3
2026-05-22 00:30:00+00:00,2026-05-22 09:00:00+00:00,SELL,10.0,97.18
2026-05-22 00:30:00+00:00,2026-05-22 10:00:00+00:00,BUY,10.0,27.88
2026-05-22 02:00:00+00:00,2026-05-22 10:00:00+00:00,SELL,10.0,26.4
2026-05-22 03:00:00+00:00,2026-05-22 12:00:00+00:00,BUY,10.0,17.6
2026-05-22 03:30:00+00:00,2026-05-22 13:00:00+00:00,BUY,10.0,2.04
2026-05-22 03:45:00+00:00,2026-05-22 12:00:00+00:00,SELL,10.0,18.9
2026-05-22 05:00:00+00:00,2026-05-22 13:00:00+00:00,SELL,10.0,9.59
2026-05-22 05:45:00+00:00,2026-05-22 15:00:00+00:00,BUY,10.0,23.34
2026-05-22 06:45:00+00:00,2026-05-22 13:00:00+00:00,BUY,10.0,17.0
2026-05-22 06:45:00+00:00,2026-05-22 15:00:00+00:00,SELL,10.0,26.25
2026-05-22 08:00:00+00:00,2026-05-22 17:00:00+00:00,BUY,10.0,33.06
2026-05-22 08:00:00+00:00,2026-05-22 14:00:00+00:00,BUY,10.0,17.22
2026-05-22 08:45:00+00:00,2026-05-22 13:00:00+00:00,SELL,10.0,9.4
2026-05-22 08:45:00+00:00,2026-05-22 17:00:00+00:00,SELL,10.0,33.64
2026-05-22 08:45:00+00:00,2026-05-22 14:00:00+00:00,SELL,10.0,14.44
2026-05-22 09:30:00+00:00,2026-05-22 19:00:00+00:00,BUY,10.0,34.98
2026-05-22 10:15:00+00:00,2026-05-22 19:00:00+00:00,SELL,10.0,35.32
2026-05-22 10:45:00+00:00,2026-05-22 13:00:00+00:00,BUY,10.0,1.22
2026-05-22 12:00:00+00:00,2026-05-22 13:00:00+00:00,SELL,10.0,2.46
2026-05-22 19:45:00+00:00,2026-05-23 05:00:00+00:00,BUY,10.0,38.41
2026-05-22 20:30:00+00:00,2026-05-23 06:00:00+00:00,BUY,10.0,50.75
2026-05-22 21:00:00+00:00,2026-05-23 05:00:00+00:00,SELL,10.0,41.73
2026-05-22 22:00:00+00:00,2026-05-23 06:00:00+00:00,SELL,10.0,160.86
2026-05-22 22:30:00+00:00,2026-05-23 06:00:00+00:00,BUY,10.0,157.89
2026-05-22 23:15:00+00:00,2026-05-23 06:00:00+00:00,SELL,10.0,157.43
2026-05-23 09:45:00+00:00,2026-05-23 19:00:00+00:00,BUY,10.0,54.47
2026-05-23 11:00:00+00:00,2026-05-23 19:00:00+00:00,SELL,10.0,58.76
2026-05-23 13:15:00+00:00,2026-05-23 19:00:00+00:00,BUY,10.0,52.05
2026-05-23 14:00:00+00:00,2026-05-23 23:00:00+00:00,BUY,10.0,36.51
2026-05-23 14:00:00+00:00,2026-05-23 19:00:00+00:00,SELL,10.0,53.78
2026-05-23 14:45:00+00:00,2026-05-23 23:00:00+00:00,SELL,10.0,39.64
2026-05-23 16:15:00+00:00,2026-05-23 21:00:00+00:00,BUY,10.0,158.41
2026-05-23 16:30:00+00:00,2026-05-24 01:00:00+00:00,BUY,10.0,9.28
2026-05-23 17:15:00+00:00,2026-05-23 21:00:00+00:00,SELL,10.0,156.96
2026-05-23 18:00:00+00:00,2026-05-24 01:00:00+00:00,SELL,10.0,4.49
2026-05-23 18:45:00+00:00,2026-05-24 00:00:00+00:00,BUY,10.0,3.76
2026-05-23 18:45:00+00:00,2026-05-24 03:00:00+00:00,BUY,10.0,10.36
2026-05-23 20:00:00+00:00,2026-05-24 00:00:00+00:00,SELL,10.0,2.3
2026-05-23 20:00:00+00:00,2026-05-24 03:00:00+00:00,SELL,10.0,11.61
2026-05-23 21:45:00+00:00,2026-05-24 03:00:00+00:00,BUY,10.0,6.02
2026-05-24 00:00:00+00:00,2026-05-24 03:00:00+00:00,SELL,10.0,-1.68
2026-05-24 01:30:00+00:00,2026-05-24 10:00:00+00:00,BUY,10.0,19.51
2026-05-24 03:00:00+00:00,2026-05-24 10:00:00+00:00,SELL,10.0,20.61
2026-05-24 03:45:00+00:00,2026-05-24 12:00:00+00:00,BUY,10.0,13.64
2026-05-24 04:30:00+00:00,2026-05-24 13:00:00+00:00,BUY,10.0,-23.64
2026-05-24 06:45:00+00:00,2026-05-24 15:00:00+00:00,BUY,10.0,17.94
2026-05-24 07:00:00+00:00,2026-05-24 12:00:00+00:00,SELL,10.0,-3.0
2026-05-24 08:00:00+00:00,2026-05-24 13:00:00+00:00,SELL,10.0,-45.39
2026-05-24 08:00:00+00:00,2026-05-24 15:00:00+00:00,SELL,10.0,19.19
2026-05-24 12:45:00+00:00,2026-05-24 21:00:00+00:00,BUY,10.0,18.31
2026-05-24 14:00:00+00:00,2026-05-24 21:00:00+00:00,SELL,10.0,16.07
2026-05-24 14:30:00+00:00,2026-05-25 00:00:00+00:00,BUY,10.0,-0.76
2026-05-24 16:45:00+00:00,2026-05-25 02:00:00+00:00,BUY,10.0,17.62
2026-05-24 17:30:00+00:00,2026-05-25 01:00:00+00:00,BUY,10.0,-1.86
2026-05-24 18:00:00+00:00,2026-05-25 00:00:00+00:00,SELL,10.0,-14.9
2026-05-24 18:00:00+00:00,2026-05-25 02:00:00+00:00,SELL,10.0,19.82
2026-05-24 18:15:00+00:00,2026-05-25 03:00:00+00:00,BUY,10.0,-9.82
2026-05-24 19:00:00+00:00,2026-05-25 03:00:00+00:00,SELL,10.0,6.29
2026-05-24 19:00:00+00:00,2026-05-25 01:00:00+00:00,SELL,10.0,3.27
2026-05-24 19:45:00+00:00,2026-05-25 03:00:00+00:00,BUY,10.0,-3.1
2026-05-24 21:00:00+00:00,2026-05-25 03:00:00+00:00,SELL,10.0,8.35
2026-05-24 22:30:00+00:00,2026-05-25 08:00:00+00:00,BUY,10.0,20.49
2026-05-24 22:45:00+00:00,2026-05-25 03:00:00+00:00,BUY,10.0,7.66
2026-05-24 23:45:00+00:00,2026-05-25 09:00:00+00:00,BUY,10.0,10.16
2026-05-25 00:00:00+00:00,2026-05-25 03:00:00+00:00,SELL,10.0,10.13
2026-05-25 00:00:00+00:00,2026-05-25 08:00:00+00:00,SELL,10.0,23.07
2026-05-25 00:30:00+00:00,2026-05-25 10:00:00+00:00,BUY,10.0,-41.42
2026-05-25 01:00:00+00:00,2026-05-25 09:00:00+00:00,SELL,10.0,13.86
2026-05-25 01:30:00+00:00,2026-05-25 11:00:00+00:00,BUY,10.0,-59.12
2026-05-25 02:30:00+00:00,2026-05-25 12:00:00+00:00,BUY,10.0,-129.69
2026-05-25 03:00:00+00:00,2026-05-25 11:00:00+00:00,SELL,10.0,-59.49
2026-05-25 03:15:00+00:00,2026-05-25 10:00:00+00:00,SELL,10.0,-53.34
2026-05-25 03:30:00+00:00,2026-05-25 13:00:00+00:00,BUY,10.0,-81.57
2026-05-25 04:00:00+00:00,2026-05-25 12:00:00+00:00,SELL,10.0,-129.54
2026-05-25 04:30:00+00:00,2026-05-25 14:00:00+00:00,BUY,10.0,-116.25
2026-05-25 05:00:00+00:00,2026-05-25 13:00:00+00:00,SELL,10.0,-36.63
2026-05-25 05:30:00+00:00,2026-05-25 15:00:00+00:00,BUY,10.0,-87.3
2026-05-25 05:30:00+00:00,2026-05-25 13:00:00+00:00,BUY,10.0,-58.92
2026-05-25 06:00:00+00:00,2026-05-25 14:00:00+00:00,SELL,10.0,-108.14
2026-05-25 06:30:00+00:00,2026-05-25 16:00:00+00:00,BUY,10.0,-52.98
2026-05-25 07:00:00+00:00,2026-05-25 15:00:00+00:00,SELL,10.0,-62.58
2026-05-25 07:00:00+00:00,2026-05-25 13:00:00+00:00,SELL,10.0,-35.55
2026-05-25 07:30:00+00:00,2026-05-25 17:00:00+00:00,BUY,10.0,-0.15
2026-05-25 08:00:00+00:00,2026-05-25 15:00:00+00:00,BUY,10.0,-69.88
2026-05-25 08:00:00+00:00,2026-05-25 16:00:00+00:00,SELL,10.0,-35.5
2026-05-25 08:45:00+00:00,2026-05-25 13:00:00+00:00,BUY,10.0,-37.84
2026-05-25 09:00:00+00:00,2026-05-25 15:00:00+00:00,SELL,10.0,-65.99
2026-05-25 09:00:00+00:00,2026-05-25 17:00:00+00:00,SELL,10.0,1.25
2026-05-25 10:00:00+00:00,2026-05-25 13:00:00+00:00,SELL,10.0,-27.23
2026-05-25 10:00:00+00:00,2026-05-25 11:00:00+00:00,BUY,10.0,-15.18
2026-05-25 10:15:00+00:00,2026-05-25 11:00:00+00:00,SELL,10.0,-15.07
2026-05-25 12:45:00+00:00,2026-05-25 22:00:00+00:00,BUY,10.0,11.79
2026-05-25 13:30:00+00:00,2026-05-25 21:00:00+00:00,BUY,10.0,10.89
2026-05-25 14:00:00+00:00,2026-05-25 15:00:00+00:00,BUY,10.0,50.93
2026-05-25 14:00:00+00:00,2026-05-25 22:00:00+00:00,SELL,10.0,14.5
2026-05-25 14:15:00+00:00,2026-05-25 15:00:00+00:00,SELL,10.0,52.05
2026-05-25 15:00:00+00:00,2026-05-25 21:00:00+00:00,SELL,10.0,11.46
2026-05-25 15:45:00+00:00,2026-05-25 23:00:00+00:00,BUY,10.0,-11.77
2026-05-25 17:15:00+00:00,2026-05-25 23:00:00+00:00,SELL,10.0,-0.14
2026-05-25 22:30:00+00:00,2026-05-26 00:00:00+00:00,BUY,10.0,-42.87
2026-05-25 23:15:00+00:00,2026-05-26 00:00:00+00:00,SELL,10.0,-43.47
2026-05-26 01:30:00+00:00,2026-05-26 08:00:00+00:00,BUY,10.0,47.41
2026-05-26 02:15:00+00:00,2026-05-26 08:00:00+00:00,SELL,10.0,48.01
2026-05-26 03:15:00+00:00,2026-05-26 12:00:00+00:00,BUY,10.0,40.22
2026-05-26 04:00:00+00:00,2026-05-26 12:00:00+00:00,SELL,10.0,44.2
2026-05-26 04:30:00+00:00,2026-05-26 11:00:00+00:00,BUY,10.0,36.12
2026-05-26 06:00:00+00:00,2026-05-26 11:00:00+00:00,SELL,10.0,33.49
2026-05-26 09:15:00+00:00,2026-05-26 18:00:00+00:00,BUY,10.0,43.84
2026-05-26 10:00:00+00:00,2026-05-26 18:00:00+00:00,SELL,10.0,43.15
2026-05-26 10:00:00+00:00,2026-05-26 19:00:00+00:00,BUY,10.0,48.82
2026-05-26 11:00:00+00:00,2026-05-26 19:00:00+00:00,SELL,10.0,48.64
2026-05-26 12:30:00+00:00,2026-05-26 22:00:00+00:00,BUY,10.0,167.58
2026-05-26 13:30:00+00:00,2026-05-26 22:00:00+00:00,SELL,10.0,169.33
2026-05-26 17:00:00+00:00,2026-05-27 00:00:00+00:00,BUY,10.0,16.98
2026-05-26 18:30:00+00:00,2026-05-27 00:00:00+00:00,SELL,10.0,19.42
2026-05-26 19:45:00+00:00,2026-05-27 00:00:00+00:00,BUY,10.0,13.81
2026-05-26 20:30:00+00:00,2026-05-27 00:00:00+00:00,SELL,10.0,15.07
2026-05-27 01:30:00+00:00,2026-05-27 08:00:00+00:00,BUY,10.0,31.42
2026-05-27 02:15:00+00:00,2026-05-27 08:00:00+00:00,SELL,10.0,32.3
2026-05-27 02:30:00+00:00,2026-05-27 09:00:00+00:00,BUY,10.0,28.75
2026-05-27 03:30:00+00:00,2026-05-27 10:00:00+00:00,BUY,10.0,17.6
2026-05-27 04:00:00+00:00,2026-05-27 09:00:00+00:00,SELL,10.0,29.69
2026-05-27 04:30:00+00:00,2026-05-27 11:00:00+00:00,BUY,10.0,34.65
2026-05-27 05:00:00+00:00,2026-05-27 10:00:00+00:00,SELL,10.0,20.18
2026-05-27 05:30:00+00:00,2026-05-27 12:00:00+00:00,BUY,10.0,26.83
2026-05-27 06:00:00+00:00,2026-05-27 11:00:00+00:00,SELL,10.0,34.74
2026-05-27 06:30:00+00:00,2026-05-27 13:00:00+00:00,BUY,10.0,11.86
2026-05-27 07:00:00+00:00,2026-05-27 12:00:00+00:00,SELL,10.0,28.06
2026-05-27 08:00:00+00:00,2026-05-27 13:00:00+00:00,SELL,10.0,13.54
2026-05-27 08:00:00+00:00,2026-05-27 14:00:00+00:00,BUY,10.0,21.49
2026-05-27 09:00:00+00:00,2026-05-27 14:00:00+00:00,SELL,10.0,22.39
2026-05-27 15:15:00+00:00,2026-05-27 22:00:00+00:00,BUY,10.0,24.99
2026-05-27 15:30:00+00:00,2026-05-28 01:00:00+00:00,BUY,10.0,-1.77
2026-05-27 16:45:00+00:00,2026-05-28 01:00:00+00:00,SELL,10.0,-1.39
2026-05-27 17:00:00+00:00,2026-05-27 22:00:00+00:00,SELL,10.0,18.33
2026-05-27 17:45:00+00:00,2026-05-27 22:00:00+00:00,BUY,10.0,12.12
2026-05-27 19:15:00+00:00,2026-05-27 22:00:00+00:00,SELL,10.0,10.0
2026-05-27 19:30:00+00:00,2026-05-28 00:00:00+00:00,BUY,10.0,9.46
2026-05-27 20:00:00+00:00,2026-05-28 01:00:00+00:00,BUY,10.0,3.13
2026-05-27 20:30:00+00:00,2026-05-28 00:00:00+00:00,SELL,10.0,8.87
2026-05-27 21:00:00+00:00,2026-05-28 02:00:00+00:00,BUY,10.0,-0.64
2026-05-27 21:30:00+00:00,2026-05-28 01:00:00+00:00,SELL,10.0,-3.46
2026-05-27 21:45:00+00:00,2026-05-28 02:00:00+00:00,SELL,10.0,-2.69
2026-05-28 01:30:00+00:00,2026-05-28 10:00:00+00:00,BUY,10.0,-0.16
2026-05-28 01:30:00+00:00,2026-05-28 11:00:00+00:00,BUY,10.0,-9.26
2026-05-28 03:00:00+00:00,2026-05-28 10:00:00+00:00,SELL,10.0,4.11
2026-05-28 03:45:00+00:00,2026-05-28 12:00:00+00:00,BUY,10.0,-108.3
2026-05-28 04:00:00+00:00,2026-05-28 11:00:00+00:00,SELL,10.0,-14.59
2026-05-28 04:30:00+00:00,2026-05-28 13:00:00+00:00,BUY,10.0,-47.67
2026-05-28 05:00:00+00:00,2026-05-28 12:00:00+00:00,SELL,10.0,-90.53
2026-05-28 05:15:00+00:00,2026-05-28 14:00:00+00:00,BUY,10.0,-17.87
2026-05-28 05:30:00+00:00,2026-05-28 15:00:00+00:00,BUY,10.0,12.85
2026-05-28 05:30:00+00:00,2026-05-28 10:00:00+00:00,BUY,10.0,5.74
2026-05-28 06:00:00+00:00,2026-05-28 11:00:00+00:00,BUY,10.0,0.93
2026-05-28 06:00:00+00:00,2026-05-28 13:00:00+00:00,SELL,10.0,-37.53
2026-05-28 06:15:00+00:00,2026-05-28 10:00:00+00:00,SELL,10.0,5.82
2026-05-28 07:15:00+00:00,2026-05-28 11:00:00+00:00,SELL,10.0,0.54
2026-05-28 08:00:00+00:00,2026-05-28 13:00:00+00:00,BUY,10.0,-36.7
2026-05-28 08:00:00+00:00,2026-05-28 14:00:00+00:00,SELL,10.0,-52.11
2026-05-28 08:00:00+00:00,2026-05-28 15:00:00+00:00,SELL,10.0,7.89
2026-05-28 08:00:00+00:00,2026-05-28 16:00:00+00:00,BUY,10.0,15.05
2026-05-28 08:45:00+00:00,2026-05-28 16:00:00+00:00,SELL,10.0,15.23
2026-05-28 08:45:00+00:00,2026-05-28 17:00:00+00:00,BUY,10.0,12.44
2026-05-28 09:30:00+00:00,2026-05-28 14:00:00+00:00,BUY,10.0,-51.74
2026-05-28 09:30:00+00:00,2026-05-28 13:00:00+00:00,SELL,10.0,-24.39
2026-05-28 10:00:00+00:00,2026-05-28 17:00:00+00:00,SELL,10.0,13.68
2026-05-28 10:30:00+00:00,2026-05-28 14:00:00+00:00,SELL,10.0,-47.26
2026-05-28 13:30:00+00:00,2026-05-28 22:00:00+00:00,BUY,10.0,-1.98
2026-05-28 14:30:00+00:00,2026-05-28 23:00:00+00:00,BUY,10.0,10.05
2026-05-28 15:00:00+00:00,2026-05-28 22:00:00+00:00,SELL,10.0,5.24
2026-05-28 15:30:00+00:00,2026-05-29 00:00:00+00:00,BUY,10.0,-74.99
2026-05-28 15:30:00+00:00,2026-05-29 01:00:00+00:00,BUY,10.0,-19.1
2026-05-28 16:00:00+00:00,2026-05-28 23:00:00+00:00,SELL,10.0,11.65
2026-05-28 17:00:00+00:00,2026-05-29 00:00:00+00:00,SELL,10.0,-67.22
2026-05-28 17:00:00+00:00,2026-05-28 22:00:00+00:00,BUY,10.0,-0.5
2026-05-28 17:30:00+00:00,2026-05-29 02:00:00+00:00,BUY,10.0,-100.69
2026-05-28 18:00:00+00:00,2026-05-28 22:00:00+00:00,SELL,10.0,-1.07
2026-05-28 18:15:00+00:00,2026-05-29 01:00:00+00:00,SELL,10.0,-43.6
2026-05-28 19:15:00+00:00,2026-05-29 02:00:00+00:00,SELL,10.0,-106.31
2026-05-28 19:15:00+00:00,2026-05-29 03:00:00+00:00,BUY,10.0,9.19
2026-05-28 19:30:00+00:00,2026-05-29 04:00:00+00:00,BUY,10.0,7.93
2026-05-28 20:00:00+00:00,2026-05-29 03:00:00+00:00,SELL,10.0,12.0
2026-05-28 20:45:00+00:00,2026-05-29 05:00:00+00:00,BUY,10.0,9.13
2026-05-28 21:00:00+00:00,2026-05-29 04:00:00+00:00,SELL,10.0,5.35
2026-05-28 22:00:00+00:00,2026-05-29 05:00:00+00:00,SELL,10.0,12.45
2026-05-28 23:30:00+00:00,2026-05-29 08:00:00+00:00,BUY,10.0,-11.87
2026-05-29 01:00:00+00:00,2026-05-29 08:00:00+00:00,SELL,10.0,0.03
2026-05-29 01:30:00+00:00,2026-05-29 10:00:00+00:00,BUY,10.0,-66.81
2026-05-29 02:45:00+00:00,2026-05-29 12:00:00+00:00,BUY,10.0,-119.39
2026-05-29 03:00:00+00:00,2026-05-29 10:00:00+00:00,SELL,10.0,-58.52
2026-05-29 04:30:00+00:00,2026-05-29 13:00:00+00:00,BUY,10.0,-59.31
2026-05-29 05:00:00+00:00,2026-05-29 12:00:00+00:00,SELL,10.0,-113.73
2026-05-29 05:30:00+00:00,2026-05-29 10:00:00+00:00,BUY,10.0,-55.68
2026-05-29 06:00:00+00:00,2026-05-29 13:00:00+00:00,SELL,10.0,-43.57
2026-05-29 06:15:00+00:00,2026-05-29 11:00:00+00:00,BUY,10.0,-62.44
2026-05-29 06:30:00+00:00,2026-05-29 15:00:00+00:00,BUY,10.0,-67.08
2026-05-29 07:00:00+00:00,2026-05-29 10:00:00+00:00,SELL,10.0,-57.74
2026-05-29 07:30:00+00:00,2026-05-29 16:00:00+00:00,BUY,10.0,-36.12
2026-05-29 07:45:00+00:00,2026-05-29 13:00:00+00:00,BUY,10.0,-18.52
2026-05-29 08:00:00+00:00,2026-05-29 11:00:00+00:00,SELL,10.0,-73.04
2026-05-29 08:00:00+00:00,2026-05-29 15:00:00+00:00,SELL,10.0,-57.47
2026-05-29 08:30:00+00:00,2026-05-29 11:00:00+00:00,BUY,10.0,-78.89
2026-05-29 09:00:00+00:00,2026-05-29 16:00:00+00:00,SELL,10.0,-14.17
2026-05-29 09:30:00+00:00,2026-05-29 11:00:00+00:00,SELL,10.0,-75.52
2026-05-29 10:00:00+00:00,2026-05-29 13:00:00+00:00,SELL,10.0,-13.89
2026-05-29 10:30:00+00:00,2026-05-29 15:00:00+00:00,BUY,10.0,-51.52
2026-05-29 10:45:00+00:00,2026-05-29 13:00:00+00:00,BUY,10.0,-20.84
2026-05-29 11:15:00+00:00,2026-05-29 15:00:00+00:00,SELL,10.0,-49.49
2026-05-29 11:30:00+00:00,2026-05-29 20:00:00+00:00,BUY,10.0,-16.43
2026-05-29 12:00:00+00:00,2026-05-29 13:00:00+00:00,SELL,10.0,-10.97
2026-05-29 12:45:00+00:00,2026-05-29 21:00:00+00:00,BUY,10.0,12.91
2026-05-29 13:00:00+00:00,2026-05-29 20:00:00+00:00,SELL,10.0,-9.79
2026-05-29 13:30:00+00:00,2026-05-29 22:00:00+00:00,BUY,10.0,-61.23
2026-05-29 14:00:00+00:00,2026-05-29 21:00:00+00:00,SELL,10.0,17.64
2026-05-29 14:30:00+00:00,2026-05-29 23:00:00+00:00,BUY,10.0,-24.5
2026-05-29 15:00:00+00:00,2026-05-29 22:00:00+00:00,SELL,10.0,-34.76
2026-05-29 16:00:00+00:00,2026-05-29 23:00:00+00:00,SELL,10.0,-24.69
2026-05-29 16:30:00+00:00,2026-05-30 01:00:00+00:00,BUY,10.0,24.27
2026-05-29 17:15:00+00:00,2026-05-30 01:00:00+00:00,SELL,10.0,24.91
2026-05-29 18:00:00+00:00,2026-05-29 19:00:00+00:00,BUY,10.0,-24.08
2026-05-29 18:15:00+00:00,2026-05-29 19:00:00+00:00,SELL,10.0,-25.41
2026-05-29 20:30:00+00:00,2026-05-29 22:00:00+00:00,BUY,10.0,-7.86
2026-05-29 21:15:00+00:00,2026-05-29 22:00:00+00:00,SELL,10.0,-9.53
2026-05-29 21:30:00+00:00,2026-05-30 06:00:00+00:00,BUY,10.0,35.09
2026-05-29 22:15:00+00:00,2026-05-30 06:00:00+00:00,SELL,10.0,34.44
2026-05-29 23:45:00+00:00,2026-05-30 08:00:00+00:00,BUY,10.0,38.76
2026-05-30 01:00:00+00:00,2026-05-30 08:00:00+00:00,SELL,10.0,70.88
2026-05-30 03:30:00+00:00,2026-05-30 12:00:00+00:00,BUY,10.0,18.92
2026-05-30 04:30:00+00:00,2026-05-30 13:00:00+00:00,BUY,10.0,26.81
2026-05-30 05:00:00+00:00,2026-05-30 12:00:00+00:00,SELL,10.0,13.93
2026-05-30 05:15:00+00:00,2026-05-30 13:00:00+00:00,SELL,10.0,24.67
2026-05-30 05:30:00+00:00,2026-05-30 14:00:00+00:00,BUY,10.0,14.91
2026-05-30 07:00:00+00:00,2026-05-30 14:00:00+00:00,SELL,10.0,14.01
2026-05-30 07:30:00+00:00,2026-05-30 16:00:00+00:00,BUY,10.0,21.0
2026-05-30 09:00:00+00:00,2026-05-30 16:00:00+00:00,SELL,10.0,21.98
2026-05-30 09:30:00+00:00,2026-05-30 18:00:00+00:00,BUY,10.0,31.14
2026-05-30 10:15:00+00:00,2026-05-30 18:00:00+00:00,SELL,10.0,33.71
2026-05-30 13:30:00+00:00,2026-05-30 22:00:00+00:00,BUY,10.0,27.92
2026-05-30 14:15:00+00:00,2026-05-30 22:00:00+00:00,SELL,10.0,28.51
2026-05-30 14:45:00+00:00,2026-05-31 00:00:00+00:00,BUY,10.0,-5.84
2026-05-30 15:45:00+00:00,2026-05-30 23:00:00+00:00,BUY,10.0,-10.15
2026-05-30 16:00:00+00:00,2026-05-31 00:00:00+00:00,SELL,10.0,8.86
2026-05-30 16:15:00+00:00,2026-05-31 01:00:00+00:00,BUY,10.0,5.44
2026-05-30 17:00:00+00:00,2026-05-31 01:00:00+00:00,SELL,10.0,14.31
2026-05-30 17:15:00+00:00,2026-05-30 23:00:00+00:00,SELL,10.0,-12.36
2026-05-31 00:15:00+00:00,2026-05-31 09:00:00+00:00,BUY,10.0,27.27
2026-05-31 01:00:00+00:00,2026-05-31 09:00:00+00:00,SELL,10.0,28.08
2026-05-31 02:45:00+00:00,2026-05-31 12:00:00+00:00,BUY,10.0,14.07
2026-05-31 03:45:00+00:00,2026-05-31 13:00:00+00:00,BUY,10.0,24.26
2026-05-31 04:00:00+00:00,2026-05-31 12:00:00+00:00,SELL,10.0,17.54
2026-05-31 04:30:00+00:00,2026-05-31 14:00:00+00:00,BUY,10.0,18.28
2026-05-31 05:00:00+00:00,2026-05-31 13:00:00+00:00,SELL,10.0,24.35
2026-05-31 05:30:00+00:00,2026-05-31 12:00:00+00:00,BUY,10.0,17.79
2026-05-31 06:00:00+00:00,2026-05-31 14:00:00+00:00,SELL,10.0,19.59
2026-05-31 06:45:00+00:00,2026-05-31 16:00:00+00:00,BUY,10.0,8.93
2026-05-31 07:00:00+00:00,2026-05-31 12:00:00+00:00,SELL,10.0,20.51
2026-05-31 08:00:00+00:00,2026-05-31 16:00:00+00:00,SELL,10.0,13.66
2026-06-01 03:30:00+00:00,2026-06-01 10:00:00+00:00,BUY,10.0,33.21
2026-06-01 04:15:00+00:00,2026-06-01 10:00:00+00:00,SELL,10.0,33.02
2026-06-01 04:30:00+00:00,2026-06-01 11:00:00+00:00,BUY,10.0,-53.73
2026-06-01 05:15:00+00:00,2026-06-01 11:00:00+00:00,SELL,10.0,-52.05
2026-06-01 05:45:00+00:00,2026-06-01 12:00:00+00:00,BUY,10.0,-68.8
2026-06-01 06:30:00+00:00,2026-06-01 12:00:00+00:00,SELL,10.0,-68.56
2026-06-01 07:30:00+00:00,2026-06-01 14:00:00+00:00,BUY,10.0,-39.02
2026-06-01 08:30:00+00:00,2026-06-01 15:00:00+00:00,BUY,10.0,0.32
2026-06-01 09:00:00+00:00,2026-06-01 14:00:00+00:00,SELL,10.0,-45.05
2026-06-01 09:30:00+00:00,2026-06-01 11:00:00+00:00,BUY,10.0,-31.95
2026-06-01 09:30:00+00:00,2026-06-01 17:00:00+00:00,BUY,10.0,39.98
2026-06-01 10:15:00+00:00,2026-06-01 11:00:00+00:00,SELL,10.0,-33.7
2026-06-01 11:00:00+00:00,2026-06-01 15:00:00+00:00,SELL,10.0,-0.95
2026-06-01 11:15:00+00:00,2026-06-01 17:00:00+00:00,SELL,10.0,34.65
2026-06-01 15:45:00+00:00,2026-06-02 01:00:00+00:00,BUY,10.0,32.69
2026-06-01 16:30:00+00:00,2026-06-02 01:00:00+00:00,SELL,10.0,31.91
2026-06-02 01:45:00+00:00,2026-06-02 11:00:00+00:00,BUY,10.0,23.68
2026-06-02 03:00:00+00:00,2026-06-02 11:00:00+00:00,SELL,10.0,28.69
2026-06-02 09:00:00+00:00,2026-06-02 18:00:00+00:00,BUY,10.0,46.6
2026-06-02 10:00:00+00:00,2026-06-02 18:00:00+00:00,SELL,10.0,44.7
2026-06-02 10:45:00+00:00,2026-06-02 20:00:00+00:00,BUY,10.0,37.82
2026-06-02 12:00:00+00:00,2026-06-02 20:00:00+00:00,SELL,10.0,35.8
2026-06-03 04:45:00+00:00,2026-06-03 13:00:00+00:00,BUY,10.0,46.57
2026-06-03 07:00:00+00:00,2026-06-03 13:00:00+00:00,SELL,10.0,36.11
2026-06-03 08:15:00+00:00,2026-06-03 15:00:00+00:00,BUY,10.0,32.29
2026-06-03 09:00:00+00:00,2026-06-03 15:00:00+00:00,SELL,10.0,32.41
2026-06-03 14:45:00+00:00,2026-06-03 16:00:00+00:00,BUY,10.0,27.71
2026-06-03 15:15:00+00:00,2026-06-03 16:00:00+00:00,SELL,10.0,26.07
2026-06-03 22:30:00+00:00,2026-06-04 06:00:00+00:00,BUY,10.0,58.93
2026-06-03 22:45:00+00:00,2026-06-04 08:00:00+00:00,BUY,10.0,63.1
2026-06-03 23:15:00+00:00,2026-06-04 06:00:00+00:00,SELL,10.0,59.85
2026-06-04 00:00:00+00:00,2026-06-04 08:00:00+00:00,SELL,10.0,67.24
2026-06-04 01:00:00+00:00,2026-06-04 06:00:00+00:00,BUY,10.0,56.49
2026-06-04 01:30:00+00:00,2026-06-04 11:00:00+00:00,BUY,10.0,39.05
2026-06-04 01:45:00+00:00,2026-06-04 06:00:00+00:00,SELL,10.0,120.65
2026-06-04 03:00:00+00:00,2026-06-04 09:00:00+00:00,BUY,10.0,88.65
2026-06-04 03:00:00+00:00,2026-06-04 11:00:00+00:00,SELL,10.0,43.95
2026-06-04 04:00:00+00:00,2026-06-04 09:00:00+00:00,SELL,10.0,88.46
2026-06-04 13:45:00+00:00,2026-06-04 19:00:00+00:00,BUY,10.0,129.93
2026-06-04 14:15:00+00:00,2026-06-04 20:00:00+00:00,BUY,10.0,28.87
2026-06-04 15:00:00+00:00,2026-06-04 19:00:00+00:00,SELL,10.0,127.51
2026-06-04 15:45:00+00:00,2026-06-04 20:00:00+00:00,SELL,10.0,27.63
2026-06-04 16:45:00+00:00,2026-06-05 01:00:00+00:00,BUY,10.0,42.21
2026-06-04 17:30:00+00:00,2026-06-05 01:00:00+00:00,SELL,10.0,40.99
2026-06-04 17:30:00+00:00,2026-06-04 19:00:00+00:00,BUY,10.0,189.03
2026-06-04 18:15:00+00:00,2026-06-04 19:00:00+00:00,SELL,10.0,189.07
2026-06-04 20:00:00+00:00,2026-06-05 04:00:00+00:00,BUY,10.0,11.22
2026-06-04 21:30:00+00:00,2026-06-05 04:00:00+00:00,SELL,10.0,9.17
2026-06-04 21:30:00+00:00,2026-06-05 06:00:00+00:00,BUY,10.0,55.45
2026-06-04 23:00:00+00:00,2026-06-05 06:00:00+00:00,SELL,10.0,53.5
2026-06-04 23:45:00+00:00,2026-06-05 07:00:00+00:00,BUY,10.0,51.34
2026-06-05 00:30:00+00:00,2026-06-05 07:00:00+00:00,SELL,10.0,51.05
2026-06-05 14:45:00+00:00,2026-06-05 18:00:00+00:00,BUY,10.0,160.15
2026-06-05 15:30:00+00:00,2026-06-05 21:00:00+00:00,BUY,10.0,14.86
2026-06-05 15:30:00+00:00,2026-06-05 18:00:00+00:00,SELL,10.0,160.71
2026-06-05 16:15:00+00:00,2026-06-05 18:00:00+00:00,BUY,10.0,112.83
2026-06-05 17:00:00+00:00,2026-06-05 21:00:00+00:00,SELL,10.0,14.06
2026-06-05 17:15:00+00:00,2026-06-05 18:00:00+00:00,SELL,10.0,112.8
2026-06-05 21:30:00+00:00,2026-06-06 07:00:00+00:00,BUY,10.0,50.19
2026-06-05 22:30:00+00:00,2026-06-06 07:00:00+00:00,SELL,10.0,50.63
2026-06-06 02:15:00+00:00,2026-06-06 04:00:00+00:00,BUY,10.0,124.07
2026-06-06 02:30:00+00:00,2026-06-06 12:00:00+00:00,BUY,10.0,38.93
2026-06-06 03:00:00+00:00,2026-06-06 04:00:00+00:00,SELL,10.0,125.09
2026-06-06 03:45:00+00:00,2026-06-06 12:00:00+00:00,SELL,10.0,35.89
2026-06-06 05:30:00+00:00,2026-06-06 15:00:00+00:00,BUY,10.0,34.65
2026-06-06 07:00:00+00:00,2026-06-06 15:00:00+00:00,SELL,10.0,34.82
2026-06-06 08:00:00+00:00,2026-06-06 17:00:00+00:00,BUY,10.0,49.92
2026-06-06 08:45:00+00:00,2026-06-06 17:00:00+00:00,SELL,10.0,54.78
2026-06-07 04:00:00+00:00,2026-06-07 06:00:00+00:00,BUY,10.0,152.41
2026-06-07 04:45:00+00:00,2026-06-07 06:00:00+00:00,SELL,10.0,152.9
2026-06-07 23:45:00+00:00,2026-06-08 09:00:00+00:00,BUY,10.0,34.15
2026-06-08 00:45:00+00:00,2026-06-08 09:00:00+00:00,SELL,10.0,30.83
2026-06-08 03:45:00+00:00,2026-06-08 06:00:00+00:00,BUY,10.0,151.39
2026-06-08 04:30:00+00:00,2026-06-08 06:00:00+00:00,SELL,10.0,152.29
2026-06-08 14:15:00+00:00,2026-06-08 18:00:00+00:00,BUY,10.0,26.44
2026-06-08 15:45:00+00:00,2026-06-08 18:00:00+00:00,SELL,10.0,25.56
2026-06-09 04:30:00+00:00,2026-06-09 11:00:00+00:00,BUY,10.0,-17.43
2026-06-09 05:30:00+00:00,2026-06-09 12:00:00+00:00,BUY,10.0,53.89
2026-06-09 06:00:00+00:00,2026-06-09 11:00:00+00:00,SELL,10.0,-21.37
2026-06-09 08:00:00+00:00,2026-06-09 12:00:00+00:00,SELL,10.0,57.01
2026-06-09 08:15:00+00:00,2026-06-09 13:00:00+00:00,BUY,10.0,-49.26
2026-06-09 08:45:00+00:00,2026-06-09 12:00:00+00:00,BUY,10.0,49.24
2026-06-09 08:45:00+00:00,2026-06-09 14:00:00+00:00,BUY,10.0,48.95
2026-06-09 09:00:00+00:00,2026-06-09 13:00:00+00:00,SELL,10.0,-31.1
2026-06-09 10:00:00+00:00,2026-06-09 14:00:00+00:00,SELL,10.0,64.1
2026-06-09 10:00:00+00:00,2026-06-09 12:00:00+00:00,SELL,10.0,56.24
2026-06-10 04:00:00+00:00,2026-06-10 10:00:00+00:00,BUY,10.0,28.03
2026-06-10 04:30:00+00:00,2026-06-10 11:00:00+00:00,BUY,10.0,35.75
2026-06-10 04:45:00+00:00,2026-06-10 10:00:00+00:00,SELL,10.0,25.58
2026-06-10 05:30:00+00:00,2026-06-10 11:00:00+00:00,SELL,10.0,34.15
2026-06-10 05:30:00+00:00,2026-06-10 12:00:00+00:00,BUY,10.0,30.46
2026-06-10 06:30:00+00:00,2026-06-10 13:00:00+00:00,BUY,10.0,98.99
2026-06-10 08:00:00+00:00,2026-06-10 12:00:00+00:00,SELL,10.0,26.97
2026-06-10 09:00:00+00:00,2026-06-10 13:00:00+00:00,SELL,10.0,83.04
2026-06-10 12:00:00+00:00,2026-06-10 13:00:00+00:00,BUY,10.0,72.25
2026-06-10 12:15:00+00:00,2026-06-10 13:00:00+00:00,SELL,10.0,72.77
2026-06-10 15:45:00+00:00,2026-06-10 17:00:00+00:00,BUY,10.0,88.29
2026-06-10 16:15:00+00:00,2026-06-10 17:00:00+00:00,SELL,10.0,88.46
2026-06-11 08:15:00+00:00,2026-06-11 15:00:00+00:00,BUY,10.0,20.36
2026-06-11 09:00:00+00:00,2026-06-11 15:00:00+00:00,SELL,10.0,23.24
2026-06-11 13:00:00+00:00,2026-06-11 20:00:00+00:00,BUY,10.0,51.35
2026-06-11 14:00:00+00:00,2026-06-11 20:00:00+00:00,SELL,10.0,50.94
2026-06-12 01:30:00+00:00,2026-06-12 07:00:00+00:00,BUY,10.0,134.69
2026-06-12 02:15:00+00:00,2026-06-12 07:00:00+00:00,SELL,10.0,133.46
2026-06-12 09:45:00+00:00,2026-06-12 17:00:00+00:00,BUY,10.0,18.61
2026-06-12 11:15:00+00:00,2026-06-12 17:00:00+00:00,SELL,10.0,19.31
2026-06-13 03:15:00+00:00,2026-06-13 05:00:00+00:00,BUY,10.0,129.77
2026-06-13 04:00:00+00:00,2026-06-13 05:00:00+00:00,SELL,10.0,130.63
2026-06-13 06:15:00+00:00,2026-06-13 13:00:00+00:00,BUY,10.0,35.35
2026-06-13 07:00:00+00:00,2026-06-13 13:00:00+00:00,SELL,10.0,37.77
2026-06-13 09:30:00+00:00,2026-06-13 19:00:00+00:00,BUY,10.0,25.02
2026-06-13 10:00:00+00:00,2026-06-13 18:00:00+00:00,BUY,10.0,57.28
2026-06-13 10:45:00+00:00,2026-06-13 18:00:00+00:00,SELL,10.0,57.39
2026-06-13 11:45:00+00:00,2026-06-13 19:00:00+00:00,SELL,10.0,21.88
2026-06-13 14:00:00+00:00,2026-06-13 22:00:00+00:00,BUY,10.0,48.64
2026-06-13 15:00:00+00:00,2026-06-13 22:00:00+00:00,SELL,10.0,46.84
2026-06-13 23:00:00+00:00,2026-06-14 00:00:00+00:00,BUY,10.0,20.26
2026-06-13 23:15:00+00:00,2026-06-14 00:00:00+00:00,SELL,10.0,21.09
2026-06-14 00:15:00+00:00,2026-06-14 07:00:00+00:00,BUY,10.0,61.99
2026-06-14 01:00:00+00:00,2026-06-14 07:00:00+00:00,SELL,10.0,59.84
2026-06-14 13:15:00+00:00,2026-06-14 21:00:00+00:00,BUY,10.0,126.81
2026-06-14 14:00:00+00:00,2026-06-14 21:00:00+00:00,SELL,10.0,125.18
2026-06-14 16:00:00+00:00,2026-06-14 23:00:00+00:00,BUY,10.0,186.68
2026-06-14 17:00:00+00:00,2026-06-14 23:00:00+00:00,SELL,10.0,184.92
2026-06-15 00:00:00+00:00,2026-06-15 09:00:00+00:00,BUY,10.0,49.66
2026-06-15 01:00:00+00:00,2026-06-15 09:00:00+00:00,SELL,10.0,48.78
2026-06-15 02:30:00+00:00,2026-06-15 11:00:00+00:00,BUY,10.0,30.1
2026-06-15 03:30:00+00:00,2026-06-15 11:00:00+00:00,SELL,10.0,32.66
2026-06-16 01:30:00+00:00,2026-06-16 11:00:00+00:00,BUY,10.0,0.68
2026-06-16 02:45:00+00:00,2026-06-16 12:00:00+00:00,BUY,10.0,21.18
2026-06-16 03:00:00+00:00,2026-06-16 11:00:00+00:00,SELL,10.0,3.06
2026-06-16 03:30:00+00:00,2026-06-16 11:00:00+00:00,BUY,10.0,-7.96
2026-06-16 04:00:00+00:00,2026-06-16 12:00:00+00:00,SELL,10.0,18.2
2026-06-16 05:00:00+00:00,2026-06-16 11:00:00+00:00,SELL,10.0,-2.17
2026-06-16 05:00:00+00:00,2026-06-16 14:00:00+00:00,BUY,10.0,24.96
2026-06-16 05:30:00+00:00,2026-06-16 15:00:00+00:00,BUY,10.0,23.54
2026-06-16 05:45:00+00:00,2026-06-16 14:00:00+00:00,SELL,10.0,27.09
2026-06-16 07:00:00+00:00,2026-06-16 15:00:00+00:00,SELL,10.0,22.84
2026-06-16 14:30:00+00:00,2026-06-16 18:00:00+00:00,BUY,10.0,11.26
2026-06-16 16:00:00+00:00,2026-06-16 18:00:00+00:00,SELL,10.0,11.96
2026-06-16 18:30:00+00:00,2026-06-17 01:00:00+00:00,BUY,10.0,-11.81
2026-06-16 18:45:00+00:00,2026-06-17 00:00:00+00:00,BUY,10.0,-34.13
2026-06-16 20:15:00+00:00,2026-06-17 01:00:00+00:00,SELL,10.0,-23.17
2026-06-16 20:30:00+00:00,2026-06-17 00:00:00+00:00,SELL,10.0,-41.43
2026-06-16 22:45:00+00:00,2026-06-17 01:00:00+00:00,BUY,10.0,-25.71
2026-06-17 00:15:00+00:00,2026-06-17 01:00:00+00:00,SELL,10.0,-32.45
2026-06-17 00:30:00+00:00,2026-06-17 07:00:00+00:00,BUY,10.0,23.1
2026-06-17 00:30:00+00:00,2026-06-17 05:00:00+00:00,BUY,10.0,49.1
2026-06-17 00:45:00+00:00,2026-06-17 03:00:00+00:00,BUY,10.0,12.75
2026-06-17 01:30:00+00:00,2026-06-17 05:00:00+00:00,SELL,10.0,49.1
2026-06-17 01:30:00+00:00,2026-06-17 07:00:00+00:00,SELL,10.0,22.82
2026-06-17 01:30:00+00:00,2026-06-17 08:00:00+00:00,BUY,10.0,22.82
2026-06-17 01:45:00+00:00,2026-06-17 04:00:00+00:00,BUY,10.0,33.36
2026-06-17 02:15:00+00:00,2026-06-17 08:00:00+00:00,SELL,10.0,21.67
2026-06-17 02:15:00+00:00,2026-06-17 03:00:00+00:00,SELL,10.0,6.28
2026-06-17 02:30:00+00:00,2026-06-17 09:00:00+00:00,BUY,10.0,20.62
2026-06-17 03:15:00+00:00,2026-06-17 04:00:00+00:00,SELL,10.0,27.9
2026-06-17 03:30:00+00:00,2026-06-17 09:00:00+00:00,SELL,10.0,31.84
2026-06-17 03:30:00+00:00,2026-06-17 10:00:00+00:00,BUY,10.0,13.26
2026-06-17 04:00:00+00:00,2026-06-17 09:00:00+00:00,BUY,10.0,27.6
2026-06-17 04:30:00+00:00,2026-06-17 11:00:00+00:00,BUY,10.0,-50.32
2026-06-17 05:00:00+00:00,2026-06-17 09:00:00+00:00,SELL,10.0,36.33
2026-06-17 05:00:00+00:00,2026-06-17 10:00:00+00:00,SELL,10.0,8.26
2026-06-17 05:30:00+00:00,2026-06-17 12:00:00+00:00,BUY,10.0,-12.4
2026-06-17 07:00:00+00:00,2026-06-17 11:00:00+00:00,SELL,10.0,-55.86
2026-06-17 08:00:00+00:00,2026-06-17 12:00:00+00:00,SELL,10.0,-17.84
2026-06-17 08:30:00+00:00,2026-06-17 15:00:00+00:00,BUY,10.0,-11.39
2026-06-17 09:30:00+00:00,2026-06-17 16:00:00+00:00,BUY,10.0,60.88
2026-06-17 10:00:00+00:00,2026-06-17 15:00:00+00:00,SELL,10.0,-15.07
2026-06-17 12:00:00+00:00,2026-06-17 16:00:00+00:00,SELL,10.0,50.97
2026-06-17 12:15:00+00:00,2026-06-17 19:00:00+00:00,BUY,10.0,31.45
2026-06-17 13:00:00+00:00,2026-06-17 19:00:00+00:00,SELL,10.0,42.85
2026-06-17 13:00:00+00:00,2026-06-17 17:00:00+00:00,BUY,10.0,35.11
2026-06-17 13:15:00+00:00,2026-06-17 16:00:00+00:00,BUY,10.0,45.38
2026-06-17 13:30:00+00:00,2026-06-17 15:00:00+00:00,BUY,10.0,-10.76
2026-06-17 13:45:00+00:00,2026-06-17 17:00:00+00:00,SELL,10.0,40.11
2026-06-17 14:15:00+00:00,2026-06-17 15:00:00+00:00,SELL,10.0,-13.32
2026-06-17 14:30:00+00:00,2026-06-17 17:00:00+00:00,BUY,10.0,31.86
2026-06-17 14:30:00+00:00,2026-06-17 22:00:00+00:00,BUY,10.0,23.86
2026-06-17 15:15:00+00:00,2026-06-17 16:00:00+00:00,SELL,10.0,32.35
2026-06-17 16:00:00+00:00,2026-06-17 22:00:00+00:00,SELL,10.0,24.24
2026-06-17 16:00:00+00:00,2026-06-17 23:00:00+00:00,BUY,10.0,-73.65
2026-06-17 16:15:00+00:00,2026-06-17 19:00:00+00:00,BUY,10.0,35.09
2026-06-17 16:15:00+00:00,2026-06-17 17:00:00+00:00,SELL,10.0,26.2
2026-06-17 16:30:00+00:00,2026-06-18 02:00:00+00:00,BUY,10.0,-77.97
2026-06-17 17:00:00+00:00,2026-06-17 19:00:00+00:00,SELL,10.0,33.45
2026-06-17 17:00:00+00:00,2026-06-17 23:00:00+00:00,SELL,10.0,-63.34
2026-06-17 17:45:00+00:00,2026-06-17 19:00:00+00:00,BUY,10.0,26.78
2026-06-17 18:00:00+00:00,2026-06-18 02:00:00+00:00,SELL,10.0,-55.8
2026-06-17 18:15:00+00:00,2026-06-17 21:00:00+00:00,BUY,10.0,29.41
2026-06-17 18:15:00+00:00,2026-06-17 19:00:00+00:00,SELL,10.0,26.22
2026-06-17 18:30:00+00:00,2026-06-17 22:00:00+00:00,BUY,10.0,17.26
2026-06-17 19:15:00+00:00,2026-06-17 21:00:00+00:00,SELL,10.0,24.29
2026-06-17 19:30:00+00:00,2026-06-17 21:00:00+00:00,BUY,10.0,18.69
2026-06-17 19:30:00+00:00,2026-06-18 05:00:00+00:00,BUY,10.0,-67.03
2026-06-17 19:45:00+00:00,2026-06-18 02:00:00+00:00,BUY,10.0,-40.92
2026-06-17 20:00:00+00:00,2026-06-17 22:00:00+00:00,SELL,10.0,12.45
2026-06-17 20:15:00+00:00,2026-06-17 21:00:00+00:00,SELL,10.0,17.22
2026-06-17 20:30:00+00:00,2026-06-17 22:00:00+00:00,BUY,10.0,9.53
2026-06-17 21:00:00+00:00,2026-06-18 02:00:00+00:00,SELL,10.0,-41.59
2026-06-17 21:00:00+00:00,2026-06-18 05:00:00+00:00,SELL,10.0,-65.29
2026-06-17 21:00:00+00:00,2026-06-18 06:00:00+00:00,BUY,10.0,-93.18
2026-06-17 21:15:00+00:00,2026-06-17 22:00:00+00:00,SELL,10.0,7.44
2026-06-17 21:30:00+00:00,2026-06-18 04:00:00+00:00,BUY,10.0,10.12
2026-06-17 21:30:00+00:00,2026-06-18 02:00:00+00:00,BUY,10.0,-47.93
2026-06-17 21:45:00+00:00,2026-06-18 06:00:00+00:00,SELL,10.0,-63.78
2026-06-17 22:30:00+00:00,2026-06-18 08:00:00+00:00,BUY,10.0,-64.58
2026-06-17 23:00:00+00:00,2026-06-18 04:00:00+00:00,SELL,10.0,11.95
2026-06-17 23:00:00+00:00,2026-06-18 02:00:00+00:00,SELL,10.0,-50.31
2026-06-18 00:00:00+00:00,2026-06-18 08:00:00+00:00,SELL,10.0,-57.64
2026-06-18 00:30:00+00:00,2026-06-18 04:00:00+00:00,BUY,10.0,2.31
2026-06-18 00:30:00+00:00,2026-06-18 09:00:00+00:00,BUY,10.0,-25.23
2026-06-18 00:30:00+00:00,2026-06-18 10:00:00+00:00,BUY,10.0,-113.62
2026-06-18 01:30:00+00:00,2026-06-18 11:00:00+00:00,BUY,10.0,-136.33
2026-06-18 01:45:00+00:00,2026-06-18 04:00:00+00:00,SELL,10.0,1.99
2026-06-18 02:00:00+00:00,2026-06-18 09:00:00+00:00,SELL,10.0,8.28
2026-06-18 02:15:00+00:00,2026-06-18 11:00:00+00:00,SELL,10.0,-132.95
2026-06-18 02:30:00+00:00,2026-06-18 12:00:00+00:00,BUY,10.0,-117.55
2026-06-18 02:45:00+00:00,2026-06-18 09:00:00+00:00,BUY,10.0,0.9
2026-06-18 03:00:00+00:00,2026-06-18 10:00:00+00:00,SELL,10.0,-105.16
2026-06-18 03:30:00+00:00,2026-06-18 08:00:00+00:00,BUY,10.0,30.31
2026-06-18 03:30:00+00:00,2026-06-18 13:00:00+00:00,BUY,10.0,-113.64
2026-06-18 04:00:00+00:00,2026-06-18 09:00:00+00:00,SELL,10.0,14.29
2026-06-18 04:00:00+00:00,2026-06-18 12:00:00+00:00,SELL,10.0,-110.89
2026-06-18 04:30:00+00:00,2026-06-18 14:00:00+00:00,BUY,10.0,-114.89
2026-06-18 05:00:00+00:00,2026-06-18 09:00:00+00:00,BUY,10.0,8.67
2026-06-18 05:00:00+00:00,2026-06-18 13:00:00+00:00,SELL,10.0,-102.72
2026-06-18 05:15:00+00:00,2026-06-18 08:00:00+00:00,SELL,10.0,22.66
2026-06-18 05:30:00+00:00,2026-06-18 15:00:00+00:00,BUY,10.0,-67.14
2026-06-18 06:00:00+00:00,2026-06-18 12:00:00+00:00,BUY,10.0,-78.98
2026-06-18 06:00:00+00:00,2026-06-18 14:00:00+00:00,SELL,10.0,-112.05
2026-06-18 07:00:00+00:00,2026-06-18 15:00:00+00:00,SELL,10.0,-63.81
2026-06-18 07:00:00+00:00,2026-06-18 09:00:00+00:00,SELL,10.0,1.5
2026-06-18 07:00:00+00:00,2026-06-18 12:00:00+00:00,SELL,10.0,-57.91
2026-06-18 07:30:00+00:00,2026-06-18 12:00:00+00:00,BUY,10.0,-66.96
2026-06-18 07:45:00+00:00,2026-06-18 14:00:00+00:00,BUY,10.0,-104.19
2026-06-18 08:30:00+00:00,2026-06-18 13:00:00+00:00,BUY,10.0,-52.25
2026-06-18 09:00:00+00:00,2026-06-18 12:00:00+00:00,SELL,10.0,-67.96
2026-06-18 09:00:00+00:00,2026-06-18 14:00:00+00:00,SELL,10.0,-89.68
2026-06-18 10:00:00+00:00,2026-06-18 14:00:00+00:00,BUY,10.0,-97.93
2026-06-18 10:30:00+00:00,2026-06-18 15:00:00+00:00,BUY,10.0,-19.25
2026-06-18 11:15:00+00:00,2026-06-18 13:00:00+00:00,SELL,10.0,-68.84
2026-06-18 11:30:00+00:00,2026-06-18 13:00:00+00:00,BUY,10.0,-77.7
2026-06-18 11:45:00+00:00,2026-06-18 14:00:00+00:00,SELL,10.0,-101.95
2026-06-18 12:00:00+00:00,2026-06-18 15:00:00+00:00,SELL,10.0,-21.56
2026-06-18 12:15:00+00:00,2026-06-18 13:00:00+00:00,SELL,10.0,-77.45
2026-06-18 13:15:00+00:00,2026-06-18 17:00:00+00:00,BUY,10.0,19.52
2026-06-18 13:45:00+00:00,2026-06-18 15:00:00+00:00,BUY,10.0,-24.13
2026-06-18 14:15:00+00:00,2026-06-18 20:00:00+00:00,BUY,10.0,16.68
2026-06-18 14:15:00+00:00,2026-06-18 15:00:00+00:00,SELL,10.0,-23.23
2026-06-18 14:45:00+00:00,2026-06-18 17:00:00+00:00,SELL,10.0,12.21
2026-06-18 14:45:00+00:00,2026-06-18 19:00:00+00:00,BUY,10.0,18.14
2026-06-18 15:00:00+00:00,2026-06-18 20:00:00+00:00,SELL,10.0,16.89
2026-06-18 16:15:00+00:00,2026-06-18 19:00:00+00:00,SELL,10.0,12.85
2026-06-18 16:30:00+00:00,2026-06-18 20:00:00+00:00,BUY,10.0,10.54
2026-06-18 17:00:00+00:00,2026-06-19 00:00:00+00:00,BUY,10.0,22.53
2026-06-18 17:15:00+00:00,2026-06-18 20:00:00+00:00,SELL,10.0,10.77
2026-06-18 18:15:00+00:00,2026-06-19 00:00:00+00:00,SELL,10.0,39.24
2026-06-18 18:45:00+00:00,2026-06-19 02:00:00+00:00,BUY,10.0,6.81
2026-06-18 19:45:00+00:00,2026-06-19 03:00:00+00:00,BUY,10.0,-53.56
2026-06-18 20:00:00+00:00,2026-06-19 02:00:00+00:00,SELL,10.0,25.91
2026-06-18 20:30:00+00:00,2026-06-19 00:00:00+00:00,BUY,10.0,28.29
2026-06-18 21:00:00+00:00,2026-06-19 04:00:00+00:00,BUY,10.0,13.97
2026-06-18 21:15:00+00:00,2026-06-19 03:00:00+00:00,SELL,10.0,-41.17
2026-06-18 22:00:00+00:00,2026-06-19 00:00:00+00:00,SELL,10.0,37.97
2026-06-18 22:00:00+00:00,2026-06-19 04:00:00+00:00,SELL,10.0,45.85
2026-06-18 22:15:00+00:00,2026-06-19 05:00:00+00:00,BUY,10.0,24.72
2026-06-18 22:30:00+00:00,2026-06-19 02:00:00+00:00,BUY,10.0,19.63
2026-06-18 22:45:00+00:00,2026-06-19 04:00:00+00:00,BUY,10.0,35.41
2026-06-18 23:00:00+00:00,2026-06-19 05:00:00+00:00,SELL,10.0,40.81
2026-06-19 00:00:00+00:00,2026-06-19 02:00:00+00:00,SELL,10.0,27.09
2026-06-19 00:00:00+00:00,2026-06-19 04:00:00+00:00,SELL,10.0,36.38
2026-06-19 00:30:00+00:00,2026-06-19 04:00:00+00:00,BUY,10.0,28.59
2026-06-19 01:00:00+00:00,2026-06-19 06:00:00+00:00,BUY,10.0,52.6
2026-06-19 02:00:00+00:00,2026-06-19 04:00:00+00:00,SELL,10.0,44.78
2026-06-19 02:15:00+00:00,2026-06-19 06:00:00+00:00,SELL,10.0,52.81
2026-06-19 02:30:00+00:00,2026-06-19 06:00:00+00:00,BUY,10.0,46.36
2026-06-19 03:45:00+00:00,2026-06-19 06:00:00+00:00,SELL,10.0,51.15
2026-06-19 03:45:00+00:00,2026-06-19 09:00:00+00:00,BUY,10.0,75.59
2026-06-19 04:45:00+00:00,2026-06-19 12:00:00+00:00,BUY,10.0,29.89
2026-06-19 05:00:00+00:00,2026-06-19 10:00:00+00:00,BUY,10.0,-29.44
2026-06-19 05:45:00+00:00,2026-06-19 10:00:00+00:00,SELL,10.0,-29.35
2026-06-19 05:45:00+00:00,2026-06-19 11:00:00+00:00,BUY,10.0,-23.17
2026-06-19 06:15:00+00:00,2026-06-19 12:00:00+00:00,SELL,10.0,28.27
2026-06-19 06:30:00+00:00,2026-06-19 10:00:00+00:00,BUY,10.0,-43.24
2026-06-19 06:30:00+00:00,2026-06-19 12:00:00+00:00,BUY,10.0,17.82
2026-06-19 07:00:00+00:00,2026-06-19 09:00:00+00:00,SELL,10.0,63.48
2026-06-19 08:00:00+00:00,2026-06-19 15:00:00+00:00,BUY,10.0,38.9
2026-06-19 08:00:00+00:00,2026-06-19 10:00:00+00:00,SELL,10.0,-25.1
2026-06-19 09:00:00+00:00,2026-06-19 13:00:00+00:00,BUY,10.0,-63.49
2026-06-19 09:00:00+00:00,2026-06-19 11:00:00+00:00,SELL,10.0,-46.69
2026-06-19 09:30:00+00:00,2026-06-19 15:00:00+00:00,SELL,10.0,40.19
2026-06-19 09:45:00+00:00,2026-06-19 15:00:00+00:00,BUY,10.0,36.23
2026-06-19 09:45:00+00:00,2026-06-19 12:00:00+00:00,SELL,10.0,6.28
2026-06-19 10:30:00+00:00,2026-06-19 13:00:00+00:00,SELL,10.0,-66.97
2026-06-19 11:00:00+00:00,2026-06-19 18:00:00+00:00,BUY,10.0,32.99
2026-06-19 11:30:00+00:00,2026-06-19 16:00:00+00:00,BUY,10.0,-19.49
2026-06-19 11:45:00+00:00,2026-06-19 19:00:00+00:00,BUY,10.0,26.96
2026-06-19 12:00:00+00:00,2026-06-19 18:00:00+00:00,SELL,10.0,38.22
2026-06-19 13:00:00+00:00,2026-06-19 15:00:00+00:00,SELL,10.0,15.27
2026-06-19 13:00:00+00:00,2026-06-19 19:00:00+00:00,SELL,10.0,44.68
2026-06-19 13:00:00+00:00,2026-06-19 20:00:00+00:00,BUY,10.0,37.85
2026-06-19 13:30:00+00:00,2026-06-19 17:00:00+00:00,BUY,10.0,26.88
2026-06-19 14:00:00+00:00,2026-06-19 16:00:00+00:00,SELL,10.0,-21.7
2026-06-19 14:00:00+00:00,2026-06-19 20:00:00+00:00,SELL,10.0,44.92
2026-06-19 14:15:00+00:00,2026-06-19 21:00:00+00:00,BUY,10.0,30.01
2026-06-19 15:00:00+00:00,2026-06-19 21:00:00+00:00,SELL,10.0,66.4
2026-06-19 15:00:00+00:00,2026-06-19 17:00:00+00:00,SELL,10.0,36.78
2026-06-19 15:00:00+00:00,2026-06-19 20:00:00+00:00,BUY,10.0,39.35
2026-06-19 15:00:00+00:00,2026-06-19 22:00:00+00:00,BUY,10.0,39.22
2026-06-19 16:00:00+00:00,2026-06-19 23:00:00+00:00,BUY,10.0,-37.46
2026-06-19 16:00:00+00:00,2026-06-19 20:00:00+00:00,SELL,10.0,38.62
2026-06-19 16:00:00+00:00,2026-06-19 22:00:00+00:00,SELL,10.0,57.28
2026-06-19 16:30:00+00:00,2026-06-19 22:00:00+00:00,BUY,10.0,48.11
2026-06-19 17:15:00+00:00,2026-06-19 23:00:00+00:00,SELL,10.0,-19.69
2026-06-19 17:30:00+00:00,2026-06-19 21:00:00+00:00,BUY,10.0,68.94
2026-06-19 17:45:00+00:00,2026-06-19 23:00:00+00:00,BUY,10.0,-30.52
2026-06-19 18:00:00+00:00,2026-06-19 22:00:00+00:00,SELL,10.0,49.63
2026-06-19 18:30:00+00:00,2026-06-19 22:00:00+00:00,BUY,10.0,38.08
2026-06-19 19:00:00+00:00,2026-06-19 23:00:00+00:00,SELL,10.0,-30.17
2026-06-19 19:00:00+00:00,2026-06-19 21:00:00+00:00,SELL,10.0,82.48
2026-06-19 19:30:00+00:00,2026-06-19 23:00:00+00:00,BUY,10.0,-42.52
2026-06-19 20:00:00+00:00,2026-06-19 22:00:00+00:00,SELL,10.0,53.16
2026-06-19 21:00:00+00:00,2026-06-19 23:00:00+00:00,SELL,10.0,-28.46
2026-06-20 11:45:00+00:00,2026-06-20 18:00:00+00:00,BUY,10.0,66.59
2026-06-20 13:00:00+00:00,2026-06-20 18:00:00+00:00,SELL,10.0,68.14
2026-06-21 03:30:00+00:00,2026-06-21 13:00:00+00:00,BUY,10.0,39.44
2026-06-21 05:00:00+00:00,2026-06-21 13:00:00+00:00,SELL,10.0,35.89
2026-06-22 01:45:00+00:00,2026-06-22 10:00:00+00:00,BUY,10.0,35.46
2026-06-22 02:30:00+00:00,2026-06-22 10:00:00+00:00,SELL,10.0,35.89
2026-06-22 04:00:00+00:00,2026-06-22 13:00:00+00:00,BUY,10.0,29.61
2026-06-22 04:45:00+00:00,2026-06-22 13:00:00+00:00,SELL,10.0,29.5
2026-06-22 07:45:00+00:00,2026-06-22 17:00:00+00:00,BUY,10.0,176.35
2026-06-22 08:30:00+00:00,2026-06-22 17:00:00+00:00,SELL,10.0,175.11
2026-06-22 15:15:00+00:00,2026-06-22 18:00:00+00:00,BUY,10.0,18.94
2026-06-22 16:45:00+00:00,2026-06-22 18:00:00+00:00,SELL,10.0,17.54
2026-06-23 00:30:00+00:00,2026-06-23 09:00:00+00:00,BUY,10.0,21.8
2026-06-23 01:30:00+00:00,2026-06-23 09:00:00+00:00,SELL,10.0,28.44
2026-06-23 01:30:00+00:00,2026-06-23 10:00:00+00:00,BUY,10.0,28.96
2026-06-23 02:45:00+00:00,2026-06-23 11:00:00+00:00,BUY,10.0,-73.57
2026-06-23 03:00:00+00:00,2026-06-23 10:00:00+00:00,SELL,10.0,32.68
2026-06-23 03:30:00+00:00,2026-06-23 12:00:00+00:00,BUY,10.0,2.46
2026-06-23 04:00:00+00:00,2026-06-23 11:00:00+00:00,SELL,10.0,-3.06
2026-06-23 04:30:00+00:00,2026-06-23 08:00:00+00:00,BUY,10.0,33.13
2026-06-23 04:30:00+00:00,2026-06-23 13:00:00+00:00,BUY,10.0,-35.21
2026-06-23 05:00:00+00:00,2026-06-23 12:00:00+00:00,SELL,10.0,17.36
2026-06-23 05:15:00+00:00,2026-06-23 08:00:00+00:00,SELL,10.0,34.6
2026-06-23 05:30:00+00:00,2026-06-23 14:00:00+00:00,BUY,10.0,-13.01
2026-06-23 06:00:00+00:00,2026-06-23 13:00:00+00:00,SELL,10.0,32.29
2026-06-23 06:30:00+00:00,2026-06-23 15:00:00+00:00,BUY,10.0,-38.97
2026-06-23 07:00:00+00:00,2026-06-23 14:00:00+00:00,SELL,10.0,19.09
2026-06-23 07:30:00+00:00,2026-06-23 11:00:00+00:00,BUY,10.0,6.86
2026-06-23 08:00:00+00:00,2026-06-23 15:00:00+00:00,SELL,10.0,1.95
2026-06-23 08:30:00+00:00,2026-06-23 12:00:00+00:00,BUY,10.0,19.51
2026-06-23 09:00:00+00:00,2026-06-23 11:00:00+00:00,SELL,10.0,1.93
2026-06-23 09:30:00+00:00,2026-06-23 13:00:00+00:00,BUY,10.0,44.32
2026-06-23 10:00:00+00:00,2026-06-23 12:00:00+00:00,SELL,10.0,15.96
2026-06-23 10:30:00+00:00,2026-06-23 14:00:00+00:00,BUY,10.0,20.47
2026-06-23 11:30:00+00:00,2026-06-23 15:00:00+00:00,BUY,10.0,21.6
2026-06-23 12:00:00+00:00,2026-06-23 13:00:00+00:00,SELL,10.0,32.02
2026-06-23 12:00:00+00:00,2026-06-23 14:00:00+00:00,SELL,10.0,19.09
2026-06-23 14:00:00+00:00,2026-06-23 15:00:00+00:00,SELL,10.0,9.76
2026-06-23 17:30:00+00:00,2026-06-23 22:00:00+00:00,BUY,10.0,153.85
2026-06-23 18:30:00+00:00,2026-06-23 22:00:00+00:00,SELL,10.0,152.07
2026-06-24 01:30:00+00:00,2026-06-24 11:00:00+00:00,BUY,10.0,1.28
2026-06-24 03:00:00+00:00,2026-06-24 11:00:00+00:00,SELL,10.0,29.85
2026-06-24 03:45:00+00:00,2026-06-24 13:00:00+00:00,BUY,10.0,6.47
2026-06-24 04:30:00+00:00,2026-06-24 14:00:00+00:00,BUY,10.0,2.54
2026-06-24 04:30:00+00:00,2026-06-24 13:00:00+00:00,SELL,10.0,15.95
2026-06-24 05:15:00+00:00,2026-06-24 09:00:00+00:00,BUY,10.0,37.96
2026-06-24 05:30:00+00:00,2026-06-24 11:00:00+00:00,BUY,10.0,35.4
2026-06-24 05:45:00+00:00,2026-06-24 12:00:00+00:00,BUY,10.0,33.14
2026-06-24 06:00:00+00:00,2026-06-24 09:00:00+00:00,SELL,10.0,37.6
2026-06-24 06:00:00+00:00,2026-06-24 14:00:00+00:00,SELL,10.0,27.24
2026-06-24 07:00:00+00:00,2026-06-24 11:00:00+00:00,SELL,10.0,36.96
2026-06-24 07:30:00+00:00,2026-06-24 13:00:00+00:00,BUY,10.0,30.37
2026-06-24 08:00:00+00:00,2026-06-24 12:00:00+00:00,SELL,10.0,25.02
2026-06-24 08:30:00+00:00,2026-06-24 12:00:00+00:00,BUY,10.0,16.73
2026-06-24 08:30:00+00:00,2026-06-24 14:00:00+00:00,BUY,10.0,41.99
2026-06-24 09:00:00+00:00,2026-06-24 13:00:00+00:00,SELL,10.0,28.71
2026-06-24 09:30:00+00:00,2026-06-24 13:00:00+00:00,BUY,10.0,25.4
2026-06-24 10:00:00+00:00,2026-06-24 14:00:00+00:00,SELL,10.0,43.85
2026-06-24 10:00:00+00:00,2026-06-24 12:00:00+00:00,SELL,10.0,22.63
2026-06-24 10:15:00+00:00,2026-06-24 13:00:00+00:00,SELL,10.0,25.7
2026-06-24 10:30:00+00:00,2026-06-24 16:00:00+00:00,BUY,10.0,43.57
2026-06-24 11:30:00+00:00,2026-06-24 15:00:00+00:00,BUY,10.0,27.69
2026-06-24 12:00:00+00:00,2026-06-24 16:00:00+00:00,SELL,10.0,45.0
2026-06-24 12:15:00+00:00,2026-06-24 15:00:00+00:00,SELL,10.0,27.11
2026-06-24 22:30:00+00:00,2026-06-25 08:00:00+00:00,BUY,10.0,131.08
2026-06-24 23:15:00+00:00,2026-06-25 08:00:00+00:00,SELL,10.0,130.23
2026-06-25 02:30:00+00:00,2026-06-25 12:00:00+00:00,BUY,10.0,31.21
2026-06-25 04:00:00+00:00,2026-06-25 12:00:00+00:00,SELL,10.0,35.4
2026-06-25 17:00:00+00:00,2026-06-26 00:00:00+00:00,BUY,10.0,29.92
2026-06-25 17:45:00+00:00,2026-06-26 00:00:00+00:00,SELL,10.0,30.66
2026-06-25 23:15:00+00:00,2026-06-26 07:00:00+00:00,BUY,10.0,155.55
2026-06-26 00:15:00+00:00,2026-06-26 07:00:00+00:00,SELL,10.0,151.93
2026-06-26 00:45:00+00:00,2026-06-26 10:00:00+00:00,BUY,10.0,53.43
2026-06-26 01:30:00+00:00,2026-06-26 09:00:00+00:00,BUY,10.0,49.17
2026-06-26 01:45:00+00:00,2026-06-26 10:00:00+00:00,SELL,10.0,55.78
2026-06-26 02:30:00+00:00,2026-06-26 10:00:00+00:00,BUY,10.0,50.26
2026-06-26 03:00:00+00:00,2026-06-26 09:00:00+00:00,SELL,10.0,49.3
2026-06-26 03:30:00+00:00,2026-06-26 11:00:00+00:00,BUY,10.0,43.69
2026-06-26 04:00:00+00:00,2026-06-26 10:00:00+00:00,SELL,10.0,46.86
2026-06-26 04:30:00+00:00,2026-06-26 12:00:00+00:00,BUY,10.0,43.57
2026-06-26 05:00:00+00:00,2026-06-26 11:00:00+00:00,SELL,10.0,41.24
2026-06-26 05:30:00+00:00,2026-06-26 13:00:00+00:00,BUY,10.0,41.69
2026-06-26 06:00:00+00:00,2026-06-26 12:00:00+00:00,SELL,10.0,42.43
2026-06-26 06:15:00+00:00,2026-06-26 10:00:00+00:00,BUY,10.0,44.2
2026-06-26 07:00:00+00:00,2026-06-26 13:00:00+00:00,SELL,10.0,41.22
2026-06-26 07:00:00+00:00,2026-06-26 10:00:00+00:00,SELL,10.0,45.32
2026-06-26 08:45:00+00:00,2026-06-26 16:00:00+00:00,BUY,10.0,48.58
2026-06-26 10:00:00+00:00,2026-06-26 16:00:00+00:00,SELL,10.0,46.01
2026-06-26 10:15:00+00:00,2026-06-26 17:00:00+00:00,BUY,10.0,43.43
2026-06-26 10:30:00+00:00,2026-06-26 18:00:00+00:00,BUY,10.0,55.33
2026-06-26 11:00:00+00:00,2026-06-26 17:00:00+00:00,SELL,10.0,43.96
2026-06-26 12:00:00+00:00,2026-06-26 18:00:00+00:00,SELL,10.0,54.68
2026-06-26 16:00:00+00:00,2026-06-27 00:00:00+00:00,BUY,10.0,-3.13
2026-06-26 17:30:00+00:00,2026-06-27 00:00:00+00:00,SELL,10.0,-3.67
2026-06-26 17:45:00+00:00,2026-06-27 01:00:00+00:00,BUY,10.0,102.52
2026-06-26 18:30:00+00:00,2026-06-27 01:00:00+00:00,SELL,10.0,101.13
2026-06-26 23:15:00+00:00,2026-06-27 07:00:00+00:00,BUY,10.0,41.6
2026-06-27 00:00:00+00:00,2026-06-27 07:00:00+00:00,SELL,10.0,42.01
2026-06-27 02:00:00+00:00,2026-06-27 10:00:00+00:00,BUY,10.0,33.23
2026-06-27 03:00:00+00:00,2026-06-27 10:00:00+00:00,SELL,10.0,32.79
2026-06-27 03:00:00+00:00,2026-06-27 11:00:00+00:00,BUY,10.0,35.41
2026-06-27 03:30:00+00:00,2026-06-27 12:00:00+00:00,BUY,10.0,24.47
2026-06-27 04:15:00+00:00,2026-06-27 11:00:00+00:00,SELL,10.0,33.8
2026-06-27 04:45:00+00:00,2026-06-27 13:00:00+00:00,BUY,10.0,28.78
2026-06-27 05:00:00+00:00,2026-06-27 12:00:00+00:00,SELL,10.0,25.54
2026-06-27 05:45:00+00:00,2026-06-27 14:00:00+00:00,BUY,10.0,19.6
2026-06-27 06:00:00+00:00,2026-06-27 13:00:00+00:00,SELL,10.0,29.44
2026-06-27 07:00:00+00:00,2026-06-27 14:00:00+00:00,SELL,10.0,22.54
2026-06-27 07:15:00+00:00,2026-06-27 15:00:00+00:00,BUY,10.0,25.19
2026-06-27 08:15:00+00:00,2026-06-27 15:00:00+00:00,SELL,10.0,26.48
2026-06-27 22:00:00+00:00,2026-06-28 07:00:00+00:00,BUY,10.0,51.13
2026-06-27 23:15:00+00:00,2026-06-28 07:00:00+00:00,SELL,10.0,48.04
2026-06-27 23:45:00+00:00,2026-06-28 09:00:00+00:00,BUY,10.0,45.51
2026-06-28 01:15:00+00:00,2026-06-28 09:00:00+00:00,SELL,10.0,41.92
2026-06-28 05:45:00+00:00,2026-06-28 11:00:00+00:00,BUY,10.0,38.3
2026-06-28 06:30:00+00:00,2026-06-28 11:00:00+00:00,SELL,10.0,36.82
2026-06-28 07:00:00+00:00,2026-06-28 12:00:00+00:00,BUY,10.0,34.46
2026-06-28 08:00:00+00:00,2026-06-28 12:00:00+00:00,SELL,10.0,34.08
2026-06-28 08:30:00+00:00,2026-06-28 13:00:00+00:00,BUY,10.0,25.21
2026-06-28 09:00:00+00:00,2026-06-28 14:00:00+00:00,BUY,10.0,30.29
2026-06-28 09:15:00+00:00,2026-06-28 13:00:00+00:00,SELL,10.0,26.49
2026-06-28 09:45:00+00:00,2026-06-28 14:00:00+00:00,SELL,10.0,28.15
2026-06-28 18:00:00+00:00,2026-06-28 22:00:00+00:00,BUY,10.0,145.18
2026-06-28 19:00:00+00:00,2026-06-28 22:00:00+00:00,SELL,10.0,145.12
2026-06-29 00:30:00+00:00,2026-06-29 10:00:00+00:00,BUY,10.0,35.38
2026-06-29 01:15:00+00:00,2026-06-29 10:00:00+00:00,SELL,10.0,36.56
2026-06-29 01:30:00+00:00,2026-06-29 11:00:00+00:00,BUY,10.0,33.35
2026-06-29 02:30:00+00:00,2026-06-29 12:00:00+00:00,BUY,10.0,33.78
2026-06-29 02:45:00+00:00,2026-06-29 11:00:00+00:00,SELL,10.0,30.11
2026-06-29 02:45:00+00:00,2026-06-29 09:00:00+00:00,BUY,10.0,38.03
2026-06-29 03:45:00+00:00,2026-06-29 10:00:00+00:00,BUY,10.0,32.22
2026-06-29 04:00:00+00:00,2026-06-29 09:00:00+00:00,SELL,10.0,38.01
2026-06-29 04:00:00+00:00,2026-06-29 12:00:00+00:00,SELL,10.0,32.64
2026-06-29 05:00:00+00:00,2026-06-29 10:00:00+00:00,SELL,10.0,33.31
2026-06-29 05:00:00+00:00,2026-06-29 11:00:00+00:00,BUY,10.0,25.62
2026-06-29 05:30:00+00:00,2026-06-29 15:00:00+00:00,BUY,10.0,23.97
2026-06-29 05:30:00+00:00,2026-06-29 12:00:00+00:00,BUY,10.0,26.13
2026-06-29 05:45:00+00:00,2026-06-29 11:00:00+00:00,SELL,10.0,26.82
2026-06-29 06:30:00+00:00,2026-06-29 13:00:00+00:00,BUY,10.0,19.09
2026-06-29 07:00:00+00:00,2026-06-29 12:00:00+00:00,SELL,10.0,21.84
2026-06-29 07:00:00+00:00,2026-06-29 15:00:00+00:00,SELL,10.0,26.82
2026-06-29 07:30:00+00:00,2026-06-29 14:00:00+00:00,BUY,10.0,29.47
2026-06-29 08:00:00+00:00,2026-06-29 13:00:00+00:00,SELL,10.0,18.6
2026-06-29 09:00:00+00:00,2026-06-29 14:00:00+00:00,SELL,10.0,31.13
2026-06-29 09:00:00+00:00,2026-06-29 15:00:00+00:00,BUY,10.0,23.6
2026-06-29 10:00:00+00:00,2026-06-29 15:00:00+00:00,SELL,10.0,24.9
2026-06-29 10:00:00+00:00,2026-06-29 16:00:00+00:00,BUY,10.0,31.17
2026-06-29 11:00:00+00:00,2026-06-29 16:00:00+00:00,SELL,10.0,30.58
2026-06-30 03:00:00+00:00,2026-06-30 12:00:00+00:00,BUY,10.0,30.53
2026-06-30 03:45:00+00:00,2026-06-30 12:00:00+00:00,SELL,10.0,28.48
2026-06-30 06:30:00+00:00,2026-06-30 12:00:00+00:00,BUY,10.0,25.08
2026-06-30 07:30:00+00:00,2026-06-30 13:00:00+00:00,BUY,10.0,23.46
2026-06-30 08:00:00+00:00,2026-06-30 12:00:00+00:00,SELL,10.0,22.14
2026-06-30 09:00:00+00:00,2026-06-30 14:00:00+00:00,BUY,10.0,23.75
2026-06-30 09:00:00+00:00,2026-06-30 13:00:00+00:00,SELL,10.0,24.19
2026-06-30 09:45:00+00:00,2026-06-30 14:00:00+00:00,SELL,10.0,23.47
