exec_ts,product_delivery,side,qty_mw,price
2025-05-26 20:30:00+00:00,2025-05-27 07:00:00+00:00,SELL,10.0,56.48
2025-05-26 22:00:00+00:00,2025-05-27 07:00:00+00:00,BUY,10.0,49.55
2025-05-27 15:30:00+00:00,2025-05-28 02:00:00+00:00,BUY,10.0,24.13
2025-05-27 16:30:00+00:00,2025-05-28 03:00:00+00:00,BUY,10.0,36.72
2025-05-27 17:15:00+00:00,2025-05-28 02:00:00+00:00,SELL,10.0,32.35
2025-05-27 18:00:00+00:00,2025-05-28 03:00:00+00:00,SELL,10.0,41.44
2025-05-27 18:30:00+00:00,2025-05-28 05:00:00+00:00,BUY,10.0,33.56
2025-05-27 19:30:00+00:00,2025-05-28 06:00:00+00:00,BUY,10.0,41.73
2025-05-27 20:30:00+00:00,2025-05-28 05:00:00+00:00,SELL,10.0,41.59
2025-05-27 21:00:00+00:00,2025-05-28 06:00:00+00:00,SELL,10.0,46.81
2025-05-27 22:30:00+00:00,2025-05-28 09:00:00+00:00,BUY,10.0,37.56
2025-05-27 23:30:00+00:00,2025-05-28 09:00:00+00:00,SELL,10.0,41.98
2025-05-27 23:30:00+00:00,2025-05-28 10:00:00+00:00,BUY,10.0,42.06
2025-05-28 01:00:00+00:00,2025-05-28 10:00:00+00:00,SELL,10.0,47.82
2025-06-01 13:30:00+00:00,2025-06-02 00:00:00+00:00,SELL,10.0,33.89
2025-06-01 15:30:00+00:00,2025-06-02 00:00:00+00:00,BUY,10.0,27.4
2025-06-03 16:30:00+00:00,2025-06-04 03:00:00+00:00,SELL,10.0,43.77
2025-06-03 18:30:00+00:00,2025-06-04 03:00:00+00:00,BUY,10.0,42.52
2025-06-03 19:30:00+00:00,2025-06-04 06:00:00+00:00,SELL,10.0,56.44
2025-06-03 20:45:00+00:00,2025-06-04 06:00:00+00:00,BUY,10.0,54.61
2025-06-04 05:30:00+00:00,2025-06-04 16:00:00+00:00,SELL,10.0,40.51
2025-06-04 06:45:00+00:00,2025-06-04 16:00:00+00:00,BUY,10.0,43.88
2025-06-04 07:30:00+00:00,2025-06-04 18:00:00+00:00,SELL,10.0,65.48
2025-06-04 08:45:00+00:00,2025-06-04 18:00:00+00:00,BUY,10.0,60.93
2025-06-04 16:00:00+00:00,2025-06-05 01:00:00+00:00,SELL,10.0,39.24
2025-06-04 17:00:00+00:00,2025-06-05 01:00:00+00:00,BUY,10.0,35.17
2025-06-04 21:00:00+00:00,2025-06-05 03:00:00+00:00,SELL,10.0,35.17
2025-06-04 22:30:00+00:00,2025-06-05 03:00:00+00:00,BUY,10.0,30.81
2025-06-05 14:30:00+00:00,2025-06-06 01:00:00+00:00,BUY,10.0,27.93
2025-06-05 15:45:00+00:00,2025-06-06 01:00:00+00:00,SELL,10.0,34.64
2025-06-05 16:30:00+00:00,2025-06-06 03:00:00+00:00,BUY,10.0,28.45
2025-06-05 17:45:00+00:00,2025-06-06 03:00:00+00:00,SELL,10.0,32.27
2025-06-05 23:30:00+00:00,2025-06-06 10:00:00+00:00,BUY,10.0,31.47
2025-06-06 01:00:00+00:00,2025-06-06 10:00:00+00:00,SELL,10.0,37.87
2025-06-06 02:30:00+00:00,2025-06-06 13:00:00+00:00,BUY,10.0,24.5
2025-06-06 04:45:00+00:00,2025-06-06 13:00:00+00:00,SELL,10.0,37.14
2025-06-06 05:30:00+00:00,2025-06-06 16:00:00+00:00,BUY,10.0,24.15
2025-06-06 06:45:00+00:00,2025-06-06 16:00:00+00:00,SELL,10.0,33.28
2025-06-06 08:30:00+00:00,2025-06-06 19:00:00+00:00,BUY,10.0,38.89
2025-06-06 09:45:00+00:00,2025-06-06 19:00:00+00:00,SELL,10.0,42.81
2025-06-06 10:30:00+00:00,2025-06-06 21:00:00+00:00,BUY,10.0,28.3
2025-06-06 11:45:00+00:00,2025-06-06 21:00:00+00:00,SELL,10.0,33.21
2025-06-06 14:30:00+00:00,2025-06-07 01:00:00+00:00,SELL,10.0,34.48
2025-06-06 15:45:00+00:00,2025-06-07 01:00:00+00:00,BUY,10.0,33.11
2025-06-06 17:30:00+00:00,2025-06-07 04:00:00+00:00,SELL,10.0,39.63
2025-06-06 18:45:00+00:00,2025-06-07 04:00:00+00:00,BUY,10.0,35.45
2025-06-06 20:30:00+00:00,2025-06-07 07:00:00+00:00,SELL,10.0,64.19
2025-06-06 22:00:00+00:00,2025-06-07 07:00:00+00:00,BUY,10.0,57.49
2025-06-07 04:00:00+00:00,2025-06-07 12:00:00+00:00,BUY,10.0,39.96
2025-06-07 05:30:00+00:00,2025-06-07 16:00:00+00:00,SELL,10.0,46.3
2025-06-07 05:45:00+00:00,2025-06-07 12:00:00+00:00,SELL,10.0,37.94
2025-06-07 06:00:00+00:00,2025-06-07 14:00:00+00:00,BUY,10.0,38.71
2025-06-07 07:00:00+00:00,2025-06-07 16:00:00+00:00,BUY,10.0,44.09
2025-06-07 07:15:00+00:00,2025-06-07 14:00:00+00:00,SELL,10.0,38.57
2025-06-07 08:30:00+00:00,2025-06-07 19:00:00+00:00,SELL,10.0,47.13
2025-06-07 09:45:00+00:00,2025-06-07 19:00:00+00:00,BUY,10.0,41.03
2025-06-07 11:30:00+00:00,2025-06-07 22:00:00+00:00,SELL,10.0,29.67
2025-06-07 12:45:00+00:00,2025-06-07 22:00:00+00:00,BUY,10.0,27.31
2025-06-07 13:30:00+00:00,2025-06-08 00:00:00+00:00,BUY,10.0,32.53
2025-06-07 14:30:00+00:00,2025-06-08 01:00:00+00:00,BUY,10.0,31.02
2025-06-07 15:30:00+00:00,2025-06-08 00:00:00+00:00,SELL,10.0,40.46
2025-06-07 15:30:00+00:00,2025-06-08 02:00:00+00:00,BUY,10.0,31.17
2025-06-07 16:30:00+00:00,2025-06-08 03:00:00+00:00,BUY,10.0,32.32
2025-06-07 17:30:00+00:00,2025-06-08 01:00:00+00:00,SELL,10.0,39.13
2025-06-07 17:30:00+00:00,2025-06-08 04:00:00+00:00,BUY,10.0,39.59
2025-06-07 18:30:00+00:00,2025-06-08 02:00:00+00:00,SELL,10.0,37.11
2025-06-07 18:45:00+00:00,2025-06-08 03:00:00+00:00,SELL,10.0,42.27
2025-06-07 19:30:00+00:00,2025-06-08 06:00:00+00:00,BUY,10.0,35.48
2025-06-07 19:45:00+00:00,2025-06-08 04:00:00+00:00,SELL,10.0,47.52
2025-06-07 20:30:00+00:00,2025-06-08 07:00:00+00:00,BUY,10.0,48.0
2025-06-07 21:30:00+00:00,2025-06-08 08:00:00+00:00,BUY,10.0,42.54
2025-06-07 22:30:00+00:00,2025-06-08 07:00:00+00:00,SELL,10.0,54.98
2025-06-07 22:30:00+00:00,2025-06-08 06:00:00+00:00,SELL,10.0,44.73
2025-06-07 23:00:00+00:00,2025-06-08 08:00:00+00:00,SELL,10.0,51.01
2025-06-07 23:30:00+00:00,2025-06-08 10:00:00+00:00,BUY,10.0,33.34
2025-06-08 00:30:00+00:00,2025-06-08 11:00:00+00:00,BUY,10.0,28.77
2025-06-08 01:45:00+00:00,2025-06-08 10:00:00+00:00,SELL,10.0,43.59
2025-06-08 02:30:00+00:00,2025-06-08 13:00:00+00:00,BUY,10.0,34.7
2025-06-08 03:30:00+00:00,2025-06-08 14:00:00+00:00,BUY,10.0,33.24
2025-06-08 03:30:00+00:00,2025-06-08 11:00:00+00:00,SELL,10.0,42.81
2025-06-08 04:30:00+00:00,2025-06-08 15:00:00+00:00,BUY,10.0,27.07
2025-06-08 05:00:00+00:00,2025-06-08 14:00:00+00:00,SELL,10.0,40.96
2025-06-08 05:30:00+00:00,2025-06-08 13:00:00+00:00,SELL,10.0,41.95
2025-06-08 06:30:00+00:00,2025-06-08 17:00:00+00:00,BUY,10.0,42.58
2025-06-08 07:30:00+00:00,2025-06-08 15:00:00+00:00,SELL,10.0,39.13
2025-06-08 08:30:00+00:00,2025-06-08 17:00:00+00:00,SELL,10.0,52.38
2025-06-08 08:30:00+00:00,2025-06-08 19:00:00+00:00,BUY,10.0,44.93
2025-06-08 10:30:00+00:00,2025-06-08 21:00:00+00:00,BUY,10.0,40.78
2025-06-08 10:45:00+00:00,2025-06-08 19:00:00+00:00,SELL,10.0,50.63
2025-06-08 12:00:00+00:00,2025-06-08 21:00:00+00:00,SELL,10.0,47.48
2025-06-08 12:30:00+00:00,2025-06-08 23:00:00+00:00,BUY,10.0,33.43
2025-06-08 13:30:00+00:00,2025-06-09 00:00:00+00:00,BUY,10.0,27.25
2025-06-08 14:30:00+00:00,2025-06-09 01:00:00+00:00,BUY,10.0,17.67
2025-06-08 14:45:00+00:00,2025-06-08 23:00:00+00:00,SELL,10.0,38.1
2025-06-08 14:45:00+00:00,2025-06-09 00:00:00+00:00,SELL,10.0,33.55
2025-06-08 15:30:00+00:00,2025-06-09 02:00:00+00:00,BUY,10.0,25.4
2025-06-08 15:45:00+00:00,2025-06-09 01:00:00+00:00,SELL,10.0,32.44
2025-06-08 16:45:00+00:00,2025-06-09 02:00:00+00:00,SELL,10.0,32.91
2025-06-08 17:30:00+00:00,2025-06-09 04:00:00+00:00,BUY,10.0,30.87
2025-06-08 19:00:00+00:00,2025-06-09 04:00:00+00:00,SELL,10.0,38.33
2025-06-08 20:30:00+00:00,2025-06-09 07:00:00+00:00,BUY,10.0,46.54
2025-06-08 21:30:00+00:00,2025-06-09 07:00:00+00:00,SELL,10.0,50.31
2025-06-08 21:30:00+00:00,2025-06-09 08:00:00+00:00,BUY,10.0,47.72
2025-06-08 22:30:00+00:00,2025-06-09 09:00:00+00:00,BUY,10.0,37.43
2025-06-08 22:45:00+00:00,2025-06-09 08:00:00+00:00,SELL,10.0,51.82
2025-06-08 23:30:00+00:00,2025-06-09 10:00:00+00:00,BUY,10.0,38.04
2025-06-08 23:45:00+00:00,2025-06-09 09:00:00+00:00,SELL,10.0,39.08
2025-06-09 00:45:00+00:00,2025-06-09 10:00:00+00:00,SELL,10.0,38.28
2025-06-09 01:30:00+00:00,2025-06-09 12:00:00+00:00,BUY,10.0,32.87
2025-06-09 02:30:00+00:00,2025-06-09 13:00:00+00:00,BUY,10.0,34.01
2025-06-09 03:00:00+00:00,2025-06-09 12:00:00+00:00,SELL,10.0,29.91
2025-06-09 03:30:00+00:00,2025-06-09 14:00:00+00:00,BUY,10.0,38.37
2025-06-09 03:45:00+00:00,2025-06-09 13:00:00+00:00,SELL,10.0,35.45
2025-06-09 04:30:00+00:00,2025-06-09 15:00:00+00:00,BUY,10.0,32.0
2025-06-09 05:30:00+00:00,2025-06-09 15:00:00+00:00,SELL,10.0,32.36
2025-06-09 06:30:00+00:00,2025-06-09 17:00:00+00:00,BUY,10.0,52.07
2025-06-09 07:30:00+00:00,2025-06-09 18:00:00+00:00,BUY,10.0,41.15
2025-06-09 07:30:00+00:00,2025-06-09 14:00:00+00:00,SELL,10.0,37.26
2025-06-09 07:45:00+00:00,2025-06-09 17:00:00+00:00,SELL,10.0,53.47
2025-06-09 09:00:00+00:00,2025-06-09 18:00:00+00:00,SELL,10.0,45.25
2025-06-09 09:30:00+00:00,2025-06-09 20:00:00+00:00,BUY,10.0,34.8
2025-06-09 10:30:00+00:00,2025-06-09 21:00:00+00:00,BUY,10.0,22.37
2025-06-09 10:45:00+00:00,2025-06-09 20:00:00+00:00,SELL,10.0,37.91
2025-06-09 11:30:00+00:00,2025-06-09 22:00:00+00:00,BUY,10.0,24.64
2025-06-09 11:45:00+00:00,2025-06-09 21:00:00+00:00,SELL,10.0,31.09
2025-06-09 12:30:00+00:00,2025-06-09 23:00:00+00:00,BUY,10.0,22.4
2025-06-09 12:45:00+00:00,2025-06-09 22:00:00+00:00,SELL,10.0,30.4
2025-06-09 13:45:00+00:00,2025-06-09 23:00:00+00:00,SELL,10.0,31.58
2025-06-11 23:30:00+00:00,2025-06-12 10:00:00+00:00,BUY,10.0,19.16
2025-06-12 00:30:00+00:00,2025-06-12 11:00:00+00:00,BUY,10.0,14.89
2025-06-12 01:00:00+00:00,2025-06-12 10:00:00+00:00,SELL,10.0,27.15
2025-06-12 03:45:00+00:00,2025-06-12 11:00:00+00:00,SELL,10.0,28.96
2025-06-12 11:00:00+00:00,2025-06-12 20:00:00+00:00,BUY,10.0,26.22
2025-06-12 11:45:00+00:00,2025-06-12 20:00:00+00:00,SELL,10.0,30.93
2025-06-12 12:30:00+00:00,2025-06-12 23:00:00+00:00,BUY,10.0,17.31
2025-06-12 14:00:00+00:00,2025-06-12 23:00:00+00:00,SELL,10.0,23.64
2025-06-12 17:30:00+00:00,2025-06-13 04:00:00+00:00,BUY,10.0,33.99
2025-06-12 18:45:00+00:00,2025-06-13 04:00:00+00:00,SELL,10.0,35.19
2025-06-13 05:30:00+00:00,2025-06-13 16:00:00+00:00,BUY,10.0,20.85
2025-06-13 06:45:00+00:00,2025-06-13 16:00:00+00:00,SELL,10.0,27.98
2025-06-13 07:30:00+00:00,2025-06-13 18:00:00+00:00,BUY,10.0,51.41
2025-06-13 08:30:00+00:00,2025-06-13 18:00:00+00:00,SELL,10.0,51.81
2025-06-14 12:30:00+00:00,2025-06-14 23:00:00+00:00,BUY,10.0,22.41
2025-06-14 13:30:00+00:00,2025-06-15 00:00:00+00:00,BUY,10.0,4.72
2025-06-14 13:30:00+00:00,2025-06-14 23:00:00+00:00,SELL,10.0,25.39
2025-06-14 14:45:00+00:00,2025-06-15 00:00:00+00:00,SELL,10.0,21.88
2025-06-14 17:30:00+00:00,2025-06-15 04:00:00+00:00,BUY,10.0,18.97
2025-06-14 18:30:00+00:00,2025-06-15 05:00:00+00:00,BUY,10.0,27.9
2025-06-14 19:00:00+00:00,2025-06-15 04:00:00+00:00,SELL,10.0,28.12
2025-06-14 19:30:00+00:00,2025-06-15 06:00:00+00:00,BUY,10.0,29.67
2025-06-14 20:00:00+00:00,2025-06-15 05:00:00+00:00,SELL,10.0,31.31
2025-06-14 20:30:00+00:00,2025-06-15 07:00:00+00:00,BUY,10.0,20.83
2025-06-14 21:00:00+00:00,2025-06-15 06:00:00+00:00,SELL,10.0,34.95
2025-06-14 22:15:00+00:00,2025-06-15 07:00:00+00:00,SELL,10.0,26.5
2025-06-14 22:30:00+00:00,2025-06-15 09:00:00+00:00,BUY,10.0,13.07
2025-06-14 23:45:00+00:00,2025-06-15 09:00:00+00:00,SELL,10.0,22.88
2025-06-15 01:30:00+00:00,2025-06-15 12:00:00+00:00,BUY,10.0,-74.54
2025-06-15 02:30:00+00:00,2025-06-15 13:00:00+00:00,BUY,10.0,5.15
2025-06-15 03:00:00+00:00,2025-06-15 12:00:00+00:00,SELL,10.0,-31.83
2025-06-15 03:30:00+00:00,2025-06-15 14:00:00+00:00,BUY,10.0,-46.95
2025-06-15 03:45:00+00:00,2025-06-15 13:00:00+00:00,SELL,10.0,23.14
2025-06-15 05:15:00+00:00,2025-06-15 14:00:00+00:00,SELL,10.0,8.58
2025-06-15 05:30:00+00:00,2025-06-15 16:00:00+00:00,BUY,10.0,15.32
2025-06-15 06:30:00+00:00,2025-06-15 17:00:00+00:00,BUY,10.0,26.78
2025-06-15 06:45:00+00:00,2025-06-15 16:00:00+00:00,SELL,10.0,27.63
2025-06-15 07:30:00+00:00,2025-06-15 18:00:00+00:00,BUY,10.0,31.58
2025-06-15 07:45:00+00:00,2025-06-15 17:00:00+00:00,SELL,10.0,30.14
2025-06-15 08:30:00+00:00,2025-06-15 19:00:00+00:00,BUY,10.0,27.63
2025-06-15 09:15:00+00:00,2025-06-15 18:00:00+00:00,SELL,10.0,35.9
2025-06-15 09:30:00+00:00,2025-06-15 20:00:00+00:00,BUY,10.0,17.62
2025-06-15 10:00:00+00:00,2025-06-15 19:00:00+00:00,SELL,10.0,34.08
2025-06-15 10:30:00+00:00,2025-06-15 21:00:00+00:00,BUY,10.0,24.24
2025-06-15 11:00:00+00:00,2025-06-15 20:00:00+00:00,SELL,10.0,24.57
2025-06-15 12:00:00+00:00,2025-06-15 21:00:00+00:00,SELL,10.0,30.52
2025-06-15 12:30:00+00:00,2025-06-15 23:00:00+00:00,BUY,10.0,-10.8
2025-06-15 14:00:00+00:00,2025-06-15 23:00:00+00:00,SELL,10.0,29.55
2025-06-17 17:30:00+00:00,2025-06-18 04:00:00+00:00,SELL,10.0,43.45
2025-06-17 18:30:00+00:00,2025-06-18 05:00:00+00:00,SELL,10.0,41.6
2025-06-17 18:45:00+00:00,2025-06-18 04:00:00+00:00,BUY,10.0,41.54
2025-06-17 19:45:00+00:00,2025-06-18 05:00:00+00:00,BUY,10.0,37.61
2025-06-17 23:30:00+00:00,2025-06-18 10:00:00+00:00,SELL,10.0,36.18
2025-06-18 01:00:00+00:00,2025-06-18 10:00:00+00:00,BUY,10.0,34.93
2025-06-26 19:45:00+00:00,2025-06-27 05:00:00+00:00,BUY,10.0,39.43
2025-06-26 20:45:00+00:00,2025-06-27 05:00:00+00:00,SELL,10.0,42.89
2025-06-27 04:00:00+00:00,2025-06-27 13:00:00+00:00,BUY,10.0,27.83
2025-06-27 04:45:00+00:00,2025-06-27 13:00:00+00:00,SELL,10.0,30.47
2025-06-27 05:15:00+00:00,2025-06-27 14:00:00+00:00,BUY,10.0,27.21
2025-06-27 05:45:00+00:00,2025-06-27 14:00:00+00:00,SELL,10.0,31.48
2025-06-27 06:00:00+00:00,2025-06-27 15:00:00+00:00,BUY,10.0,29.51
2025-06-27 06:45:00+00:00,2025-06-27 15:00:00+00:00,SELL,10.0,32.96
2025-06-27 07:00:00+00:00,2025-06-27 16:00:00+00:00,BUY,10.0,34.21
2025-06-27 07:45:00+00:00,2025-06-27 16:00:00+00:00,SELL,10.0,37.61
2025-06-27 13:15:00+00:00,2025-06-27 22:00:00+00:00,BUY,10.0,36.6
2025-06-27 13:45:00+00:00,2025-06-27 22:00:00+00:00,SELL,10.0,40.92
2025-06-27 14:30:00+00:00,2025-06-28 01:00:00+00:00,SELL,10.0,39.11
2025-06-27 15:45:00+00:00,2025-06-28 01:00:00+00:00,BUY,10.0,36.71
2025-06-27 22:30:00+00:00,2025-06-28 09:00:00+00:00,SELL,10.0,43.3
2025-06-27 23:30:00+00:00,2025-06-28 09:00:00+00:00,BUY,10.0,45.19
2025-06-28 04:30:00+00:00,2025-06-28 15:00:00+00:00,SELL,10.0,31.35
2025-06-28 05:30:00+00:00,2025-06-28 15:00:00+00:00,BUY,10.0,29.64
2025-06-28 09:15:00+00:00,2025-06-28 18:00:00+00:00,BUY,10.0,52.16
2025-06-28 09:45:00+00:00,2025-06-28 18:00:00+00:00,SELL,10.0,55.67
2025-06-28 15:30:00+00:00,2025-06-29 02:00:00+00:00,SELL,10.0,46.49
2025-06-28 17:45:00+00:00,2025-06-29 02:00:00+00:00,BUY,10.0,43.63
2025-07-02 17:30:00+00:00,2025-07-03 04:00:00+00:00,SELL,10.0,50.02
2025-07-02 18:30:00+00:00,2025-07-03 04:00:00+00:00,BUY,10.0,45.58
2025-07-03 06:30:00+00:00,2025-07-03 17:00:00+00:00,SELL,10.0,52.72
2025-07-03 08:00:00+00:00,2025-07-03 17:00:00+00:00,BUY,10.0,46.86
2025-07-04 14:15:00+00:00,2025-07-04 23:00:00+00:00,BUY,10.0,35.32
2025-07-04 15:30:00+00:00,2025-07-04 23:00:00+00:00,SELL,10.0,41.77
2025-07-04 16:30:00+00:00,2025-07-05 03:00:00+00:00,SELL,10.0,55.27
2025-07-04 17:45:00+00:00,2025-07-05 03:00:00+00:00,BUY,10.0,48.94
2025-07-05 00:30:00+00:00,2025-07-05 11:00:00+00:00,SELL,10.0,48.16
2025-07-05 01:45:00+00:00,2025-07-05 11:00:00+00:00,BUY,10.0,48.36
2025-07-05 11:30:00+00:00,2025-07-05 22:00:00+00:00,SELL,10.0,54.13
2025-07-05 13:00:00+00:00,2025-07-05 22:00:00+00:00,BUY,10.0,48.61
2025-07-06 15:00:00+00:00,2025-07-07 00:00:00+00:00,SELL,10.0,39.08
2025-07-06 17:00:00+00:00,2025-07-07 02:00:00+00:00,SELL,10.0,44.15
2025-07-06 17:45:00+00:00,2025-07-07 02:00:00+00:00,BUY,10.0,38.67
2025-07-06 18:00:00+00:00,2025-07-07 00:00:00+00:00,BUY,10.0,29.36
2025-07-06 23:15:00+00:00,2025-07-07 08:00:00+00:00,SELL,10.0,60.09
2025-07-07 00:00:00+00:00,2025-07-07 08:00:00+00:00,BUY,10.0,48.62
2025-07-07 04:00:00+00:00,2025-07-07 13:00:00+00:00,SELL,10.0,41.49
2025-07-07 04:45:00+00:00,2025-07-07 13:00:00+00:00,BUY,10.0,33.54
2025-07-07 09:45:00+00:00,2025-07-07 19:00:00+00:00,SELL,10.0,54.13
2025-07-07 10:45:00+00:00,2025-07-07 19:00:00+00:00,BUY,10.0,49.13
2025-07-07 11:00:00+00:00,2025-07-07 20:00:00+00:00,SELL,10.0,51.8
2025-07-07 11:45:00+00:00,2025-07-07 20:00:00+00:00,BUY,10.0,44.53
2025-07-07 14:00:00+00:00,2025-07-07 23:00:00+00:00,SELL,10.0,36.07
2025-07-07 14:45:00+00:00,2025-07-07 23:00:00+00:00,BUY,10.0,33.52
2025-07-08 18:00:00+00:00,2025-07-09 03:00:00+00:00,SELL,10.0,43.98
2025-07-08 18:45:00+00:00,2025-07-09 03:00:00+00:00,BUY,10.0,39.59
2025-07-09 14:30:00+00:00,2025-07-10 01:00:00+00:00,SELL,10.0,48.42
2025-07-09 15:30:00+00:00,2025-07-10 02:00:00+00:00,SELL,10.0,41.76
2025-07-09 15:45:00+00:00,2025-07-10 01:00:00+00:00,BUY,10.0,42.89
2025-07-09 16:30:00+00:00,2025-07-10 02:00:00+00:00,BUY,10.0,38.94
2025-07-09 16:30:00+00:00,2025-07-10 03:00:00+00:00,SELL,10.0,37.41
2025-07-09 17:30:00+00:00,2025-07-10 03:00:00+00:00,BUY,10.0,35.24
2025-07-09 18:15:00+00:00,2025-07-10 03:00:00+00:00,BUY,10.0,33.79
2025-07-09 18:30:00+00:00,2025-07-10 05:00:00+00:00,SELL,10.0,47.71
2025-07-09 18:45:00+00:00,2025-07-10 03:00:00+00:00,SELL,10.0,37.33
2025-07-09 19:30:00+00:00,2025-07-10 05:00:00+00:00,BUY,10.0,45.86
2025-07-10 05:15:00+00:00,2025-07-10 14:00:00+00:00,BUY,10.0,24.61
2025-07-10 05:45:00+00:00,2025-07-10 14:00:00+00:00,SELL,10.0,26.1
2025-07-10 07:30:00+00:00,2025-07-10 18:00:00+00:00,SELL,10.0,55.48
2025-07-10 08:30:00+00:00,2025-07-10 18:00:00+00:00,BUY,10.0,50.6
2025-07-10 11:30:00+00:00,2025-07-10 22:00:00+00:00,SELL,10.0,38.06
2025-07-10 12:30:00+00:00,2025-07-10 22:00:00+00:00,BUY,10.0,36.42
2025-07-10 13:00:00+00:00,2025-07-10 22:00:00+00:00,BUY,10.0,35.7
2025-07-10 13:45:00+00:00,2025-07-10 22:00:00+00:00,SELL,10.0,37.66
2025-07-13 15:30:00+00:00,2025-07-14 02:00:00+00:00,BUY,10.0,35.55
2025-07-13 17:45:00+00:00,2025-07-14 02:00:00+00:00,SELL,10.0,35.39
2025-07-13 20:30:00+00:00,2025-07-14 07:00:00+00:00,BUY,10.0,41.45
2025-07-13 21:30:00+00:00,2025-07-14 08:00:00+00:00,BUY,10.0,45.47
2025-07-13 22:30:00+00:00,2025-07-14 09:00:00+00:00,BUY,10.0,41.86
2025-07-13 23:00:00+00:00,2025-07-14 07:00:00+00:00,SELL,10.0,44.46
2025-07-13 23:30:00+00:00,2025-07-14 08:00:00+00:00,SELL,10.0,45.83
2025-07-13 23:30:00+00:00,2025-07-14 10:00:00+00:00,BUY,10.0,34.46
2025-07-14 01:15:00+00:00,2025-07-14 09:00:00+00:00,SELL,10.0,42.48
2025-07-14 01:45:00+00:00,2025-07-14 10:00:00+00:00,SELL,10.0,39.91
2025-07-14 02:30:00+00:00,2025-07-14 13:00:00+00:00,BUY,10.0,36.25
2025-07-14 04:45:00+00:00,2025-07-14 13:00:00+00:00,SELL,10.0,35.78
2025-07-14 05:30:00+00:00,2025-07-14 16:00:00+00:00,BUY,10.0,38.18
2025-07-14 06:30:00+00:00,2025-07-14 17:00:00+00:00,BUY,10.0,47.3
2025-07-14 08:30:00+00:00,2025-07-14 16:00:00+00:00,SELL,10.0,43.29
2025-07-14 08:30:00+00:00,2025-07-14 19:00:00+00:00,BUY,10.0,49.56
2025-07-14 08:45:00+00:00,2025-07-14 17:00:00+00:00,SELL,10.0,50.72
2025-07-14 10:30:00+00:00,2025-07-14 20:00:00+00:00,BUY,10.0,39.0
2025-07-14 10:30:00+00:00,2025-07-14 21:00:00+00:00,BUY,10.0,45.34
2025-07-14 11:30:00+00:00,2025-07-14 19:00:00+00:00,SELL,10.0,54.42
2025-07-14 11:30:00+00:00,2025-07-14 22:00:00+00:00,BUY,10.0,42.11
2025-07-14 11:45:00+00:00,2025-07-14 20:00:00+00:00,SELL,10.0,42.48
2025-07-14 12:15:00+00:00,2025-07-14 21:00:00+00:00,SELL,10.0,45.83
2025-07-14 13:00:00+00:00,2025-07-14 22:00:00+00:00,SELL,10.0,42.46
2025-07-16 03:15:00+00:00,2025-07-16 12:00:00+00:00,BUY,10.0,120.27
2025-07-16 04:00:00+00:00,2025-07-16 12:00:00+00:00,SELL,10.0,122.25
2025-07-17 09:30:00+00:00,2025-07-17 20:00:00+00:00,BUY,10.0,53.28
2025-07-17 11:30:00+00:00,2025-07-17 20:00:00+00:00,SELL,10.0,60.19
2025-07-18 17:30:00+00:00,2025-07-19 04:00:00+00:00,BUY,10.0,53.93
2025-07-18 19:45:00+00:00,2025-07-19 04:00:00+00:00,SELL,10.0,65.28
2025-07-19 01:30:00+00:00,2025-07-19 11:00:00+00:00,BUY,10.0,36.98
2025-07-19 03:30:00+00:00,2025-07-19 11:00:00+00:00,SELL,10.0,46.62
2025-07-19 04:45:00+00:00,2025-07-19 14:00:00+00:00,BUY,10.0,32.04
2025-07-19 05:45:00+00:00,2025-07-19 14:00:00+00:00,SELL,10.0,37.64
2025-07-19 09:30:00+00:00,2025-07-19 20:00:00+00:00,BUY,10.0,55.79
2025-07-19 11:30:00+00:00,2025-07-19 20:00:00+00:00,SELL,10.0,65.57
2025-07-19 18:30:00+00:00,2025-07-20 05:00:00+00:00,SELL,10.0,53.18
2025-07-19 19:30:00+00:00,2025-07-20 05:00:00+00:00,BUY,10.0,50.16
2025-07-20 00:30:00+00:00,2025-07-20 11:00:00+00:00,SELL,10.0,29.55
2025-07-20 01:30:00+00:00,2025-07-20 12:00:00+00:00,SELL,10.0,32.05
2025-07-20 01:30:00+00:00,2025-07-20 11:00:00+00:00,BUY,10.0,30.2
2025-07-20 02:45:00+00:00,2025-07-20 12:00:00+00:00,BUY,10.0,31.36
2025-07-20 04:30:00+00:00,2025-07-20 15:00:00+00:00,SELL,10.0,36.68
2025-07-20 05:30:00+00:00,2025-07-20 15:00:00+00:00,BUY,10.0,40.14
2025-07-22 08:15:00+00:00,2025-07-22 17:00:00+00:00,SELL,10.0,57.66
2025-07-22 08:45:00+00:00,2025-07-22 17:00:00+00:00,BUY,10.0,51.94
2025-07-22 15:00:00+00:00,2025-07-23 00:00:00+00:00,BUY,10.0,37.61
2025-07-22 15:45:00+00:00,2025-07-23 00:00:00+00:00,SELL,10.0,41.6
2025-07-22 17:00:00+00:00,2025-07-23 02:00:00+00:00,BUY,10.0,42.37
2025-07-22 17:45:00+00:00,2025-07-23 02:00:00+00:00,SELL,10.0,46.03
2025-07-23 00:15:00+00:00,2025-07-23 09:00:00+00:00,BUY,10.0,37.28
2025-07-23 00:45:00+00:00,2025-07-23 09:00:00+00:00,SELL,10.0,41.37
2025-07-23 01:45:00+00:00,2025-07-23 11:00:00+00:00,BUY,10.0,30.85
2025-07-23 02:45:00+00:00,2025-07-23 11:00:00+00:00,SELL,10.0,34.64
2025-07-23 09:00:00+00:00,2025-07-23 18:00:00+00:00,BUY,10.0,56.15
2025-07-23 09:45:00+00:00,2025-07-23 19:00:00+00:00,BUY,10.0,61.55
2025-07-23 09:45:00+00:00,2025-07-23 18:00:00+00:00,SELL,10.0,65.32
2025-07-23 10:45:00+00:00,2025-07-23 19:00:00+00:00,SELL,10.0,65.42
2025-07-23 18:30:00+00:00,2025-07-24 05:00:00+00:00,BUY,10.0,52.99
2025-07-23 19:45:00+00:00,2025-07-24 05:00:00+00:00,SELL,10.0,62.21
2025-07-23 23:30:00+00:00,2025-07-24 10:00:00+00:00,BUY,10.0,46.15
2025-07-24 00:45:00+00:00,2025-07-24 10:00:00+00:00,SELL,10.0,52.52
2025-07-24 10:30:00+00:00,2025-07-24 21:00:00+00:00,BUY,10.0,54.32
2025-07-24 11:30:00+00:00,2025-07-24 21:00:00+00:00,SELL,10.0,52.16
2025-07-24 13:30:00+00:00,2025-07-25 00:00:00+00:00,BUY,10.0,45.21
2025-07-24 14:30:00+00:00,2025-07-25 01:00:00+00:00,BUY,10.0,50.1
2025-07-24 15:30:00+00:00,2025-07-25 00:00:00+00:00,SELL,10.0,46.33
2025-07-24 16:15:00+00:00,2025-07-25 01:00:00+00:00,SELL,10.0,55.11
2025-07-24 17:30:00+00:00,2025-07-25 04:00:00+00:00,BUY,10.0,60.16
2025-07-24 19:00:00+00:00,2025-07-25 04:00:00+00:00,SELL,10.0,66.4
2025-07-25 00:30:00+00:00,2025-07-25 11:00:00+00:00,BUY,10.0,33.45
2025-07-25 02:30:00+00:00,2025-07-25 11:00:00+00:00,SELL,10.0,37.75
2025-07-25 05:30:00+00:00,2025-07-25 16:00:00+00:00,BUY,10.0,52.35
2025-07-25 06:45:00+00:00,2025-07-25 16:00:00+00:00,SELL,10.0,58.0
2025-07-25 07:30:00+00:00,2025-07-25 18:00:00+00:00,BUY,10.0,116.2
2025-07-25 09:30:00+00:00,2025-07-25 18:00:00+00:00,SELL,10.0,142.28
2025-07-25 12:30:00+00:00,2025-07-25 23:00:00+00:00,BUY,10.0,53.93
2025-07-25 14:00:00+00:00,2025-07-25 23:00:00+00:00,SELL,10.0,58.62
2025-07-25 15:30:00+00:00,2025-07-26 02:00:00+00:00,SELL,10.0,55.33
2025-07-25 16:45:00+00:00,2025-07-26 02:00:00+00:00,BUY,10.0,49.35
2025-07-26 00:30:00+00:00,2025-07-26 11:00:00+00:00,SELL,10.0,39.75
2025-07-26 01:45:00+00:00,2025-07-26 11:00:00+00:00,BUY,10.0,34.44
2025-07-26 05:30:00+00:00,2025-07-26 16:00:00+00:00,SELL,10.0,45.06
2025-07-26 06:45:00+00:00,2025-07-26 16:00:00+00:00,BUY,10.0,38.73
2025-07-31 02:30:00+00:00,2025-07-31 13:00:00+00:00,SELL,10.0,48.44
2025-07-31 03:45:00+00:00,2025-07-31 13:00:00+00:00,BUY,10.0,41.86
2025-07-31 16:15:00+00:00,2025-08-01 01:00:00+00:00,SELL,10.0,47.37
2025-07-31 16:30:00+00:00,2025-08-01 01:00:00+00:00,BUY,10.0,45.12
2025-08-02 18:30:00+00:00,2025-08-03 05:00:00+00:00,SELL,10.0,48.32
2025-08-02 19:30:00+00:00,2025-08-03 05:00:00+00:00,BUY,10.0,46.36
2025-08-03 21:00:00+00:00,2025-08-04 05:00:00+00:00,SELL,10.0,38.59
2025-08-03 22:15:00+00:00,2025-08-04 05:00:00+00:00,BUY,10.0,34.38
2025-08-05 06:15:00+00:00,2025-08-05 14:00:00+00:00,SELL,10.0,39.28
2025-08-05 07:15:00+00:00,2025-08-05 14:00:00+00:00,BUY,10.0,34.07
2025-08-05 09:00:00+00:00,2025-08-05 17:00:00+00:00,SELL,10.0,42.83
2025-08-05 10:00:00+00:00,2025-08-05 18:00:00+00:00,SELL,10.0,50.73
2025-08-05 10:15:00+00:00,2025-08-05 17:00:00+00:00,BUY,10.0,37.41
2025-08-05 11:00:00+00:00,2025-08-05 18:00:00+00:00,BUY,10.0,45.7
2025-08-07 02:00:00+00:00,2025-08-07 11:00:00+00:00,BUY,10.0,35.78
2025-08-07 03:30:00+00:00,2025-08-07 11:00:00+00:00,SELL,10.0,43.77
2025-08-07 13:30:00+00:00,2025-08-08 00:00:00+00:00,SELL,10.0,35.75
2025-08-07 14:30:00+00:00,2025-08-08 01:00:00+00:00,SELL,10.0,34.23
2025-08-07 15:45:00+00:00,2025-08-08 00:00:00+00:00,BUY,10.0,32.7
2025-08-07 16:30:00+00:00,2025-08-08 02:00:00+00:00,SELL,10.0,36.84
2025-08-07 16:30:00+00:00,2025-08-08 03:00:00+00:00,SELL,10.0,37.33
2025-08-07 16:45:00+00:00,2025-08-08 01:00:00+00:00,BUY,10.0,28.19
2025-08-07 17:45:00+00:00,2025-08-08 02:00:00+00:00,BUY,10.0,31.4
2025-08-07 19:00:00+00:00,2025-08-08 03:00:00+00:00,BUY,10.0,33.07
2025-08-07 20:45:00+00:00,2025-08-08 06:00:00+00:00,SELL,10.0,49.1
2025-08-07 21:30:00+00:00,2025-08-08 08:00:00+00:00,SELL,10.0,48.23
2025-08-07 21:45:00+00:00,2025-08-08 07:00:00+00:00,SELL,10.0,49.83
2025-08-07 22:00:00+00:00,2025-08-08 06:00:00+00:00,BUY,10.0,42.94
2025-08-07 22:30:00+00:00,2025-08-08 09:00:00+00:00,SELL,10.0,29.06
2025-08-07 23:30:00+00:00,2025-08-08 07:00:00+00:00,BUY,10.0,42.58
2025-08-08 00:00:00+00:00,2025-08-08 08:00:00+00:00,BUY,10.0,41.36
2025-08-08 00:45:00+00:00,2025-08-08 09:00:00+00:00,BUY,10.0,27.76
2025-08-08 02:45:00+00:00,2025-08-08 12:00:00+00:00,SELL,10.0,39.99
2025-08-08 03:30:00+00:00,2025-08-08 13:00:00+00:00,SELL,10.0,34.96
2025-08-08 04:30:00+00:00,2025-08-08 12:00:00+00:00,BUY,10.0,33.16
2025-08-08 04:30:00+00:00,2025-08-08 14:00:00+00:00,SELL,10.0,31.34
2025-08-08 04:45:00+00:00,2025-08-08 13:00:00+00:00,BUY,10.0,32.88
2025-08-08 05:45:00+00:00,2025-08-08 14:00:00+00:00,BUY,10.0,24.25
2025-08-08 06:30:00+00:00,2025-08-08 17:00:00+00:00,SELL,10.0,40.29
2025-08-08 07:30:00+00:00,2025-08-08 18:00:00+00:00,SELL,10.0,44.53
2025-08-08 08:30:00+00:00,2025-08-08 19:00:00+00:00,SELL,10.0,47.18
2025-08-08 08:45:00+00:00,2025-08-08 17:00:00+00:00,BUY,10.0,34.46
2025-08-08 09:45:00+00:00,2025-08-08 18:00:00+00:00,BUY,10.0,39.64
2025-08-08 10:30:00+00:00,2025-08-08 19:00:00+00:00,BUY,10.0,42.19
2025-08-08 11:30:00+00:00,2025-08-08 22:00:00+00:00,SELL,10.0,34.93
2025-08-08 11:30:00+00:00,2025-08-08 21:00:00+00:00,SELL,10.0,36.16
2025-08-08 13:00:00+00:00,2025-08-08 21:00:00+00:00,BUY,10.0,31.47
2025-08-08 13:30:00+00:00,2025-08-08 23:00:00+00:00,SELL,10.0,33.35
2025-08-08 13:45:00+00:00,2025-08-08 22:00:00+00:00,BUY,10.0,31.0
2025-08-08 15:00:00+00:00,2025-08-08 23:00:00+00:00,BUY,10.0,29.71
2025-08-08 15:30:00+00:00,2025-08-09 02:00:00+00:00,SELL,10.0,35.65
2025-08-08 18:30:00+00:00,2025-08-09 02:00:00+00:00,BUY,10.0,31.06
2025-08-08 22:30:00+00:00,2025-08-09 09:00:00+00:00,SELL,10.0,44.13
2025-08-09 00:45:00+00:00,2025-08-09 09:00:00+00:00,BUY,10.0,38.33
2025-08-09 02:15:00+00:00,2025-08-09 11:00:00+00:00,SELL,10.0,26.5
2025-08-09 03:30:00+00:00,2025-08-09 11:00:00+00:00,BUY,10.0,23.12
2025-08-09 08:30:00+00:00,2025-08-09 19:00:00+00:00,SELL,10.0,54.22
2025-08-09 09:30:00+00:00,2025-08-09 20:00:00+00:00,SELL,10.0,50.26
2025-08-09 11:30:00+00:00,2025-08-09 19:00:00+00:00,BUY,10.0,45.14
2025-08-09 12:15:00+00:00,2025-08-09 20:00:00+00:00,BUY,10.0,40.12
2025-08-10 20:30:00+00:00,2025-08-11 07:00:00+00:00,SELL,10.0,23.98
2025-08-10 21:45:00+00:00,2025-08-11 07:00:00+00:00,BUY,10.0,21.59
2025-08-12 00:15:00+00:00,2025-08-12 09:00:00+00:00,BUY,10.0,34.74
2025-08-12 00:45:00+00:00,2025-08-12 09:00:00+00:00,SELL,10.0,37.77
2025-08-12 08:15:00+00:00,2025-08-12 17:00:00+00:00,BUY,10.0,30.6
2025-08-12 09:15:00+00:00,2025-08-12 17:00:00+00:00,SELL,10.0,34.57
2025-08-12 13:30:00+00:00,2025-08-13 00:00:00+00:00,BUY,10.0,30.99
2025-08-12 14:45:00+00:00,2025-08-13 00:00:00+00:00,SELL,10.0,31.69
2025-08-12 21:30:00+00:00,2025-08-13 08:00:00+00:00,BUY,10.0,39.05
2025-08-12 22:30:00+00:00,2025-08-13 09:00:00+00:00,BUY,10.0,34.02
2025-08-12 22:45:00+00:00,2025-08-13 08:00:00+00:00,SELL,10.0,43.88
2025-08-12 23:45:00+00:00,2025-08-13 09:00:00+00:00,SELL,10.0,39.45
2025-08-13 03:30:00+00:00,2025-08-13 14:00:00+00:00,BUY,10.0,33.15
2025-08-13 04:45:00+00:00,2025-08-13 14:00:00+00:00,SELL,10.0,36.55
2025-08-13 08:30:00+00:00,2025-08-13 19:00:00+00:00,BUY,10.0,41.44
2025-08-13 09:30:00+00:00,2025-08-13 20:00:00+00:00,BUY,10.0,31.32
2025-08-13 10:00:00+00:00,2025-08-13 19:00:00+00:00,SELL,10.0,43.54
2025-08-13 10:45:00+00:00,2025-08-13 20:00:00+00:00,SELL,10.0,36.15
2025-08-13 12:30:00+00:00,2025-08-13 23:00:00+00:00,BUY,10.0,18.08
2025-08-13 14:00:00+00:00,2025-08-13 23:00:00+00:00,SELL,10.0,23.55
2025-08-14 17:30:00+00:00,2025-08-15 04:00:00+00:00,SELL,10.0,24.67
2025-08-14 18:45:00+00:00,2025-08-15 04:00:00+00:00,BUY,10.0,22.03
2025-08-15 05:30:00+00:00,2025-08-15 16:00:00+00:00,SELL,10.0,34.98
2025-08-15 06:45:00+00:00,2025-08-15 16:00:00+00:00,BUY,10.0,32.15
2025-08-15 10:30:00+00:00,2025-08-15 21:00:00+00:00,SELL,10.0,22.95
2025-08-15 11:45:00+00:00,2025-08-15 21:00:00+00:00,BUY,10.0,16.48
2025-08-21 01:30:00+00:00,2025-08-21 12:00:00+00:00,SELL,10.0,-17.95
2025-08-21 02:45:00+00:00,2025-08-21 12:00:00+00:00,BUY,10.0,-81.04
2025-08-21 09:30:00+00:00,2025-08-21 20:00:00+00:00,SELL,10.0,39.77
2025-08-21 11:30:00+00:00,2025-08-21 20:00:00+00:00,BUY,10.0,34.39
2025-08-21 11:30:00+00:00,2025-08-21 22:00:00+00:00,SELL,10.0,39.74
2025-08-21 14:30:00+00:00,2025-08-21 22:00:00+00:00,BUY,10.0,33.39
2025-08-23 13:30:00+00:00,2025-08-24 00:00:00+00:00,SELL,10.0,34.79
2025-08-23 14:30:00+00:00,2025-08-24 00:00:00+00:00,BUY,10.0,32.67
2025-08-23 15:30:00+00:00,2025-08-24 02:00:00+00:00,SELL,10.0,38.86
2025-08-23 16:30:00+00:00,2025-08-24 02:00:00+00:00,BUY,10.0,36.29
2025-08-23 16:30:00+00:00,2025-08-24 03:00:00+00:00,SELL,10.0,42.67
2025-08-23 17:30:00+00:00,2025-08-24 04:00:00+00:00,SELL,10.0,43.11
2025-08-23 17:45:00+00:00,2025-08-24 03:00:00+00:00,BUY,10.0,38.64
2025-08-23 18:45:00+00:00,2025-08-24 04:00:00+00:00,BUY,10.0,36.96
2025-08-23 22:00:00+00:00,2025-08-24 07:00:00+00:00,BUY,10.0,45.71
2025-08-23 22:45:00+00:00,2025-08-24 07:00:00+00:00,SELL,10.0,50.38
2025-08-24 00:30:00+00:00,2025-08-24 11:00:00+00:00,SELL,10.0,49.91
2025-08-24 01:30:00+00:00,2025-08-24 11:00:00+00:00,BUY,10.0,44.96
2025-08-24 01:30:00+00:00,2025-08-24 12:00:00+00:00,SELL,10.0,44.62
2025-08-24 02:30:00+00:00,2025-08-24 12:00:00+00:00,BUY,10.0,43.78
2025-08-24 02:30:00+00:00,2025-08-24 13:00:00+00:00,SELL,10.0,44.06
2025-08-24 03:30:00+00:00,2025-08-24 13:00:00+00:00,BUY,10.0,38.98
2025-08-24 06:30:00+00:00,2025-08-24 17:00:00+00:00,SELL,10.0,42.91
2025-08-24 07:30:00+00:00,2025-08-24 18:00:00+00:00,SELL,10.0,49.82
2025-08-24 07:30:00+00:00,2025-08-24 17:00:00+00:00,BUY,10.0,40.79
2025-08-24 08:30:00+00:00,2025-08-24 18:00:00+00:00,BUY,10.0,44.66
2025-08-24 08:30:00+00:00,2025-08-24 19:00:00+00:00,SELL,10.0,43.97
2025-08-24 09:30:00+00:00,2025-08-24 19:00:00+00:00,BUY,10.0,38.49
2025-08-24 10:30:00+00:00,2025-08-24 21:00:00+00:00,SELL,10.0,39.75
2025-08-24 11:30:00+00:00,2025-08-24 21:00:00+00:00,BUY,10.0,35.96
2025-08-24 11:30:00+00:00,2025-08-24 22:00:00+00:00,SELL,10.0,36.18
2025-08-24 12:30:00+00:00,2025-08-24 23:00:00+00:00,SELL,10.0,39.34
2025-08-24 12:45:00+00:00,2025-08-24 22:00:00+00:00,BUY,10.0,31.78
2025-08-24 13:45:00+00:00,2025-08-24 23:00:00+00:00,BUY,10.0,32.44
2025-08-24 17:30:00+00:00,2025-08-25 04:00:00+00:00,BUY,10.0,31.62
2025-08-24 18:45:00+00:00,2025-08-25 04:00:00+00:00,SELL,10.0,35.66
2025-08-26 13:30:00+00:00,2025-08-27 00:00:00+00:00,SELL,10.0,36.35
2025-08-26 14:45:00+00:00,2025-08-27 00:00:00+00:00,BUY,10.0,32.75
2025-08-26 16:30:00+00:00,2025-08-27 03:00:00+00:00,SELL,10.0,40.64
2025-08-26 17:30:00+00:00,2025-08-27 03:00:00+00:00,BUY,10.0,35.4
2025-08-27 12:30:00+00:00,2025-08-27 23:00:00+00:00,SELL,10.0,36.61
2025-08-27 13:15:00+00:00,2025-08-27 20:00:00+00:00,SELL,10.0,55.52
2025-08-27 13:30:00+00:00,2025-08-28 00:00:00+00:00,BUY,10.0,24.46
2025-08-27 13:45:00+00:00,2025-08-27 20:00:00+00:00,BUY,10.0,51.59
2025-08-27 14:00:00+00:00,2025-08-27 23:00:00+00:00,BUY,10.0,32.32
2025-08-27 15:30:00+00:00,2025-08-28 00:00:00+00:00,SELL,10.0,31.51
2025-08-27 15:30:00+00:00,2025-08-28 02:00:00+00:00,BUY,10.0,22.21
2025-08-27 16:30:00+00:00,2025-08-28 03:00:00+00:00,BUY,10.0,25.57
2025-08-27 17:00:00+00:00,2025-08-28 02:00:00+00:00,SELL,10.0,28.54
2025-08-27 17:30:00+00:00,2025-08-28 04:00:00+00:00,BUY,10.0,36.9
2025-08-27 18:30:00+00:00,2025-08-28 03:00:00+00:00,SELL,10.0,32.33
2025-08-27 18:30:00+00:00,2025-08-28 05:00:00+00:00,BUY,10.0,29.38
2025-08-27 19:30:00+00:00,2025-08-28 04:00:00+00:00,SELL,10.0,43.36
2025-08-27 20:30:00+00:00,2025-08-28 07:00:00+00:00,BUY,10.0,34.96
2025-08-27 20:45:00+00:00,2025-08-28 05:00:00+00:00,SELL,10.0,38.91
2025-08-27 21:30:00+00:00,2025-08-28 08:00:00+00:00,BUY,10.0,47.07
2025-08-27 22:30:00+00:00,2025-08-28 09:00:00+00:00,BUY,10.0,36.65
2025-08-27 22:45:00+00:00,2025-08-28 07:00:00+00:00,SELL,10.0,44.4
2025-08-27 22:45:00+00:00,2025-08-28 08:00:00+00:00,SELL,10.0,48.97
2025-08-27 23:30:00+00:00,2025-08-28 10:00:00+00:00,BUY,10.0,36.2
2025-08-28 01:00:00+00:00,2025-08-28 10:00:00+00:00,SELL,10.0,43.12
2025-08-28 01:30:00+00:00,2025-08-28 09:00:00+00:00,SELL,10.0,48.15
2025-08-28 01:30:00+00:00,2025-08-28 12:00:00+00:00,BUY,10.0,36.2
2025-08-28 01:45:00+00:00,2025-08-28 11:00:00+00:00,BUY,10.0,35.81
2025-08-28 02:30:00+00:00,2025-08-28 13:00:00+00:00,BUY,10.0,35.27
2025-08-28 02:45:00+00:00,2025-08-28 11:00:00+00:00,SELL,10.0,37.13
2025-08-28 02:45:00+00:00,2025-08-28 12:00:00+00:00,SELL,10.0,37.26
2025-08-28 03:30:00+00:00,2025-08-28 14:00:00+00:00,BUY,10.0,32.65
2025-08-28 04:00:00+00:00,2025-08-28 13:00:00+00:00,SELL,10.0,38.38
2025-08-28 05:30:00+00:00,2025-08-28 16:00:00+00:00,BUY,10.0,27.65
2025-08-28 05:30:00+00:00,2025-08-28 14:00:00+00:00,SELL,10.0,39.86
2025-08-28 06:30:00+00:00,2025-08-28 17:00:00+00:00,BUY,10.0,33.3
2025-08-28 08:15:00+00:00,2025-08-28 16:00:00+00:00,SELL,10.0,36.39
2025-08-28 08:30:00+00:00,2025-08-28 17:00:00+00:00,SELL,10.0,39.27
2025-08-28 10:30:00+00:00,2025-08-28 21:00:00+00:00,BUY,10.0,32.71
2025-08-28 11:30:00+00:00,2025-08-28 22:00:00+00:00,BUY,10.0,20.84
2025-08-28 12:30:00+00:00,2025-08-28 21:00:00+00:00,SELL,10.0,36.07
2025-08-28 13:30:00+00:00,2025-08-29 00:00:00+00:00,BUY,10.0,27.8
2025-08-28 14:30:00+00:00,2025-08-28 22:00:00+00:00,SELL,10.0,32.3
2025-08-28 14:30:00+00:00,2025-08-29 01:00:00+00:00,BUY,10.0,27.29
2025-08-28 14:45:00+00:00,2025-08-29 00:00:00+00:00,SELL,10.0,30.94
2025-08-28 15:30:00+00:00,2025-08-29 02:00:00+00:00,BUY,10.0,28.02
2025-08-28 16:30:00+00:00,2025-08-29 01:00:00+00:00,SELL,10.0,32.17
2025-08-28 16:30:00+00:00,2025-08-29 03:00:00+00:00,BUY,10.0,22.96
2025-08-28 17:00:00+00:00,2025-08-29 02:00:00+00:00,SELL,10.0,34.75
2025-08-28 17:30:00+00:00,2025-08-29 04:00:00+00:00,BUY,10.0,28.88
2025-08-28 18:15:00+00:00,2025-08-29 03:00:00+00:00,SELL,10.0,31.75
2025-08-28 18:30:00+00:00,2025-08-29 05:00:00+00:00,BUY,10.0,33.38
2025-08-28 18:45:00+00:00,2025-08-29 04:00:00+00:00,SELL,10.0,35.12
2025-08-28 20:30:00+00:00,2025-08-29 07:00:00+00:00,BUY,10.0,45.04
2025-08-28 20:45:00+00:00,2025-08-29 05:00:00+00:00,SELL,10.0,38.63
2025-08-28 21:45:00+00:00,2025-08-29 07:00:00+00:00,SELL,10.0,49.75
2025-08-28 23:30:00+00:00,2025-08-29 10:00:00+00:00,BUY,10.0,38.73
2025-08-29 00:30:00+00:00,2025-08-29 11:00:00+00:00,BUY,10.0,36.08
2025-08-29 00:45:00+00:00,2025-08-29 10:00:00+00:00,SELL,10.0,44.98
2025-08-29 01:30:00+00:00,2025-08-29 12:00:00+00:00,BUY,10.0,32.25
2025-08-29 02:00:00+00:00,2025-08-29 11:00:00+00:00,SELL,10.0,38.76
2025-08-29 02:30:00+00:00,2025-08-29 13:00:00+00:00,BUY,10.0,33.38
2025-08-29 03:00:00+00:00,2025-08-29 12:00:00+00:00,SELL,10.0,40.53
2025-08-29 03:30:00+00:00,2025-08-29 14:00:00+00:00,BUY,10.0,28.6
2025-08-29 04:15:00+00:00,2025-08-29 13:00:00+00:00,SELL,10.0,38.17
2025-08-29 04:30:00+00:00,2025-08-29 15:00:00+00:00,BUY,10.0,32.61
2025-08-29 05:30:00+00:00,2025-08-29 14:00:00+00:00,SELL,10.0,37.15
2025-08-29 05:30:00+00:00,2025-08-29 16:00:00+00:00,BUY,10.0,31.31
2025-08-29 05:45:00+00:00,2025-08-29 15:00:00+00:00,SELL,10.0,41.02
2025-08-29 06:30:00+00:00,2025-08-29 17:00:00+00:00,BUY,10.0,40.85
2025-08-29 07:30:00+00:00,2025-08-29 18:00:00+00:00,BUY,10.0,38.6
2025-08-29 07:30:00+00:00,2025-08-29 16:00:00+00:00,SELL,10.0,35.9
2025-08-29 07:45:00+00:00,2025-08-29 17:00:00+00:00,SELL,10.0,47.55
2025-08-29 08:30:00+00:00,2025-08-29 19:00:00+00:00,BUY,10.0,36.0
2025-08-29 08:45:00+00:00,2025-08-29 18:00:00+00:00,SELL,10.0,41.88
2025-08-29 09:30:00+00:00,2025-08-29 20:00:00+00:00,BUY,10.0,29.84
2025-08-29 10:15:00+00:00,2025-08-29 19:00:00+00:00,SELL,10.0,41.04
2025-08-29 11:00:00+00:00,2025-08-29 20:00:00+00:00,SELL,10.0,32.71
2025-08-29 12:30:00+00:00,2025-08-29 23:00:00+00:00,BUY,10.0,27.33
2025-08-29 13:45:00+00:00,2025-08-29 23:00:00+00:00,SELL,10.0,36.08
2025-08-30 04:30:00+00:00,2025-08-30 15:00:00+00:00,BUY,10.0,22.78
2025-08-30 05:30:00+00:00,2025-08-30 15:00:00+00:00,SELL,10.0,28.68
2025-08-30 09:30:00+00:00,2025-08-30 20:00:00+00:00,BUY,10.0,27.88
2025-08-30 10:30:00+00:00,2025-08-30 21:00:00+00:00,BUY,10.0,22.69
2025-08-30 10:45:00+00:00,2025-08-30 20:00:00+00:00,SELL,10.0,31.58
2025-08-30 11:45:00+00:00,2025-08-30 21:00:00+00:00,SELL,10.0,25.61
2025-08-30 13:30:00+00:00,2025-08-31 00:00:00+00:00,SELL,10.0,18.79
2025-08-30 14:30:00+00:00,2025-08-31 01:00:00+00:00,SELL,10.0,18.38
2025-08-30 14:45:00+00:00,2025-08-31 00:00:00+00:00,BUY,10.0,16.04
2025-08-30 15:30:00+00:00,2025-08-31 02:00:00+00:00,SELL,10.0,19.41
2025-08-30 15:45:00+00:00,2025-08-31 01:00:00+00:00,BUY,10.0,11.8
2025-08-30 16:30:00+00:00,2025-08-31 02:00:00+00:00,BUY,10.0,15.78
2025-08-30 16:30:00+00:00,2025-08-31 03:00:00+00:00,SELL,10.0,15.16
2025-08-30 17:30:00+00:00,2025-08-31 04:00:00+00:00,SELL,10.0,25.65
2025-08-30 18:15:00+00:00,2025-08-31 03:00:00+00:00,BUY,10.0,5.91
2025-08-30 18:45:00+00:00,2025-08-31 04:00:00+00:00,BUY,10.0,23.87
2025-08-30 19:30:00+00:00,2025-08-31 06:00:00+00:00,SELL,10.0,46.46
2025-08-30 20:30:00+00:00,2025-08-31 07:00:00+00:00,SELL,10.0,30.41
2025-08-30 20:45:00+00:00,2025-08-31 06:00:00+00:00,BUY,10.0,40.51
2025-08-30 21:30:00+00:00,2025-08-31 08:00:00+00:00,SELL,10.0,37.47
2025-08-30 22:00:00+00:00,2025-08-31 07:00:00+00:00,BUY,10.0,26.11
2025-08-30 22:30:00+00:00,2025-08-31 09:00:00+00:00,SELL,10.0,24.86
2025-08-30 22:45:00+00:00,2025-08-31 08:00:00+00:00,BUY,10.0,33.45
2025-08-31 00:30:00+00:00,2025-08-31 11:00:00+00:00,SELL,10.0,9.26
2025-08-31 01:00:00+00:00,2025-08-31 09:00:00+00:00,BUY,10.0,21.28
2025-08-31 02:15:00+00:00,2025-08-31 11:00:00+00:00,BUY,10.0,-5.17
2025-08-31 02:30:00+00:00,2025-08-31 13:00:00+00:00,SELL,10.0,-0.58
2025-08-31 03:30:00+00:00,2025-08-31 14:00:00+00:00,SELL,10.0,-61.77
2025-08-31 04:00:00+00:00,2025-08-31 13:00:00+00:00,BUY,10.0,-24.7
2025-08-31 04:30:00+00:00,2025-08-31 15:00:00+00:00,SELL,10.0,16.02
2025-08-31 04:45:00+00:00,2025-08-31 14:00:00+00:00,BUY,10.0,-104.48
2025-08-31 05:30:00+00:00,2025-08-31 16:00:00+00:00,SELL,10.0,17.56
2025-08-31 06:30:00+00:00,2025-08-31 17:00:00+00:00,SELL,10.0,30.98
2025-08-31 06:30:00+00:00,2025-08-31 15:00:00+00:00,BUY,10.0,6.27
2025-08-31 06:45:00+00:00,2025-08-31 16:00:00+00:00,BUY,10.0,11.48
2025-08-31 07:30:00+00:00,2025-08-31 18:00:00+00:00,SELL,10.0,32.02
2025-08-31 08:30:00+00:00,2025-08-31 17:00:00+00:00,BUY,10.0,26.5
2025-08-31 08:30:00+00:00,2025-08-31 19:00:00+00:00,SELL,10.0,35.54
2025-08-31 08:45:00+00:00,2025-08-31 18:00:00+00:00,BUY,10.0,28.31
2025-08-31 09:30:00+00:00,2025-08-31 20:00:00+00:00,SELL,10.0,22.51
2025-08-31 10:30:00+00:00,2025-08-31 19:00:00+00:00,BUY,10.0,31.13
2025-08-31 10:30:00+00:00,2025-08-31 21:00:00+00:00,SELL,10.0,26.04
2025-08-31 11:00:00+00:00,2025-08-31 20:00:00+00:00,BUY,10.0,19.17
2025-08-31 11:30:00+00:00,2025-08-31 22:00:00+00:00,SELL,10.0,27.28
2025-08-31 11:45:00+00:00,2025-08-31 21:00:00+00:00,BUY,10.0,20.14
2025-08-31 12:30:00+00:00,2025-08-31 23:00:00+00:00,SELL,10.0,13.87
2025-08-31 13:30:00+00:00,2025-08-31 22:00:00+00:00,BUY,10.0,26.19
2025-08-31 13:30:00+00:00,2025-09-01 00:00:00+00:00,BUY,10.0,20.4
2025-08-31 13:45:00+00:00,2025-08-31 23:00:00+00:00,BUY,10.0,6.93
2025-08-31 14:45:00+00:00,2025-09-01 00:00:00+00:00,SELL,10.0,26.07
2025-08-31 15:30:00+00:00,2025-09-01 02:00:00+00:00,BUY,10.0,26.31
2025-08-31 16:45:00+00:00,2025-09-01 02:00:00+00:00,SELL,10.0,31.94
2025-08-31 18:30:00+00:00,2025-09-01 05:00:00+00:00,BUY,10.0,27.38
2025-08-31 19:45:00+00:00,2025-09-01 05:00:00+00:00,SELL,10.0,32.81
2025-08-31 22:30:00+00:00,2025-09-01 09:00:00+00:00,BUY,10.0,36.99
2025-08-31 23:30:00+00:00,2025-09-01 10:00:00+00:00,BUY,10.0,36.35
2025-08-31 23:45:00+00:00,2025-09-01 09:00:00+00:00,SELL,10.0,39.29
2025-09-01 00:30:00+00:00,2025-09-01 10:00:00+00:00,SELL,10.0,39.52
2025-09-01 01:30:00+00:00,2025-09-01 12:00:00+00:00,BUY,10.0,32.18
2025-09-01 02:30:00+00:00,2025-09-01 13:00:00+00:00,BUY,10.0,23.01
2025-09-01 02:45:00+00:00,2025-09-01 12:00:00+00:00,SELL,10.0,36.03
2025-09-01 03:45:00+00:00,2025-09-01 13:00:00+00:00,SELL,10.0,33.63
2025-09-01 05:30:00+00:00,2025-09-01 16:00:00+00:00,BUY,10.0,28.51
2025-09-01 06:30:00+00:00,2025-09-01 17:00:00+00:00,BUY,10.0,29.12
2025-09-01 06:30:00+00:00,2025-09-01 16:00:00+00:00,SELL,10.0,30.66
2025-09-01 07:45:00+00:00,2025-09-01 17:00:00+00:00,SELL,10.0,32.56
2025-09-01 08:30:00+00:00,2025-09-01 19:00:00+00:00,BUY,10.0,37.02
2025-09-01 09:30:00+00:00,2025-09-01 20:00:00+00:00,BUY,10.0,34.27
2025-09-01 10:00:00+00:00,2025-09-01 19:00:00+00:00,SELL,10.0,41.2
2025-09-01 10:30:00+00:00,2025-09-01 20:00:00+00:00,SELL,10.0,39.28
2025-09-01 12:30:00+00:00,2025-09-01 23:00:00+00:00,BUY,10.0,18.6
2025-09-01 13:45:00+00:00,2025-09-01 23:00:00+00:00,SELL,10.0,23.34
2025-09-03 14:30:00+00:00,2025-09-04 01:00:00+00:00,BUY,10.0,7.3
2025-09-03 16:30:00+00:00,2025-09-04 01:00:00+00:00,SELL,10.0,37.35
2025-09-03 17:30:00+00:00,2025-09-04 04:00:00+00:00,BUY,10.0,23.22
2025-09-03 19:15:00+00:00,2025-09-04 04:00:00+00:00,SELL,10.0,27.22
2025-09-03 22:30:00+00:00,2025-09-04 09:00:00+00:00,BUY,10.0,14.97
2025-09-03 23:30:00+00:00,2025-09-04 10:00:00+00:00,BUY,10.0,11.35
2025-09-04 00:30:00+00:00,2025-09-04 09:00:00+00:00,SELL,10.0,23.26
2025-09-04 00:30:00+00:00,2025-09-04 11:00:00+00:00,BUY,10.0,6.07
2025-09-04 01:30:00+00:00,2025-09-04 10:00:00+00:00,SELL,10.0,23.6
2025-09-04 01:30:00+00:00,2025-09-04 12:00:00+00:00,BUY,10.0,-74.9
2025-09-04 02:00:00+00:00,2025-09-04 11:00:00+00:00,SELL,10.0,18.17
2025-09-04 03:30:00+00:00,2025-09-04 12:00:00+00:00,SELL,10.0,-5.66
2025-09-04 04:30:00+00:00,2025-09-04 15:00:00+00:00,BUY,10.0,-43.01
2025-09-04 06:15:00+00:00,2025-09-04 15:00:00+00:00,SELL,10.0,31.77
2025-09-04 07:30:00+00:00,2025-09-04 18:00:00+00:00,BUY,10.0,30.71
2025-09-04 08:30:00+00:00,2025-09-04 19:00:00+00:00,BUY,10.0,26.45
2025-09-04 09:30:00+00:00,2025-09-04 18:00:00+00:00,SELL,10.0,37.19
2025-09-04 09:30:00+00:00,2025-09-04 20:00:00+00:00,BUY,10.0,26.4
2025-09-04 10:15:00+00:00,2025-09-04 19:00:00+00:00,SELL,10.0,33.81
2025-09-04 10:30:00+00:00,2025-09-04 21:00:00+00:00,BUY,10.0,13.67
2025-09-04 11:30:00+00:00,2025-09-04 20:00:00+00:00,SELL,10.0,32.45
2025-09-04 14:30:00+00:00,2025-09-04 21:00:00+00:00,SELL,10.0,33.87
2025-09-05 05:15:00+00:00,2025-09-05 14:00:00+00:00,BUY,10.0,-117.01
2025-09-05 06:30:00+00:00,2025-09-05 14:00:00+00:00,SELL,10.0,-46.07
2025-09-07 12:15:00+00:00,2025-09-07 20:00:00+00:00,BUY,10.0,-113.09
2025-09-07 13:00:00+00:00,2025-09-07 20:00:00+00:00,SELL,10.0,-94.52
2025-09-08 00:30:00+00:00,2025-09-08 11:00:00+00:00,BUY,10.0,-120.93
2025-09-08 01:45:00+00:00,2025-09-08 11:00:00+00:00,SELL,10.0,-114.25
2025-09-08 14:30:00+00:00,2025-09-09 01:00:00+00:00,SELL,10.0,17.99
2025-09-08 16:45:00+00:00,2025-09-09 01:00:00+00:00,BUY,10.0,4.25
2025-09-08 18:00:00+00:00,2025-09-09 03:00:00+00:00,SELL,10.0,15.13
2025-09-08 18:30:00+00:00,2025-09-09 05:00:00+00:00,SELL,10.0,25.16
2025-09-08 19:30:00+00:00,2025-09-09 03:00:00+00:00,BUY,10.0,0.12
2025-09-08 20:30:00+00:00,2025-09-09 07:00:00+00:00,SELL,10.0,25.07
2025-09-08 21:00:00+00:00,2025-09-09 05:00:00+00:00,BUY,10.0,19.32
2025-09-08 22:30:00+00:00,2025-09-09 07:00:00+00:00,BUY,10.0,25.53
2025-09-08 23:30:00+00:00,2025-09-09 10:00:00+00:00,SELL,10.0,24.63
2025-09-09 01:45:00+00:00,2025-09-09 10:00:00+00:00,BUY,10.0,14.85
2025-09-09 02:30:00+00:00,2025-09-09 13:00:00+00:00,SELL,10.0,28.45
2025-09-09 04:15:00+00:00,2025-09-09 13:00:00+00:00,BUY,10.0,25.86
2025-09-09 06:30:00+00:00,2025-09-09 17:00:00+00:00,SELL,10.0,27.02
2025-09-09 07:30:00+00:00,2025-09-09 18:00:00+00:00,SELL,10.0,22.75
2025-09-09 07:45:00+00:00,2025-09-09 17:00:00+00:00,BUY,10.0,25.42
2025-09-09 08:30:00+00:00,2025-09-09 19:00:00+00:00,SELL,10.0,24.88
2025-09-09 09:15:00+00:00,2025-09-09 18:00:00+00:00,BUY,10.0,20.63
2025-09-09 10:30:00+00:00,2025-09-09 19:00:00+00:00,BUY,10.0,22.4
2025-09-10 08:30:00+00:00,2025-09-10 17:00:00+00:00,SELL,10.0,34.92
2025-09-10 09:45:00+00:00,2025-09-10 17:00:00+00:00,BUY,10.0,25.83
2025-09-10 12:45:00+00:00,2025-09-10 21:00:00+00:00,SELL,10.0,29.93
2025-09-10 14:00:00+00:00,2025-09-10 21:00:00+00:00,BUY,10.0,24.51
2025-09-11 03:30:00+00:00,2025-09-11 14:00:00+00:00,SELL,10.0,25.66
2025-09-11 04:30:00+00:00,2025-09-11 14:00:00+00:00,BUY,10.0,23.01
2025-09-11 06:30:00+00:00,2025-09-11 17:00:00+00:00,SELL,10.0,39.35
2025-09-11 07:45:00+00:00,2025-09-11 17:00:00+00:00,BUY,10.0,39.44
2025-09-12 10:30:00+00:00,2025-09-12 21:00:00+00:00,SELL,10.0,27.43
2025-09-12 11:45:00+00:00,2025-09-12 21:00:00+00:00,BUY,10.0,23.03
2025-09-13 01:30:00+00:00,2025-09-13 12:00:00+00:00,BUY,10.0,16.47
2025-09-13 02:45:00+00:00,2025-09-13 12:00:00+00:00,SELL,10.0,25.1
2025-09-15 14:30:00+00:00,2025-09-16 01:00:00+00:00,SELL,10.0,27.87
2025-09-15 15:30:00+00:00,2025-09-16 02:00:00+00:00,SELL,10.0,32.75
2025-09-15 16:30:00+00:00,2025-09-16 01:00:00+00:00,BUY,10.0,22.45
2025-09-15 17:15:00+00:00,2025-09-16 02:00:00+00:00,BUY,10.0,26.55
2025-09-15 18:30:00+00:00,2025-09-16 05:00:00+00:00,SELL,10.0,32.11
2025-09-15 20:00:00+00:00,2025-09-16 05:00:00+00:00,BUY,10.0,28.12
2025-09-15 21:30:00+00:00,2025-09-16 08:00:00+00:00,SELL,10.0,37.5
2025-09-15 22:30:00+00:00,2025-09-16 09:00:00+00:00,SELL,10.0,37.87
2025-09-15 23:00:00+00:00,2025-09-16 08:00:00+00:00,BUY,10.0,36.85
2025-09-16 00:30:00+00:00,2025-09-16 09:00:00+00:00,BUY,10.0,32.64
2025-09-16 01:30:00+00:00,2025-09-16 12:00:00+00:00,SELL,10.0,30.2
2025-09-16 02:30:00+00:00,2025-09-16 13:00:00+00:00,SELL,10.0,28.58
2025-09-16 02:45:00+00:00,2025-09-16 12:00:00+00:00,BUY,10.0,27.84
2025-09-16 03:30:00+00:00,2025-09-16 14:00:00+00:00,SELL,10.0,20.8
2025-09-16 03:45:00+00:00,2025-09-16 13:00:00+00:00,BUY,10.0,26.29
2025-09-16 04:30:00+00:00,2025-09-16 15:00:00+00:00,SELL,10.0,33.12
2025-09-16 05:00:00+00:00,2025-09-16 14:00:00+00:00,BUY,10.0,20.34
2025-09-16 05:30:00+00:00,2025-09-16 16:00:00+00:00,SELL,10.0,33.54
2025-09-16 06:30:00+00:00,2025-09-16 17:00:00+00:00,SELL,10.0,31.42
2025-09-16 06:45:00+00:00,2025-09-16 15:00:00+00:00,BUY,10.0,27.78
2025-09-16 07:00:00+00:00,2025-09-16 16:00:00+00:00,BUY,10.0,28.25
2025-09-16 08:30:00+00:00,2025-09-16 17:00:00+00:00,BUY,10.0,28.04
2025-09-16 09:30:00+00:00,2025-09-16 20:00:00+00:00,SELL,10.0,28.93
2025-09-16 10:45:00+00:00,2025-09-16 20:00:00+00:00,BUY,10.0,23.5
2025-09-16 12:30:00+00:00,2025-09-16 23:00:00+00:00,SELL,10.0,20.61
2025-09-16 14:00:00+00:00,2025-09-16 23:00:00+00:00,BUY,10.0,12.89
2025-09-17 17:30:00+00:00,2025-09-18 04:00:00+00:00,SELL,10.0,12.99
2025-09-17 19:30:00+00:00,2025-09-18 04:00:00+00:00,BUY,10.0,0.1
2025-09-18 00:30:00+00:00,2025-09-18 11:00:00+00:00,SELL,10.0,10.57
2025-09-18 02:30:00+00:00,2025-09-18 11:00:00+00:00,BUY,10.0,-4.45
2025-09-18 04:30:00+00:00,2025-09-18 15:00:00+00:00,SELL,10.0,22.7
2025-09-18 05:30:00+00:00,2025-09-18 16:00:00+00:00,SELL,10.0,12.34
2025-09-18 06:30:00+00:00,2025-09-18 15:00:00+00:00,BUY,10.0,-31.27
2025-09-18 07:45:00+00:00,2025-09-18 16:00:00+00:00,BUY,10.0,-2.79
2025-09-18 09:30:00+00:00,2025-09-18 20:00:00+00:00,SELL,10.0,17.14
2025-09-18 11:30:00+00:00,2025-09-18 20:00:00+00:00,BUY,10.0,11.7
2025-09-18 12:30:00+00:00,2025-09-18 23:00:00+00:00,SELL,10.0,12.33
2025-09-18 14:00:00+00:00,2025-09-18 23:00:00+00:00,BUY,10.0,6.46
2025-09-20 07:15:00+00:00,2025-09-20 16:00:00+00:00,BUY,10.0,22.17
2025-09-20 07:45:00+00:00,2025-09-20 16:00:00+00:00,SELL,10.0,28.52
2025-09-21 04:30:00+00:00,2025-09-21 15:00:00+00:00,SELL,10.0,33.43
2025-09-21 06:45:00+00:00,2025-09-21 15:00:00+00:00,BUY,10.0,23.3
2025-09-21 15:45:00+00:00,2025-09-22 01:00:00+00:00,SELL,10.0,7.7
2025-09-21 16:45:00+00:00,2025-09-22 01:00:00+00:00,BUY,10.0,-4.0
2025-09-21 17:00:00+00:00,2025-09-22 02:00:00+00:00,SELL,10.0,3.49
2025-09-21 17:45:00+00:00,2025-09-22 02:00:00+00:00,BUY,10.0,-21.77
2025-09-21 18:15:00+00:00,2025-09-22 03:00:00+00:00,SELL,10.0,-3.06
2025-09-21 18:45:00+00:00,2025-09-22 03:00:00+00:00,BUY,10.0,-28.6
2025-09-21 19:00:00+00:00,2025-09-22 04:00:00+00:00,SELL,10.0,7.6
2025-09-21 19:45:00+00:00,2025-09-22 04:00:00+00:00,BUY,10.0,-13.88
2025-09-21 21:00:00+00:00,2025-09-22 06:00:00+00:00,SELL,10.0,24.33
2025-09-21 21:45:00+00:00,2025-09-22 06:00:00+00:00,BUY,10.0,18.32
2025-09-21 22:00:00+00:00,2025-09-22 07:00:00+00:00,SELL,10.0,25.51
2025-09-21 22:45:00+00:00,2025-09-22 07:00:00+00:00,BUY,10.0,21.01
2025-09-21 23:15:00+00:00,2025-09-22 08:00:00+00:00,SELL,10.0,28.37
2025-09-21 23:45:00+00:00,2025-09-22 08:00:00+00:00,BUY,10.0,24.8
2025-09-21 23:45:00+00:00,2025-09-22 09:00:00+00:00,SELL,10.0,24.74
2025-09-22 00:45:00+00:00,2025-09-22 09:00:00+00:00,BUY,10.0,17.17
2025-09-22 01:15:00+00:00,2025-09-22 10:00:00+00:00,SELL,10.0,21.85
2025-09-22 02:00:00+00:00,2025-09-22 11:00:00+00:00,SELL,10.0,16.7
2025-09-22 02:30:00+00:00,2025-09-22 10:00:00+00:00,BUY,10.0,17.99
2025-09-22 02:45:00+00:00,2025-09-22 11:00:00+00:00,BUY,10.0,5.82
2025-09-22 05:00:00+00:00,2025-09-22 14:00:00+00:00,SELL,10.0,0.04
2025-09-22 05:45:00+00:00,2025-09-22 14:00:00+00:00,BUY,10.0,-13.03
2025-09-22 10:45:00+00:00,2025-09-22 20:00:00+00:00,SELL,10.0,27.61
2025-09-22 11:45:00+00:00,2025-09-22 20:00:00+00:00,BUY,10.0,22.66
2025-09-22 13:15:00+00:00,2025-09-22 22:00:00+00:00,SELL,10.0,13.33
2025-09-22 13:30:00+00:00,2025-09-23 00:00:00+00:00,SELL,10.0,30.75
2025-09-22 14:00:00+00:00,2025-09-22 22:00:00+00:00,BUY,10.0,-3.37
2025-09-22 14:15:00+00:00,2025-09-22 23:00:00+00:00,SELL,10.0,2.1
2025-09-22 14:30:00+00:00,2025-09-23 01:00:00+00:00,SELL,10.0,35.19
2025-09-22 14:45:00+00:00,2025-09-22 23:00:00+00:00,BUY,10.0,-13.11
2025-09-22 15:15:00+00:00,2025-09-23 00:00:00+00:00,BUY,10.0,28.13
2025-09-22 15:45:00+00:00,2025-09-23 01:00:00+00:00,BUY,10.0,32.33
2025-09-22 20:30:00+00:00,2025-09-23 07:00:00+00:00,SELL,10.0,42.62
2025-09-22 21:30:00+00:00,2025-09-23 07:00:00+00:00,BUY,10.0,38.49
2025-09-23 09:30:00+00:00,2025-09-23 20:00:00+00:00,SELL,10.0,47.04
2025-09-23 10:45:00+00:00,2025-09-23 20:00:00+00:00,BUY,10.0,44.9
2025-09-23 11:30:00+00:00,2025-09-23 22:00:00+00:00,SELL,10.0,35.13
2025-09-23 12:45:00+00:00,2025-09-23 22:00:00+00:00,BUY,10.0,33.7
2025-09-23 21:30:00+00:00,2025-09-24 08:00:00+00:00,BUY,10.0,49.6
2025-09-23 23:00:00+00:00,2025-09-24 08:00:00+00:00,SELL,10.0,57.39
2025-09-24 21:30:00+00:00,2025-09-25 08:00:00+00:00,SELL,10.0,65.66
2025-09-24 22:45:00+00:00,2025-09-25 08:00:00+00:00,BUY,10.0,55.76
2025-09-25 01:30:00+00:00,2025-09-25 12:00:00+00:00,SELL,10.0,41.39
2025-09-25 02:45:00+00:00,2025-09-25 12:00:00+00:00,BUY,10.0,36.52
2025-09-26 08:30:00+00:00,2025-09-26 19:00:00+00:00,BUY,10.0,40.12
2025-09-26 10:30:00+00:00,2025-09-26 19:00:00+00:00,SELL,10.0,46.91
2025-09-28 19:30:00+00:00,2025-09-29 06:00:00+00:00,BUY,10.0,38.97
2025-09-28 20:45:00+00:00,2025-09-29 06:00:00+00:00,SELL,10.0,42.34
2025-09-28 21:30:00+00:00,2025-09-29 08:00:00+00:00,BUY,10.0,41.02
2025-09-28 22:45:00+00:00,2025-09-29 08:00:00+00:00,SELL,10.0,41.99
2025-09-29 03:30:00+00:00,2025-09-29 14:00:00+00:00,BUY,10.0,27.45
2025-09-29 05:00:00+00:00,2025-09-29 14:00:00+00:00,SELL,10.0,30.51
2025-09-29 14:30:00+00:00,2025-09-30 01:00:00+00:00,BUY,10.0,15.72
2025-09-29 16:30:00+00:00,2025-09-30 01:00:00+00:00,SELL,10.0,24.04
2025-10-01 15:30:00+00:00,2025-10-02 02:00:00+00:00,SELL,10.0,0.73
2025-10-01 16:30:00+00:00,2025-10-02 03:00:00+00:00,SELL,10.0,21.92
2025-10-01 16:45:00+00:00,2025-10-02 02:00:00+00:00,BUY,10.0,-10.62
2025-10-01 18:00:00+00:00,2025-10-02 03:00:00+00:00,BUY,10.0,17.63
2025-10-02 00:30:00+00:00,2025-10-02 11:00:00+00:00,SELL,10.0,28.61
2025-10-02 01:45:00+00:00,2025-10-02 11:00:00+00:00,BUY,10.0,26.11
2025-10-02 03:30:00+00:00,2025-10-02 14:00:00+00:00,SELL,10.0,19.91
2025-10-02 04:30:00+00:00,2025-10-02 15:00:00+00:00,SELL,10.0,20.19
2025-10-02 04:45:00+00:00,2025-10-02 14:00:00+00:00,BUY,10.0,16.21
2025-10-02 05:45:00+00:00,2025-10-02 15:00:00+00:00,BUY,10.0,10.91
2025-10-02 07:30:00+00:00,2025-10-02 18:00:00+00:00,SELL,10.0,31.12
2025-10-02 08:30:00+00:00,2025-10-02 19:00:00+00:00,SELL,10.0,32.47
2025-10-02 08:45:00+00:00,2025-10-02 18:00:00+00:00,BUY,10.0,28.6
2025-10-02 09:45:00+00:00,2025-10-02 19:00:00+00:00,BUY,10.0,28.67
2025-10-02 10:30:00+00:00,2025-10-02 21:00:00+00:00,SELL,10.0,25.86
2025-10-02 11:45:00+00:00,2025-10-02 21:00:00+00:00,BUY,10.0,23.54
2025-10-03 13:00:00+00:00,2025-10-03 22:00:00+00:00,SELL,10.0,37.29
2025-10-03 14:00:00+00:00,2025-10-03 22:00:00+00:00,BUY,10.0,31.09
2025-10-06 13:30:00+00:00,2025-10-07 00:00:00+00:00,BUY,10.0,13.34
2025-10-06 15:30:00+00:00,2025-10-07 00:00:00+00:00,SELL,10.0,27.84
2025-10-06 16:30:00+00:00,2025-10-07 03:00:00+00:00,BUY,10.0,22.31
2025-10-06 17:30:00+00:00,2025-10-07 04:00:00+00:00,BUY,10.0,18.2
2025-10-06 18:30:00+00:00,2025-10-07 05:00:00+00:00,BUY,10.0,26.91
2025-10-06 19:30:00+00:00,2025-10-07 03:00:00+00:00,SELL,10.0,29.89
2025-10-06 19:30:00+00:00,2025-10-07 04:00:00+00:00,SELL,10.0,26.77
2025-10-06 20:00:00+00:00,2025-10-07 05:00:00+00:00,SELL,10.0,31.34
2025-10-06 23:30:00+00:00,2025-10-07 10:00:00+00:00,BUY,10.0,0.57
2025-10-07 01:00:00+00:00,2025-10-07 10:00:00+00:00,SELL,10.0,40.43
2025-10-07 03:30:00+00:00,2025-10-07 14:00:00+00:00,BUY,10.0,-57.86
2025-10-07 05:00:00+00:00,2025-10-07 14:00:00+00:00,SELL,10.0,16.27
2025-10-07 05:30:00+00:00,2025-10-07 16:00:00+00:00,BUY,10.0,-11.23
2025-10-07 06:30:00+00:00,2025-10-07 17:00:00+00:00,BUY,10.0,24.27
2025-10-07 07:30:00+00:00,2025-10-07 16:00:00+00:00,SELL,10.0,43.29
2025-10-07 08:30:00+00:00,2025-10-07 17:00:00+00:00,SELL,10.0,31.55
2025-10-07 08:30:00+00:00,2025-10-07 19:00:00+00:00,BUY,10.0,24.56
2025-10-07 09:30:00+00:00,2025-10-07 20:00:00+00:00,BUY,10.0,24.6
2025-10-07 09:45:00+00:00,2025-10-07 19:00:00+00:00,SELL,10.0,26.55
2025-10-07 10:30:00+00:00,2025-10-07 21:00:00+00:00,BUY,10.0,18.19
2025-10-07 11:00:00+00:00,2025-10-07 20:00:00+00:00,SELL,10.0,27.26
2025-10-07 12:00:00+00:00,2025-10-07 21:00:00+00:00,SELL,10.0,23.62
2025-10-07 16:15:00+00:00,2025-10-08 01:00:00+00:00,BUY,10.0,16.33
2025-10-07 16:45:00+00:00,2025-10-08 01:00:00+00:00,SELL,10.0,26.8
2025-10-07 22:30:00+00:00,2025-10-08 09:00:00+00:00,BUY,10.0,26.68
2025-10-07 23:30:00+00:00,2025-10-08 10:00:00+00:00,BUY,10.0,25.58
2025-10-08 01:00:00+00:00,2025-10-08 09:00:00+00:00,SELL,10.0,29.9
2025-10-08 01:45:00+00:00,2025-10-08 10:00:00+00:00,SELL,10.0,26.71
2025-10-08 13:15:00+00:00,2025-10-08 22:00:00+00:00,BUY,10.0,18.72
2025-10-08 14:00:00+00:00,2025-10-08 22:00:00+00:00,SELL,10.0,27.53
2025-10-10 14:45:00+00:00,2025-10-11 00:00:00+00:00,BUY,10.0,35.89
2025-10-10 15:45:00+00:00,2025-10-11 00:00:00+00:00,SELL,10.0,38.35
2025-10-10 16:45:00+00:00,2025-10-11 02:00:00+00:00,BUY,10.0,27.99
2025-10-10 17:45:00+00:00,2025-10-11 02:00:00+00:00,SELL,10.0,31.07
2025-10-10 17:45:00+00:00,2025-10-11 03:00:00+00:00,BUY,10.0,34.74
2025-10-10 18:45:00+00:00,2025-10-11 04:00:00+00:00,BUY,10.0,27.34
2025-10-10 19:30:00+00:00,2025-10-11 03:00:00+00:00,SELL,10.0,41.26
2025-10-10 19:45:00+00:00,2025-10-11 05:00:00+00:00,BUY,10.0,36.24
2025-10-10 20:15:00+00:00,2025-10-11 04:00:00+00:00,SELL,10.0,34.21
2025-10-10 20:45:00+00:00,2025-10-11 06:00:00+00:00,BUY,10.0,41.55
2025-10-10 21:15:00+00:00,2025-10-11 05:00:00+00:00,SELL,10.0,41.36
2025-10-10 22:00:00+00:00,2025-10-11 06:00:00+00:00,SELL,10.0,46.19
2025-10-11 01:45:00+00:00,2025-10-11 11:00:00+00:00,BUY,10.0,29.64
2025-10-11 03:30:00+00:00,2025-10-11 11:00:00+00:00,SELL,10.0,36.06
2025-10-11 03:45:00+00:00,2025-10-11 13:00:00+00:00,BUY,10.0,23.04
2025-10-11 05:00:00+00:00,2025-10-11 13:00:00+00:00,SELL,10.0,27.2
2025-10-11 05:00:00+00:00,2025-10-11 14:00:00+00:00,BUY,10.0,19.22
2025-10-11 06:00:00+00:00,2025-10-11 14:00:00+00:00,SELL,10.0,26.87
2025-10-11 06:45:00+00:00,2025-10-11 16:00:00+00:00,BUY,10.0,31.16
2025-10-11 08:45:00+00:00,2025-10-11 16:00:00+00:00,SELL,10.0,36.14
2025-10-11 09:00:00+00:00,2025-10-11 18:00:00+00:00,BUY,10.0,35.35
2025-10-11 10:30:00+00:00,2025-10-11 18:00:00+00:00,SELL,10.0,39.41
2025-10-11 10:30:00+00:00,2025-10-11 20:00:00+00:00,BUY,10.0,34.81
2025-10-11 11:45:00+00:00,2025-10-11 21:00:00+00:00,BUY,10.0,30.37
2025-10-11 12:00:00+00:00,2025-10-11 20:00:00+00:00,SELL,10.0,40.52
2025-10-11 12:30:00+00:00,2025-10-11 22:00:00+00:00,BUY,10.0,24.39
2025-10-11 13:00:00+00:00,2025-10-11 21:00:00+00:00,SELL,10.0,35.09
2025-10-11 14:15:00+00:00,2025-10-11 22:00:00+00:00,SELL,10.0,30.71
2025-10-12 13:15:00+00:00,2025-10-12 22:00:00+00:00,BUY,10.0,35.06
2025-10-12 14:30:00+00:00,2025-10-12 22:00:00+00:00,SELL,10.0,38.04
2025-10-13 00:15:00+00:00,2025-10-13 09:00:00+00:00,SELL,10.0,40.13
2025-10-13 01:15:00+00:00,2025-10-13 09:00:00+00:00,BUY,10.0,35.03
2025-10-13 02:30:00+00:00,2025-10-13 12:00:00+00:00,SELL,10.0,22.08
2025-10-13 03:45:00+00:00,2025-10-13 12:00:00+00:00,BUY,10.0,17.21
2025-10-13 09:00:00+00:00,2025-10-13 18:00:00+00:00,SELL,10.0,48.52
2025-10-13 10:15:00+00:00,2025-10-13 18:00:00+00:00,BUY,10.0,43.22
2025-10-13 22:15:00+00:00,2025-10-14 07:00:00+00:00,BUY,10.0,39.8
2025-10-13 23:15:00+00:00,2025-10-14 08:00:00+00:00,BUY,10.0,41.03
2025-10-13 23:45:00+00:00,2025-10-14 07:00:00+00:00,SELL,10.0,47.06
2025-10-14 00:30:00+00:00,2025-10-14 08:00:00+00:00,SELL,10.0,46.87
2025-10-14 05:45:00+00:00,2025-10-14 15:00:00+00:00,BUY,10.0,23.45
2025-10-14 07:30:00+00:00,2025-10-14 15:00:00+00:00,SELL,10.0,34.34
2025-10-14 07:45:00+00:00,2025-10-14 17:00:00+00:00,BUY,10.0,34.09
2025-10-14 09:00:00+00:00,2025-10-14 18:00:00+00:00,BUY,10.0,45.04
2025-10-14 09:30:00+00:00,2025-10-14 17:00:00+00:00,SELL,10.0,37.21
2025-10-14 10:00:00+00:00,2025-10-14 18:00:00+00:00,SELL,10.0,45.61
2025-10-14 15:30:00+00:00,2025-10-15 02:00:00+00:00,SELL,10.0,36.04
2025-10-14 16:45:00+00:00,2025-10-15 02:00:00+00:00,BUY,10.0,33.09
2025-10-14 18:30:00+00:00,2025-10-15 05:00:00+00:00,SELL,10.0,44.78
2025-10-14 19:30:00+00:00,2025-10-15 06:00:00+00:00,SELL,10.0,49.95
2025-10-14 19:45:00+00:00,2025-10-15 05:00:00+00:00,BUY,10.0,42.77
2025-10-14 20:45:00+00:00,2025-10-15 06:00:00+00:00,BUY,10.0,44.62
2025-10-15 00:30:00+00:00,2025-10-15 11:00:00+00:00,SELL,10.0,46.47
2025-10-15 01:45:00+00:00,2025-10-15 11:00:00+00:00,BUY,10.0,43.95
2025-10-17 07:15:00+00:00,2025-10-17 16:00:00+00:00,BUY,10.0,53.48
2025-10-17 07:45:00+00:00,2025-10-17 16:00:00+00:00,SELL,10.0,57.89
2025-10-17 14:30:00+00:00,2025-10-18 01:00:00+00:00,BUY,10.0,30.85
2025-10-17 15:45:00+00:00,2025-10-18 01:00:00+00:00,SELL,10.0,34.0
2025-10-20 13:30:00+00:00,2025-10-21 00:00:00+00:00,SELL,10.0,32.17
2025-10-20 14:30:00+00:00,2025-10-21 01:00:00+00:00,SELL,10.0,34.79
2025-10-20 14:45:00+00:00,2025-10-21 00:00:00+00:00,BUY,10.0,30.57
2025-10-20 15:30:00+00:00,2025-10-21 02:00:00+00:00,SELL,10.0,36.35
2025-10-20 15:45:00+00:00,2025-10-21 01:00:00+00:00,BUY,10.0,31.87
2025-10-20 16:30:00+00:00,2025-10-21 03:00:00+00:00,SELL,10.0,40.54
2025-10-20 16:45:00+00:00,2025-10-21 02:00:00+00:00,BUY,10.0,29.03
2025-10-20 17:45:00+00:00,2025-10-21 03:00:00+00:00,BUY,10.0,38.65
2025-10-20 18:30:00+00:00,2025-10-21 05:00:00+00:00,SELL,10.0,43.58
2025-10-20 19:30:00+00:00,2025-10-21 06:00:00+00:00,SELL,10.0,60.82
2025-10-20 19:45:00+00:00,2025-10-21 05:00:00+00:00,BUY,10.0,40.65
2025-10-20 20:30:00+00:00,2025-10-21 07:00:00+00:00,SELL,10.0,47.91
2025-10-20 21:00:00+00:00,2025-10-21 06:00:00+00:00,BUY,10.0,53.74
2025-10-20 21:45:00+00:00,2025-10-21 07:00:00+00:00,BUY,10.0,43.6
2025-10-20 22:30:00+00:00,2025-10-21 09:00:00+00:00,SELL,10.0,49.74
2025-10-20 23:45:00+00:00,2025-10-21 09:00:00+00:00,BUY,10.0,42.97
2025-10-21 00:30:00+00:00,2025-10-21 11:00:00+00:00,SELL,10.0,44.8
2025-10-21 01:30:00+00:00,2025-10-21 12:00:00+00:00,SELL,10.0,43.53
2025-10-21 01:45:00+00:00,2025-10-21 11:00:00+00:00,BUY,10.0,40.06
2025-10-21 02:30:00+00:00,2025-10-21 13:00:00+00:00,SELL,10.0,45.4
2025-10-21 02:45:00+00:00,2025-10-21 12:00:00+00:00,BUY,10.0,39.98
2025-10-21 03:30:00+00:00,2025-10-21 14:00:00+00:00,SELL,10.0,42.69
2025-10-21 03:45:00+00:00,2025-10-21 13:00:00+00:00,BUY,10.0,41.47
2025-10-21 04:30:00+00:00,2025-10-21 15:00:00+00:00,SELL,10.0,48.02
2025-10-21 05:30:00+00:00,2025-10-21 14:00:00+00:00,BUY,10.0,36.11
2025-10-21 05:30:00+00:00,2025-10-21 16:00:00+00:00,SELL,10.0,47.04
2025-10-21 05:45:00+00:00,2025-10-21 15:00:00+00:00,BUY,10.0,40.05
2025-10-21 06:30:00+00:00,2025-10-21 17:00:00+00:00,SELL,10.0,53.19
2025-10-21 07:15:00+00:00,2025-10-21 16:00:00+00:00,BUY,10.0,39.68
2025-10-21 07:45:00+00:00,2025-10-21 17:00:00+00:00,BUY,10.0,47.36
2025-10-21 08:30:00+00:00,2025-10-21 19:00:00+00:00,SELL,10.0,59.82
2025-10-21 09:30:00+00:00,2025-10-21 20:00:00+00:00,SELL,10.0,53.59
2025-10-21 09:45:00+00:00,2025-10-21 19:00:00+00:00,BUY,10.0,51.72
2025-10-21 10:30:00+00:00,2025-10-21 21:00:00+00:00,SELL,10.0,35.64
2025-10-21 11:00:00+00:00,2025-10-21 20:00:00+00:00,BUY,10.0,43.76
2025-10-21 12:00:00+00:00,2025-10-21 21:00:00+00:00,BUY,10.0,29.97
2025-10-21 12:30:00+00:00,2025-10-21 23:00:00+00:00,SELL,10.0,37.67
2025-10-21 14:45:00+00:00,2025-10-21 23:00:00+00:00,BUY,10.0,31.18
2025-10-25 14:45:00+00:00,2025-10-26 00:00:00+00:00,BUY,10.0,32.77
2025-10-25 16:00:00+00:00,2025-10-26 01:00:00+00:00,BUY,10.0,32.4
2025-10-25 16:00:00+00:00,2025-10-26 00:00:00+00:00,SELL,10.0,37.17
2025-10-25 16:45:00+00:00,2025-10-26 01:00:00+00:00,SELL,10.0,33.76
2025-10-25 17:45:00+00:00,2025-10-26 03:00:00+00:00,BUY,10.0,32.0
2025-10-25 18:45:00+00:00,2025-10-26 04:00:00+00:00,BUY,10.0,31.78
2025-10-25 19:00:00+00:00,2025-10-26 03:00:00+00:00,SELL,10.0,37.37
2025-10-25 19:30:00+00:00,2025-10-26 05:00:00+00:00,BUY,10.0,40.48
2025-10-25 20:30:00+00:00,2025-10-26 04:00:00+00:00,SELL,10.0,33.08
2025-10-25 20:45:00+00:00,2025-10-26 06:00:00+00:00,BUY,10.0,37.43
2025-10-25 21:00:00+00:00,2025-10-26 05:00:00+00:00,SELL,10.0,44.88
2025-10-25 22:15:00+00:00,2025-10-26 07:00:00+00:00,BUY,10.0,43.72
2025-10-25 22:30:00+00:00,2025-10-26 06:00:00+00:00,SELL,10.0,41.81
2025-10-25 22:45:00+00:00,2025-10-26 08:00:00+00:00,BUY,10.0,44.65
2025-10-25 23:30:00+00:00,2025-10-26 07:00:00+00:00,SELL,10.0,51.11
2025-10-25 23:45:00+00:00,2025-10-26 09:00:00+00:00,BUY,10.0,42.59
2025-10-26 00:45:00+00:00,2025-10-26 08:00:00+00:00,SELL,10.0,48.17
2025-10-26 01:00:00+00:00,2025-10-26 09:00:00+00:00,SELL,10.0,46.54
2025-10-26 02:00:00+00:00,2025-10-26 11:00:00+00:00,BUY,10.0,42.44
2025-10-26 02:30:00+00:00,2025-10-26 12:00:00+00:00,BUY,10.0,35.01
2025-10-26 03:00:00+00:00,2025-10-26 11:00:00+00:00,SELL,10.0,48.36
2025-10-26 04:15:00+00:00,2025-10-26 13:00:00+00:00,BUY,10.0,24.08
2025-10-26 04:30:00+00:00,2025-10-26 12:00:00+00:00,SELL,10.0,44.79
2025-10-26 05:30:00+00:00,2025-10-26 15:00:00+00:00,BUY,10.0,26.58
2025-10-26 06:15:00+00:00,2025-10-26 13:00:00+00:00,SELL,10.0,29.11
2025-10-26 06:30:00+00:00,2025-10-26 16:00:00+00:00,BUY,10.0,37.97
2025-10-26 07:30:00+00:00,2025-10-26 15:00:00+00:00,SELL,10.0,36.64
2025-10-26 07:45:00+00:00,2025-10-26 17:00:00+00:00,BUY,10.0,37.88
2025-10-26 08:15:00+00:00,2025-10-26 16:00:00+00:00,SELL,10.0,42.55
2025-10-26 09:45:00+00:00,2025-10-26 17:00:00+00:00,SELL,10.0,43.54
2025-10-26 10:45:00+00:00,2025-10-26 20:00:00+00:00,BUY,10.0,38.21
2025-10-26 12:00:00+00:00,2025-10-26 20:00:00+00:00,SELL,10.0,39.09
2025-10-29 12:00:00+00:00,2025-10-29 21:00:00+00:00,SELL,10.0,32.2
2025-10-29 13:00:00+00:00,2025-10-29 21:00:00+00:00,BUY,10.0,29.35
2025-10-31 15:30:00+00:00,2025-11-01 02:00:00+00:00,SELL,10.0,44.34
2025-10-31 16:30:00+00:00,2025-11-01 03:00:00+00:00,SELL,10.0,54.21
2025-10-31 18:15:00+00:00,2025-11-01 02:00:00+00:00,BUY,10.0,37.36
2025-10-31 18:30:00+00:00,2025-11-01 05:00:00+00:00,SELL,10.0,62.17
2025-10-31 18:45:00+00:00,2025-11-01 04:00:00+00:00,SELL,10.0,56.93
2025-10-31 19:00:00+00:00,2025-11-01 03:00:00+00:00,BUY,10.0,46.49
2025-10-31 19:30:00+00:00,2025-11-01 06:00:00+00:00,SELL,10.0,67.73
2025-10-31 20:30:00+00:00,2025-11-01 04:00:00+00:00,BUY,10.0,49.02
2025-10-31 20:45:00+00:00,2025-11-01 05:00:00+00:00,BUY,10.0,49.4
2025-10-31 21:30:00+00:00,2025-11-01 06:00:00+00:00,BUY,10.0,55.04
2025-11-01 02:30:00+00:00,2025-11-01 13:00:00+00:00,SELL,10.0,54.15
2025-11-01 03:00:00+00:00,2025-11-01 12:00:00+00:00,SELL,10.0,51.35
2025-11-01 03:30:00+00:00,2025-11-01 14:00:00+00:00,SELL,10.0,50.19
2025-11-01 04:00:00+00:00,2025-11-01 12:00:00+00:00,BUY,10.0,43.48
2025-11-01 04:45:00+00:00,2025-11-01 13:00:00+00:00,BUY,10.0,46.07
2025-11-01 06:00:00+00:00,2025-11-01 14:00:00+00:00,BUY,10.0,40.96
2025-11-01 12:30:00+00:00,2025-11-01 23:00:00+00:00,SELL,10.0,52.21
2025-11-01 14:30:00+00:00,2025-11-02 01:00:00+00:00,BUY,10.0,50.42
2025-11-01 15:00:00+00:00,2025-11-01 23:00:00+00:00,BUY,10.0,39.95
2025-11-01 15:30:00+00:00,2025-11-02 01:00:00+00:00,SELL,10.0,52.8
2025-11-02 02:30:00+00:00,2025-11-02 13:00:00+00:00,BUY,10.0,47.81
2025-11-02 04:45:00+00:00,2025-11-02 13:00:00+00:00,SELL,10.0,55.5
2025-11-02 07:30:00+00:00,2025-11-02 18:00:00+00:00,BUY,10.0,64.02
2025-11-02 08:30:00+00:00,2025-11-02 19:00:00+00:00,BUY,10.0,72.03
2025-11-02 08:45:00+00:00,2025-11-02 18:00:00+00:00,SELL,10.0,68.85
2025-11-02 09:45:00+00:00,2025-11-02 19:00:00+00:00,SELL,10.0,86.36
2025-11-02 13:30:00+00:00,2025-11-03 00:00:00+00:00,SELL,10.0,41.45
2025-11-02 14:30:00+00:00,2025-11-03 00:00:00+00:00,BUY,10.0,40.7
2025-11-03 12:30:00+00:00,2025-11-03 23:00:00+00:00,SELL,10.0,44.62
2025-11-03 13:45:00+00:00,2025-11-03 23:00:00+00:00,BUY,10.0,39.49
2025-11-08 18:45:00+00:00,2025-11-09 04:00:00+00:00,BUY,10.0,48.4
2025-11-08 20:00:00+00:00,2025-11-09 04:00:00+00:00,SELL,10.0,59.77
2025-11-08 20:00:00+00:00,2025-11-09 05:00:00+00:00,BUY,10.0,65.19
2025-11-08 21:00:00+00:00,2025-11-09 06:00:00+00:00,BUY,10.0,66.18
2025-11-08 21:15:00+00:00,2025-11-09 05:00:00+00:00,SELL,10.0,75.56
2025-11-08 22:15:00+00:00,2025-11-09 06:00:00+00:00,SELL,10.0,76.34
2025-11-08 22:30:00+00:00,2025-11-09 09:00:00+00:00,SELL,10.0,70.41
2025-11-08 23:30:00+00:00,2025-11-09 09:00:00+00:00,BUY,10.0,61.43
2025-11-09 04:15:00+00:00,2025-11-09 13:00:00+00:00,BUY,10.0,39.43
2025-11-09 05:30:00+00:00,2025-11-09 13:00:00+00:00,SELL,10.0,45.39
2025-11-09 07:00:00+00:00,2025-11-09 16:00:00+00:00,BUY,10.0,48.05
2025-11-09 08:30:00+00:00,2025-11-09 16:00:00+00:00,SELL,10.0,56.52
2025-11-09 12:00:00+00:00,2025-11-09 21:00:00+00:00,BUY,10.0,48.32
2025-11-09 13:30:00+00:00,2025-11-09 21:00:00+00:00,SELL,10.0,55.5
2025-11-09 16:15:00+00:00,2025-11-10 01:00:00+00:00,BUY,10.0,34.19
2025-11-09 17:30:00+00:00,2025-11-10 01:00:00+00:00,SELL,10.0,36.62
2025-11-09 20:15:00+00:00,2025-11-10 05:00:00+00:00,BUY,10.0,52.46
2025-11-09 21:00:00+00:00,2025-11-10 05:00:00+00:00,SELL,10.0,57.57
2025-11-09 21:15:00+00:00,2025-11-10 06:00:00+00:00,BUY,10.0,53.7
2025-11-09 22:30:00+00:00,2025-11-10 06:00:00+00:00,SELL,10.0,60.04
2025-11-09 23:15:00+00:00,2025-11-10 08:00:00+00:00,BUY,10.0,61.09
2025-11-09 23:45:00+00:00,2025-11-10 08:00:00+00:00,SELL,10.0,72.96
2025-11-10 03:30:00+00:00,2025-11-10 14:00:00+00:00,SELL,10.0,36.21
2025-11-10 04:30:00+00:00,2025-11-10 15:00:00+00:00,SELL,10.0,37.12
2025-11-10 04:45:00+00:00,2025-11-10 14:00:00+00:00,BUY,10.0,32.52
2025-11-10 05:30:00+00:00,2025-11-10 15:00:00+00:00,BUY,10.0,32.45
2025-11-10 06:15:00+00:00,2025-11-10 15:00:00+00:00,BUY,10.0,31.77
2025-11-10 07:45:00+00:00,2025-11-10 15:00:00+00:00,SELL,10.0,38.29
2025-11-10 08:15:00+00:00,2025-11-10 17:00:00+00:00,BUY,10.0,53.3
2025-11-10 09:00:00+00:00,2025-11-10 17:00:00+00:00,SELL,10.0,57.87
2025-11-10 11:30:00+00:00,2025-11-10 22:00:00+00:00,SELL,10.0,48.33
2025-11-10 12:30:00+00:00,2025-11-10 22:00:00+00:00,BUY,10.0,42.38
2025-11-10 13:15:00+00:00,2025-11-10 22:00:00+00:00,BUY,10.0,42.66
2025-11-10 14:00:00+00:00,2025-11-10 22:00:00+00:00,SELL,10.0,46.87
2025-11-15 03:30:00+00:00,2025-11-15 14:00:00+00:00,SELL,10.0,50.48
2025-11-15 05:00:00+00:00,2025-11-15 14:00:00+00:00,BUY,10.0,41.82
2025-11-15 13:30:00+00:00,2025-11-16 00:00:00+00:00,BUY,10.0,34.75
2025-11-15 16:30:00+00:00,2025-11-16 00:00:00+00:00,SELL,10.0,41.41
2025-11-15 22:45:00+00:00,2025-11-16 08:00:00+00:00,BUY,10.0,60.66
2025-11-15 23:30:00+00:00,2025-11-16 10:00:00+00:00,BUY,10.0,43.98
2025-11-16 00:00:00+00:00,2025-11-16 08:00:00+00:00,SELL,10.0,66.03
2025-11-16 02:00:00+00:00,2025-11-16 10:00:00+00:00,SELL,10.0,52.94
2025-11-16 13:30:00+00:00,2025-11-17 00:00:00+00:00,BUY,10.0,37.03
2025-11-16 14:30:00+00:00,2025-11-17 01:00:00+00:00,BUY,10.0,35.59
2025-11-16 15:00:00+00:00,2025-11-17 00:00:00+00:00,SELL,10.0,41.66
2025-11-16 15:45:00+00:00,2025-11-17 01:00:00+00:00,SELL,10.0,39.95
2025-11-16 18:30:00+00:00,2025-11-17 05:00:00+00:00,BUY,10.0,44.05
2025-11-16 20:00:00+00:00,2025-11-17 05:00:00+00:00,SELL,10.0,50.69
2025-11-16 22:30:00+00:00,2025-11-17 09:00:00+00:00,BUY,10.0,47.17
2025-11-17 00:00:00+00:00,2025-11-17 09:00:00+00:00,SELL,10.0,51.37
2025-11-17 01:30:00+00:00,2025-11-17 12:00:00+00:00,BUY,10.0,38.55
2025-11-17 03:15:00+00:00,2025-11-17 12:00:00+00:00,SELL,10.0,43.38
2025-11-17 06:30:00+00:00,2025-11-17 17:00:00+00:00,BUY,10.0,50.23
2025-11-17 08:00:00+00:00,2025-11-17 17:00:00+00:00,SELL,10.0,56.96
2025-11-17 08:30:00+00:00,2025-11-17 19:00:00+00:00,BUY,10.0,51.87
2025-11-17 10:15:00+00:00,2025-11-17 19:00:00+00:00,SELL,10.0,56.13
2025-11-17 12:30:00+00:00,2025-11-17 23:00:00+00:00,BUY,10.0,36.85
2025-11-17 14:30:00+00:00,2025-11-17 23:00:00+00:00,SELL,10.0,40.54
2025-11-20 17:30:00+00:00,2025-11-21 04:00:00+00:00,BUY,10.0,44.9
2025-11-20 18:30:00+00:00,2025-11-21 05:00:00+00:00,BUY,10.0,48.39
2025-11-20 19:30:00+00:00,2025-11-21 04:00:00+00:00,SELL,10.0,52.02
2025-11-20 20:00:00+00:00,2025-11-21 05:00:00+00:00,SELL,10.0,50.96
2025-11-21 00:30:00+00:00,2025-11-21 11:00:00+00:00,BUY,10.0,37.93
2025-11-21 03:30:00+00:00,2025-11-21 11:00:00+00:00,SELL,10.0,49.67
2025-11-21 08:30:00+00:00,2025-11-21 19:00:00+00:00,BUY,10.0,58.12
2025-11-21 10:00:00+00:00,2025-11-21 19:00:00+00:00,SELL,10.0,65.67
2025-11-23 11:30:00+00:00,2025-11-23 22:00:00+00:00,SELL,10.0,54.38
2025-11-23 12:45:00+00:00,2025-11-23 22:00:00+00:00,BUY,10.0,47.66
2025-11-25 13:30:00+00:00,2025-11-26 00:00:00+00:00,BUY,10.0,8.06
2025-11-25 15:00:00+00:00,2025-11-26 00:00:00+00:00,SELL,10.0,14.07
2025-11-25 15:30:00+00:00,2025-11-26 02:00:00+00:00,BUY,10.0,6.72
2025-11-25 16:30:00+00:00,2025-11-26 03:00:00+00:00,BUY,10.0,17.67
2025-11-25 16:45:00+00:00,2025-11-26 02:00:00+00:00,SELL,10.0,15.61
2025-11-25 17:30:00+00:00,2025-11-26 04:00:00+00:00,BUY,10.0,13.42
2025-11-25 17:45:00+00:00,2025-11-26 03:00:00+00:00,SELL,10.0,21.14
2025-11-25 18:30:00+00:00,2025-11-26 05:00:00+00:00,BUY,10.0,25.3
2025-11-25 18:30:00+00:00,2025-11-26 04:00:00+00:00,SELL,10.0,17.61
2025-11-25 19:30:00+00:00,2025-11-26 06:00:00+00:00,BUY,10.0,22.33
2025-11-25 19:45:00+00:00,2025-11-26 05:00:00+00:00,SELL,10.0,27.15
2025-11-25 20:45:00+00:00,2025-11-26 06:00:00+00:00,SELL,10.0,25.3
2025-11-26 01:30:00+00:00,2025-11-26 12:00:00+00:00,BUY,10.0,27.53
2025-11-26 02:30:00+00:00,2025-11-26 13:00:00+00:00,BUY,10.0,27.46
2025-11-26 02:45:00+00:00,2025-11-26 12:00:00+00:00,SELL,10.0,28.41
2025-11-26 03:30:00+00:00,2025-11-26 14:00:00+00:00,BUY,10.0,20.49
2025-11-26 03:30:00+00:00,2025-11-26 13:00:00+00:00,SELL,10.0,30.61
2025-11-26 04:45:00+00:00,2025-11-26 14:00:00+00:00,SELL,10.0,24.03
2025-11-26 05:30:00+00:00,2025-11-26 16:00:00+00:00,BUY,10.0,26.15
2025-11-26 06:30:00+00:00,2025-11-26 16:00:00+00:00,SELL,10.0,27.25
2025-11-26 06:30:00+00:00,2025-11-26 17:00:00+00:00,BUY,10.0,31.98
2025-11-26 07:30:00+00:00,2025-11-26 17:00:00+00:00,SELL,10.0,32.89
2025-11-26 07:30:00+00:00,2025-11-26 18:00:00+00:00,BUY,10.0,26.81
2025-11-26 08:30:00+00:00,2025-11-26 19:00:00+00:00,BUY,10.0,29.84
2025-11-26 09:00:00+00:00,2025-11-26 18:00:00+00:00,SELL,10.0,30.19
2025-11-26 09:45:00+00:00,2025-11-26 19:00:00+00:00,SELL,10.0,33.54
2025-11-26 10:30:00+00:00,2025-11-26 21:00:00+00:00,BUY,10.0,22.41
2025-11-26 11:30:00+00:00,2025-11-26 22:00:00+00:00,BUY,10.0,0.0
2025-11-26 11:45:00+00:00,2025-11-26 21:00:00+00:00,SELL,10.0,23.29
2025-11-26 12:30:00+00:00,2025-11-26 23:00:00+00:00,BUY,10.0,7.05
2025-11-26 12:45:00+00:00,2025-11-26 22:00:00+00:00,SELL,10.0,8.97
2025-11-26 13:30:00+00:00,2025-11-26 23:00:00+00:00,SELL,10.0,17.08
2025-11-27 08:00:00+00:00,2025-11-27 16:00:00+00:00,BUY,10.0,12.78
2025-11-27 08:45:00+00:00,2025-11-27 16:00:00+00:00,SELL,10.0,20.61
2025-11-28 03:30:00+00:00,2025-11-28 14:00:00+00:00,BUY,10.0,20.71
2025-11-28 05:00:00+00:00,2025-11-28 14:00:00+00:00,SELL,10.0,27.99
2025-11-30 07:00:00+00:00,2025-11-30 16:00:00+00:00,SELL,10.0,48.62
2025-11-30 09:30:00+00:00,2025-11-30 16:00:00+00:00,BUY,10.0,39.58
2025-11-30 20:30:00+00:00,2025-12-01 07:00:00+00:00,SELL,10.0,53.34
2025-11-30 21:45:00+00:00,2025-12-01 07:00:00+00:00,BUY,10.0,54.96
2025-12-01 18:00:00+00:00,2025-12-02 03:00:00+00:00,BUY,10.0,27.8
2025-12-01 18:30:00+00:00,2025-12-02 03:00:00+00:00,SELL,10.0,30.11
2025-12-01 21:45:00+00:00,2025-12-02 07:00:00+00:00,BUY,10.0,39.98
2025-12-01 22:30:00+00:00,2025-12-02 07:00:00+00:00,SELL,10.0,41.03
2025-12-02 04:15:00+00:00,2025-12-02 13:00:00+00:00,BUY,10.0,25.18
2025-12-02 04:30:00+00:00,2025-12-02 13:00:00+00:00,SELL,10.0,25.18
2025-12-02 15:30:00+00:00,2025-12-03 02:00:00+00:00,SELL,10.0,61.06
2025-12-02 16:30:00+00:00,2025-12-03 03:00:00+00:00,SELL,10.0,50.03
2025-12-02 16:45:00+00:00,2025-12-03 02:00:00+00:00,BUY,10.0,48.9
2025-12-02 17:30:00+00:00,2025-12-03 04:00:00+00:00,SELL,10.0,50.35
2025-12-02 17:45:00+00:00,2025-12-03 03:00:00+00:00,BUY,10.0,46.54
2025-12-02 18:30:00+00:00,2025-12-03 05:00:00+00:00,SELL,10.0,73.74
2025-12-02 18:45:00+00:00,2025-12-03 04:00:00+00:00,BUY,10.0,48.45
2025-12-02 20:00:00+00:00,2025-12-03 05:00:00+00:00,BUY,10.0,62.7
2025-12-02 21:30:00+00:00,2025-12-03 08:00:00+00:00,SELL,10.0,97.93
2025-12-02 23:15:00+00:00,2025-12-03 08:00:00+00:00,BUY,10.0,67.45
2025-12-03 05:30:00+00:00,2025-12-03 16:00:00+00:00,SELL,10.0,50.39
2025-12-03 06:30:00+00:00,2025-12-03 17:00:00+00:00,SELL,10.0,101.48
2025-12-03 06:45:00+00:00,2025-12-03 16:00:00+00:00,BUY,10.0,45.76
2025-12-03 07:30:00+00:00,2025-12-03 18:00:00+00:00,SELL,10.0,66.67
2025-12-03 07:45:00+00:00,2025-12-03 17:00:00+00:00,BUY,10.0,80.24
2025-12-03 08:30:00+00:00,2025-12-03 19:00:00+00:00,SELL,10.0,75.19
2025-12-03 08:45:00+00:00,2025-12-03 18:00:00+00:00,BUY,10.0,56.63
2025-12-03 09:45:00+00:00,2025-12-03 19:00:00+00:00,BUY,10.0,59.4
2025-12-04 13:30:00+00:00,2025-12-05 00:00:00+00:00,BUY,10.0,28.14
2025-12-04 16:30:00+00:00,2025-12-05 03:00:00+00:00,BUY,10.0,37.41
2025-12-04 16:45:00+00:00,2025-12-05 00:00:00+00:00,SELL,10.0,38.97
2025-12-04 19:30:00+00:00,2025-12-05 06:00:00+00:00,BUY,10.0,45.1
2025-12-04 19:45:00+00:00,2025-12-05 03:00:00+00:00,SELL,10.0,43.34
2025-12-04 21:30:00+00:00,2025-12-05 08:00:00+00:00,BUY,10.0,43.76
2025-12-04 22:00:00+00:00,2025-12-05 07:00:00+00:00,BUY,10.0,107.56
2025-12-04 23:00:00+00:00,2025-12-05 06:00:00+00:00,SELL,10.0,61.69
2025-12-04 23:30:00+00:00,2025-12-05 10:00:00+00:00,BUY,10.0,43.02
2025-12-04 23:45:00+00:00,2025-12-05 07:00:00+00:00,SELL,10.0,116.31
2025-12-05 00:00:00+00:00,2025-12-05 09:00:00+00:00,BUY,10.0,44.83
2025-12-05 00:30:00+00:00,2025-12-05 11:00:00+00:00,BUY,10.0,40.78
2025-12-05 01:00:00+00:00,2025-12-05 08:00:00+00:00,SELL,10.0,52.94
2025-12-05 01:30:00+00:00,2025-12-05 09:00:00+00:00,SELL,10.0,49.83
2025-12-05 02:30:00+00:00,2025-12-05 10:00:00+00:00,SELL,10.0,51.2
2025-12-05 02:30:00+00:00,2025-12-05 12:00:00+00:00,BUY,10.0,31.88
2025-12-05 02:30:00+00:00,2025-12-05 13:00:00+00:00,BUY,10.0,28.92
2025-12-05 04:00:00+00:00,2025-12-05 11:00:00+00:00,SELL,10.0,49.43
2025-12-05 04:30:00+00:00,2025-12-05 15:00:00+00:00,BUY,10.0,31.63
2025-12-05 05:00:00+00:00,2025-12-05 12:00:00+00:00,SELL,10.0,43.1
2025-12-05 06:30:00+00:00,2025-12-05 17:00:00+00:00,BUY,10.0,40.91
2025-12-05 06:30:00+00:00,2025-12-05 13:00:00+00:00,SELL,10.0,40.32
2025-12-05 08:30:00+00:00,2025-12-05 15:00:00+00:00,SELL,10.0,44.7
2025-12-05 08:30:00+00:00,2025-12-05 19:00:00+00:00,BUY,10.0,38.95
2025-12-05 09:15:00+00:00,2025-12-05 17:00:00+00:00,SELL,10.0,50.99
2025-12-05 09:30:00+00:00,2025-12-05 20:00:00+00:00,BUY,10.0,37.64
2025-12-05 10:30:00+00:00,2025-12-05 21:00:00+00:00,BUY,10.0,40.33
2025-12-05 12:30:00+00:00,2025-12-05 23:00:00+00:00,BUY,10.0,25.04
2025-12-05 12:45:00+00:00,2025-12-05 19:00:00+00:00,SELL,10.0,50.03
2025-12-05 13:15:00+00:00,2025-12-05 20:00:00+00:00,SELL,10.0,50.35
2025-12-05 13:30:00+00:00,2025-12-05 21:00:00+00:00,SELL,10.0,47.87
2025-12-05 17:30:00+00:00,2025-12-05 23:00:00+00:00,SELL,10.0,42.42
2025-12-06 00:30:00+00:00,2025-12-06 11:00:00+00:00,SELL,10.0,57.92
2025-12-06 02:30:00+00:00,2025-12-06 11:00:00+00:00,BUY,10.0,44.34
2025-12-09 00:00:00+00:00,2025-12-09 09:00:00+00:00,SELL,10.0,37.18
2025-12-09 01:30:00+00:00,2025-12-09 09:00:00+00:00,BUY,10.0,31.46
2025-12-09 04:00:00+00:00,2025-12-09 13:00:00+00:00,SELL,10.0,29.28
2025-12-09 05:30:00+00:00,2025-12-09 13:00:00+00:00,BUY,10.0,20.68
2025-12-09 09:15:00+00:00,2025-12-09 18:00:00+00:00,SELL,10.0,38.24
2025-12-09 10:30:00+00:00,2025-12-09 18:00:00+00:00,BUY,10.0,30.8
2025-12-10 08:30:00+00:00,2025-12-10 19:00:00+00:00,SELL,10.0,65.6
2025-12-10 10:00:00+00:00,2025-12-10 19:00:00+00:00,BUY,10.0,50.19
2025-12-11 12:15:00+00:00,2025-12-11 21:00:00+00:00,BUY,10.0,20.11
2025-12-11 12:45:00+00:00,2025-12-11 21:00:00+00:00,SELL,10.0,25.53
2025-12-12 09:30:00+00:00,2025-12-12 20:00:00+00:00,BUY,10.0,34.52
2025-12-12 10:45:00+00:00,2025-12-12 20:00:00+00:00,SELL,10.0,39.66
2025-12-12 18:30:00+00:00,2025-12-13 05:00:00+00:00,BUY,10.0,55.72
2025-12-12 19:30:00+00:00,2025-12-13 05:00:00+00:00,SELL,10.0,60.75
2025-12-13 00:30:00+00:00,2025-12-13 11:00:00+00:00,BUY,10.0,65.07
2025-12-13 01:30:00+00:00,2025-12-13 11:00:00+00:00,SELL,10.0,71.45
2025-12-16 03:30:00+00:00,2025-12-16 14:00:00+00:00,BUY,10.0,16.96
2025-12-16 06:30:00+00:00,2025-12-16 14:00:00+00:00,SELL,10.0,29.72
2025-12-17 05:00:00+00:00,2025-12-17 14:00:00+00:00,SELL,10.0,29.37
2025-12-17 05:45:00+00:00,2025-12-17 14:00:00+00:00,BUY,10.0,28.92
2025-12-17 10:45:00+00:00,2025-12-17 20:00:00+00:00,SELL,10.0,27.67
2025-12-17 11:45:00+00:00,2025-12-17 20:00:00+00:00,BUY,10.0,26.07
2025-12-18 07:30:00+00:00,2025-12-18 18:00:00+00:00,SELL,10.0,41.01
2025-12-18 11:45:00+00:00,2025-12-18 18:00:00+00:00,BUY,10.0,31.78
2025-12-19 13:30:00+00:00,2025-12-20 00:00:00+00:00,BUY,10.0,-4.5
2025-12-19 14:30:00+00:00,2025-12-20 00:00:00+00:00,SELL,10.0,14.76
2025-12-20 17:00:00+00:00,2025-12-21 02:00:00+00:00,SELL,10.0,25.83
2025-12-20 17:45:00+00:00,2025-12-21 02:00:00+00:00,BUY,10.0,23.88
2025-12-21 00:15:00+00:00,2025-12-21 09:00:00+00:00,SELL,10.0,38.54
2025-12-21 00:45:00+00:00,2025-12-21 09:00:00+00:00,BUY,10.0,37.07
2025-12-21 13:30:00+00:00,2025-12-22 00:00:00+00:00,BUY,10.0,7.17
2025-12-21 14:30:00+00:00,2025-12-22 01:00:00+00:00,BUY,10.0,14.23
2025-12-21 14:45:00+00:00,2025-12-22 00:00:00+00:00,SELL,10.0,25.89
2025-12-21 15:30:00+00:00,2025-12-22 02:00:00+00:00,BUY,10.0,-14.78
2025-12-21 16:00:00+00:00,2025-12-22 01:00:00+00:00,SELL,10.0,25.35
2025-12-21 16:30:00+00:00,2025-12-22 03:00:00+00:00,BUY,10.0,4.13
2025-12-21 17:00:00+00:00,2025-12-22 02:00:00+00:00,SELL,10.0,35.73
2025-12-21 17:30:00+00:00,2025-12-22 04:00:00+00:00,BUY,10.0,14.53
2025-12-21 17:45:00+00:00,2025-12-22 03:00:00+00:00,SELL,10.0,28.11
2025-12-21 18:30:00+00:00,2025-12-22 04:00:00+00:00,SELL,10.0,21.48
2025-12-21 18:30:00+00:00,2025-12-22 05:00:00+00:00,BUY,10.0,25.47
2025-12-21 19:30:00+00:00,2025-12-22 06:00:00+00:00,BUY,10.0,15.54
2025-12-21 19:45:00+00:00,2025-12-22 05:00:00+00:00,SELL,10.0,32.48
2025-12-21 21:00:00+00:00,2025-12-22 06:00:00+00:00,SELL,10.0,29.32
2025-12-21 22:30:00+00:00,2025-12-22 09:00:00+00:00,BUY,10.0,26.32
2025-12-22 00:00:00+00:00,2025-12-22 09:00:00+00:00,SELL,10.0,34.67
2025-12-22 00:30:00+00:00,2025-12-22 11:00:00+00:00,BUY,10.0,26.49
2025-12-22 01:30:00+00:00,2025-12-22 12:00:00+00:00,BUY,10.0,22.39
2025-12-22 01:45:00+00:00,2025-12-22 11:00:00+00:00,SELL,10.0,33.58
2025-12-22 02:30:00+00:00,2025-12-22 13:00:00+00:00,BUY,10.0,30.91
2025-12-22 02:45:00+00:00,2025-12-22 12:00:00+00:00,SELL,10.0,27.61
2025-12-22 03:30:00+00:00,2025-12-22 14:00:00+00:00,BUY,10.0,25.59
2025-12-22 03:45:00+00:00,2025-12-22 13:00:00+00:00,SELL,10.0,38.44
2025-12-22 04:30:00+00:00,2025-12-22 15:00:00+00:00,BUY,10.0,16.33
2025-12-22 04:45:00+00:00,2025-12-22 13:00:00+00:00,SELL,10.0,37.5
2025-12-22 04:45:00+00:00,2025-12-22 14:00:00+00:00,SELL,10.0,31.44
2025-12-22 05:30:00+00:00,2025-12-22 16:00:00+00:00,BUY,10.0,25.81
2025-12-22 05:45:00+00:00,2025-12-22 13:00:00+00:00,BUY,10.0,32.14
2025-12-22 05:45:00+00:00,2025-12-22 15:00:00+00:00,SELL,10.0,24.77
2025-12-22 06:30:00+00:00,2025-12-22 16:00:00+00:00,SELL,10.0,31.64
2025-12-22 07:45:00+00:00,2025-12-22 16:00:00+00:00,SELL,10.0,29.4
2025-12-22 08:30:00+00:00,2025-12-22 19:00:00+00:00,BUY,10.0,22.44
2025-12-22 08:45:00+00:00,2025-12-22 16:00:00+00:00,BUY,10.0,24.67
2025-12-22 10:00:00+00:00,2025-12-22 19:00:00+00:00,SELL,10.0,30.41
2025-12-22 10:15:00+00:00,2025-12-22 18:00:00+00:00,SELL,10.0,37.06
2025-12-22 10:30:00+00:00,2025-12-22 21:00:00+00:00,BUY,10.0,21.81
2025-12-22 10:45:00+00:00,2025-12-22 18:00:00+00:00,BUY,10.0,31.64
2025-12-22 11:15:00+00:00,2025-12-22 19:00:00+00:00,SELL,10.0,30.46
2025-12-22 11:30:00+00:00,2025-12-22 22:00:00+00:00,BUY,10.0,14.36
2025-12-22 11:45:00+00:00,2025-12-22 19:00:00+00:00,BUY,10.0,24.51
2025-12-22 11:45:00+00:00,2025-12-22 21:00:00+00:00,SELL,10.0,29.25
2025-12-22 12:30:00+00:00,2025-12-22 23:00:00+00:00,BUY,10.0,-9.21
2025-12-22 12:45:00+00:00,2025-12-22 22:00:00+00:00,SELL,10.0,26.41
2025-12-22 13:45:00+00:00,2025-12-22 23:00:00+00:00,SELL,10.0,20.76
2025-12-23 14:30:00+00:00,2025-12-24 01:00:00+00:00,BUY,10.0,1.21
2025-12-23 15:45:00+00:00,2025-12-24 01:00:00+00:00,SELL,10.0,2.28
2025-12-23 21:30:00+00:00,2025-12-24 08:00:00+00:00,BUY,10.0,24.79
2025-12-23 22:30:00+00:00,2025-12-24 08:00:00+00:00,SELL,10.0,25.01
2025-12-25 05:30:00+00:00,2025-12-25 16:00:00+00:00,SELL,10.0,30.62
2025-12-25 07:00:00+00:00,2025-12-25 16:00:00+00:00,BUY,10.0,28.02
2025-12-29 06:30:00+00:00,2025-12-29 17:00:00+00:00,BUY,10.0,51.3
2025-12-29 08:00:00+00:00,2025-12-29 17:00:00+00:00,SELL,10.0,55.57
2026-01-02 05:30:00+00:00,2026-01-02 16:00:00+00:00,BUY,10.0,32.7
2026-01-02 06:30:00+00:00,2026-01-02 17:00:00+00:00,BUY,10.0,25.73
2026-01-02 06:45:00+00:00,2026-01-02 16:00:00+00:00,SELL,10.0,35.77
2026-01-02 07:45:00+00:00,2026-01-02 17:00:00+00:00,SELL,10.0,26.4
2026-01-02 08:30:00+00:00,2026-01-02 19:00:00+00:00,BUY,10.0,23.61
2026-01-02 09:15:00+00:00,2026-01-02 16:00:00+00:00,SELL,10.0,39.7
2026-01-02 09:45:00+00:00,2026-01-02 16:00:00+00:00,BUY,10.0,35.31
2026-01-02 10:30:00+00:00,2026-01-02 19:00:00+00:00,SELL,10.0,26.12
2026-01-05 19:30:00+00:00,2026-01-06 06:00:00+00:00,SELL,10.0,71.16
2026-01-05 20:45:00+00:00,2026-01-06 06:00:00+00:00,BUY,10.0,51.47
2026-01-05 21:30:00+00:00,2026-01-06 08:00:00+00:00,SELL,10.0,70.32
2026-01-05 22:30:00+00:00,2026-01-06 08:00:00+00:00,BUY,10.0,57.63
2026-01-06 08:15:00+00:00,2026-01-06 17:00:00+00:00,BUY,10.0,51.37
2026-01-06 09:30:00+00:00,2026-01-06 17:00:00+00:00,SELL,10.0,59.12
2026-01-06 09:30:00+00:00,2026-01-06 20:00:00+00:00,SELL,10.0,53.68
2026-01-06 10:30:00+00:00,2026-01-06 20:00:00+00:00,BUY,10.0,48.11
2026-01-08 02:30:00+00:00,2026-01-08 13:00:00+00:00,BUY,10.0,35.84
2026-01-08 03:30:00+00:00,2026-01-08 13:00:00+00:00,SELL,10.0,38.12
2026-01-08 16:30:00+00:00,2026-01-09 03:00:00+00:00,BUY,10.0,-10.85
2026-01-08 17:30:00+00:00,2026-01-09 04:00:00+00:00,BUY,10.0,8.24
2026-01-08 18:30:00+00:00,2026-01-09 03:00:00+00:00,SELL,10.0,26.27
2026-01-08 19:30:00+00:00,2026-01-09 04:00:00+00:00,SELL,10.0,21.72
2026-01-08 20:30:00+00:00,2026-01-09 07:00:00+00:00,BUY,10.0,23.29
2026-01-08 21:30:00+00:00,2026-01-09 08:00:00+00:00,BUY,10.0,19.96
2026-01-08 22:30:00+00:00,2026-01-09 07:00:00+00:00,SELL,10.0,31.51
2026-01-08 22:30:00+00:00,2026-01-09 09:00:00+00:00,BUY,10.0,24.74
2026-01-09 00:00:00+00:00,2026-01-09 08:00:00+00:00,SELL,10.0,27.85
2026-01-09 00:30:00+00:00,2026-01-09 09:00:00+00:00,SELL,10.0,29.01
2026-01-09 00:45:00+00:00,2026-01-09 10:00:00+00:00,BUY,10.0,24.5
2026-01-09 01:30:00+00:00,2026-01-09 10:00:00+00:00,SELL,10.0,27.56
2026-01-09 01:30:00+00:00,2026-01-09 12:00:00+00:00,BUY,10.0,9.76
2026-01-09 03:30:00+00:00,2026-01-09 12:00:00+00:00,SELL,10.0,29.11
2026-01-09 03:30:00+00:00,2026-01-09 14:00:00+00:00,BUY,10.0,12.29
2026-01-09 05:30:00+00:00,2026-01-09 14:00:00+00:00,SELL,10.0,23.17
2026-01-09 06:30:00+00:00,2026-01-09 17:00:00+00:00,BUY,10.0,23.45
2026-01-09 08:30:00+00:00,2026-01-09 17:00:00+00:00,SELL,10.0,26.92
2026-01-09 11:30:00+00:00,2026-01-09 22:00:00+00:00,BUY,10.0,14.42
2026-01-09 13:30:00+00:00,2026-01-09 22:00:00+00:00,SELL,10.0,24.59
2026-01-09 14:30:00+00:00,2026-01-10 01:00:00+00:00,BUY,10.0,-68.96
2026-01-09 15:45:00+00:00,2026-01-10 01:00:00+00:00,SELL,10.0,-40.03
2026-01-09 16:30:00+00:00,2026-01-10 03:00:00+00:00,BUY,10.0,-24.61
2026-01-09 17:45:00+00:00,2026-01-10 03:00:00+00:00,SELL,10.0,19.55
2026-01-09 23:30:00+00:00,2026-01-10 10:00:00+00:00,BUY,10.0,23.8
2026-01-10 00:30:00+00:00,2026-01-10 10:00:00+00:00,SELL,10.0,27.34
2026-01-10 08:30:00+00:00,2026-01-10 19:00:00+00:00,BUY,10.0,18.08
2026-01-10 10:00:00+00:00,2026-01-10 19:00:00+00:00,SELL,10.0,26.84
2026-01-10 14:30:00+00:00,2026-01-11 01:00:00+00:00,BUY,10.0,21.81
2026-01-10 15:30:00+00:00,2026-01-11 01:00:00+00:00,SELL,10.0,27.79
2026-01-10 15:30:00+00:00,2026-01-11 02:00:00+00:00,BUY,10.0,12.28
2026-01-10 16:15:00+00:00,2026-01-11 01:00:00+00:00,SELL,10.0,28.73
2026-01-10 16:30:00+00:00,2026-01-11 03:00:00+00:00,BUY,10.0,19.95
2026-01-10 16:45:00+00:00,2026-01-11 01:00:00+00:00,BUY,10.0,24.97
2026-01-10 16:45:00+00:00,2026-01-11 02:00:00+00:00,SELL,10.0,22.64
2026-01-10 17:30:00+00:00,2026-01-11 03:00:00+00:00,SELL,10.0,24.98
2026-01-10 17:30:00+00:00,2026-01-11 04:00:00+00:00,BUY,10.0,25.76
2026-01-10 18:30:00+00:00,2026-01-11 05:00:00+00:00,BUY,10.0,22.19
2026-01-10 18:45:00+00:00,2026-01-11 04:00:00+00:00,SELL,10.0,29.83
2026-01-10 19:30:00+00:00,2026-01-11 06:00:00+00:00,BUY,10.0,27.42
2026-01-10 19:45:00+00:00,2026-01-11 05:00:00+00:00,SELL,10.0,26.65
2026-01-10 20:30:00+00:00,2026-01-11 07:00:00+00:00,BUY,10.0,31.87
2026-01-10 20:45:00+00:00,2026-01-11 06:00:00+00:00,SELL,10.0,32.36
2026-01-10 21:45:00+00:00,2026-01-11 07:00:00+00:00,SELL,10.0,34.7
2026-01-10 22:30:00+00:00,2026-01-11 09:00:00+00:00,BUY,10.0,28.32
2026-01-10 23:30:00+00:00,2026-01-11 10:00:00+00:00,BUY,10.0,34.67
2026-01-10 23:45:00+00:00,2026-01-11 09:00:00+00:00,SELL,10.0,32.87
2026-01-11 00:30:00+00:00,2026-01-11 10:00:00+00:00,SELL,10.0,38.69
2026-01-11 00:30:00+00:00,2026-01-11 11:00:00+00:00,BUY,10.0,28.55
2026-01-11 01:30:00+00:00,2026-01-11 12:00:00+00:00,BUY,10.0,26.27
2026-01-11 01:45:00+00:00,2026-01-11 11:00:00+00:00,SELL,10.0,32.08
2026-01-11 02:30:00+00:00,2026-01-11 12:00:00+00:00,SELL,10.0,28.96
2026-01-11 03:30:00+00:00,2026-01-11 14:00:00+00:00,BUY,10.0,20.21
2026-01-11 04:30:00+00:00,2026-01-11 15:00:00+00:00,BUY,10.0,30.42
2026-01-11 04:45:00+00:00,2026-01-11 14:00:00+00:00,SELL,10.0,24.67
2026-01-11 05:45:00+00:00,2026-01-11 15:00:00+00:00,SELL,10.0,33.54
2026-01-11 07:30:00+00:00,2026-01-11 18:00:00+00:00,BUY,10.0,35.86
2026-01-11 08:30:00+00:00,2026-01-11 18:00:00+00:00,SELL,10.0,38.01
2026-01-11 09:30:00+00:00,2026-01-11 20:00:00+00:00,BUY,10.0,31.13
2026-01-11 11:00:00+00:00,2026-01-11 20:00:00+00:00,SELL,10.0,34.55
2026-01-11 11:30:00+00:00,2026-01-11 22:00:00+00:00,BUY,10.0,17.5
2026-01-11 12:30:00+00:00,2026-01-11 23:00:00+00:00,BUY,10.0,15.29
2026-01-11 12:45:00+00:00,2026-01-11 22:00:00+00:00,SELL,10.0,22.83
2026-01-11 13:45:00+00:00,2026-01-11 23:00:00+00:00,SELL,10.0,24.75
2026-01-11 17:30:00+00:00,2026-01-12 04:00:00+00:00,BUY,10.0,13.54
2026-01-11 19:00:00+00:00,2026-01-12 04:00:00+00:00,SELL,10.0,21.01
2026-01-11 20:30:00+00:00,2026-01-12 07:00:00+00:00,BUY,10.0,21.0
2026-01-11 21:30:00+00:00,2026-01-12 08:00:00+00:00,BUY,10.0,23.25
2026-01-11 22:30:00+00:00,2026-01-12 07:00:00+00:00,SELL,10.0,26.34
2026-01-11 23:15:00+00:00,2026-01-12 08:00:00+00:00,SELL,10.0,25.83
2026-01-12 03:30:00+00:00,2026-01-12 14:00:00+00:00,BUY,10.0,6.42
2026-01-12 05:30:00+00:00,2026-01-12 14:00:00+00:00,SELL,10.0,22.51
2026-01-12 11:30:00+00:00,2026-01-12 22:00:00+00:00,BUY,10.0,-30.82
2026-01-12 13:30:00+00:00,2026-01-13 00:00:00+00:00,SELL,10.0,29.3
2026-01-12 13:30:00+00:00,2026-01-12 22:00:00+00:00,SELL,10.0,18.23
2026-01-12 15:45:00+00:00,2026-01-13 00:00:00+00:00,BUY,10.0,21.12
2026-01-12 16:30:00+00:00,2026-01-13 03:00:00+00:00,SELL,10.0,30.14
2026-01-12 18:30:00+00:00,2026-01-13 05:00:00+00:00,SELL,10.0,42.12
2026-01-12 18:45:00+00:00,2026-01-13 04:00:00+00:00,SELL,10.0,33.93
2026-01-12 19:00:00+00:00,2026-01-13 03:00:00+00:00,BUY,10.0,21.42
2026-01-12 19:30:00+00:00,2026-01-13 06:00:00+00:00,SELL,10.0,39.19
2026-01-12 19:45:00+00:00,2026-01-13 04:00:00+00:00,BUY,10.0,31.11
2026-01-12 20:30:00+00:00,2026-01-13 07:00:00+00:00,SELL,10.0,40.28
2026-01-12 21:30:00+00:00,2026-01-13 05:00:00+00:00,BUY,10.0,32.59
2026-01-12 21:30:00+00:00,2026-01-13 06:00:00+00:00,BUY,10.0,33.52
2026-01-12 21:30:00+00:00,2026-01-13 08:00:00+00:00,SELL,10.0,45.34
2026-01-12 23:00:00+00:00,2026-01-13 07:00:00+00:00,BUY,10.0,28.38
2026-01-12 23:30:00+00:00,2026-01-13 08:00:00+00:00,BUY,10.0,36.71
2026-01-12 23:30:00+00:00,2026-01-13 10:00:00+00:00,SELL,10.0,39.43
2026-01-13 01:30:00+00:00,2026-01-13 12:00:00+00:00,SELL,10.0,32.8
2026-01-13 02:00:00+00:00,2026-01-13 10:00:00+00:00,BUY,10.0,30.38
2026-01-13 02:30:00+00:00,2026-01-13 13:00:00+00:00,SELL,10.0,44.42
2026-01-13 03:30:00+00:00,2026-01-13 14:00:00+00:00,SELL,10.0,32.53
2026-01-13 03:30:00+00:00,2026-01-13 12:00:00+00:00,BUY,10.0,29.22
2026-01-13 05:00:00+00:00,2026-01-13 13:00:00+00:00,BUY,10.0,32.49
2026-01-13 05:30:00+00:00,2026-01-13 16:00:00+00:00,SELL,10.0,38.49
2026-01-13 06:30:00+00:00,2026-01-13 14:00:00+00:00,BUY,10.0,25.2
2026-01-13 06:30:00+00:00,2026-01-13 17:00:00+00:00,SELL,10.0,39.05
2026-01-13 08:30:00+00:00,2026-01-13 19:00:00+00:00,SELL,10.0,36.65
2026-01-13 08:30:00+00:00,2026-01-13 16:00:00+00:00,BUY,10.0,29.75
2026-01-13 08:30:00+00:00,2026-01-13 17:00:00+00:00,BUY,10.0,32.97
2026-01-13 10:30:00+00:00,2026-01-13 19:00:00+00:00,BUY,10.0,32.86
2026-01-13 10:30:00+00:00,2026-01-13 21:00:00+00:00,SELL,10.0,34.87
2026-01-13 12:30:00+00:00,2026-01-13 23:00:00+00:00,SELL,10.0,33.08
2026-01-13 13:00:00+00:00,2026-01-13 21:00:00+00:00,BUY,10.0,28.58
2026-01-13 14:45:00+00:00,2026-01-13 23:00:00+00:00,BUY,10.0,24.72
2026-01-14 10:30:00+00:00,2026-01-14 21:00:00+00:00,SELL,10.0,31.82
2026-01-14 12:00:00+00:00,2026-01-14 21:00:00+00:00,BUY,10.0,25.95
2026-01-16 01:30:00+00:00,2026-01-16 12:00:00+00:00,SELL,10.0,44.12
2026-01-16 02:45:00+00:00,2026-01-16 12:00:00+00:00,BUY,10.0,39.2
2026-01-19 17:30:00+00:00,2026-01-20 04:00:00+00:00,SELL,10.0,31.84
2026-01-19 19:00:00+00:00,2026-01-20 04:00:00+00:00,BUY,10.0,27.19
2026-01-20 04:30:00+00:00,2026-01-20 15:00:00+00:00,SELL,10.0,38.78
2026-01-20 05:45:00+00:00,2026-01-20 15:00:00+00:00,BUY,10.0,35.01
2026-01-20 07:30:00+00:00,2026-01-20 18:00:00+00:00,SELL,10.0,41.06
2026-01-20 08:45:00+00:00,2026-01-20 18:00:00+00:00,BUY,10.0,36.55
2026-01-21 04:00:00+00:00,2026-01-21 13:00:00+00:00,SELL,10.0,34.25
2026-01-21 04:45:00+00:00,2026-01-21 13:00:00+00:00,BUY,10.0,31.54
2026-01-21 10:30:00+00:00,2026-01-21 21:00:00+00:00,SELL,10.0,31.9
2026-01-21 12:30:00+00:00,2026-01-21 21:00:00+00:00,BUY,10.0,28.4
2026-01-23 06:15:00+00:00,2026-01-23 14:00:00+00:00,BUY,10.0,28.51
2026-01-23 06:45:00+00:00,2026-01-23 14:00:00+00:00,SELL,10.0,31.73
2026-01-23 16:30:00+00:00,2026-01-24 02:00:00+00:00,BUY,10.0,36.79
2026-01-23 18:00:00+00:00,2026-01-24 02:00:00+00:00,SELL,10.0,38.7
2026-01-23 19:30:00+00:00,2026-01-24 05:00:00+00:00,BUY,10.0,42.21
2026-01-23 20:45:00+00:00,2026-01-24 05:00:00+00:00,SELL,10.0,47.28
2026-01-23 22:00:00+00:00,2026-01-24 07:00:00+00:00,BUY,10.0,52.83
2026-01-23 23:00:00+00:00,2026-01-24 08:00:00+00:00,BUY,10.0,62.63
2026-01-23 23:00:00+00:00,2026-01-24 07:00:00+00:00,SELL,10.0,57.42
2026-01-24 00:30:00+00:00,2026-01-24 08:00:00+00:00,SELL,10.0,71.19
2026-01-24 02:45:00+00:00,2026-01-24 12:00:00+00:00,BUY,10.0,44.32
2026-01-24 03:45:00+00:00,2026-01-24 12:00:00+00:00,SELL,10.0,46.27
2026-01-24 04:45:00+00:00,2026-01-24 14:00:00+00:00,BUY,10.0,42.63
2026-01-24 05:45:00+00:00,2026-01-24 14:00:00+00:00,SELL,10.0,44.45
2026-01-24 06:15:00+00:00,2026-01-24 15:00:00+00:00,BUY,10.0,42.44
2026-01-24 06:45:00+00:00,2026-01-24 15:00:00+00:00,SELL,10.0,44.13
2026-01-24 07:00:00+00:00,2026-01-24 16:00:00+00:00,BUY,10.0,39.66
2026-01-24 07:45:00+00:00,2026-01-24 16:00:00+00:00,SELL,10.0,43.97
2026-01-24 09:15:00+00:00,2026-01-24 18:00:00+00:00,BUY,10.0,47.17
2026-01-24 10:30:00+00:00,2026-01-24 18:00:00+00:00,SELL,10.0,49.8
2026-01-24 10:30:00+00:00,2026-01-24 20:00:00+00:00,BUY,10.0,34.84
2026-01-24 12:00:00+00:00,2026-01-24 20:00:00+00:00,SELL,10.0,39.31
2026-01-24 13:00:00+00:00,2026-01-24 22:00:00+00:00,BUY,10.0,30.29
2026-01-24 14:30:00+00:00,2026-01-24 22:00:00+00:00,SELL,10.0,34.46
2026-01-26 14:30:00+00:00,2026-01-27 01:00:00+00:00,SELL,10.0,29.17
2026-01-26 15:30:00+00:00,2026-01-27 01:00:00+00:00,BUY,10.0,27.9
2026-01-27 23:30:00+00:00,2026-01-28 10:00:00+00:00,SELL,10.0,72.76
2026-01-28 01:30:00+00:00,2026-01-28 10:00:00+00:00,BUY,10.0,58.51
2026-01-30 01:30:00+00:00,2026-01-30 12:00:00+00:00,BUY,10.0,37.58
2026-01-30 03:15:00+00:00,2026-01-30 12:00:00+00:00,SELL,10.0,41.34
2026-01-30 07:30:00+00:00,2026-01-30 18:00:00+00:00,BUY,10.0,42.98
2026-01-30 09:15:00+00:00,2026-01-30 18:00:00+00:00,SELL,10.0,47.7
2026-01-30 10:30:00+00:00,2026-01-30 21:00:00+00:00,BUY,10.0,35.6
2026-01-30 12:00:00+00:00,2026-01-30 21:00:00+00:00,SELL,10.0,37.91
2026-01-31 03:30:00+00:00,2026-01-31 14:00:00+00:00,BUY,10.0,47.48
2026-01-31 05:30:00+00:00,2026-01-31 14:00:00+00:00,SELL,10.0,49.62
2026-02-01 02:30:00+00:00,2026-02-01 13:00:00+00:00,BUY,10.0,57.91
2026-02-01 03:45:00+00:00,2026-02-01 13:00:00+00:00,SELL,10.0,62.78
2026-02-02 13:30:00+00:00,2026-02-03 00:00:00+00:00,SELL,10.0,42.18
2026-02-02 14:45:00+00:00,2026-02-03 00:00:00+00:00,BUY,10.0,39.6
2026-02-02 15:30:00+00:00,2026-02-03 02:00:00+00:00,SELL,10.0,41.32
2026-02-02 16:30:00+00:00,2026-02-03 03:00:00+00:00,SELL,10.0,40.87
2026-02-02 16:45:00+00:00,2026-02-03 02:00:00+00:00,BUY,10.0,35.55
2026-02-02 17:30:00+00:00,2026-02-03 04:00:00+00:00,SELL,10.0,52.15
2026-02-02 17:45:00+00:00,2026-02-03 03:00:00+00:00,BUY,10.0,34.72
2026-02-02 18:30:00+00:00,2026-02-03 05:00:00+00:00,SELL,10.0,45.58
2026-02-02 18:45:00+00:00,2026-02-03 04:00:00+00:00,BUY,10.0,43.9
2026-02-02 19:30:00+00:00,2026-02-03 06:00:00+00:00,SELL,10.0,49.09
2026-02-02 19:45:00+00:00,2026-02-03 05:00:00+00:00,BUY,10.0,37.8
2026-02-02 20:30:00+00:00,2026-02-03 07:00:00+00:00,SELL,10.0,53.93
2026-02-02 20:45:00+00:00,2026-02-03 06:00:00+00:00,BUY,10.0,43.07
2026-02-02 21:30:00+00:00,2026-02-03 08:00:00+00:00,SELL,10.0,55.81
2026-02-02 21:45:00+00:00,2026-02-03 07:00:00+00:00,BUY,10.0,46.49
2026-02-02 22:30:00+00:00,2026-02-03 09:00:00+00:00,SELL,10.0,61.47
2026-02-02 22:45:00+00:00,2026-02-03 08:00:00+00:00,BUY,10.0,68.29
2026-02-02 23:30:00+00:00,2026-02-03 10:00:00+00:00,SELL,10.0,55.53
2026-02-02 23:45:00+00:00,2026-02-03 09:00:00+00:00,BUY,10.0,49.16
2026-02-03 00:45:00+00:00,2026-02-03 10:00:00+00:00,BUY,10.0,45.93
2026-02-03 01:30:00+00:00,2026-02-03 12:00:00+00:00,SELL,10.0,46.14
2026-02-03 02:30:00+00:00,2026-02-03 13:00:00+00:00,SELL,10.0,46.4
2026-02-03 02:45:00+00:00,2026-02-03 12:00:00+00:00,BUY,10.0,41.87
2026-02-03 03:30:00+00:00,2026-02-03 14:00:00+00:00,SELL,10.0,46.43
2026-02-03 03:45:00+00:00,2026-02-03 13:00:00+00:00,BUY,10.0,41.05
2026-02-03 04:30:00+00:00,2026-02-03 15:00:00+00:00,SELL,10.0,48.55
2026-02-03 05:30:00+00:00,2026-02-03 16:00:00+00:00,SELL,10.0,47.06
2026-02-03 05:45:00+00:00,2026-02-03 15:00:00+00:00,BUY,10.0,42.06
2026-02-03 06:30:00+00:00,2026-02-03 14:00:00+00:00,BUY,10.0,36.04
2026-02-03 06:30:00+00:00,2026-02-03 17:00:00+00:00,SELL,10.0,45.26
2026-02-03 06:45:00+00:00,2026-02-03 16:00:00+00:00,BUY,10.0,39.04
2026-02-03 07:30:00+00:00,2026-02-03 18:00:00+00:00,SELL,10.0,64.38
2026-02-03 07:45:00+00:00,2026-02-03 17:00:00+00:00,BUY,10.0,35.47
2026-02-03 08:30:00+00:00,2026-02-03 19:00:00+00:00,SELL,10.0,55.9
2026-02-03 08:45:00+00:00,2026-02-03 18:00:00+00:00,BUY,10.0,52.94
2026-02-03 09:30:00+00:00,2026-02-03 20:00:00+00:00,SELL,10.0,48.13
2026-02-03 10:00:00+00:00,2026-02-03 19:00:00+00:00,BUY,10.0,45.23
2026-02-03 11:15:00+00:00,2026-02-03 20:00:00+00:00,BUY,10.0,39.0
2026-02-03 11:30:00+00:00,2026-02-03 22:00:00+00:00,SELL,10.0,43.77
2026-02-03 12:30:00+00:00,2026-02-03 23:00:00+00:00,SELL,10.0,38.78
2026-02-03 12:45:00+00:00,2026-02-03 22:00:00+00:00,BUY,10.0,37.85
2026-02-03 13:45:00+00:00,2026-02-03 23:00:00+00:00,BUY,10.0,31.45
2026-02-05 10:30:00+00:00,2026-02-05 21:00:00+00:00,SELL,10.0,33.97
2026-02-05 11:30:00+00:00,2026-02-05 21:00:00+00:00,BUY,10.0,35.48
2026-02-05 11:30:00+00:00,2026-02-05 22:00:00+00:00,SELL,10.0,32.58
2026-02-05 12:45:00+00:00,2026-02-05 22:00:00+00:00,BUY,10.0,76.82
2026-02-07 08:30:00+00:00,2026-02-07 19:00:00+00:00,SELL,10.0,77.75
2026-02-07 09:30:00+00:00,2026-02-07 19:00:00+00:00,BUY,10.0,65.29
2026-02-10 13:30:00+00:00,2026-02-11 00:00:00+00:00,SELL,10.0,33.0
2026-02-10 15:30:00+00:00,2026-02-11 00:00:00+00:00,BUY,10.0,25.65
2026-02-10 16:30:00+00:00,2026-02-11 03:00:00+00:00,SELL,10.0,42.47
2026-02-10 18:30:00+00:00,2026-02-11 03:00:00+00:00,BUY,10.0,37.07
2026-02-11 08:30:00+00:00,2026-02-11 19:00:00+00:00,SELL,10.0,63.85
2026-02-11 10:15:00+00:00,2026-02-11 19:00:00+00:00,BUY,10.0,51.2
2026-02-12 05:30:00+00:00,2026-02-12 16:00:00+00:00,SELL,10.0,71.16
2026-02-12 07:30:00+00:00,2026-02-12 16:00:00+00:00,BUY,10.0,58.25
2026-02-12 15:00:00+00:00,2026-02-13 00:00:00+00:00,SELL,10.0,59.15
2026-02-12 15:45:00+00:00,2026-02-13 01:00:00+00:00,SELL,10.0,55.72
2026-02-12 16:30:00+00:00,2026-02-13 00:00:00+00:00,BUY,10.0,45.56
2026-02-12 17:00:00+00:00,2026-02-13 02:00:00+00:00,SELL,10.0,54.27
2026-02-12 17:45:00+00:00,2026-02-13 03:00:00+00:00,SELL,10.0,62.67
2026-02-12 18:00:00+00:00,2026-02-13 01:00:00+00:00,BUY,10.0,42.54
2026-02-12 19:00:00+00:00,2026-02-13 04:00:00+00:00,SELL,10.0,58.73
2026-02-12 20:30:00+00:00,2026-02-13 02:00:00+00:00,BUY,10.0,35.67
2026-02-12 20:30:00+00:00,2026-02-13 03:00:00+00:00,BUY,10.0,41.97
2026-02-12 20:30:00+00:00,2026-02-13 04:00:00+00:00,BUY,10.0,47.25
2026-02-12 23:00:00+00:00,2026-02-13 08:00:00+00:00,SELL,10.0,172.71
2026-02-13 00:45:00+00:00,2026-02-13 08:00:00+00:00,BUY,10.0,102.49
2026-02-13 08:00:00+00:00,2026-02-13 17:00:00+00:00,SELL,10.0,133.99
2026-02-13 08:15:00+00:00,2026-02-13 16:00:00+00:00,SELL,10.0,77.7
2026-02-13 09:30:00+00:00,2026-02-13 16:00:00+00:00,BUY,10.0,62.38
2026-02-13 10:15:00+00:00,2026-02-13 19:00:00+00:00,SELL,10.0,94.88
2026-02-13 10:30:00+00:00,2026-02-13 17:00:00+00:00,BUY,10.0,45.89
2026-02-13 12:45:00+00:00,2026-02-13 19:00:00+00:00,BUY,10.0,46.07
2026-02-14 08:30:00+00:00,2026-02-14 19:00:00+00:00,SELL,10.0,50.47
2026-02-14 09:45:00+00:00,2026-02-14 19:00:00+00:00,BUY,10.0,45.52
2026-02-14 15:00:00+00:00,2026-02-15 00:00:00+00:00,BUY,10.0,35.94
2026-02-14 15:45:00+00:00,2026-02-15 00:00:00+00:00,SELL,10.0,37.2
2026-02-14 18:30:00+00:00,2026-02-15 05:00:00+00:00,BUY,10.0,39.58
2026-02-14 19:30:00+00:00,2026-02-15 06:00:00+00:00,BUY,10.0,52.82
2026-02-14 20:45:00+00:00,2026-02-15 05:00:00+00:00,SELL,10.0,44.08
2026-02-14 21:30:00+00:00,2026-02-15 06:00:00+00:00,SELL,10.0,61.08
2026-02-15 06:45:00+00:00,2026-02-15 16:00:00+00:00,BUY,10.0,48.06
2026-02-15 07:30:00+00:00,2026-02-15 16:00:00+00:00,SELL,10.0,52.17
2026-02-15 08:45:00+00:00,2026-02-15 18:00:00+00:00,BUY,10.0,53.95
2026-02-15 09:30:00+00:00,2026-02-15 18:00:00+00:00,SELL,10.0,54.21
2026-02-15 23:30:00+00:00,2026-02-16 10:00:00+00:00,SELL,10.0,37.53
2026-02-16 01:00:00+00:00,2026-02-16 10:00:00+00:00,BUY,10.0,32.35
2026-02-16 22:30:00+00:00,2026-02-17 09:00:00+00:00,SELL,10.0,96.18
2026-02-16 23:30:00+00:00,2026-02-17 10:00:00+00:00,SELL,10.0,55.14
2026-02-17 00:00:00+00:00,2026-02-17 09:00:00+00:00,BUY,10.0,71.66
2026-02-17 00:45:00+00:00,2026-02-17 10:00:00+00:00,BUY,10.0,48.43
2026-02-17 01:30:00+00:00,2026-02-17 12:00:00+00:00,SELL,10.0,45.52
2026-02-17 02:45:00+00:00,2026-02-17 12:00:00+00:00,BUY,10.0,42.2
2026-02-17 09:30:00+00:00,2026-02-17 20:00:00+00:00,SELL,10.0,49.0
2026-02-17 10:45:00+00:00,2026-02-17 20:00:00+00:00,BUY,10.0,43.02
2026-02-19 07:30:00+00:00,2026-02-19 18:00:00+00:00,BUY,10.0,88.97
2026-02-19 09:00:00+00:00,2026-02-19 18:00:00+00:00,SELL,10.0,106.14
2026-02-22 00:30:00+00:00,2026-02-22 11:00:00+00:00,SELL,10.0,62.44
2026-02-22 02:30:00+00:00,2026-02-22 11:00:00+00:00,BUY,10.0,49.87
2026-02-22 07:30:00+00:00,2026-02-22 18:00:00+00:00,SELL,10.0,74.01
2026-02-22 09:30:00+00:00,2026-02-22 18:00:00+00:00,BUY,10.0,56.01
2026-02-22 09:45:00+00:00,2026-02-22 19:00:00+00:00,SELL,10.0,66.84
2026-02-22 11:30:00+00:00,2026-02-22 19:00:00+00:00,BUY,10.0,43.35
2026-02-24 08:30:00+00:00,2026-02-24 19:00:00+00:00,BUY,10.0,52.93
2026-02-24 10:15:00+00:00,2026-02-24 19:00:00+00:00,SELL,10.0,106.71
2026-02-25 23:30:00+00:00,2026-02-26 10:00:00+00:00,SELL,10.0,77.05
2026-02-26 01:30:00+00:00,2026-02-26 10:00:00+00:00,BUY,10.0,57.22
2026-02-26 09:30:00+00:00,2026-02-26 20:00:00+00:00,SELL,10.0,57.93
2026-02-26 11:00:00+00:00,2026-02-26 20:00:00+00:00,BUY,10.0,48.36
2026-02-26 12:30:00+00:00,2026-02-26 23:00:00+00:00,SELL,10.0,47.68
2026-02-26 14:30:00+00:00,2026-02-26 23:00:00+00:00,BUY,10.0,42.02
2026-02-27 01:30:00+00:00,2026-02-27 12:00:00+00:00,SELL,10.0,37.25
2026-02-27 02:45:00+00:00,2026-02-27 12:00:00+00:00,BUY,10.0,33.86
2026-02-27 22:30:00+00:00,2026-02-28 09:00:00+00:00,SELL,10.0,43.39
2026-02-28 00:30:00+00:00,2026-02-28 09:00:00+00:00,BUY,10.0,36.12
2026-02-28 03:30:00+00:00,2026-02-28 14:00:00+00:00,SELL,10.0,29.93
2026-02-28 04:45:00+00:00,2026-02-28 14:00:00+00:00,BUY,10.0,24.79
2026-02-28 07:30:00+00:00,2026-02-28 18:00:00+00:00,SELL,10.0,32.11
2026-02-28 08:45:00+00:00,2026-02-28 18:00:00+00:00,BUY,10.0,29.16
2026-02-28 14:30:00+00:00,2026-03-01 01:00:00+00:00,BUY,10.0,15.52
2026-02-28 15:30:00+00:00,2026-03-01 02:00:00+00:00,BUY,10.0,20.33
2026-02-28 16:30:00+00:00,2026-03-01 01:00:00+00:00,SELL,10.0,21.22
2026-02-28 17:00:00+00:00,2026-03-01 02:00:00+00:00,SELL,10.0,21.21
2026-02-28 18:30:00+00:00,2026-03-01 05:00:00+00:00,BUY,10.0,27.88
2026-02-28 19:30:00+00:00,2026-03-01 06:00:00+00:00,BUY,10.0,31.58
2026-02-28 20:30:00+00:00,2026-03-01 07:00:00+00:00,BUY,10.0,31.44
2026-02-28 21:00:00+00:00,2026-03-01 05:00:00+00:00,SELL,10.0,31.78
2026-02-28 21:30:00+00:00,2026-03-01 06:00:00+00:00,SELL,10.0,32.91
2026-02-28 22:30:00+00:00,2026-03-01 07:00:00+00:00,SELL,10.0,31.13
2026-02-28 23:30:00+00:00,2026-03-01 10:00:00+00:00,BUY,10.0,7.47
2026-03-01 00:30:00+00:00,2026-03-01 11:00:00+00:00,BUY,10.0,31.47
2026-03-01 01:30:00+00:00,2026-03-01 10:00:00+00:00,SELL,10.0,22.17
2026-03-01 02:45:00+00:00,2026-03-01 11:00:00+00:00,SELL,10.0,32.77
2026-03-01 03:30:00+00:00,2026-03-01 14:00:00+00:00,BUY,10.0,22.23
2026-03-01 04:30:00+00:00,2026-03-01 15:00:00+00:00,BUY,10.0,28.79
2026-03-01 05:30:00+00:00,2026-03-01 16:00:00+00:00,BUY,10.0,30.01
2026-03-01 05:45:00+00:00,2026-03-01 14:00:00+00:00,SELL,10.0,26.01
2026-03-01 06:15:00+00:00,2026-03-01 15:00:00+00:00,SELL,10.0,30.4
2026-03-01 07:00:00+00:00,2026-03-01 16:00:00+00:00,SELL,10.0,29.82
2026-03-01 07:30:00+00:00,2026-03-01 18:00:00+00:00,BUY,10.0,37.27
2026-03-01 07:45:00+00:00,2026-03-01 17:00:00+00:00,BUY,10.0,28.69
2026-03-01 08:30:00+00:00,2026-03-01 19:00:00+00:00,BUY,10.0,32.15
2026-03-01 09:00:00+00:00,2026-03-01 17:00:00+00:00,SELL,10.0,31.84
2026-03-01 09:30:00+00:00,2026-03-01 18:00:00+00:00,SELL,10.0,40.11
2026-03-01 10:30:00+00:00,2026-03-01 19:00:00+00:00,SELL,10.0,33.85
2026-03-01 11:30:00+00:00,2026-03-01 22:00:00+00:00,BUY,10.0,8.87
2026-03-01 12:30:00+00:00,2026-03-01 23:00:00+00:00,BUY,10.0,27.14
2026-03-01 13:45:00+00:00,2026-03-01 23:00:00+00:00,SELL,10.0,29.35
2026-03-01 14:00:00+00:00,2026-03-01 22:00:00+00:00,SELL,10.0,28.75
2026-03-01 15:30:00+00:00,2026-03-02 02:00:00+00:00,SELL,10.0,23.48
2026-03-01 16:30:00+00:00,2026-03-02 03:00:00+00:00,SELL,10.0,13.43
2026-03-01 17:30:00+00:00,2026-03-02 02:00:00+00:00,BUY,10.0,18.46
2026-03-01 17:45:00+00:00,2026-03-02 03:00:00+00:00,BUY,10.0,6.19
2026-03-01 18:30:00+00:00,2026-03-02 05:00:00+00:00,SELL,10.0,34.02
2026-03-01 20:00:00+00:00,2026-03-02 05:00:00+00:00,BUY,10.0,31.33
2026-03-01 22:30:00+00:00,2026-03-02 09:00:00+00:00,SELL,10.0,28.84
2026-03-01 23:45:00+00:00,2026-03-02 09:00:00+00:00,BUY,10.0,25.83
2026-03-02 03:30:00+00:00,2026-03-02 14:00:00+00:00,SELL,10.0,25.39
2026-03-02 04:30:00+00:00,2026-03-02 15:00:00+00:00,SELL,10.0,26.48
2026-03-02 04:45:00+00:00,2026-03-02 14:00:00+00:00,BUY,10.0,19.78
2026-03-02 05:45:00+00:00,2026-03-02 15:00:00+00:00,BUY,10.0,22.11
2026-03-02 06:30:00+00:00,2026-03-02 17:00:00+00:00,SELL,10.0,34.71
2026-03-02 07:30:00+00:00,2026-03-02 18:00:00+00:00,SELL,10.0,38.78
2026-03-02 08:00:00+00:00,2026-03-02 17:00:00+00:00,BUY,10.0,31.29
2026-03-02 08:45:00+00:00,2026-03-02 18:00:00+00:00,BUY,10.0,36.69
2026-03-02 09:30:00+00:00,2026-03-02 20:00:00+00:00,SELL,10.0,35.61
2026-03-02 10:30:00+00:00,2026-03-02 21:00:00+00:00,SELL,10.0,28.29
2026-03-02 11:15:00+00:00,2026-03-02 20:00:00+00:00,BUY,10.0,32.71
2026-03-02 11:30:00+00:00,2026-03-02 21:00:00+00:00,BUY,10.0,25.43
2026-03-02 13:30:00+00:00,2026-03-03 00:00:00+00:00,BUY,10.0,23.23
2026-03-02 14:30:00+00:00,2026-03-03 01:00:00+00:00,BUY,10.0,25.11
2026-03-02 14:45:00+00:00,2026-03-03 00:00:00+00:00,SELL,10.0,31.65
2026-03-02 15:30:00+00:00,2026-03-03 02:00:00+00:00,BUY,10.0,24.07
2026-03-02 16:00:00+00:00,2026-03-03 01:00:00+00:00,SELL,10.0,35.95
2026-03-02 16:30:00+00:00,2026-03-03 03:00:00+00:00,BUY,10.0,31.32
2026-03-02 16:45:00+00:00,2026-03-03 02:00:00+00:00,SELL,10.0,28.43
2026-03-02 17:30:00+00:00,2026-03-03 04:00:00+00:00,BUY,10.0,29.43
2026-03-02 17:30:00+00:00,2026-03-03 03:00:00+00:00,SELL,10.0,33.29
2026-03-02 18:30:00+00:00,2026-03-03 05:00:00+00:00,BUY,10.0,29.1
2026-03-02 18:45:00+00:00,2026-03-03 04:00:00+00:00,SELL,10.0,36.0
2026-03-02 19:30:00+00:00,2026-03-03 06:00:00+00:00,BUY,10.0,38.94
2026-03-02 20:30:00+00:00,2026-03-03 05:00:00+00:00,SELL,10.0,37.39
2026-03-02 20:30:00+00:00,2026-03-03 07:00:00+00:00,BUY,10.0,46.29
2026-03-02 20:45:00+00:00,2026-03-03 06:00:00+00:00,SELL,10.0,45.68
2026-03-02 21:30:00+00:00,2026-03-03 08:00:00+00:00,BUY,10.0,43.42
2026-03-02 21:45:00+00:00,2026-03-03 07:00:00+00:00,SELL,10.0,49.53
2026-03-02 22:30:00+00:00,2026-03-03 09:00:00+00:00,BUY,10.0,41.1
2026-03-02 23:00:00+00:00,2026-03-03 08:00:00+00:00,SELL,10.0,51.86
2026-03-02 23:30:00+00:00,2026-03-03 10:00:00+00:00,BUY,10.0,36.4
2026-03-02 23:45:00+00:00,2026-03-03 09:00:00+00:00,SELL,10.0,48.25
2026-03-03 00:30:00+00:00,2026-03-03 11:00:00+00:00,BUY,10.0,41.8
2026-03-03 00:45:00+00:00,2026-03-03 10:00:00+00:00,SELL,10.0,41.61
2026-03-03 01:30:00+00:00,2026-03-03 12:00:00+00:00,BUY,10.0,33.29
2026-03-03 01:45:00+00:00,2026-03-03 11:00:00+00:00,SELL,10.0,48.59
2026-03-03 02:30:00+00:00,2026-03-03 13:00:00+00:00,BUY,10.0,28.8
2026-03-03 02:45:00+00:00,2026-03-03 12:00:00+00:00,SELL,10.0,38.94
2026-03-03 03:30:00+00:00,2026-03-03 14:00:00+00:00,BUY,10.0,39.02
2026-03-03 03:45:00+00:00,2026-03-03 13:00:00+00:00,SELL,10.0,36.46
2026-03-03 04:30:00+00:00,2026-03-03 15:00:00+00:00,BUY,10.0,36.7
2026-03-03 04:45:00+00:00,2026-03-03 14:00:00+00:00,SELL,10.0,44.32
2026-03-03 05:30:00+00:00,2026-03-03 16:00:00+00:00,BUY,10.0,38.91
2026-03-03 05:45:00+00:00,2026-03-03 15:00:00+00:00,SELL,10.0,43.84
2026-03-03 06:30:00+00:00,2026-03-03 17:00:00+00:00,BUY,10.0,43.92
2026-03-03 06:45:00+00:00,2026-03-03 16:00:00+00:00,SELL,10.0,45.12
2026-03-03 07:30:00+00:00,2026-03-03 18:00:00+00:00,BUY,10.0,39.25
2026-03-03 07:45:00+00:00,2026-03-03 17:00:00+00:00,SELL,10.0,50.56
2026-03-03 08:30:00+00:00,2026-03-03 19:00:00+00:00,BUY,10.0,32.79
2026-03-03 08:45:00+00:00,2026-03-03 18:00:00+00:00,SELL,10.0,41.8
2026-03-03 09:30:00+00:00,2026-03-03 20:00:00+00:00,BUY,10.0,27.79
2026-03-03 09:45:00+00:00,2026-03-03 19:00:00+00:00,SELL,10.0,40.04
2026-03-03 10:30:00+00:00,2026-03-03 21:00:00+00:00,BUY,10.0,27.27
2026-03-03 10:45:00+00:00,2026-03-03 20:00:00+00:00,SELL,10.0,35.69
2026-03-03 11:30:00+00:00,2026-03-03 22:00:00+00:00,BUY,10.0,24.79
2026-03-03 11:45:00+00:00,2026-03-03 21:00:00+00:00,SELL,10.0,32.22
2026-03-03 12:30:00+00:00,2026-03-03 23:00:00+00:00,BUY,10.0,24.76
2026-03-03 12:45:00+00:00,2026-03-03 22:00:00+00:00,SELL,10.0,32.98
2026-03-03 13:45:00+00:00,2026-03-03 23:00:00+00:00,SELL,10.0,34.76
2026-03-05 00:15:00+00:00,2026-03-05 08:00:00+00:00,SELL,10.0,39.45
2026-03-05 00:45:00+00:00,2026-03-05 08:00:00+00:00,BUY,10.0,36.14
2026-03-06 17:30:00+00:00,2026-03-07 04:00:00+00:00,SELL,10.0,31.4
2026-03-06 19:00:00+00:00,2026-03-07 04:00:00+00:00,BUY,10.0,25.74
2026-03-06 20:30:00+00:00,2026-03-07 07:00:00+00:00,SELL,10.0,31.99
2026-03-06 22:30:00+00:00,2026-03-07 07:00:00+00:00,BUY,10.0,27.24
2026-03-07 00:30:00+00:00,2026-03-07 11:00:00+00:00,SELL,10.0,33.33
2026-03-07 01:30:00+00:00,2026-03-07 12:00:00+00:00,SELL,10.0,34.58
2026-03-07 02:00:00+00:00,2026-03-07 11:00:00+00:00,BUY,10.0,29.3
2026-03-07 03:30:00+00:00,2026-03-07 12:00:00+00:00,BUY,10.0,28.02
2026-03-07 03:30:00+00:00,2026-03-07 14:00:00+00:00,SELL,10.0,23.88
2026-03-07 05:00:00+00:00,2026-03-07 14:00:00+00:00,BUY,10.0,16.91
2026-03-07 05:30:00+00:00,2026-03-07 16:00:00+00:00,SELL,10.0,29.89
2026-03-07 06:30:00+00:00,2026-03-07 17:00:00+00:00,SELL,10.0,36.95
2026-03-07 06:45:00+00:00,2026-03-07 16:00:00+00:00,BUY,10.0,25.44
2026-03-07 07:30:00+00:00,2026-03-07 18:00:00+00:00,SELL,10.0,42.52
2026-03-07 08:30:00+00:00,2026-03-07 17:00:00+00:00,BUY,10.0,29.76
2026-03-07 09:30:00+00:00,2026-03-07 18:00:00+00:00,BUY,10.0,34.79
2026-03-07 12:30:00+00:00,2026-03-07 23:00:00+00:00,SELL,10.0,21.6
2026-03-07 14:30:00+00:00,2026-03-07 23:00:00+00:00,BUY,10.0,12.45
2026-03-07 21:30:00+00:00,2026-03-08 08:00:00+00:00,SELL,10.0,46.1
2026-03-07 22:45:00+00:00,2026-03-08 08:00:00+00:00,BUY,10.0,40.76
2026-03-08 15:30:00+00:00,2026-03-09 02:00:00+00:00,SELL,10.0,25.47
2026-03-08 17:30:00+00:00,2026-03-09 02:00:00+00:00,BUY,10.0,19.08
2026-03-10 13:30:00+00:00,2026-03-11 00:00:00+00:00,SELL,10.0,9.29
2026-03-10 14:30:00+00:00,2026-03-11 01:00:00+00:00,SELL,10.0,23.46
2026-03-10 15:15:00+00:00,2026-03-11 00:00:00+00:00,BUY,10.0,-17.27
2026-03-10 16:15:00+00:00,2026-03-11 01:00:00+00:00,BUY,10.0,11.85
2026-03-10 16:30:00+00:00,2026-03-11 03:00:00+00:00,SELL,10.0,20.75
2026-03-10 17:30:00+00:00,2026-03-11 04:00:00+00:00,SELL,10.0,28.15
2026-03-10 18:30:00+00:00,2026-03-11 05:00:00+00:00,SELL,10.0,34.61
2026-03-10 18:45:00+00:00,2026-03-11 03:00:00+00:00,BUY,10.0,11.44
2026-03-10 19:30:00+00:00,2026-03-11 06:00:00+00:00,SELL,10.0,32.78
2026-03-10 20:30:00+00:00,2026-03-11 04:00:00+00:00,BUY,10.0,17.13
2026-03-10 20:30:00+00:00,2026-03-11 07:00:00+00:00,SELL,10.0,37.86
2026-03-10 20:45:00+00:00,2026-03-11 05:00:00+00:00,BUY,10.0,25.89
2026-03-10 22:30:00+00:00,2026-03-11 06:00:00+00:00,BUY,10.0,21.04
2026-03-10 23:30:00+00:00,2026-03-11 07:00:00+00:00,BUY,10.0,29.54
2026-03-11 00:30:00+00:00,2026-03-11 11:00:00+00:00,SELL,10.0,31.11
2026-03-11 01:30:00+00:00,2026-03-11 12:00:00+00:00,SELL,10.0,24.93
2026-03-11 02:15:00+00:00,2026-03-11 11:00:00+00:00,BUY,10.0,24.54
2026-03-11 02:30:00+00:00,2026-03-11 13:00:00+00:00,SELL,10.0,25.48
2026-03-11 03:00:00+00:00,2026-03-11 12:00:00+00:00,BUY,10.0,19.87
2026-03-11 03:30:00+00:00,2026-03-11 14:00:00+00:00,SELL,10.0,27.63
2026-03-11 04:30:00+00:00,2026-03-11 15:00:00+00:00,SELL,10.0,21.98
2026-03-11 05:00:00+00:00,2026-03-11 13:00:00+00:00,BUY,10.0,18.29
2026-03-11 05:30:00+00:00,2026-03-11 14:00:00+00:00,BUY,10.0,24.17
2026-03-11 05:30:00+00:00,2026-03-11 16:00:00+00:00,SELL,10.0,29.42
2026-03-11 05:45:00+00:00,2026-03-11 15:00:00+00:00,BUY,10.0,14.22
2026-03-11 07:00:00+00:00,2026-03-11 16:00:00+00:00,BUY,10.0,24.34
2026-03-11 08:30:00+00:00,2026-03-11 19:00:00+00:00,SELL,10.0,40.1
2026-03-11 09:30:00+00:00,2026-03-11 20:00:00+00:00,SELL,10.0,32.21
2026-03-11 10:15:00+00:00,2026-03-11 19:00:00+00:00,BUY,10.0,33.46
2026-03-11 10:30:00+00:00,2026-03-11 21:00:00+00:00,SELL,10.0,31.69
2026-03-11 11:30:00+00:00,2026-03-11 20:00:00+00:00,BUY,10.0,25.14
2026-03-11 12:30:00+00:00,2026-03-11 21:00:00+00:00,BUY,10.0,24.66
2026-03-11 12:30:00+00:00,2026-03-11 23:00:00+00:00,SELL,10.0,20.25
2026-03-11 14:00:00+00:00,2026-03-11 23:00:00+00:00,BUY,10.0,12.24
2026-03-11 16:30:00+00:00,2026-03-12 03:00:00+00:00,BUY,10.0,25.16
2026-03-11 17:30:00+00:00,2026-03-12 03:00:00+00:00,SELL,10.0,29.61
2026-03-12 08:15:00+00:00,2026-03-12 17:00:00+00:00,SELL,10.0,47.79
2026-03-12 09:45:00+00:00,2026-03-12 17:00:00+00:00,BUY,10.0,39.31
2026-03-12 10:30:00+00:00,2026-03-12 21:00:00+00:00,BUY,10.0,27.59
2026-03-12 11:30:00+00:00,2026-03-12 21:00:00+00:00,SELL,10.0,33.51
2026-03-13 10:30:00+00:00,2026-03-13 21:00:00+00:00,SELL,10.0,51.29
2026-03-13 11:45:00+00:00,2026-03-13 21:00:00+00:00,BUY,10.0,49.56
2026-03-13 12:30:00+00:00,2026-03-13 23:00:00+00:00,SELL,10.0,38.45
2026-03-13 14:00:00+00:00,2026-03-13 23:00:00+00:00,BUY,10.0,36.46
2026-03-14 10:00:00+00:00,2026-03-14 19:00:00+00:00,BUY,10.0,10.1
2026-03-14 12:30:00+00:00,2026-03-14 19:00:00+00:00,SELL,10.0,42.29
2026-03-17 14:30:00+00:00,2026-03-18 01:00:00+00:00,BUY,10.0,-120.52
2026-03-17 16:30:00+00:00,2026-03-18 03:00:00+00:00,BUY,10.0,-59.49
2026-03-17 17:30:00+00:00,2026-03-18 04:00:00+00:00,BUY,10.0,-33.59
2026-03-17 17:45:00+00:00,2026-03-18 03:00:00+00:00,SELL,10.0,-29.04
2026-03-17 18:30:00+00:00,2026-03-18 01:00:00+00:00,SELL,10.0,-54.56
2026-03-17 18:45:00+00:00,2026-03-18 04:00:00+00:00,SELL,10.0,-4.7
2026-03-17 20:30:00+00:00,2026-03-18 07:00:00+00:00,BUY,10.0,6.7
2026-03-17 21:30:00+00:00,2026-03-18 08:00:00+00:00,BUY,10.0,16.54
2026-03-17 22:45:00+00:00,2026-03-18 08:00:00+00:00,SELL,10.0,29.95
2026-03-17 23:00:00+00:00,2026-03-18 07:00:00+00:00,SELL,10.0,38.57
2026-03-17 23:30:00+00:00,2026-03-18 10:00:00+00:00,BUY,10.0,-94.43
2026-03-18 01:30:00+00:00,2026-03-18 10:00:00+00:00,SELL,10.0,-39.81
2026-03-18 10:30:00+00:00,2026-03-18 21:00:00+00:00,BUY,10.0,-93.08
2026-03-18 11:45:00+00:00,2026-03-18 21:00:00+00:00,SELL,10.0,-46.97
2026-03-18 12:30:00+00:00,2026-03-18 23:00:00+00:00,BUY,10.0,-114.93
2026-03-18 13:45:00+00:00,2026-03-18 23:00:00+00:00,SELL,10.0,-99.28
2026-03-19 17:30:00+00:00,2026-03-20 04:00:00+00:00,SELL,10.0,34.07
2026-03-19 19:15:00+00:00,2026-03-20 04:00:00+00:00,BUY,10.0,29.68
2026-03-19 20:30:00+00:00,2026-03-20 07:00:00+00:00,SELL,10.0,55.62
2026-03-20 00:30:00+00:00,2026-03-20 11:00:00+00:00,SELL,10.0,33.36
2026-03-20 02:30:00+00:00,2026-03-20 07:00:00+00:00,BUY,10.0,35.92
2026-03-20 02:30:00+00:00,2026-03-20 11:00:00+00:00,BUY,10.0,29.29
2026-03-20 12:30:00+00:00,2026-03-20 23:00:00+00:00,SELL,10.0,32.47
2026-03-20 13:45:00+00:00,2026-03-20 23:00:00+00:00,BUY,10.0,28.67
2026-03-20 16:30:00+00:00,2026-03-21 03:00:00+00:00,SELL,10.0,28.24
2026-03-20 17:45:00+00:00,2026-03-21 03:00:00+00:00,BUY,10.0,25.93
2026-03-21 01:30:00+00:00,2026-03-21 12:00:00+00:00,SELL,10.0,52.08
2026-03-21 03:00:00+00:00,2026-03-21 12:00:00+00:00,BUY,10.0,45.62
2026-03-21 03:30:00+00:00,2026-03-21 14:00:00+00:00,SELL,10.0,46.07
2026-03-21 05:30:00+00:00,2026-03-21 14:00:00+00:00,BUY,10.0,38.45
2026-03-21 08:30:00+00:00,2026-03-21 19:00:00+00:00,SELL,10.0,39.87
2026-03-21 10:00:00+00:00,2026-03-21 19:00:00+00:00,BUY,10.0,36.24
2026-03-21 10:30:00+00:00,2026-03-21 21:00:00+00:00,SELL,10.0,37.24
2026-03-21 12:30:00+00:00,2026-03-21 21:00:00+00:00,BUY,10.0,31.42
2026-03-22 15:30:00+00:00,2026-03-23 02:00:00+00:00,SELL,10.0,45.43
2026-03-22 17:00:00+00:00,2026-03-23 02:00:00+00:00,BUY,10.0,41.47
2026-03-22 19:30:00+00:00,2026-03-23 06:00:00+00:00,SELL,10.0,52.29
2026-03-22 21:15:00+00:00,2026-03-23 06:00:00+00:00,BUY,10.0,48.27
2026-03-23 07:30:00+00:00,2026-03-23 18:00:00+00:00,SELL,10.0,49.77
2026-03-23 08:45:00+00:00,2026-03-23 18:00:00+00:00,BUY,10.0,44.97
2026-03-23 12:30:00+00:00,2026-03-23 23:00:00+00:00,SELL,10.0,37.98
2026-03-23 14:30:00+00:00,2026-03-23 23:00:00+00:00,BUY,10.0,30.61
2026-03-23 16:15:00+00:00,2026-03-24 01:00:00+00:00,SELL,10.0,42.01
2026-03-23 16:45:00+00:00,2026-03-24 01:00:00+00:00,BUY,10.0,35.97
2026-03-24 22:00:00+00:00,2026-03-25 07:00:00+00:00,SELL,10.0,83.99
2026-03-24 23:00:00+00:00,2026-03-25 07:00:00+00:00,BUY,10.0,49.94
2026-03-25 03:30:00+00:00,2026-03-25 14:00:00+00:00,SELL,10.0,50.79
2026-03-25 05:00:00+00:00,2026-03-25 14:00:00+00:00,BUY,10.0,44.05
2026-03-25 17:30:00+00:00,2026-03-26 04:00:00+00:00,SELL,10.0,59.02
2026-03-25 19:45:00+00:00,2026-03-26 04:00:00+00:00,BUY,10.0,45.58
2026-03-26 11:30:00+00:00,2026-03-26 22:00:00+00:00,SELL,10.0,42.34
2026-03-26 12:45:00+00:00,2026-03-26 22:00:00+00:00,BUY,10.0,37.39
2026-03-26 19:15:00+00:00,2026-03-27 04:00:00+00:00,SELL,10.0,38.96
2026-03-26 19:45:00+00:00,2026-03-27 04:00:00+00:00,BUY,10.0,36.37
2026-03-27 11:15:00+00:00,2026-03-27 20:00:00+00:00,SELL,10.0,48.47
2026-03-27 11:45:00+00:00,2026-03-27 20:00:00+00:00,BUY,10.0,42.91
2026-03-28 11:30:00+00:00,2026-03-28 22:00:00+00:00,BUY,10.0,41.77
2026-03-28 12:30:00+00:00,2026-03-28 22:00:00+00:00,SELL,10.0,43.24
2026-03-30 20:30:00+00:00,2026-03-31 07:00:00+00:00,BUY,10.0,48.54
2026-03-30 22:30:00+00:00,2026-03-31 07:00:00+00:00,SELL,10.0,51.26
2026-03-30 22:30:00+00:00,2026-03-31 09:00:00+00:00,BUY,10.0,57.08
2026-03-30 23:30:00+00:00,2026-03-31 10:00:00+00:00,BUY,10.0,46.75
2026-03-30 23:45:00+00:00,2026-03-31 09:00:00+00:00,SELL,10.0,64.72
2026-03-31 01:15:00+00:00,2026-03-31 10:00:00+00:00,SELL,10.0,51.79
2026-03-31 01:30:00+00:00,2026-03-31 12:00:00+00:00,BUY,10.0,38.48
2026-03-31 02:30:00+00:00,2026-03-31 13:00:00+00:00,BUY,10.0,39.28
2026-03-31 02:45:00+00:00,2026-03-31 12:00:00+00:00,SELL,10.0,43.04
2026-03-31 04:00:00+00:00,2026-03-31 13:00:00+00:00,SELL,10.0,43.38
2026-03-31 04:30:00+00:00,2026-03-31 15:00:00+00:00,BUY,10.0,46.14
2026-03-31 05:45:00+00:00,2026-03-31 15:00:00+00:00,SELL,10.0,49.79
2026-03-31 06:30:00+00:00,2026-03-31 17:00:00+00:00,BUY,10.0,45.48
2026-03-31 07:45:00+00:00,2026-03-31 17:00:00+00:00,SELL,10.0,139.34
2026-03-31 08:30:00+00:00,2026-03-31 19:00:00+00:00,BUY,10.0,36.76
2026-03-31 10:00:00+00:00,2026-03-31 19:00:00+00:00,SELL,10.0,40.77
2026-03-31 11:30:00+00:00,2026-03-31 22:00:00+00:00,BUY,10.0,33.01
2026-03-31 13:00:00+00:00,2026-03-31 22:00:00+00:00,SELL,10.0,35.46
2026-03-31 23:15:00+00:00,2026-04-01 08:00:00+00:00,SELL,10.0,93.09
2026-03-31 23:45:00+00:00,2026-04-01 08:00:00+00:00,BUY,10.0,84.52
2026-04-04 14:30:00+00:00,2026-04-05 01:00:00+00:00,SELL,10.0,37.66
2026-04-04 15:45:00+00:00,2026-04-05 01:00:00+00:00,BUY,10.0,34.34
2026-04-04 17:30:00+00:00,2026-04-05 04:00:00+00:00,SELL,10.0,40.49
2026-04-04 18:30:00+00:00,2026-04-05 05:00:00+00:00,SELL,10.0,40.17
2026-04-04 19:00:00+00:00,2026-04-05 04:00:00+00:00,BUY,10.0,31.8
2026-04-04 19:30:00+00:00,2026-04-05 06:00:00+00:00,SELL,10.0,47.78
2026-04-04 20:00:00+00:00,2026-04-05 05:00:00+00:00,BUY,10.0,37.23
2026-04-04 21:15:00+00:00,2026-04-05 06:00:00+00:00,BUY,10.0,41.82
2026-04-04 21:30:00+00:00,2026-04-05 08:00:00+00:00,SELL,10.0,50.65
2026-04-04 23:30:00+00:00,2026-04-05 08:00:00+00:00,BUY,10.0,41.4
2026-04-05 02:30:00+00:00,2026-04-05 13:00:00+00:00,SELL,10.0,35.92
2026-04-05 04:30:00+00:00,2026-04-05 13:00:00+00:00,BUY,10.0,29.58
2026-04-05 04:30:00+00:00,2026-04-05 15:00:00+00:00,SELL,10.0,47.44
2026-04-05 05:30:00+00:00,2026-04-05 16:00:00+00:00,SELL,10.0,43.34
2026-04-05 06:30:00+00:00,2026-04-05 15:00:00+00:00,BUY,10.0,39.71
2026-04-05 06:30:00+00:00,2026-04-05 17:00:00+00:00,SELL,10.0,48.0
2026-04-05 07:30:00+00:00,2026-04-05 18:00:00+00:00,SELL,10.0,48.12
2026-04-05 07:30:00+00:00,2026-04-05 16:00:00+00:00,BUY,10.0,38.84
2026-04-05 08:30:00+00:00,2026-04-05 19:00:00+00:00,SELL,10.0,51.27
2026-04-05 08:30:00+00:00,2026-04-05 17:00:00+00:00,BUY,10.0,42.25
2026-04-05 09:30:00+00:00,2026-04-05 18:00:00+00:00,BUY,10.0,40.89
2026-04-05 09:45:00+00:00,2026-04-05 19:00:00+00:00,BUY,10.0,47.04
2026-04-05 10:30:00+00:00,2026-04-05 21:00:00+00:00,SELL,10.0,40.55
2026-04-05 11:30:00+00:00,2026-04-05 22:00:00+00:00,SELL,10.0,37.54
2026-04-05 12:30:00+00:00,2026-04-05 23:00:00+00:00,SELL,10.0,36.98
2026-04-05 12:30:00+00:00,2026-04-05 21:00:00+00:00,BUY,10.0,33.91
2026-04-05 13:30:00+00:00,2026-04-05 22:00:00+00:00,BUY,10.0,32.98
2026-04-05 14:00:00+00:00,2026-04-05 23:00:00+00:00,BUY,10.0,32.66
2026-04-06 04:30:00+00:00,2026-04-06 14:00:00+00:00,SELL,10.0,34.97
2026-04-06 05:45:00+00:00,2026-04-06 14:00:00+00:00,BUY,10.0,27.11
2026-04-06 09:00:00+00:00,2026-04-06 18:00:00+00:00,SELL,10.0,41.35
2026-04-06 10:00:00+00:00,2026-04-06 18:00:00+00:00,BUY,10.0,37.37
2026-04-06 11:00:00+00:00,2026-04-06 20:00:00+00:00,SELL,10.0,33.84
2026-04-06 11:45:00+00:00,2026-04-06 20:00:00+00:00,BUY,10.0,32.77
2026-04-07 02:00:00+00:00,2026-04-07 11:00:00+00:00,SELL,10.0,-38.7
2026-04-07 02:45:00+00:00,2026-04-07 11:00:00+00:00,BUY,10.0,-52.39
2026-04-08 21:30:00+00:00,2026-04-09 08:00:00+00:00,SELL,10.0,37.23
2026-04-08 22:45:00+00:00,2026-04-09 08:00:00+00:00,BUY,10.0,37.42
2026-04-10 12:30:00+00:00,2026-04-10 23:00:00+00:00,SELL,10.0,44.89
2026-04-10 14:00:00+00:00,2026-04-10 23:00:00+00:00,BUY,10.0,42.05
2026-04-11 00:30:00+00:00,2026-04-11 11:00:00+00:00,BUY,10.0,46.22
2026-04-11 01:45:00+00:00,2026-04-11 11:00:00+00:00,SELL,10.0,50.91
2026-04-11 13:30:00+00:00,2026-04-12 00:00:00+00:00,SELL,10.0,37.51
2026-04-11 15:00:00+00:00,2026-04-12 00:00:00+00:00,BUY,10.0,31.48
2026-04-13 13:30:00+00:00,2026-04-14 00:00:00+00:00,BUY,10.0,1.18
2026-04-13 14:30:00+00:00,2026-04-14 01:00:00+00:00,BUY,10.0,-21.19
2026-04-13 15:15:00+00:00,2026-04-14 00:00:00+00:00,SELL,10.0,31.56
2026-04-13 15:45:00+00:00,2026-04-14 01:00:00+00:00,SELL,10.0,22.96
2026-04-13 16:30:00+00:00,2026-04-14 03:00:00+00:00,BUY,10.0,-11.46
2026-04-13 17:30:00+00:00,2026-04-14 04:00:00+00:00,BUY,10.0,-65.5
2026-04-13 18:00:00+00:00,2026-04-14 03:00:00+00:00,SELL,10.0,31.99
2026-04-13 18:30:00+00:00,2026-04-14 05:00:00+00:00,BUY,10.0,8.32
2026-04-13 19:30:00+00:00,2026-04-14 04:00:00+00:00,SELL,10.0,-0.11
2026-04-13 19:30:00+00:00,2026-04-14 06:00:00+00:00,BUY,10.0,22.19
2026-04-13 20:00:00+00:00,2026-04-14 05:00:00+00:00,SELL,10.0,25.26
2026-04-13 20:30:00+00:00,2026-04-14 07:00:00+00:00,BUY,10.0,26.65
2026-04-13 21:00:00+00:00,2026-04-14 06:00:00+00:00,SELL,10.0,33.72
2026-04-13 21:30:00+00:00,2026-04-14 08:00:00+00:00,BUY,10.0,30.91
2026-04-13 22:00:00+00:00,2026-04-14 07:00:00+00:00,SELL,10.0,32.46
2026-04-13 23:15:00+00:00,2026-04-14 08:00:00+00:00,SELL,10.0,34.73
2026-04-13 23:30:00+00:00,2026-04-14 10:00:00+00:00,BUY,10.0,26.48
2026-04-14 00:30:00+00:00,2026-04-14 11:00:00+00:00,BUY,10.0,25.56
2026-04-14 01:00:00+00:00,2026-04-14 10:00:00+00:00,SELL,10.0,28.32
2026-04-14 01:30:00+00:00,2026-04-14 12:00:00+00:00,BUY,10.0,27.35
2026-04-14 01:45:00+00:00,2026-04-14 11:00:00+00:00,SELL,10.0,26.95
2026-04-14 02:30:00+00:00,2026-04-14 13:00:00+00:00,BUY,10.0,24.93
2026-04-14 03:00:00+00:00,2026-04-14 12:00:00+00:00,SELL,10.0,29.66
2026-04-14 03:30:00+00:00,2026-04-14 14:00:00+00:00,BUY,10.0,22.58
2026-04-14 04:30:00+00:00,2026-04-14 13:00:00+00:00,SELL,10.0,28.86
2026-04-14 04:30:00+00:00,2026-04-14 15:00:00+00:00,BUY,10.0,25.89
2026-04-14 05:30:00+00:00,2026-04-14 16:00:00+00:00,BUY,10.0,21.3
2026-04-14 05:30:00+00:00,2026-04-14 14:00:00+00:00,SELL,10.0,29.07
2026-04-14 05:45:00+00:00,2026-04-14 15:00:00+00:00,SELL,10.0,30.71
2026-04-14 06:30:00+00:00,2026-04-14 17:00:00+00:00,BUY,10.0,23.02
2026-04-14 06:45:00+00:00,2026-04-14 16:00:00+00:00,SELL,10.0,25.62
2026-04-14 07:45:00+00:00,2026-04-14 17:00:00+00:00,SELL,10.0,28.15
2026-04-14 08:30:00+00:00,2026-04-14 19:00:00+00:00,BUY,10.0,26.7
2026-04-14 09:30:00+00:00,2026-04-14 20:00:00+00:00,BUY,10.0,21.61
2026-04-14 09:45:00+00:00,2026-04-14 19:00:00+00:00,SELL,10.0,31.19
2026-04-14 11:15:00+00:00,2026-04-14 20:00:00+00:00,SELL,10.0,35.44
2026-04-14 12:30:00+00:00,2026-04-14 23:00:00+00:00,BUY,10.0,-31.48
2026-04-14 14:45:00+00:00,2026-04-14 23:00:00+00:00,SELL,10.0,47.04
2026-04-14 20:30:00+00:00,2026-04-15 07:00:00+00:00,BUY,10.0,34.86
2026-04-14 21:30:00+00:00,2026-04-15 07:00:00+00:00,SELL,10.0,32.13
2026-04-14 23:15:00+00:00,2026-04-15 08:00:00+00:00,SELL,10.0,42.06
2026-04-14 23:30:00+00:00,2026-04-15 08:00:00+00:00,BUY,10.0,39.74
2026-04-15 11:30:00+00:00,2026-04-15 22:00:00+00:00,BUY,10.0,9.6
2026-04-15 12:30:00+00:00,2026-04-15 23:00:00+00:00,BUY,10.0,21.75
2026-04-15 12:45:00+00:00,2026-04-15 22:00:00+00:00,SELL,10.0,22.66
2026-04-15 13:00:00+00:00,2026-04-15 21:00:00+00:00,BUY,10.0,16.35
2026-04-15 13:30:00+00:00,2026-04-15 23:00:00+00:00,SELL,10.0,27.4
2026-04-15 15:30:00+00:00,2026-04-15 21:00:00+00:00,SELL,10.0,27.41
2026-04-15 20:30:00+00:00,2026-04-16 07:00:00+00:00,SELL,10.0,58.8
2026-04-15 21:45:00+00:00,2026-04-16 07:00:00+00:00,BUY,10.0,54.54
2026-04-16 00:30:00+00:00,2026-04-16 11:00:00+00:00,SELL,10.0,43.97
2026-04-16 01:45:00+00:00,2026-04-16 11:00:00+00:00,BUY,10.0,41.51
2026-04-16 07:30:00+00:00,2026-04-16 18:00:00+00:00,SELL,10.0,53.37
2026-04-16 08:45:00+00:00,2026-04-16 18:00:00+00:00,BUY,10.0,49.5
2026-04-16 10:30:00+00:00,2026-04-16 21:00:00+00:00,SELL,10.0,45.02
2026-04-16 12:30:00+00:00,2026-04-16 21:00:00+00:00,BUY,10.0,38.27
2026-04-16 15:30:00+00:00,2026-04-17 02:00:00+00:00,SELL,10.0,27.42
2026-04-16 16:45:00+00:00,2026-04-17 02:00:00+00:00,BUY,10.0,21.23
2026-04-17 00:30:00+00:00,2026-04-17 11:00:00+00:00,SELL,10.0,38.26
2026-04-17 01:45:00+00:00,2026-04-17 11:00:00+00:00,BUY,10.0,34.29
2026-04-17 08:30:00+00:00,2026-04-17 19:00:00+00:00,SELL,10.0,51.92
2026-04-17 09:45:00+00:00,2026-04-17 19:00:00+00:00,BUY,10.0,43.56
2026-04-17 12:30:00+00:00,2026-04-17 23:00:00+00:00,SELL,10.0,30.13
2026-04-17 14:00:00+00:00,2026-04-17 23:00:00+00:00,BUY,10.0,24.52
2026-04-17 15:30:00+00:00,2026-04-18 02:00:00+00:00,SELL,10.0,37.58
2026-04-17 16:30:00+00:00,2026-04-18 02:00:00+00:00,BUY,10.0,34.77
2026-04-17 20:15:00+00:00,2026-04-18 05:00:00+00:00,BUY,10.0,40.32
2026-04-17 20:45:00+00:00,2026-04-18 05:00:00+00:00,SELL,10.0,44.76
2026-04-20 20:15:00+00:00,2026-04-21 03:00:00+00:00,BUY,10.0,33.08
2026-04-20 20:45:00+00:00,2026-04-21 03:00:00+00:00,SELL,10.0,35.91
2026-04-20 22:45:00+00:00,2026-04-21 06:00:00+00:00,BUY,10.0,42.42
2026-04-20 23:45:00+00:00,2026-04-21 06:00:00+00:00,SELL,10.0,47.84
2026-04-21 01:00:00+00:00,2026-04-21 08:00:00+00:00,BUY,10.0,49.8
2026-04-21 01:45:00+00:00,2026-04-21 08:00:00+00:00,SELL,10.0,52.74
2026-04-21 08:30:00+00:00,2026-04-21 16:00:00+00:00,BUY,10.0,33.95
2026-04-21 09:45:00+00:00,2026-04-21 16:00:00+00:00,SELL,10.0,37.01
2026-04-21 14:45:00+00:00,2026-04-21 22:00:00+00:00,BUY,10.0,33.72
2026-04-21 15:15:00+00:00,2026-04-22 00:00:00+00:00,BUY,10.0,28.46
2026-04-21 15:45:00+00:00,2026-04-22 00:00:00+00:00,SELL,10.0,32.37
2026-04-21 15:45:00+00:00,2026-04-21 22:00:00+00:00,SELL,10.0,39.19
2026-04-24 18:30:00+00:00,2026-04-25 05:00:00+00:00,SELL,10.0,46.74
2026-04-24 19:45:00+00:00,2026-04-25 05:00:00+00:00,BUY,10.0,42.44
2026-04-25 17:30:00+00:00,2026-04-26 04:00:00+00:00,BUY,10.0,34.63
2026-04-25 18:45:00+00:00,2026-04-26 04:00:00+00:00,SELL,10.0,38.5
2026-04-27 15:30:00+00:00,2026-04-28 02:00:00+00:00,BUY,10.0,-63.0
2026-04-27 16:30:00+00:00,2026-04-28 02:00:00+00:00,SELL,10.0,-59.14
2026-04-27 20:15:00+00:00,2026-04-28 04:00:00+00:00,BUY,10.0,9.09
2026-04-27 21:00:00+00:00,2026-04-28 04:00:00+00:00,SELL,10.0,26.89
2026-04-28 06:00:00+00:00,2026-04-28 14:00:00+00:00,BUY,10.0,-36.22
2026-04-28 07:15:00+00:00,2026-04-28 14:00:00+00:00,SELL,10.0,39.85
2026-04-28 09:15:00+00:00,2026-04-28 17:00:00+00:00,BUY,10.0,14.4
2026-04-28 10:30:00+00:00,2026-04-28 17:00:00+00:00,SELL,10.0,31.76
2026-04-29 04:45:00+00:00,2026-04-29 14:00:00+00:00,SELL,10.0,15.47
2026-04-29 05:45:00+00:00,2026-04-29 14:00:00+00:00,BUY,10.0,14.82
2026-04-29 14:30:00+00:00,2026-04-30 01:00:00+00:00,BUY,10.0,30.49
2026-04-29 15:30:00+00:00,2026-04-30 02:00:00+00:00,BUY,10.0,26.04
2026-04-29 15:45:00+00:00,2026-04-30 01:00:00+00:00,SELL,10.0,36.8
2026-04-29 16:30:00+00:00,2026-04-30 03:00:00+00:00,BUY,10.0,24.52
2026-04-29 17:00:00+00:00,2026-04-30 02:00:00+00:00,SELL,10.0,34.72
2026-04-29 17:30:00+00:00,2026-04-30 04:00:00+00:00,BUY,10.0,29.1
2026-04-29 18:00:00+00:00,2026-04-30 03:00:00+00:00,SELL,10.0,31.86
2026-04-29 18:30:00+00:00,2026-04-30 05:00:00+00:00,BUY,10.0,39.72
2026-04-29 18:45:00+00:00,2026-04-30 04:00:00+00:00,SELL,10.0,34.29
2026-04-29 19:30:00+00:00,2026-04-30 06:00:00+00:00,BUY,10.0,39.68
2026-04-29 19:45:00+00:00,2026-04-30 05:00:00+00:00,SELL,10.0,46.78
2026-04-29 20:45:00+00:00,2026-04-30 06:00:00+00:00,SELL,10.0,46.77
2026-04-29 21:30:00+00:00,2026-04-30 08:00:00+00:00,BUY,10.0,29.96
2026-04-29 22:30:00+00:00,2026-04-30 09:00:00+00:00,BUY,10.0,39.91
2026-04-29 22:45:00+00:00,2026-04-30 08:00:00+00:00,SELL,10.0,37.24
2026-04-29 23:45:00+00:00,2026-04-30 09:00:00+00:00,SELL,10.0,44.57
2026-04-30 00:30:00+00:00,2026-04-30 11:00:00+00:00,BUY,10.0,27.96
2026-04-30 01:30:00+00:00,2026-04-30 12:00:00+00:00,BUY,10.0,23.24
2026-04-30 01:45:00+00:00,2026-04-30 11:00:00+00:00,SELL,10.0,33.17
2026-04-30 02:30:00+00:00,2026-04-30 13:00:00+00:00,BUY,10.0,24.68
2026-04-30 02:45:00+00:00,2026-04-30 12:00:00+00:00,SELL,10.0,32.47
2026-04-30 03:30:00+00:00,2026-04-30 14:00:00+00:00,BUY,10.0,30.34
2026-04-30 04:15:00+00:00,2026-04-30 13:00:00+00:00,SELL,10.0,31.99
2026-04-30 04:30:00+00:00,2026-04-30 15:00:00+00:00,BUY,10.0,27.55
2026-04-30 04:45:00+00:00,2026-04-30 14:00:00+00:00,SELL,10.0,36.67
2026-04-30 06:00:00+00:00,2026-04-30 15:00:00+00:00,SELL,10.0,32.71
2026-04-30 06:30:00+00:00,2026-04-30 17:00:00+00:00,BUY,10.0,34.52
2026-04-30 07:30:00+00:00,2026-04-30 18:00:00+00:00,BUY,10.0,41.21
2026-04-30 08:00:00+00:00,2026-04-30 17:00:00+00:00,SELL,10.0,42.46
2026-04-30 08:30:00+00:00,2026-04-30 19:00:00+00:00,BUY,10.0,40.64
2026-04-30 09:45:00+00:00,2026-04-30 18:00:00+00:00,SELL,10.0,49.73
2026-04-30 09:45:00+00:00,2026-04-30 19:00:00+00:00,SELL,10.0,46.63
2026-04-30 11:30:00+00:00,2026-04-30 22:00:00+00:00,BUY,10.0,30.44
2026-04-30 12:30:00+00:00,2026-04-30 23:00:00+00:00,BUY,10.0,26.6
2026-04-30 12:45:00+00:00,2026-04-30 22:00:00+00:00,SELL,10.0,33.98
2026-04-30 13:30:00+00:00,2026-05-01 00:00:00+00:00,SELL,10.0,45.42
2026-04-30 13:45:00+00:00,2026-04-30 23:00:00+00:00,SELL,10.0,34.62
2026-04-30 14:30:00+00:00,2026-05-01 01:00:00+00:00,SELL,10.0,46.46
2026-04-30 15:30:00+00:00,2026-05-01 00:00:00+00:00,BUY,10.0,37.43
2026-04-30 15:45:00+00:00,2026-05-01 01:00:00+00:00,BUY,10.0,39.74
2026-04-30 20:30:00+00:00,2026-05-01 07:00:00+00:00,SELL,10.0,67.35
2026-04-30 22:30:00+00:00,2026-05-01 07:00:00+00:00,BUY,10.0,57.73
2026-05-01 11:30:00+00:00,2026-05-01 22:00:00+00:00,SELL,10.0,49.05
2026-05-01 12:45:00+00:00,2026-05-01 22:00:00+00:00,BUY,10.0,46.54
2026-05-01 20:30:00+00:00,2026-05-02 07:00:00+00:00,BUY,10.0,48.51
2026-05-01 22:30:00+00:00,2026-05-02 09:00:00+00:00,BUY,10.0,44.35
2026-05-01 22:45:00+00:00,2026-05-02 07:00:00+00:00,SELL,10.0,54.7
2026-05-02 01:00:00+00:00,2026-05-02 09:00:00+00:00,SELL,10.0,51.97
2026-05-02 03:30:00+00:00,2026-05-02 14:00:00+00:00,BUY,10.0,42.59
2026-05-02 05:45:00+00:00,2026-05-02 14:00:00+00:00,SELL,10.0,52.16
2026-05-02 08:30:00+00:00,2026-05-02 19:00:00+00:00,BUY,10.0,52.21
2026-05-02 08:45:00+00:00,2026-05-02 18:00:00+00:00,BUY,10.0,50.69
2026-05-02 09:45:00+00:00,2026-05-02 18:00:00+00:00,SELL,10.0,56.56
2026-05-02 10:30:00+00:00,2026-05-02 19:00:00+00:00,SELL,10.0,62.95
2026-05-02 11:30:00+00:00,2026-05-02 22:00:00+00:00,BUY,10.0,42.12
2026-05-02 13:30:00+00:00,2026-05-02 22:00:00+00:00,SELL,10.0,48.2
2026-05-03 16:45:00+00:00,2026-05-04 02:00:00+00:00,SELL,10.0,35.13
2026-05-03 17:45:00+00:00,2026-05-04 02:00:00+00:00,BUY,10.0,31.63
2026-05-03 18:30:00+00:00,2026-05-04 05:00:00+00:00,SELL,10.0,39.71
2026-05-03 20:45:00+00:00,2026-05-04 05:00:00+00:00,BUY,10.0,33.21
2026-05-04 00:30:00+00:00,2026-05-04 11:00:00+00:00,SELL,10.0,41.77
2026-05-04 01:30:00+00:00,2026-05-04 12:00:00+00:00,SELL,10.0,45.04
2026-05-04 02:30:00+00:00,2026-05-04 11:00:00+00:00,BUY,10.0,38.55
2026-05-04 03:30:00+00:00,2026-05-04 12:00:00+00:00,BUY,10.0,42.85
2026-05-04 07:30:00+00:00,2026-05-04 18:00:00+00:00,SELL,10.0,42.46
2026-05-04 08:30:00+00:00,2026-05-04 19:00:00+00:00,SELL,10.0,54.14
2026-05-04 09:30:00+00:00,2026-05-04 18:00:00+00:00,BUY,10.0,37.97
2026-05-04 09:30:00+00:00,2026-05-04 20:00:00+00:00,SELL,10.0,46.64
2026-05-04 10:30:00+00:00,2026-05-04 19:00:00+00:00,BUY,10.0,45.8
2026-05-04 11:30:00+00:00,2026-05-04 20:00:00+00:00,BUY,10.0,40.33
2026-05-04 11:30:00+00:00,2026-05-04 22:00:00+00:00,SELL,10.0,41.06
2026-05-04 13:30:00+00:00,2026-05-04 22:00:00+00:00,BUY,10.0,36.09
2026-05-05 21:30:00+00:00,2026-05-06 08:00:00+00:00,BUY,10.0,71.89
2026-05-05 22:45:00+00:00,2026-05-06 08:00:00+00:00,SELL,10.0,82.65
2026-05-06 18:00:00+00:00,2026-05-07 03:00:00+00:00,BUY,10.0,43.03
2026-05-06 18:45:00+00:00,2026-05-07 03:00:00+00:00,SELL,10.0,46.91
2026-05-06 21:00:00+00:00,2026-05-07 06:00:00+00:00,BUY,10.0,53.86
2026-05-06 21:45:00+00:00,2026-05-07 06:00:00+00:00,SELL,10.0,64.13
2026-05-06 21:45:00+00:00,2026-05-07 07:00:00+00:00,BUY,10.0,66.12
2026-05-06 22:45:00+00:00,2026-05-07 07:00:00+00:00,SELL,10.0,82.17
2026-05-07 02:30:00+00:00,2026-05-07 13:00:00+00:00,SELL,10.0,55.92
2026-05-07 03:30:00+00:00,2026-05-07 13:00:00+00:00,BUY,10.0,54.0
2026-05-07 03:30:00+00:00,2026-05-07 14:00:00+00:00,SELL,10.0,52.4
2026-05-07 04:15:00+00:00,2026-05-07 13:00:00+00:00,BUY,10.0,48.66
2026-05-07 04:30:00+00:00,2026-05-07 14:00:00+00:00,BUY,10.0,45.91
2026-05-07 04:30:00+00:00,2026-05-07 13:00:00+00:00,SELL,10.0,54.77
2026-05-07 10:30:00+00:00,2026-05-07 21:00:00+00:00,SELL,10.0,59.69
2026-05-07 11:45:00+00:00,2026-05-07 21:00:00+00:00,BUY,10.0,48.4
2026-05-12 13:30:00+00:00,2026-05-13 00:00:00+00:00,BUY,10.0,35.87
2026-05-12 15:30:00+00:00,2026-05-13 00:00:00+00:00,SELL,10.0,37.42
2026-05-12 20:30:00+00:00,2026-05-13 07:00:00+00:00,BUY,10.0,40.8
2026-05-13 00:30:00+00:00,2026-05-13 07:00:00+00:00,SELL,10.0,47.65
2026-05-13 23:15:00+00:00,2026-05-14 08:00:00+00:00,SELL,10.0,43.14
2026-05-14 00:30:00+00:00,2026-05-14 08:00:00+00:00,BUY,10.0,35.01
2026-05-16 19:30:00+00:00,2026-05-17 06:00:00+00:00,SELL,10.0,57.75
2026-05-16 21:30:00+00:00,2026-05-17 06:00:00+00:00,BUY,10.0,51.62
2026-05-18 11:30:00+00:00,2026-05-18 22:00:00+00:00,BUY,10.0,34.31
2026-05-18 13:30:00+00:00,2026-05-18 22:00:00+00:00,SELL,10.0,39.06
2026-05-18 16:00:00+00:00,2026-05-19 00:00:00+00:00,SELL,10.0,39.37
2026-05-18 17:00:00+00:00,2026-05-19 00:00:00+00:00,BUY,10.0,33.72
2026-05-18 18:00:00+00:00,2026-05-19 02:00:00+00:00,SELL,10.0,37.23
2026-05-18 19:00:00+00:00,2026-05-19 02:00:00+00:00,BUY,10.0,31.26
2026-05-18 20:15:00+00:00,2026-05-19 04:00:00+00:00,SELL,10.0,47.37
2026-05-18 21:00:00+00:00,2026-05-19 04:00:00+00:00,BUY,10.0,41.17
2026-05-19 03:15:00+00:00,2026-05-19 11:00:00+00:00,SELL,10.0,48.04
2026-05-19 03:45:00+00:00,2026-05-19 11:00:00+00:00,BUY,10.0,40.72
2026-05-19 04:15:00+00:00,2026-05-19 12:00:00+00:00,SELL,10.0,48.67
2026-05-19 04:45:00+00:00,2026-05-19 12:00:00+00:00,BUY,10.0,42.61
2026-05-19 05:15:00+00:00,2026-05-19 13:00:00+00:00,SELL,10.0,44.97
2026-05-19 06:00:00+00:00,2026-05-19 13:00:00+00:00,BUY,10.0,38.42
2026-05-19 06:00:00+00:00,2026-05-19 14:00:00+00:00,SELL,10.0,44.55
2026-05-19 07:00:00+00:00,2026-05-19 14:00:00+00:00,BUY,10.0,36.99
2026-05-19 07:15:00+00:00,2026-05-19 15:00:00+00:00,SELL,10.0,46.97
2026-05-19 07:45:00+00:00,2026-05-19 15:00:00+00:00,BUY,10.0,40.82
2026-05-19 11:15:00+00:00,2026-05-19 19:00:00+00:00,SELL,10.0,51.37
2026-05-19 12:00:00+00:00,2026-05-19 19:00:00+00:00,BUY,10.0,44.26
2026-05-20 13:30:00+00:00,2026-05-21 00:00:00+00:00,BUY,10.0,35.11
2026-05-20 14:45:00+00:00,2026-05-21 00:00:00+00:00,SELL,10.0,37.35
2026-05-20 23:30:00+00:00,2026-05-21 10:00:00+00:00,BUY,10.0,33.83
2026-05-21 00:30:00+00:00,2026-05-21 10:00:00+00:00,SELL,10.0,39.62
2026-05-21 02:30:00+00:00,2026-05-21 13:00:00+00:00,BUY,10.0,21.9
2026-05-21 03:30:00+00:00,2026-05-21 13:00:00+00:00,SELL,10.0,30.41
2026-05-21 14:30:00+00:00,2026-05-22 01:00:00+00:00,SELL,10.0,37.77
2026-05-21 16:15:00+00:00,2026-05-22 01:00:00+00:00,BUY,10.0,31.42
2026-05-21 16:30:00+00:00,2026-05-22 03:00:00+00:00,SELL,10.0,35.18
2026-05-21 17:30:00+00:00,2026-05-22 04:00:00+00:00,SELL,10.0,38.72
2026-05-21 18:30:00+00:00,2026-05-22 03:00:00+00:00,BUY,10.0,31.92
2026-05-21 18:30:00+00:00,2026-05-22 05:00:00+00:00,SELL,10.0,37.83
2026-05-21 19:30:00+00:00,2026-05-22 04:00:00+00:00,BUY,10.0,32.7
2026-05-21 19:30:00+00:00,2026-05-22 06:00:00+00:00,SELL,10.0,47.9
2026-05-21 20:30:00+00:00,2026-05-22 07:00:00+00:00,SELL,10.0,40.34
2026-05-21 20:30:00+00:00,2026-05-22 05:00:00+00:00,BUY,10.0,30.48
2026-05-21 21:30:00+00:00,2026-05-22 08:00:00+00:00,SELL,10.0,32.9
2026-05-21 21:45:00+00:00,2026-05-22 06:00:00+00:00,BUY,10.0,42.86
2026-05-21 22:30:00+00:00,2026-05-22 09:00:00+00:00,SELL,10.0,103.07
2026-05-21 22:30:00+00:00,2026-05-22 07:00:00+00:00,BUY,10.0,37.2
2026-05-21 23:15:00+00:00,2026-05-22 08:00:00+00:00,BUY,10.0,28.07
2026-05-21 23:30:00+00:00,2026-05-22 10:00:00+00:00,SELL,10.0,34.25
2026-05-22 00:30:00+00:00,2026-05-22 11:00:00+00:00,SELL,10.0,39.86
2026-05-22 00:30:00+00:00,2026-05-22 09:00:00+00:00,BUY,10.0,97.18
2026-05-22 01:30:00+00:00,2026-05-22 10:00:00+00:00,BUY,10.0,27.77
2026-05-22 01:30:00+00:00,2026-05-22 12:00:00+00:00,SELL,10.0,25.08
2026-05-22 02:30:00+00:00,2026-05-22 13:00:00+00:00,SELL,10.0,11.23
2026-05-22 02:30:00+00:00,2026-05-22 11:00:00+00:00,BUY,10.0,36.92
2026-05-22 03:30:00+00:00,2026-05-22 12:00:00+00:00,BUY,10.0,16.93
2026-05-22 03:45:00+00:00,2026-05-22 13:00:00+00:00,BUY,10.0,5.55
2026-05-22 04:30:00+00:00,2026-05-22 15:00:00+00:00,SELL,10.0,29.14
2026-05-22 05:30:00+00:00,2026-05-22 16:00:00+00:00,SELL,10.0,31.62
2026-05-22 06:30:00+00:00,2026-05-22 15:00:00+00:00,BUY,10.0,23.81
2026-05-22 06:30:00+00:00,2026-05-22 17:00:00+00:00,SELL,10.0,39.44
2026-05-22 07:00:00+00:00,2026-05-22 16:00:00+00:00,BUY,10.0,29.67
2026-05-22 08:15:00+00:00,2026-05-22 17:00:00+00:00,BUY,10.0,33.16
2026-05-22 08:30:00+00:00,2026-05-22 19:00:00+00:00,SELL,10.0,40.8
2026-05-22 09:30:00+00:00,2026-05-22 20:00:00+00:00,SELL,10.0,45.92
2026-05-22 10:15:00+00:00,2026-05-22 19:00:00+00:00,BUY,10.0,35.32
2026-05-22 10:30:00+00:00,2026-05-22 21:00:00+00:00,SELL,10.0,36.35
2026-05-22 11:30:00+00:00,2026-05-22 20:00:00+00:00,BUY,10.0,42.62
2026-05-22 11:30:00+00:00,2026-05-22 22:00:00+00:00,SELL,10.0,30.6
2026-05-22 11:45:00+00:00,2026-05-22 21:00:00+00:00,BUY,10.0,32.69
2026-05-22 13:00:00+00:00,2026-05-22 22:00:00+00:00,BUY,10.0,26.53
2026-05-22 14:30:00+00:00,2026-05-23 01:00:00+00:00,SELL,10.0,44.07
2026-05-22 15:45:00+00:00,2026-05-23 01:00:00+00:00,BUY,10.0,41.52
2026-05-22 16:30:00+00:00,2026-05-23 03:00:00+00:00,SELL,10.0,45.36
2026-05-22 17:30:00+00:00,2026-05-23 03:00:00+00:00,BUY,10.0,41.51
2026-05-22 17:30:00+00:00,2026-05-23 04:00:00+00:00,SELL,10.0,45.71
2026-05-22 18:30:00+00:00,2026-05-23 04:00:00+00:00,BUY,10.0,44.59
2026-05-22 18:30:00+00:00,2026-05-23 05:00:00+00:00,SELL,10.0,45.44
2026-05-22 19:45:00+00:00,2026-05-23 05:00:00+00:00,BUY,10.0,38.41
2026-05-22 22:30:00+00:00,2026-05-23 09:00:00+00:00,SELL,10.0,44.78
2026-05-22 23:30:00+00:00,2026-05-23 09:00:00+00:00,BUY,10.0,40.87
2026-05-23 03:30:00+00:00,2026-05-23 14:00:00+00:00,SELL,10.0,38.51
2026-05-23 04:30:00+00:00,2026-05-23 14:00:00+00:00,BUY,10.0,37.61
2026-05-23 04:30:00+00:00,2026-05-23 15:00:00+00:00,SELL,10.0,40.77
2026-05-23 05:30:00+00:00,2026-05-23 15:00:00+00:00,BUY,10.0,38.78
2026-05-23 05:30:00+00:00,2026-05-23 16:00:00+00:00,SELL,10.0,35.92
2026-05-23 06:30:00+00:00,2026-05-23 16:00:00+00:00,BUY,10.0,32.33
2026-05-23 07:15:00+00:00,2026-05-23 16:00:00+00:00,BUY,10.0,33.22
2026-05-23 07:45:00+00:00,2026-05-23 16:00:00+00:00,SELL,10.0,38.49
2026-05-23 08:30:00+00:00,2026-05-23 19:00:00+00:00,SELL,10.0,59.62
2026-05-23 09:45:00+00:00,2026-05-23 19:00:00+00:00,BUY,10.0,54.47
2026-05-23 12:30:00+00:00,2026-05-23 23:00:00+00:00,SELL,10.0,41.36
2026-05-23 13:45:00+00:00,2026-05-23 23:00:00+00:00,BUY,10.0,36.66
2026-05-26 01:30:00+00:00,2026-05-26 12:00:00+00:00,SELL,10.0,45.3
2026-05-26 02:45:00+00:00,2026-05-26 12:00:00+00:00,BUY,10.0,41.71
2026-05-27 08:30:00+00:00,2026-05-27 19:00:00+00:00,BUY,10.0,35.0
2026-05-27 10:00:00+00:00,2026-05-27 19:00:00+00:00,SELL,10.0,38.62
2026-05-27 10:30:00+00:00,2026-05-27 21:00:00+00:00,BUY,10.0,29.15
2026-05-27 11:45:00+00:00,2026-05-27 21:00:00+00:00,SELL,10.0,34.09
2026-05-29 15:15:00+00:00,2026-05-30 00:00:00+00:00,SELL,10.0,26.88
2026-05-29 15:45:00+00:00,2026-05-30 00:00:00+00:00,BUY,10.0,24.68
2026-05-30 03:15:00+00:00,2026-05-30 12:00:00+00:00,SELL,10.0,25.57
2026-05-30 04:30:00+00:00,2026-05-30 12:00:00+00:00,BUY,10.0,15.18
2026-05-30 07:00:00+00:00,2026-05-30 16:00:00+00:00,SELL,10.0,26.49
2026-05-30 07:45:00+00:00,2026-05-30 16:00:00+00:00,BUY,10.0,20.11
2026-05-30 08:45:00+00:00,2026-05-30 18:00:00+00:00,SELL,10.0,36.33
2026-05-30 09:45:00+00:00,2026-05-30 18:00:00+00:00,BUY,10.0,32.91
2026-06-02 09:30:00+00:00,2026-06-02 20:00:00+00:00,SELL,10.0,43.35
2026-06-02 11:00:00+00:00,2026-06-02 20:00:00+00:00,BUY,10.0,37.96
2026-06-02 13:30:00+00:00,2026-06-03 00:00:00+00:00,BUY,10.0,31.97
2026-06-02 14:45:00+00:00,2026-06-03 00:00:00+00:00,SELL,10.0,36.88
2026-06-02 15:30:00+00:00,2026-06-03 02:00:00+00:00,BUY,10.0,30.77
2026-06-02 16:45:00+00:00,2026-06-03 02:00:00+00:00,SELL,10.0,34.2
2026-06-03 01:30:00+00:00,2026-06-03 12:00:00+00:00,BUY,10.0,41.06
2026-06-03 02:45:00+00:00,2026-06-03 12:00:00+00:00,SELL,10.0,44.28
2026-06-03 04:30:00+00:00,2026-06-03 15:00:00+00:00,BUY,10.0,33.39
2026-06-03 06:30:00+00:00,2026-06-03 15:00:00+00:00,SELL,10.0,37.95
2026-06-03 08:30:00+00:00,2026-06-03 19:00:00+00:00,BUY,10.0,41.92
2026-06-03 09:30:00+00:00,2026-06-03 19:00:00+00:00,SELL,10.0,46.2
2026-06-04 04:00:00+00:00,2026-06-04 13:00:00+00:00,SELL,10.0,49.07
2026-06-04 05:30:00+00:00,2026-06-04 13:00:00+00:00,BUY,10.0,42.17
2026-06-06 20:30:00+00:00,2026-06-07 07:00:00+00:00,BUY,10.0,42.22
2026-06-06 22:30:00+00:00,2026-06-07 07:00:00+00:00,SELL,10.0,50.27
2026-06-06 22:30:00+00:00,2026-06-07 09:00:00+00:00,BUY,10.0,37.95
2026-06-06 23:30:00+00:00,2026-06-07 10:00:00+00:00,BUY,10.0,38.06
2026-06-07 00:30:00+00:00,2026-06-07 09:00:00+00:00,SELL,10.0,40.44
2026-06-07 01:30:00+00:00,2026-06-07 10:00:00+00:00,SELL,10.0,38.1
2026-06-07 02:30:00+00:00,2026-06-07 13:00:00+00:00,BUY,10.0,34.34
2026-06-07 03:30:00+00:00,2026-06-07 14:00:00+00:00,BUY,10.0,35.32
2026-06-07 04:30:00+00:00,2026-06-07 13:00:00+00:00,SELL,10.0,32.37
2026-06-07 04:30:00+00:00,2026-06-07 15:00:00+00:00,BUY,10.0,28.26
2026-06-07 05:30:00+00:00,2026-06-07 14:00:00+00:00,SELL,10.0,36.28
2026-06-07 06:30:00+00:00,2026-06-07 15:00:00+00:00,SELL,10.0,29.59
2026-06-07 07:30:00+00:00,2026-06-07 18:00:00+00:00,BUY,10.0,42.09
2026-06-07 09:30:00+00:00,2026-06-07 20:00:00+00:00,BUY,10.0,41.39
2026-06-07 09:30:00+00:00,2026-06-07 18:00:00+00:00,SELL,10.0,48.46
2026-06-07 10:45:00+00:00,2026-06-07 20:00:00+00:00,SELL,10.0,45.64
2026-06-07 12:30:00+00:00,2026-06-07 23:00:00+00:00,BUY,10.0,37.45
2026-06-07 14:30:00+00:00,2026-06-07 23:00:00+00:00,SELL,10.0,40.22
2026-06-08 16:15:00+00:00,2026-06-09 01:00:00+00:00,BUY,10.0,31.89
2026-06-08 17:30:00+00:00,2026-06-09 01:00:00+00:00,SELL,10.0,38.77
2026-06-08 18:45:00+00:00,2026-06-09 04:00:00+00:00,BUY,10.0,33.81
2026-06-08 20:15:00+00:00,2026-06-09 04:00:00+00:00,SELL,10.0,41.88
2026-06-08 22:00:00+00:00,2026-06-09 07:00:00+00:00,BUY,10.0,35.45
2026-06-08 23:15:00+00:00,2026-06-09 08:00:00+00:00,BUY,10.0,25.81
2026-06-08 23:30:00+00:00,2026-06-09 07:00:00+00:00,SELL,10.0,42.74
2026-06-08 23:45:00+00:00,2026-06-09 09:00:00+00:00,BUY,10.0,28.37
2026-06-09 00:15:00+00:00,2026-06-09 08:00:00+00:00,SELL,10.0,32.68
2026-06-09 00:45:00+00:00,2026-06-09 10:00:00+00:00,BUY,10.0,17.27
2026-06-09 01:00:00+00:00,2026-06-09 09:00:00+00:00,SELL,10.0,40.26
2026-06-09 02:00:00+00:00,2026-06-09 10:00:00+00:00,SELL,10.0,39.15
2026-06-09 02:00:00+00:00,2026-06-09 11:00:00+00:00,BUY,10.0,-52.63
2026-06-09 03:00:00+00:00,2026-06-09 12:00:00+00:00,BUY,10.0,-23.0
2026-06-09 03:30:00+00:00,2026-06-09 11:00:00+00:00,SELL,10.0,-7.66
2026-06-09 04:00:00+00:00,2026-06-09 13:00:00+00:00,BUY,10.0,-55.68
2026-06-09 04:30:00+00:00,2026-06-09 12:00:00+00:00,SELL,10.0,62.02
2026-06-09 05:00:00+00:00,2026-06-09 13:00:00+00:00,SELL,10.0,-40.8
2026-06-09 06:15:00+00:00,2026-06-09 15:00:00+00:00,BUY,10.0,14.69
2026-06-09 06:45:00+00:00,2026-06-09 15:00:00+00:00,SELL,10.0,28.22
2026-06-09 06:45:00+00:00,2026-06-09 16:00:00+00:00,BUY,10.0,29.31
2026-06-09 07:45:00+00:00,2026-06-09 16:00:00+00:00,SELL,10.0,36.75
2026-06-09 07:45:00+00:00,2026-06-09 17:00:00+00:00,BUY,10.0,35.92
2026-06-09 08:45:00+00:00,2026-06-09 18:00:00+00:00,BUY,10.0,39.66
2026-06-09 09:30:00+00:00,2026-06-09 17:00:00+00:00,SELL,10.0,43.25
2026-06-09 10:00:00+00:00,2026-06-09 19:00:00+00:00,BUY,10.0,41.36
2026-06-09 10:30:00+00:00,2026-06-09 18:00:00+00:00,SELL,10.0,46.95
2026-06-09 11:00:00+00:00,2026-06-09 20:00:00+00:00,BUY,10.0,31.26
2026-06-09 11:30:00+00:00,2026-06-09 19:00:00+00:00,SELL,10.0,49.54
2026-06-09 12:30:00+00:00,2026-06-09 20:00:00+00:00,SELL,10.0,37.91
2026-06-09 17:30:00+00:00,2026-06-10 04:00:00+00:00,BUY,10.0,35.22
2026-06-09 18:45:00+00:00,2026-06-10 04:00:00+00:00,SELL,10.0,39.28
2026-06-10 04:30:00+00:00,2026-06-10 15:00:00+00:00,BUY,10.0,27.43
2026-06-10 05:45:00+00:00,2026-06-10 15:00:00+00:00,SELL,10.0,34.28
2026-06-12 17:30:00+00:00,2026-06-13 04:00:00+00:00,BUY,10.0,43.89
2026-06-12 18:45:00+00:00,2026-06-13 04:00:00+00:00,SELL,10.0,48.15
2026-06-13 00:30:00+00:00,2026-06-13 11:00:00+00:00,BUY,10.0,37.01
2026-06-13 01:30:00+00:00,2026-06-13 12:00:00+00:00,BUY,10.0,40.7
2026-06-13 01:45:00+00:00,2026-06-13 11:00:00+00:00,SELL,10.0,41.49
2026-06-13 02:45:00+00:00,2026-06-13 12:00:00+00:00,SELL,10.0,44.33
2026-06-13 04:30:00+00:00,2026-06-13 15:00:00+00:00,BUY,10.0,43.92
2026-06-13 05:30:00+00:00,2026-06-13 15:00:00+00:00,SELL,10.0,45.73
2026-06-13 10:30:00+00:00,2026-06-13 21:00:00+00:00,BUY,10.0,46.52
2026-06-13 11:45:00+00:00,2026-06-13 21:00:00+00:00,SELL,10.0,48.51
2026-06-14 14:30:00+00:00,2026-06-15 01:00:00+00:00,BUY,10.0,33.9
2026-06-14 16:30:00+00:00,2026-06-15 03:00:00+00:00,BUY,10.0,25.48
2026-06-14 17:30:00+00:00,2026-06-15 01:00:00+00:00,SELL,10.0,37.12
2026-06-14 18:30:00+00:00,2026-06-15 05:00:00+00:00,BUY,10.0,42.67
2026-06-14 19:45:00+00:00,2026-06-15 03:00:00+00:00,SELL,10.0,36.39
2026-06-14 20:15:00+00:00,2026-06-15 05:00:00+00:00,SELL,10.0,43.88
2026-06-14 20:30:00+00:00,2026-06-15 07:00:00+00:00,BUY,10.0,43.73
2026-06-14 22:15:00+00:00,2026-06-15 07:00:00+00:00,SELL,10.0,44.81
2026-06-14 23:30:00+00:00,2026-06-15 10:00:00+00:00,BUY,10.0,39.03
2026-06-15 00:30:00+00:00,2026-06-15 11:00:00+00:00,BUY,10.0,34.33
2026-06-15 01:30:00+00:00,2026-06-15 10:00:00+00:00,SELL,10.0,39.02
2026-06-15 01:30:00+00:00,2026-06-15 12:00:00+00:00,BUY,10.0,32.7
2026-06-15 02:00:00+00:00,2026-06-15 11:00:00+00:00,SELL,10.0,33.53
2026-06-15 03:45:00+00:00,2026-06-15 12:00:00+00:00,SELL,10.0,32.01
2026-06-15 06:30:00+00:00,2026-06-15 17:00:00+00:00,BUY,10.0,43.91
2026-06-15 07:30:00+00:00,2026-06-15 18:00:00+00:00,BUY,10.0,47.34
2026-06-15 08:00:00+00:00,2026-06-15 17:00:00+00:00,SELL,10.0,42.19
2026-06-15 10:45:00+00:00,2026-06-15 18:00:00+00:00,SELL,10.0,52.38
2026-06-15 11:30:00+00:00,2026-06-15 22:00:00+00:00,BUY,10.0,37.33
2026-06-15 13:30:00+00:00,2026-06-16 00:00:00+00:00,SELL,10.0,26.66
2026-06-15 13:45:00+00:00,2026-06-15 22:00:00+00:00,SELL,10.0,40.58
2026-06-15 15:45:00+00:00,2026-06-16 00:00:00+00:00,BUY,10.0,23.82
2026-06-15 16:30:00+00:00,2026-06-16 03:00:00+00:00,SELL,10.0,28.25
2026-06-15 17:30:00+00:00,2026-06-16 04:00:00+00:00,SELL,10.0,35.36
2026-06-15 18:00:00+00:00,2026-06-16 03:00:00+00:00,BUY,10.0,24.61
2026-06-15 18:30:00+00:00,2026-06-16 05:00:00+00:00,SELL,10.0,32.45
2026-06-15 19:00:00+00:00,2026-06-16 04:00:00+00:00,BUY,10.0,30.09
2026-06-15 21:45:00+00:00,2026-06-16 05:00:00+00:00,BUY,10.0,28.03
2026-06-15 22:30:00+00:00,2026-06-16 09:00:00+00:00,SELL,10.0,37.18
2026-06-16 01:30:00+00:00,2026-06-16 12:00:00+00:00,SELL,10.0,27.17
2026-06-16 01:45:00+00:00,2026-06-16 09:00:00+00:00,BUY,10.0,30.54
2026-06-16 03:30:00+00:00,2026-06-16 12:00:00+00:00,BUY,10.0,19.82
2026-06-16 04:30:00+00:00,2026-06-16 15:00:00+00:00,SELL,10.0,30.01
2026-06-16 06:45:00+00:00,2026-06-16 15:00:00+00:00,BUY,10.0,23.66
2026-06-16 08:30:00+00:00,2026-06-16 19:00:00+00:00,SELL,10.0,40.06
2026-06-16 11:00:00+00:00,2026-06-16 19:00:00+00:00,BUY,10.0,36.71
2026-06-16 13:30:00+00:00,2026-06-17 00:00:00+00:00,BUY,10.0,-92.4
2026-06-16 16:30:00+00:00,2026-06-17 00:00:00+00:00,SELL,10.0,-29.25
2026-06-16 17:30:00+00:00,2026-06-17 04:00:00+00:00,BUY,10.0,-50.82
2026-06-16 18:30:00+00:00,2026-06-17 05:00:00+00:00,BUY,10.0,-30.09
2026-06-16 19:45:00+00:00,2026-06-17 04:00:00+00:00,SELL,10.0,20.21
2026-06-16 20:45:00+00:00,2026-06-17 05:00:00+00:00,SELL,10.0,37.94
2026-06-16 22:30:00+00:00,2026-06-17 09:00:00+00:00,BUY,10.0,-3.65
2026-06-17 00:30:00+00:00,2026-06-17 11:00:00+00:00,BUY,10.0,-99.57
2026-06-17 00:30:00+00:00,2026-06-17 09:00:00+00:00,SELL,10.0,25.73
2026-06-17 02:30:00+00:00,2026-06-17 13:00:00+00:00,BUY,10.0,-125.61
2026-06-17 02:45:00+00:00,2026-06-17 11:00:00+00:00,SELL,10.0,-37.4
2026-06-17 04:30:00+00:00,2026-06-17 14:00:00+00:00,BUY,10.0,-117.2
2026-06-17 04:45:00+00:00,2026-06-17 13:00:00+00:00,SELL,10.0,-104.62
2026-06-17 05:30:00+00:00,2026-06-17 16:00:00+00:00,BUY,10.0,-27.79
2026-06-17 05:45:00+00:00,2026-06-17 14:00:00+00:00,SELL,10.0,-110.15
2026-06-17 07:30:00+00:00,2026-06-17 18:00:00+00:00,BUY,10.0,19.91
2026-06-17 07:30:00+00:00,2026-06-17 16:00:00+00:00,SELL,10.0,50.54
2026-06-17 08:30:00+00:00,2026-06-17 19:00:00+00:00,BUY,10.0,-11.46
2026-06-17 09:45:00+00:00,2026-06-17 18:00:00+00:00,SELL,10.0,32.21
2026-06-17 10:30:00+00:00,2026-06-17 19:00:00+00:00,SELL,10.0,30.64
2026-06-17 10:30:00+00:00,2026-06-17 21:00:00+00:00,BUY,10.0,-60.56
2026-06-17 11:30:00+00:00,2026-06-17 22:00:00+00:00,BUY,10.0,-5.8
2026-06-17 12:30:00+00:00,2026-06-17 23:00:00+00:00,BUY,10.0,-109.51
2026-06-17 12:45:00+00:00,2026-06-17 21:00:00+00:00,SELL,10.0,3.36
2026-06-17 13:30:00+00:00,2026-06-17 22:00:00+00:00,SELL,10.0,33.48
2026-06-17 14:45:00+00:00,2026-06-17 23:00:00+00:00,SELL,10.0,-72.06
2026-06-17 20:00:00+00:00,2026-06-18 04:00:00+00:00,BUY,10.0,-27.98
2026-06-17 20:45:00+00:00,2026-06-18 04:00:00+00:00,SELL,10.0,20.24
2026-06-17 22:15:00+00:00,2026-06-18 06:00:00+00:00,BUY,10.0,-64.06
2026-06-17 23:30:00+00:00,2026-06-18 06:00:00+00:00,SELL,10.0,-16.81
2026-06-18 14:00:00+00:00,2026-06-18 22:00:00+00:00,BUY,10.0,-113.91
2026-06-18 14:30:00+00:00,2026-06-19 01:00:00+00:00,BUY,10.0,-121.87
2026-06-18 15:00:00+00:00,2026-06-18 22:00:00+00:00,SELL,10.0,-95.42
2026-06-18 15:30:00+00:00,2026-06-19 02:00:00+00:00,BUY,10.0,-74.5
2026-06-18 16:30:00+00:00,2026-06-19 03:00:00+00:00,BUY,10.0,-100.88
2026-06-18 16:30:00+00:00,2026-06-19 01:00:00+00:00,SELL,10.0,-103.93
2026-06-18 17:30:00+00:00,2026-06-19 02:00:00+00:00,SELL,10.0,12.28
2026-06-18 18:30:00+00:00,2026-06-19 03:00:00+00:00,SELL,10.0,-43.78
2026-06-18 19:30:00+00:00,2026-06-19 06:00:00+00:00,BUY,10.0,4.29
2026-06-18 20:30:00+00:00,2026-06-19 07:00:00+00:00,BUY,10.0,9.41
2026-06-18 21:30:00+00:00,2026-06-19 08:00:00+00:00,BUY,10.0,17.02
2026-06-18 21:45:00+00:00,2026-06-19 06:00:00+00:00,SELL,10.0,45.27
2026-06-18 22:30:00+00:00,2026-06-19 07:00:00+00:00,SELL,10.0,35.94
2026-06-18 22:30:00+00:00,2026-06-19 09:00:00+00:00,BUY,10.0,-9.9
2026-06-18 23:30:00+00:00,2026-06-19 08:00:00+00:00,SELL,10.0,35.99
2026-06-19 00:30:00+00:00,2026-06-19 11:00:00+00:00,BUY,10.0,-94.49
2026-06-19 00:45:00+00:00,2026-06-19 09:00:00+00:00,SELL,10.0,50.47
2026-06-19 01:30:00+00:00,2026-06-19 12:00:00+00:00,BUY,10.0,2.41
2026-06-19 02:30:00+00:00,2026-06-19 11:00:00+00:00,SELL,10.0,-53.01
2026-06-19 03:30:00+00:00,2026-06-19 14:00:00+00:00,BUY,10.0,-118.42
2026-06-19 03:30:00+00:00,2026-06-19 13:00:00+00:00,BUY,10.0,-85.5
2026-06-19 03:30:00+00:00,2026-06-19 12:00:00+00:00,SELL,10.0,31.39
2026-06-19 04:30:00+00:00,2026-06-19 15:00:00+00:00,BUY,10.0,-47.41
2026-06-19 04:45:00+00:00,2026-06-19 13:00:00+00:00,SELL,10.0,-66.9
2026-06-19 05:30:00+00:00,2026-06-19 14:00:00+00:00,SELL,10.0,-97.22
2026-06-19 05:30:00+00:00,2026-06-19 16:00:00+00:00,BUY,10.0,-97.49
2026-06-19 06:30:00+00:00,2026-06-19 15:00:00+00:00,SELL,10.0,20.54
2026-06-19 06:30:00+00:00,2026-06-19 17:00:00+00:00,BUY,10.0,0.61
2026-06-19 07:30:00+00:00,2026-06-19 16:00:00+00:00,SELL,10.0,-38.61
2026-06-19 07:30:00+00:00,2026-06-19 18:00:00+00:00,BUY,10.0,12.91
2026-06-19 08:30:00+00:00,2026-06-19 19:00:00+00:00,BUY,10.0,-13.21
2026-06-19 08:30:00+00:00,2026-06-19 17:00:00+00:00,SELL,10.0,22.57
2026-06-19 09:30:00+00:00,2026-06-19 20:00:00+00:00,BUY,10.0,1.49
2026-06-19 09:30:00+00:00,2026-06-19 18:00:00+00:00,SELL,10.0,36.63
2026-06-19 10:30:00+00:00,2026-06-19 19:00:00+00:00,SELL,10.0,40.02
2026-06-19 10:30:00+00:00,2026-06-19 21:00:00+00:00,BUY,10.0,-56.06
2026-06-19 11:30:00+00:00,2026-06-19 20:00:00+00:00,SELL,10.0,39.28
2026-06-19 11:30:00+00:00,2026-06-19 22:00:00+00:00,BUY,10.0,-47.96
2026-06-19 12:30:00+00:00,2026-06-19 23:00:00+00:00,BUY,10.0,-80.47
2026-06-19 12:30:00+00:00,2026-06-19 21:00:00+00:00,SELL,10.0,16.79
2026-06-19 13:30:00+00:00,2026-06-19 22:00:00+00:00,SELL,10.0,40.88
2026-06-19 14:30:00+00:00,2026-06-19 23:00:00+00:00,SELL,10.0,-22.99
2026-06-19 19:30:00+00:00,2026-06-20 06:00:00+00:00,BUY,10.0,34.58
2026-06-19 22:15:00+00:00,2026-06-20 06:00:00+00:00,SELL,10.0,39.05
2026-06-20 15:30:00+00:00,2026-06-21 02:00:00+00:00,BUY,10.0,30.5
2026-06-20 17:30:00+00:00,2026-06-21 02:00:00+00:00,SELL,10.0,34.25
2026-06-20 17:30:00+00:00,2026-06-21 04:00:00+00:00,BUY,10.0,40.83
2026-06-20 19:00:00+00:00,2026-06-21 04:00:00+00:00,SELL,10.0,42.16
2026-06-21 03:30:00+00:00,2026-06-21 14:00:00+00:00,BUY,10.0,28.69
2026-06-21 05:30:00+00:00,2026-06-21 14:00:00+00:00,SELL,10.0,27.11
2026-06-21 08:30:00+00:00,2026-06-21 19:00:00+00:00,BUY,10.0,38.36
2026-06-21 09:30:00+00:00,2026-06-21 20:00:00+00:00,BUY,10.0,41.32
2026-06-21 10:30:00+00:00,2026-06-21 19:00:00+00:00,SELL,10.0,39.8
2026-06-21 11:00:00+00:00,2026-06-21 20:00:00+00:00,SELL,10.0,41.84
2026-06-23 11:15:00+00:00,2026-06-23 19:00:00+00:00,BUY,10.0,34.0
2026-06-23 12:00:00+00:00,2026-06-23 19:00:00+00:00,SELL,10.0,36.9
2026-06-23 15:15:00+00:00,2026-06-23 23:00:00+00:00,BUY,10.0,3.83
2026-06-23 16:00:00+00:00,2026-06-23 23:00:00+00:00,SELL,10.0,23.56
2026-06-23 17:30:00+00:00,2026-06-24 03:00:00+00:00,BUY,10.0,28.7
2026-06-23 18:45:00+00:00,2026-06-24 03:00:00+00:00,SELL,10.0,31.73
2026-06-24 04:00:00+00:00,2026-06-24 13:00:00+00:00,BUY,10.0,7.2
2026-06-24 04:45:00+00:00,2026-06-24 13:00:00+00:00,SELL,10.0,20.46
2026-06-24 05:00:00+00:00,2026-06-24 14:00:00+00:00,BUY,10.0,0.98
2026-06-24 05:45:00+00:00,2026-06-24 14:00:00+00:00,SELL,10.0,25.96
2026-06-24 21:00:00+00:00,2026-06-25 06:00:00+00:00,BUY,10.0,36.61
2026-06-24 21:45:00+00:00,2026-06-25 06:00:00+00:00,SELL,10.0,40.42
2026-06-25 12:30:00+00:00,2026-06-25 23:00:00+00:00,BUY,10.0,34.2
2026-06-25 13:30:00+00:00,2026-06-26 00:00:00+00:00,BUY,10.0,31.71
2026-06-25 14:30:00+00:00,2026-06-25 23:00:00+00:00,SELL,10.0,34.86
2026-06-25 15:00:00+00:00,2026-06-26 00:00:00+00:00,SELL,10.0,34.89
2026-06-25 15:30:00+00:00,2026-06-26 02:00:00+00:00,BUY,10.0,35.2
2026-06-25 16:30:00+00:00,2026-06-26 03:00:00+00:00,BUY,10.0,30.66
2026-06-25 16:45:00+00:00,2026-06-26 02:00:00+00:00,SELL,10.0,39.17
2026-06-25 17:45:00+00:00,2026-06-26 03:00:00+00:00,SELL,10.0,34.97
2026-06-25 19:15:00+00:00,2026-06-26 03:00:00+00:00,SELL,10.0,35.64
2026-06-25 19:30:00+00:00,2026-06-26 06:00:00+00:00,BUY,10.0,39.35
2026-06-25 20:00:00+00:00,2026-06-26 03:00:00+00:00,BUY,10.0,30.17
2026-06-25 21:00:00+00:00,2026-06-26 06:00:00+00:00,SELL,10.0,43.69
2026-06-25 21:30:00+00:00,2026-06-26 08:00:00+00:00,BUY,10.0,45.75
2026-06-25 22:00:00+00:00,2026-06-26 06:00:00+00:00,SELL,10.0,45.28
2026-06-25 23:00:00+00:00,2026-06-26 06:00:00+00:00,BUY,10.0,40.19
2026-06-25 23:30:00+00:00,2026-06-26 08:00:00+00:00,SELL,10.0,50.57
2026-06-26 01:30:00+00:00,2026-06-26 12:00:00+00:00,BUY,10.0,52.08
2026-06-26 02:30:00+00:00,2026-06-26 13:00:00+00:00,BUY,10.0,42.41
2026-06-26 03:15:00+00:00,2026-06-26 12:00:00+00:00,SELL,10.0,52.0
2026-06-26 04:15:00+00:00,2026-06-26 13:00:00+00:00,SELL,10.0,44.69
2026-06-26 05:30:00+00:00,2026-06-26 16:00:00+00:00,BUY,10.0,51.31
2026-06-26 06:30:00+00:00,2026-06-26 17:00:00+00:00,BUY,10.0,46.74
2026-06-26 06:45:00+00:00,2026-06-26 16:00:00+00:00,SELL,10.0,50.21
2026-06-26 07:30:00+00:00,2026-06-26 18:00:00+00:00,BUY,10.0,55.25
2026-06-26 08:00:00+00:00,2026-06-26 17:00:00+00:00,SELL,10.0,48.98
2026-06-26 08:30:00+00:00,2026-06-26 19:00:00+00:00,BUY,10.0,44.93
2026-06-26 09:00:00+00:00,2026-06-26 18:00:00+00:00,SELL,10.0,62.2
2026-06-26 10:00:00+00:00,2026-06-26 19:00:00+00:00,SELL,10.0,49.96
2026-06-26 12:30:00+00:00,2026-06-26 23:00:00+00:00,BUY,10.0,43.64
2026-06-26 13:45:00+00:00,2026-06-26 23:00:00+00:00,SELL,10.0,47.25
