exec_ts,product_delivery,side,qty_mw,price
2024-12-31 14:30:00+00:00,2025-01-01 00:00:00+00:00,SELL,10.0,34.83
2024-12-31 15:00:00+00:00,2025-01-01 00:00:00+00:00,BUY,10.0,33.71
2024-12-31 15:30:00+00:00,2025-01-01 01:00:00+00:00,SELL,10.0,38.35
2024-12-31 16:15:00+00:00,2025-01-01 01:00:00+00:00,BUY,10.0,34.24
2024-12-31 16:30:00+00:00,2025-01-01 02:00:00+00:00,SELL,10.0,37.1
2024-12-31 17:00:00+00:00,2025-01-01 02:00:00+00:00,BUY,10.0,33.94
2024-12-31 17:30:00+00:00,2025-01-01 03:00:00+00:00,SELL,10.0,42.05
2024-12-31 18:15:00+00:00,2025-01-01 03:00:00+00:00,BUY,10.0,38.52
2024-12-31 18:30:00+00:00,2025-01-01 04:00:00+00:00,SELL,10.0,41.7
2024-12-31 19:15:00+00:00,2025-01-01 04:00:00+00:00,BUY,10.0,39.07
2024-12-31 19:30:00+00:00,2025-01-01 05:00:00+00:00,SELL,10.0,41.12
2024-12-31 20:00:00+00:00,2025-01-01 05:00:00+00:00,BUY,10.0,37.66
2024-12-31 20:30:00+00:00,2025-01-01 06:00:00+00:00,SELL,10.0,66.3
2024-12-31 21:15:00+00:00,2025-01-01 06:00:00+00:00,BUY,10.0,51.03
2024-12-31 21:30:00+00:00,2025-01-01 07:00:00+00:00,SELL,10.0,66.72
2024-12-31 22:00:00+00:00,2025-01-01 07:00:00+00:00,BUY,10.0,65.42
2024-12-31 23:30:00+00:00,2025-01-01 09:00:00+00:00,SELL,10.0,46.71
2025-01-01 00:00:00+00:00,2025-01-01 09:00:00+00:00,BUY,10.0,44.72
2025-01-01 00:30:00+00:00,2025-01-01 10:00:00+00:00,SELL,10.0,63.24
2025-01-01 01:15:00+00:00,2025-01-01 10:00:00+00:00,BUY,10.0,47.61
2025-01-01 01:30:00+00:00,2025-01-01 11:00:00+00:00,SELL,10.0,50.62
2025-01-01 02:15:00+00:00,2025-01-01 11:00:00+00:00,BUY,10.0,43.1
2025-01-01 02:30:00+00:00,2025-01-01 12:00:00+00:00,SELL,10.0,50.49
2025-01-01 03:15:00+00:00,2025-01-01 12:00:00+00:00,BUY,10.0,43.08
2025-01-01 03:30:00+00:00,2025-01-01 13:00:00+00:00,SELL,10.0,54.47
2025-01-01 04:15:00+00:00,2025-01-01 13:00:00+00:00,BUY,10.0,45.35
2025-01-01 04:30:00+00:00,2025-01-01 14:00:00+00:00,SELL,10.0,44.43
2025-01-01 05:15:00+00:00,2025-01-01 14:00:00+00:00,BUY,10.0,35.25
2025-01-01 06:30:00+00:00,2025-01-01 16:00:00+00:00,SELL,10.0,48.55
2025-01-01 07:00:00+00:00,2025-01-01 16:00:00+00:00,BUY,10.0,43.8
2025-01-01 07:30:00+00:00,2025-01-01 17:00:00+00:00,SELL,10.0,63.21
2025-01-01 08:15:00+00:00,2025-01-01 17:00:00+00:00,BUY,10.0,51.67
2025-01-01 09:30:00+00:00,2025-01-01 19:00:00+00:00,SELL,10.0,49.74
2025-01-01 10:00:00+00:00,2025-01-01 19:00:00+00:00,BUY,10.0,45.1
2025-01-01 10:30:00+00:00,2025-01-01 20:00:00+00:00,SELL,10.0,49.07
2025-01-01 11:00:00+00:00,2025-01-01 20:00:00+00:00,BUY,10.0,46.4
2025-01-01 11:30:00+00:00,2025-01-01 21:00:00+00:00,SELL,10.0,54.93
2025-01-01 12:00:00+00:00,2025-01-01 21:00:00+00:00,BUY,10.0,53.13
2025-01-01 12:30:00+00:00,2025-01-01 22:00:00+00:00,SELL,10.0,47.88
2025-01-01 13:15:00+00:00,2025-01-01 22:00:00+00:00,BUY,10.0,41.6
2025-01-01 13:30:00+00:00,2025-01-01 23:00:00+00:00,SELL,10.0,33.58
2025-01-01 14:15:00+00:00,2025-01-01 23:00:00+00:00,BUY,10.0,30.75
2025-01-01 14:30:00+00:00,2025-01-02 00:00:00+00:00,SELL,10.0,36.38
2025-01-01 15:00:00+00:00,2025-01-02 00:00:00+00:00,BUY,10.0,34.6
2025-01-01 16:30:00+00:00,2025-01-02 02:00:00+00:00,SELL,10.0,39.02
2025-01-01 17:15:00+00:00,2025-01-02 02:00:00+00:00,BUY,10.0,35.61
2025-01-01 17:30:00+00:00,2025-01-02 03:00:00+00:00,SELL,10.0,40.69
2025-01-01 18:00:00+00:00,2025-01-02 03:00:00+00:00,BUY,10.0,36.63
2025-01-01 18:30:00+00:00,2025-01-02 04:00:00+00:00,SELL,10.0,40.47
2025-01-01 19:15:00+00:00,2025-01-02 04:00:00+00:00,BUY,10.0,37.25
2025-01-01 19:30:00+00:00,2025-01-02 05:00:00+00:00,SELL,10.0,46.61
2025-01-01 20:15:00+00:00,2025-01-02 05:00:00+00:00,BUY,10.0,41.28
2025-01-01 20:30:00+00:00,2025-01-02 06:00:00+00:00,SELL,10.0,52.57
2025-01-01 21:15:00+00:00,2025-01-02 06:00:00+00:00,BUY,10.0,51.6
2025-01-01 21:30:00+00:00,2025-01-02 07:00:00+00:00,SELL,10.0,70.16
2025-01-01 22:15:00+00:00,2025-01-02 07:00:00+00:00,BUY,10.0,52.62
2025-01-01 23:30:00+00:00,2025-01-02 09:00:00+00:00,SELL,10.0,53.66
2025-01-02 00:00:00+00:00,2025-01-02 09:00:00+00:00,BUY,10.0,53.15
2025-01-02 01:30:00+00:00,2025-01-02 11:00:00+00:00,SELL,10.0,55.57
2025-01-02 02:15:00+00:00,2025-01-02 11:00:00+00:00,BUY,10.0,50.13
2025-01-02 02:30:00+00:00,2025-01-02 12:00:00+00:00,SELL,10.0,57.28
2025-01-02 03:15:00+00:00,2025-01-02 12:00:00+00:00,BUY,10.0,42.67
2025-01-02 03:30:00+00:00,2025-01-02 13:00:00+00:00,SELL,10.0,44.23
2025-01-02 04:15:00+00:00,2025-01-02 13:00:00+00:00,BUY,10.0,38.91
2025-01-02 04:30:00+00:00,2025-01-02 14:00:00+00:00,SELL,10.0,44.52
2025-01-02 05:00:00+00:00,2025-01-02 14:00:00+00:00,BUY,10.0,41.64
2025-01-02 05:30:00+00:00,2025-01-02 15:00:00+00:00,SELL,10.0,38.74
2025-01-02 06:15:00+00:00,2025-01-02 15:00:00+00:00,BUY,10.0,37.64
2025-01-02 06:30:00+00:00,2025-01-02 16:00:00+00:00,SELL,10.0,47.77
2025-01-02 07:00:00+00:00,2025-01-02 16:00:00+00:00,BUY,10.0,44.79
2025-01-02 08:30:00+00:00,2025-01-02 18:00:00+00:00,SELL,10.0,76.03
2025-01-02 09:15:00+00:00,2025-01-02 18:00:00+00:00,BUY,10.0,47.26
2025-01-02 09:30:00+00:00,2025-01-02 19:00:00+00:00,SELL,10.0,55.06
2025-01-02 10:00:00+00:00,2025-01-02 19:00:00+00:00,BUY,10.0,53.54
2025-01-02 10:30:00+00:00,2025-01-02 20:00:00+00:00,SELL,10.0,50.53
2025-01-02 11:00:00+00:00,2025-01-02 20:00:00+00:00,BUY,10.0,52.12
2025-01-02 12:30:00+00:00,2025-01-02 22:00:00+00:00,SELL,10.0,42.98
2025-01-02 13:15:00+00:00,2025-01-02 22:00:00+00:00,BUY,10.0,36.95
2025-01-02 13:30:00+00:00,2025-01-02 23:00:00+00:00,SELL,10.0,41.11
2025-01-02 14:00:00+00:00,2025-01-02 23:00:00+00:00,BUY,10.0,40.93
2025-01-03 02:30:00+00:00,2025-01-03 11:00:00+00:00,SELL,10.0,86.24
2025-01-03 03:00:00+00:00,2025-01-03 11:00:00+00:00,BUY,10.0,74.31
2025-01-04 01:30:00+00:00,2025-01-04 11:00:00+00:00,BUY,10.0,22.47
2025-01-04 02:00:00+00:00,2025-01-04 11:00:00+00:00,SELL,10.0,24.8
2025-01-04 03:30:00+00:00,2025-01-04 13:00:00+00:00,BUY,10.0,9.84
2025-01-04 04:00:00+00:00,2025-01-04 13:00:00+00:00,SELL,10.0,19.43
2025-01-06 06:30:00+00:00,2025-01-06 14:00:00+00:00,BUY,10.0,26.34
2025-01-06 07:00:00+00:00,2025-01-06 14:00:00+00:00,SELL,10.0,29.45
2025-01-07 17:30:00+00:00,2025-01-08 01:00:00+00:00,BUY,10.0,33.42
2025-01-07 17:30:00+00:00,2025-01-08 03:00:00+00:00,BUY,10.0,57.4
2025-01-07 18:00:00+00:00,2025-01-08 01:00:00+00:00,SELL,10.0,32.86
2025-01-07 18:00:00+00:00,2025-01-08 03:00:00+00:00,SELL,10.0,57.79
2025-01-07 19:30:00+00:00,2025-01-08 05:00:00+00:00,BUY,10.0,33.56
2025-01-07 20:15:00+00:00,2025-01-08 05:00:00+00:00,SELL,10.0,32.23
2025-01-08 01:30:00+00:00,2025-01-08 09:00:00+00:00,BUY,10.0,51.02
2025-01-08 02:00:00+00:00,2025-01-08 09:00:00+00:00,SELL,10.0,51.25
2025-01-08 03:30:00+00:00,2025-01-08 13:00:00+00:00,BUY,10.0,34.98
2025-01-08 04:00:00+00:00,2025-01-08 13:00:00+00:00,SELL,10.0,35.16
2025-01-08 12:30:00+00:00,2025-01-08 20:00:00+00:00,BUY,10.0,34.0
2025-01-08 13:00:00+00:00,2025-01-08 20:00:00+00:00,SELL,10.0,35.83
2025-01-10 06:30:00+00:00,2025-01-10 16:00:00+00:00,SELL,10.0,202.0
2025-01-10 07:00:00+00:00,2025-01-10 16:00:00+00:00,BUY,10.0,173.25
2025-01-10 15:30:00+00:00,2025-01-11 01:00:00+00:00,SELL,10.0,40.57
2025-01-10 16:15:00+00:00,2025-01-11 01:00:00+00:00,BUY,10.0,38.81
2025-01-10 18:30:00+00:00,2025-01-11 04:00:00+00:00,SELL,10.0,51.81
2025-01-10 19:00:00+00:00,2025-01-11 04:00:00+00:00,BUY,10.0,49.04
2025-01-11 00:30:00+00:00,2025-01-11 10:00:00+00:00,SELL,10.0,66.88
2025-01-11 01:15:00+00:00,2025-01-11 10:00:00+00:00,BUY,10.0,57.84
2025-01-11 03:30:00+00:00,2025-01-11 13:00:00+00:00,SELL,10.0,77.34
2025-01-11 04:15:00+00:00,2025-01-11 13:00:00+00:00,BUY,10.0,69.9
2025-01-11 08:30:00+00:00,2025-01-11 18:00:00+00:00,SELL,10.0,57.62
2025-01-11 09:00:00+00:00,2025-01-11 18:00:00+00:00,BUY,10.0,58.28
2025-01-11 12:30:00+00:00,2025-01-11 22:00:00+00:00,SELL,10.0,39.75
2025-01-11 13:00:00+00:00,2025-01-11 22:00:00+00:00,BUY,10.0,38.59
2025-01-13 15:30:00+00:00,2025-01-14 01:00:00+00:00,BUY,10.0,26.85
2025-01-13 16:00:00+00:00,2025-01-14 01:00:00+00:00,SELL,10.0,31.75
2025-01-15 21:30:00+00:00,2025-01-16 06:00:00+00:00,BUY,10.0,63.44
2025-01-15 22:00:00+00:00,2025-01-16 06:00:00+00:00,SELL,10.0,59.87
2025-01-16 06:30:00+00:00,2025-01-16 15:00:00+00:00,BUY,10.0,44.82
2025-01-16 07:00:00+00:00,2025-01-16 15:00:00+00:00,SELL,10.0,48.21
2025-01-16 14:30:00+00:00,2025-01-16 23:00:00+00:00,BUY,10.0,37.53
2025-01-16 15:15:00+00:00,2025-01-16 23:00:00+00:00,SELL,10.0,37.93
2025-01-17 04:30:00+00:00,2025-01-17 14:00:00+00:00,SELL,10.0,39.97
2025-01-17 05:00:00+00:00,2025-01-17 14:00:00+00:00,BUY,10.0,40.65
2025-01-19 20:30:00+00:00,2025-01-20 05:00:00+00:00,SELL,10.0,41.69
2025-01-19 21:00:00+00:00,2025-01-20 05:00:00+00:00,BUY,10.0,39.15
2025-01-19 22:30:00+00:00,2025-01-20 06:00:00+00:00,BUY,10.0,42.58
2025-01-19 23:00:00+00:00,2025-01-20 06:00:00+00:00,SELL,10.0,42.06
2025-01-21 02:30:00+00:00,2025-01-21 12:00:00+00:00,BUY,10.0,41.74
2025-01-21 03:15:00+00:00,2025-01-21 12:00:00+00:00,SELL,10.0,42.39
2025-01-21 04:30:00+00:00,2025-01-21 14:00:00+00:00,BUY,10.0,40.7
2025-01-21 05:15:00+00:00,2025-01-21 14:00:00+00:00,SELL,10.0,41.26
2025-01-21 08:30:00+00:00,2025-01-21 18:00:00+00:00,BUY,10.0,52.85
2025-01-21 09:00:00+00:00,2025-01-21 18:00:00+00:00,SELL,10.0,51.38
2025-01-21 12:30:00+00:00,2025-01-21 22:00:00+00:00,BUY,10.0,37.81
2025-01-21 13:00:00+00:00,2025-01-21 22:00:00+00:00,SELL,10.0,37.5
2025-01-21 21:30:00+00:00,2025-01-22 06:00:00+00:00,BUY,10.0,66.75
2025-01-21 22:00:00+00:00,2025-01-22 06:00:00+00:00,SELL,10.0,66.34
2025-01-24 08:30:00+00:00,2025-01-24 18:00:00+00:00,BUY,10.0,54.32
2025-01-24 09:00:00+00:00,2025-01-24 18:00:00+00:00,SELL,10.0,54.66
2025-01-24 12:30:00+00:00,2025-01-24 22:00:00+00:00,BUY,10.0,37.54
2025-01-24 13:00:00+00:00,2025-01-24 22:00:00+00:00,SELL,10.0,36.14
2025-01-25 18:30:00+00:00,2025-01-26 03:00:00+00:00,SELL,10.0,36.07
2025-01-25 19:00:00+00:00,2025-01-26 03:00:00+00:00,BUY,10.0,36.13
2025-01-25 20:30:00+00:00,2025-01-26 05:00:00+00:00,SELL,10.0,38.66
2025-01-25 21:00:00+00:00,2025-01-26 05:00:00+00:00,BUY,10.0,35.54
2025-01-25 23:30:00+00:00,2025-01-26 08:00:00+00:00,SELL,10.0,44.06
2025-01-26 00:00:00+00:00,2025-01-26 08:00:00+00:00,BUY,10.0,40.01
2025-01-26 02:30:00+00:00,2025-01-26 11:00:00+00:00,SELL,10.0,38.35
2025-01-26 03:15:00+00:00,2025-01-26 11:00:00+00:00,BUY,10.0,36.79
2025-01-26 10:30:00+00:00,2025-01-26 19:00:00+00:00,SELL,10.0,36.95
2025-01-26 11:00:00+00:00,2025-01-26 19:00:00+00:00,BUY,10.0,35.8
2025-01-26 11:30:00+00:00,2025-01-26 20:00:00+00:00,SELL,10.0,45.96
2025-01-26 12:00:00+00:00,2025-01-26 20:00:00+00:00,BUY,10.0,43.46
2025-01-27 19:30:00+00:00,2025-01-28 04:00:00+00:00,BUY,10.0,25.23
2025-01-27 20:00:00+00:00,2025-01-28 04:00:00+00:00,SELL,10.0,24.02
2025-01-28 23:30:00+00:00,2025-01-29 08:00:00+00:00,BUY,10.0,11.63
2025-01-29 00:00:00+00:00,2025-01-29 08:00:00+00:00,SELL,10.0,17.74
2025-01-29 10:30:00+00:00,2025-01-29 19:00:00+00:00,BUY,10.0,-25.6
2025-01-29 11:00:00+00:00,2025-01-29 19:00:00+00:00,SELL,10.0,-11.65
2025-01-31 11:30:00+00:00,2025-01-31 20:00:00+00:00,SELL,10.0,21.92
2025-01-31 12:00:00+00:00,2025-01-31 20:00:00+00:00,BUY,10.0,21.63
2025-02-03 15:30:00+00:00,2025-02-04 00:00:00+00:00,SELL,10.0,-2.69
2025-02-03 16:00:00+00:00,2025-02-04 00:00:00+00:00,BUY,10.0,-11.93
2025-02-03 16:30:00+00:00,2025-02-04 01:00:00+00:00,SELL,10.0,6.85
2025-02-03 17:15:00+00:00,2025-02-04 01:00:00+00:00,BUY,10.0,1.66
2025-02-03 17:30:00+00:00,2025-02-04 02:00:00+00:00,SELL,10.0,12.77
2025-02-03 18:00:00+00:00,2025-02-04 02:00:00+00:00,BUY,10.0,13.86
2025-02-04 00:30:00+00:00,2025-02-04 09:00:00+00:00,SELL,10.0,35.32
2025-02-04 01:00:00+00:00,2025-02-04 09:00:00+00:00,BUY,10.0,32.34
2025-02-04 01:30:00+00:00,2025-02-04 10:00:00+00:00,SELL,10.0,31.28
2025-02-04 02:00:00+00:00,2025-02-04 10:00:00+00:00,BUY,10.0,29.61
2025-02-04 06:30:00+00:00,2025-02-04 15:00:00+00:00,SELL,10.0,14.58
2025-02-04 07:00:00+00:00,2025-02-04 15:00:00+00:00,BUY,10.0,11.83
2025-02-04 09:30:00+00:00,2025-02-04 18:00:00+00:00,SELL,10.0,25.32
2025-02-04 10:00:00+00:00,2025-02-04 18:00:00+00:00,BUY,10.0,25.78
2025-02-04 10:30:00+00:00,2025-02-04 19:00:00+00:00,SELL,10.0,24.27
2025-02-04 11:00:00+00:00,2025-02-04 19:00:00+00:00,BUY,10.0,21.98
2025-02-04 12:30:00+00:00,2025-02-04 21:00:00+00:00,SELL,10.0,20.19
2025-02-04 13:15:00+00:00,2025-02-04 21:00:00+00:00,BUY,10.0,14.95
2025-02-05 11:30:00+00:00,2025-02-05 21:00:00+00:00,BUY,10.0,4.17
2025-02-05 12:00:00+00:00,2025-02-05 21:00:00+00:00,SELL,10.0,5.2
2025-02-07 05:30:00+00:00,2025-02-07 14:00:00+00:00,BUY,10.0,35.31
2025-02-07 06:00:00+00:00,2025-02-07 14:00:00+00:00,SELL,10.0,36.19
2025-02-11 17:30:00+00:00,2025-02-12 03:00:00+00:00,SELL,10.0,21.2
2025-02-11 18:15:00+00:00,2025-02-12 03:00:00+00:00,BUY,10.0,17.55
2025-02-12 04:30:00+00:00,2025-02-12 14:00:00+00:00,SELL,10.0,16.61
2025-02-12 05:15:00+00:00,2025-02-12 14:00:00+00:00,BUY,10.0,17.03
2025-02-12 06:30:00+00:00,2025-02-12 16:00:00+00:00,SELL,10.0,26.75
2025-02-12 07:00:00+00:00,2025-02-12 16:00:00+00:00,BUY,10.0,26.91
2025-02-12 09:30:00+00:00,2025-02-12 19:00:00+00:00,SELL,10.0,27.79
2025-02-12 10:00:00+00:00,2025-02-12 19:00:00+00:00,BUY,10.0,25.44
2025-02-12 15:30:00+00:00,2025-02-13 01:00:00+00:00,SELL,10.0,28.57
2025-02-12 16:00:00+00:00,2025-02-13 01:00:00+00:00,BUY,10.0,28.33
2025-02-13 23:30:00+00:00,2025-02-14 08:00:00+00:00,SELL,10.0,35.44
2025-02-14 00:00:00+00:00,2025-02-14 08:00:00+00:00,BUY,10.0,28.43
2025-02-16 17:30:00+00:00,2025-02-17 02:00:00+00:00,SELL,10.0,-10.13
2025-02-16 18:00:00+00:00,2025-02-17 02:00:00+00:00,BUY,10.0,-14.67
2025-02-18 18:30:00+00:00,2025-02-19 03:00:00+00:00,BUY,10.0,23.15
2025-02-18 19:00:00+00:00,2025-02-19 03:00:00+00:00,SELL,10.0,22.66
2025-02-19 09:30:00+00:00,2025-02-19 19:00:00+00:00,BUY,10.0,31.55
2025-02-19 10:00:00+00:00,2025-02-19 19:00:00+00:00,SELL,10.0,31.15
2025-02-19 19:30:00+00:00,2025-02-20 05:00:00+00:00,SELL,10.0,34.93
2025-02-19 20:15:00+00:00,2025-02-20 05:00:00+00:00,BUY,10.0,30.69
2025-02-20 15:30:00+00:00,2025-02-21 00:00:00+00:00,BUY,10.0,30.57
2025-02-20 16:15:00+00:00,2025-02-21 00:00:00+00:00,SELL,10.0,39.15
2025-02-20 16:30:00+00:00,2025-02-21 01:00:00+00:00,BUY,10.0,14.89
2025-02-20 17:00:00+00:00,2025-02-21 01:00:00+00:00,SELL,10.0,19.69
2025-02-20 17:30:00+00:00,2025-02-21 01:00:00+00:00,SELL,10.0,4.64
2025-02-20 17:30:00+00:00,2025-02-21 02:00:00+00:00,BUY,10.0,22.38
2025-02-20 18:00:00+00:00,2025-02-21 01:00:00+00:00,BUY,10.0,-0.53
2025-02-20 18:15:00+00:00,2025-02-21 02:00:00+00:00,SELL,10.0,27.85
2025-02-20 18:30:00+00:00,2025-02-21 03:00:00+00:00,BUY,10.0,23.34
2025-02-20 19:15:00+00:00,2025-02-21 03:00:00+00:00,SELL,10.0,25.41
2025-02-20 19:30:00+00:00,2025-02-21 03:00:00+00:00,SELL,10.0,15.56
2025-02-20 20:00:00+00:00,2025-02-21 03:00:00+00:00,BUY,10.0,15.73
2025-02-20 20:30:00+00:00,2025-02-21 04:00:00+00:00,SELL,10.0,31.24
2025-02-20 20:30:00+00:00,2025-02-21 05:00:00+00:00,BUY,10.0,31.12
2025-02-20 21:00:00+00:00,2025-02-21 04:00:00+00:00,BUY,10.0,27.08
2025-02-20 21:00:00+00:00,2025-02-21 05:00:00+00:00,SELL,10.0,31.65
2025-02-20 21:30:00+00:00,2025-02-21 05:00:00+00:00,SELL,10.0,29.94
2025-02-20 21:30:00+00:00,2025-02-21 06:00:00+00:00,BUY,10.0,37.35
2025-02-20 22:00:00+00:00,2025-02-21 05:00:00+00:00,BUY,10.0,26.96
2025-02-20 22:15:00+00:00,2025-02-21 06:00:00+00:00,SELL,10.0,39.73
2025-02-20 22:30:00+00:00,2025-02-21 06:00:00+00:00,SELL,10.0,39.58
2025-02-20 23:00:00+00:00,2025-02-21 06:00:00+00:00,BUY,10.0,34.88
2025-02-21 01:30:00+00:00,2025-02-21 10:00:00+00:00,BUY,10.0,34.18
2025-02-21 02:15:00+00:00,2025-02-21 10:00:00+00:00,SELL,10.0,38.45
2025-02-21 03:30:00+00:00,2025-02-21 11:00:00+00:00,SELL,10.0,36.18
2025-02-21 03:30:00+00:00,2025-02-21 12:00:00+00:00,BUY,10.0,35.68
2025-02-21 04:00:00+00:00,2025-02-21 11:00:00+00:00,BUY,10.0,33.84
2025-02-21 04:15:00+00:00,2025-02-21 12:00:00+00:00,SELL,10.0,37.26
2025-02-21 04:30:00+00:00,2025-02-21 13:00:00+00:00,BUY,10.0,32.61
2025-02-21 05:00:00+00:00,2025-02-21 13:00:00+00:00,SELL,10.0,34.21
2025-02-21 06:30:00+00:00,2025-02-21 15:00:00+00:00,BUY,10.0,29.73
2025-02-21 07:00:00+00:00,2025-02-21 15:00:00+00:00,SELL,10.0,30.04
2025-02-21 08:30:00+00:00,2025-02-21 16:00:00+00:00,SELL,10.0,34.52
2025-02-21 09:00:00+00:00,2025-02-21 16:00:00+00:00,BUY,10.0,30.83
2025-02-21 09:30:00+00:00,2025-02-21 18:00:00+00:00,BUY,10.0,38.11
2025-02-21 10:15:00+00:00,2025-02-21 18:00:00+00:00,SELL,10.0,39.0
2025-02-21 10:30:00+00:00,2025-02-21 19:00:00+00:00,BUY,10.0,35.74
2025-02-21 11:00:00+00:00,2025-02-21 19:00:00+00:00,SELL,10.0,40.05
2025-02-21 11:30:00+00:00,2025-02-21 19:00:00+00:00,SELL,10.0,38.7
2025-02-21 12:00:00+00:00,2025-02-21 19:00:00+00:00,BUY,10.0,37.27
2025-02-21 12:30:00+00:00,2025-02-21 20:00:00+00:00,SELL,10.0,29.95
2025-02-21 13:00:00+00:00,2025-02-21 20:00:00+00:00,BUY,10.0,29.11
2025-02-21 13:30:00+00:00,2025-02-21 21:00:00+00:00,SELL,10.0,26.89
2025-02-21 13:30:00+00:00,2025-02-21 22:00:00+00:00,BUY,10.0,29.96
2025-02-21 14:15:00+00:00,2025-02-21 21:00:00+00:00,BUY,10.0,24.25
2025-02-21 14:15:00+00:00,2025-02-21 22:00:00+00:00,SELL,10.0,32.89
2025-02-21 14:30:00+00:00,2025-02-21 23:00:00+00:00,BUY,10.0,32.52
2025-02-21 15:15:00+00:00,2025-02-21 23:00:00+00:00,SELL,10.0,32.08
2025-02-21 21:30:00+00:00,2025-02-22 07:00:00+00:00,BUY,10.0,42.72
2025-02-21 22:15:00+00:00,2025-02-22 07:00:00+00:00,SELL,10.0,4.2
2025-02-21 23:30:00+00:00,2025-02-22 09:00:00+00:00,BUY,10.0,50.19
2025-02-22 00:00:00+00:00,2025-02-22 09:00:00+00:00,SELL,10.0,51.9
2025-02-22 15:30:00+00:00,2025-02-23 01:00:00+00:00,BUY,10.0,24.53
2025-02-22 16:00:00+00:00,2025-02-23 01:00:00+00:00,SELL,10.0,23.83
2025-02-22 17:30:00+00:00,2025-02-23 03:00:00+00:00,BUY,10.0,27.21
2025-02-22 18:15:00+00:00,2025-02-23 03:00:00+00:00,SELL,10.0,26.65
2025-02-22 19:30:00+00:00,2025-02-23 05:00:00+00:00,BUY,10.0,32.66
2025-02-22 20:15:00+00:00,2025-02-23 05:00:00+00:00,SELL,10.0,32.82
2025-02-22 20:30:00+00:00,2025-02-23 06:00:00+00:00,BUY,10.0,21.97
2025-02-22 21:15:00+00:00,2025-02-23 06:00:00+00:00,SELL,10.0,25.59
2025-02-22 22:30:00+00:00,2025-02-23 08:00:00+00:00,BUY,10.0,35.07
2025-02-22 23:15:00+00:00,2025-02-23 08:00:00+00:00,SELL,10.0,36.93
2025-02-23 02:30:00+00:00,2025-02-23 12:00:00+00:00,BUY,10.0,20.21
2025-02-23 03:00:00+00:00,2025-02-23 12:00:00+00:00,SELL,10.0,20.5
2025-02-23 03:30:00+00:00,2025-02-23 13:00:00+00:00,BUY,10.0,23.51
2025-02-23 04:00:00+00:00,2025-02-23 13:00:00+00:00,SELL,10.0,23.14
2025-02-23 11:30:00+00:00,2025-02-23 21:00:00+00:00,BUY,10.0,22.03
2025-02-23 12:15:00+00:00,2025-02-23 21:00:00+00:00,SELL,10.0,23.97
2025-02-23 13:30:00+00:00,2025-02-23 23:00:00+00:00,BUY,10.0,14.65
2025-02-23 14:15:00+00:00,2025-02-23 23:00:00+00:00,SELL,10.0,23.31
2025-02-23 21:30:00+00:00,2025-02-24 06:00:00+00:00,SELL,10.0,28.46
2025-02-23 22:00:00+00:00,2025-02-24 06:00:00+00:00,BUY,10.0,23.31
2025-02-23 22:30:00+00:00,2025-02-24 08:00:00+00:00,SELL,10.0,34.05
2025-02-23 23:00:00+00:00,2025-02-24 08:00:00+00:00,BUY,10.0,32.34
2025-02-24 00:30:00+00:00,2025-02-24 09:00:00+00:00,SELL,10.0,26.99
2025-02-24 01:00:00+00:00,2025-02-24 09:00:00+00:00,BUY,10.0,23.24
2025-02-26 18:30:00+00:00,2025-02-27 04:00:00+00:00,BUY,10.0,29.02
2025-02-26 19:00:00+00:00,2025-02-27 04:00:00+00:00,SELL,10.0,33.03
2025-02-27 00:30:00+00:00,2025-02-27 10:00:00+00:00,BUY,10.0,30.64
2025-02-27 01:00:00+00:00,2025-02-27 10:00:00+00:00,SELL,10.0,34.98
2025-02-27 01:30:00+00:00,2025-02-27 11:00:00+00:00,BUY,10.0,30.63
2025-02-27 02:00:00+00:00,2025-02-27 11:00:00+00:00,SELL,10.0,32.81
2025-02-27 08:30:00+00:00,2025-02-27 18:00:00+00:00,BUY,10.0,33.0
2025-02-27 09:15:00+00:00,2025-02-27 18:00:00+00:00,SELL,10.0,34.82
2025-02-27 09:30:00+00:00,2025-02-27 19:00:00+00:00,BUY,10.0,37.31
2025-02-27 10:00:00+00:00,2025-02-27 19:00:00+00:00,SELL,10.0,38.84
2025-02-27 10:30:00+00:00,2025-02-27 20:00:00+00:00,BUY,10.0,36.4
2025-02-27 11:00:00+00:00,2025-02-27 20:00:00+00:00,SELL,10.0,37.04
2025-02-27 13:30:00+00:00,2025-02-27 21:00:00+00:00,BUY,10.0,33.79
2025-02-27 14:00:00+00:00,2025-02-27 21:00:00+00:00,SELL,10.0,34.57
2025-02-28 08:30:00+00:00,2025-02-28 18:00:00+00:00,SELL,10.0,85.62
2025-02-28 09:00:00+00:00,2025-02-28 18:00:00+00:00,BUY,10.0,80.07
2025-03-03 01:30:00+00:00,2025-03-03 11:00:00+00:00,BUY,10.0,27.63
2025-03-03 02:00:00+00:00,2025-03-03 11:00:00+00:00,SELL,10.0,30.3
2025-03-03 10:30:00+00:00,2025-03-03 20:00:00+00:00,BUY,10.0,25.29
2025-03-03 11:00:00+00:00,2025-03-03 20:00:00+00:00,SELL,10.0,28.26
2025-03-03 12:30:00+00:00,2025-03-03 22:00:00+00:00,BUY,10.0,23.34
2025-03-03 13:00:00+00:00,2025-03-03 22:00:00+00:00,SELL,10.0,25.21
2025-03-04 20:30:00+00:00,2025-03-05 06:00:00+00:00,SELL,10.0,53.52
2025-03-04 21:00:00+00:00,2025-03-05 06:00:00+00:00,BUY,10.0,49.91
2025-03-04 23:30:00+00:00,2025-03-05 09:00:00+00:00,SELL,10.0,52.08
2025-03-05 00:00:00+00:00,2025-03-05 09:00:00+00:00,BUY,10.0,48.76
2025-03-05 07:30:00+00:00,2025-03-05 15:00:00+00:00,SELL,10.0,43.16
2025-03-05 08:00:00+00:00,2025-03-05 15:00:00+00:00,BUY,10.0,41.35
2025-03-07 12:30:00+00:00,2025-03-07 21:00:00+00:00,SELL,10.0,45.2
2025-03-07 13:00:00+00:00,2025-03-07 21:00:00+00:00,BUY,10.0,41.37
2025-03-09 15:30:00+00:00,2025-03-10 01:00:00+00:00,BUY,10.0,39.06
2025-03-09 16:15:00+00:00,2025-03-10 01:00:00+00:00,SELL,10.0,40.68
2025-03-09 16:30:00+00:00,2025-03-10 02:00:00+00:00,BUY,10.0,35.74
2025-03-09 17:15:00+00:00,2025-03-10 02:00:00+00:00,SELL,10.0,36.23
2025-03-09 17:30:00+00:00,2025-03-10 03:00:00+00:00,BUY,10.0,48.74
2025-03-09 18:15:00+00:00,2025-03-10 03:00:00+00:00,SELL,10.0,47.71
2025-03-09 18:30:00+00:00,2025-03-10 04:00:00+00:00,BUY,10.0,42.01
2025-03-09 19:15:00+00:00,2025-03-10 04:00:00+00:00,SELL,10.0,43.98
2025-03-09 19:30:00+00:00,2025-03-10 05:00:00+00:00,BUY,10.0,57.65
2025-03-09 20:15:00+00:00,2025-03-10 05:00:00+00:00,SELL,10.0,57.14
2025-03-09 20:30:00+00:00,2025-03-10 06:00:00+00:00,BUY,10.0,57.92
2025-03-09 21:00:00+00:00,2025-03-10 06:00:00+00:00,SELL,10.0,58.2
2025-03-09 21:30:00+00:00,2025-03-10 07:00:00+00:00,BUY,10.0,48.71
2025-03-09 22:15:00+00:00,2025-03-10 07:00:00+00:00,SELL,10.0,49.55
2025-03-09 22:30:00+00:00,2025-03-10 08:00:00+00:00,BUY,10.0,48.63
2025-03-09 23:15:00+00:00,2025-03-10 08:00:00+00:00,SELL,10.0,48.39
2025-03-09 23:30:00+00:00,2025-03-10 09:00:00+00:00,BUY,10.0,49.5
2025-03-10 00:15:00+00:00,2025-03-10 09:00:00+00:00,SELL,10.0,50.24
2025-03-10 00:30:00+00:00,2025-03-10 10:00:00+00:00,BUY,10.0,50.22
2025-03-10 01:15:00+00:00,2025-03-10 10:00:00+00:00,SELL,10.0,49.72
2025-03-10 01:30:00+00:00,2025-03-10 11:00:00+00:00,BUY,10.0,45.07
2025-03-10 02:15:00+00:00,2025-03-10 11:00:00+00:00,SELL,10.0,44.42
2025-03-10 02:30:00+00:00,2025-03-10 12:00:00+00:00,BUY,10.0,38.07
2025-03-10 03:15:00+00:00,2025-03-10 12:00:00+00:00,SELL,10.0,40.62
2025-03-10 03:30:00+00:00,2025-03-10 13:00:00+00:00,BUY,10.0,43.03
2025-03-10 04:15:00+00:00,2025-03-10 13:00:00+00:00,SELL,10.0,43.39
2025-03-10 04:30:00+00:00,2025-03-10 14:00:00+00:00,BUY,10.0,37.43
2025-03-10 05:15:00+00:00,2025-03-10 14:00:00+00:00,SELL,10.0,38.91
2025-03-10 05:30:00+00:00,2025-03-10 15:00:00+00:00,BUY,10.0,37.75
2025-03-10 06:15:00+00:00,2025-03-10 15:00:00+00:00,SELL,10.0,37.73
2025-03-10 06:30:00+00:00,2025-03-10 16:00:00+00:00,BUY,10.0,45.24
2025-03-10 07:15:00+00:00,2025-03-10 16:00:00+00:00,SELL,10.0,46.39
2025-03-10 07:30:00+00:00,2025-03-10 17:00:00+00:00,BUY,10.0,47.0
2025-03-10 08:15:00+00:00,2025-03-10 17:00:00+00:00,SELL,10.0,50.03
2025-03-10 08:30:00+00:00,2025-03-10 18:00:00+00:00,BUY,10.0,52.98
2025-03-10 09:00:00+00:00,2025-03-10 18:00:00+00:00,SELL,10.0,54.15
2025-03-10 11:30:00+00:00,2025-03-10 21:00:00+00:00,BUY,10.0,42.65
2025-03-10 12:00:00+00:00,2025-03-10 21:00:00+00:00,SELL,10.0,43.38
2025-03-10 12:30:00+00:00,2025-03-10 22:00:00+00:00,BUY,10.0,36.27
2025-03-10 13:00:00+00:00,2025-03-10 22:00:00+00:00,SELL,10.0,37.44
2025-03-10 13:30:00+00:00,2025-03-10 23:00:00+00:00,BUY,10.0,44.88
2025-03-10 14:15:00+00:00,2025-03-10 23:00:00+00:00,SELL,10.0,45.81
2025-03-13 15:30:00+00:00,2025-03-14 01:00:00+00:00,SELL,10.0,-78.08
2025-03-13 16:00:00+00:00,2025-03-14 01:00:00+00:00,BUY,10.0,-85.93
2025-03-13 18:30:00+00:00,2025-03-14 03:00:00+00:00,BUY,10.0,-34.67
2025-03-13 19:00:00+00:00,2025-03-14 03:00:00+00:00,SELL,10.0,-24.79
2025-03-13 20:30:00+00:00,2025-03-14 05:00:00+00:00,BUY,10.0,15.16
2025-03-13 21:15:00+00:00,2025-03-14 05:00:00+00:00,SELL,10.0,19.1
2025-03-13 21:30:00+00:00,2025-03-14 06:00:00+00:00,BUY,10.0,21.71
2025-03-13 22:00:00+00:00,2025-03-14 06:00:00+00:00,SELL,10.0,24.51
2025-03-13 22:30:00+00:00,2025-03-14 07:00:00+00:00,BUY,10.0,26.97
2025-03-13 23:00:00+00:00,2025-03-14 07:00:00+00:00,SELL,10.0,27.68
2025-03-13 23:30:00+00:00,2025-03-14 08:00:00+00:00,BUY,10.0,23.07
2025-03-14 00:00:00+00:00,2025-03-14 08:00:00+00:00,SELL,10.0,22.91
2025-03-14 02:30:00+00:00,2025-03-14 11:00:00+00:00,BUY,10.0,21.88
2025-03-14 03:00:00+00:00,2025-03-14 11:00:00+00:00,SELL,10.0,22.23
2025-03-14 03:30:00+00:00,2025-03-14 12:00:00+00:00,BUY,10.0,23.55
2025-03-14 04:15:00+00:00,2025-03-14 12:00:00+00:00,SELL,10.0,29.19
2025-03-14 05:30:00+00:00,2025-03-14 14:00:00+00:00,BUY,10.0,12.86
2025-03-14 06:15:00+00:00,2025-03-14 14:00:00+00:00,SELL,10.0,24.08
2025-03-14 06:30:00+00:00,2025-03-14 15:00:00+00:00,BUY,10.0,10.13
2025-03-14 07:00:00+00:00,2025-03-14 15:00:00+00:00,SELL,10.0,13.21
2025-03-14 11:30:00+00:00,2025-03-14 21:00:00+00:00,SELL,10.0,-16.45
2025-03-14 12:15:00+00:00,2025-03-14 21:00:00+00:00,BUY,10.0,-28.29
2025-03-14 12:30:00+00:00,2025-03-14 21:00:00+00:00,BUY,10.0,-19.17
2025-03-14 13:00:00+00:00,2025-03-14 21:00:00+00:00,SELL,10.0,-1.9
2025-03-16 02:30:00+00:00,2025-03-16 10:00:00+00:00,BUY,10.0,34.38
2025-03-16 03:00:00+00:00,2025-03-16 10:00:00+00:00,SELL,10.0,36.0
2025-03-16 04:30:00+00:00,2025-03-16 12:00:00+00:00,BUY,10.0,27.92
2025-03-16 05:00:00+00:00,2025-03-16 12:00:00+00:00,SELL,10.0,28.73
2025-03-16 09:30:00+00:00,2025-03-16 17:00:00+00:00,BUY,10.0,28.17
2025-03-16 10:00:00+00:00,2025-03-16 17:00:00+00:00,SELL,10.0,30.88
2025-03-18 17:30:00+00:00,2025-03-19 02:00:00+00:00,BUY,10.0,38.63
2025-03-18 18:15:00+00:00,2025-03-19 02:00:00+00:00,SELL,10.0,42.62
2025-03-18 20:30:00+00:00,2025-03-19 05:00:00+00:00,BUY,10.0,50.73
2025-03-18 21:15:00+00:00,2025-03-19 05:00:00+00:00,SELL,10.0,52.62
2025-03-19 05:30:00+00:00,2025-03-19 14:00:00+00:00,BUY,10.0,45.66
2025-03-19 06:00:00+00:00,2025-03-19 14:00:00+00:00,SELL,10.0,46.02
2025-03-19 06:30:00+00:00,2025-03-19 15:00:00+00:00,BUY,10.0,58.6
2025-03-19 07:00:00+00:00,2025-03-19 15:00:00+00:00,SELL,10.0,58.17
2025-03-21 11:30:00+00:00,2025-03-21 21:00:00+00:00,BUY,10.0,41.29
2025-03-21 12:15:00+00:00,2025-03-21 21:00:00+00:00,SELL,10.0,45.85
2025-03-21 20:30:00+00:00,2025-03-22 06:00:00+00:00,SELL,10.0,76.11
2025-03-21 21:00:00+00:00,2025-03-22 06:00:00+00:00,BUY,10.0,75.94
2025-03-22 00:30:00+00:00,2025-03-22 10:00:00+00:00,SELL,10.0,54.36
2025-03-22 01:00:00+00:00,2025-03-22 10:00:00+00:00,BUY,10.0,50.97
2025-03-23 14:30:00+00:00,2025-03-24 00:00:00+00:00,SELL,10.0,50.68
2025-03-23 15:15:00+00:00,2025-03-24 00:00:00+00:00,BUY,10.0,48.47
2025-03-23 16:30:00+00:00,2025-03-24 02:00:00+00:00,SELL,10.0,44.18
2025-03-23 17:00:00+00:00,2025-03-24 02:00:00+00:00,BUY,10.0,44.1
2025-03-24 01:30:00+00:00,2025-03-24 11:00:00+00:00,SELL,10.0,50.74
2025-03-24 02:00:00+00:00,2025-03-24 11:00:00+00:00,BUY,10.0,49.39
2025-03-24 05:30:00+00:00,2025-03-24 14:00:00+00:00,BUY,10.0,59.36
2025-03-24 06:00:00+00:00,2025-03-24 14:00:00+00:00,SELL,10.0,62.91
2025-03-24 11:30:00+00:00,2025-03-24 20:00:00+00:00,BUY,10.0,54.47
2025-03-24 12:00:00+00:00,2025-03-24 20:00:00+00:00,SELL,10.0,58.22
2025-03-26 02:30:00+00:00,2025-03-26 12:00:00+00:00,BUY,10.0,47.99
2025-03-26 03:15:00+00:00,2025-03-26 12:00:00+00:00,SELL,10.0,48.47
2025-03-26 11:30:00+00:00,2025-03-26 20:00:00+00:00,BUY,10.0,52.39
2025-03-26 12:00:00+00:00,2025-03-26 20:00:00+00:00,SELL,10.0,54.27
2025-03-28 14:30:00+00:00,2025-03-29 00:00:00+00:00,BUY,10.0,37.95
2025-03-28 15:00:00+00:00,2025-03-29 00:00:00+00:00,SELL,10.0,37.85
2025-03-28 16:30:00+00:00,2025-03-29 02:00:00+00:00,BUY,10.0,34.38
2025-03-28 17:15:00+00:00,2025-03-29 02:00:00+00:00,SELL,10.0,35.47
2025-03-29 03:30:00+00:00,2025-03-29 13:00:00+00:00,BUY,10.0,43.35
2025-03-29 04:00:00+00:00,2025-03-29 13:00:00+00:00,SELL,10.0,42.67
2025-03-29 05:30:00+00:00,2025-03-29 15:00:00+00:00,BUY,10.0,45.15
2025-03-29 06:15:00+00:00,2025-03-29 15:00:00+00:00,SELL,10.0,46.56
2025-03-29 06:30:00+00:00,2025-03-29 16:00:00+00:00,BUY,10.0,49.51
2025-03-29 07:15:00+00:00,2025-03-29 16:00:00+00:00,SELL,10.0,48.61
2025-03-29 08:30:00+00:00,2025-03-29 18:00:00+00:00,BUY,10.0,54.84
2025-03-29 09:00:00+00:00,2025-03-29 18:00:00+00:00,SELL,10.0,55.61
2025-03-29 10:30:00+00:00,2025-03-29 20:00:00+00:00,BUY,10.0,47.31
2025-03-29 11:00:00+00:00,2025-03-29 20:00:00+00:00,SELL,10.0,48.85
2025-03-29 11:30:00+00:00,2025-03-29 21:00:00+00:00,BUY,10.0,46.55
2025-03-29 12:15:00+00:00,2025-03-29 21:00:00+00:00,SELL,10.0,45.17
2025-03-29 13:30:00+00:00,2025-03-29 23:00:00+00:00,BUY,10.0,39.08
2025-03-29 14:15:00+00:00,2025-03-29 23:00:00+00:00,SELL,10.0,39.34
2025-03-30 14:30:00+00:00,2025-03-31 00:00:00+00:00,BUY,10.0,26.64
2025-03-30 15:15:00+00:00,2025-03-31 00:00:00+00:00,SELL,10.0,31.23
2025-03-30 17:30:00+00:00,2025-03-31 01:00:00+00:00,SELL,10.0,30.0
2025-03-30 18:00:00+00:00,2025-03-31 01:00:00+00:00,BUY,10.0,26.75
2025-03-30 19:30:00+00:00,2025-03-31 05:00:00+00:00,BUY,10.0,36.58
2025-03-30 20:00:00+00:00,2025-03-31 05:00:00+00:00,SELL,10.0,39.24
2025-03-30 22:30:00+00:00,2025-03-31 08:00:00+00:00,BUY,10.0,47.7
2025-03-30 23:15:00+00:00,2025-03-31 08:00:00+00:00,SELL,10.0,55.92
2025-03-31 06:30:00+00:00,2025-03-31 16:00:00+00:00,BUY,10.0,40.62
2025-03-31 07:15:00+00:00,2025-03-31 16:00:00+00:00,SELL,10.0,42.64
2025-03-31 13:30:00+00:00,2025-03-31 21:00:00+00:00,SELL,10.0,33.93
2025-03-31 14:00:00+00:00,2025-03-31 21:00:00+00:00,BUY,10.0,33.64
2025-04-01 19:30:00+00:00,2025-04-02 04:00:00+00:00,BUY,10.0,30.28
2025-04-01 20:00:00+00:00,2025-04-02 04:00:00+00:00,SELL,10.0,33.16
2025-04-02 14:30:00+00:00,2025-04-03 00:00:00+00:00,BUY,10.0,32.39
2025-04-02 15:15:00+00:00,2025-04-03 00:00:00+00:00,SELL,10.0,34.31
2025-04-02 15:30:00+00:00,2025-04-03 01:00:00+00:00,BUY,10.0,35.83
2025-04-02 16:15:00+00:00,2025-04-03 01:00:00+00:00,SELL,10.0,36.47
2025-04-02 16:30:00+00:00,2025-04-03 02:00:00+00:00,BUY,10.0,35.31
2025-04-02 17:15:00+00:00,2025-04-03 02:00:00+00:00,SELL,10.0,39.9
2025-04-02 18:30:00+00:00,2025-04-03 04:00:00+00:00,BUY,10.0,45.61
2025-04-02 19:00:00+00:00,2025-04-03 04:00:00+00:00,SELL,10.0,50.76
2025-04-02 19:30:00+00:00,2025-04-03 05:00:00+00:00,BUY,10.0,41.59
2025-04-02 20:15:00+00:00,2025-04-03 05:00:00+00:00,SELL,10.0,45.62
2025-04-02 20:30:00+00:00,2025-04-03 06:00:00+00:00,BUY,10.0,52.85
2025-04-02 21:15:00+00:00,2025-04-03 06:00:00+00:00,SELL,10.0,53.96
2025-04-02 22:30:00+00:00,2025-04-03 08:00:00+00:00,BUY,10.0,58.47
2025-04-02 23:00:00+00:00,2025-04-03 08:00:00+00:00,SELL,10.0,59.61
2025-04-03 00:30:00+00:00,2025-04-03 10:00:00+00:00,BUY,10.0,49.0
2025-04-03 01:15:00+00:00,2025-04-03 10:00:00+00:00,SELL,10.0,53.14
2025-04-03 01:30:00+00:00,2025-04-03 11:00:00+00:00,BUY,10.0,44.9
2025-04-03 02:00:00+00:00,2025-04-03 11:00:00+00:00,SELL,10.0,46.28
2025-04-03 02:30:00+00:00,2025-04-03 12:00:00+00:00,BUY,10.0,41.22
2025-04-03 03:15:00+00:00,2025-04-03 12:00:00+00:00,SELL,10.0,42.55
2025-04-03 03:30:00+00:00,2025-04-03 13:00:00+00:00,BUY,10.0,39.45
2025-04-03 04:15:00+00:00,2025-04-03 13:00:00+00:00,SELL,10.0,39.94
2025-04-03 04:30:00+00:00,2025-04-03 14:00:00+00:00,BUY,10.0,49.27
2025-04-03 05:15:00+00:00,2025-04-03 14:00:00+00:00,SELL,10.0,51.7
2025-04-03 05:30:00+00:00,2025-04-03 15:00:00+00:00,BUY,10.0,40.84
2025-04-03 06:00:00+00:00,2025-04-03 15:00:00+00:00,SELL,10.0,43.97
2025-04-03 06:30:00+00:00,2025-04-03 16:00:00+00:00,BUY,10.0,59.82
2025-04-03 07:15:00+00:00,2025-04-03 16:00:00+00:00,SELL,10.0,58.45
2025-04-03 07:30:00+00:00,2025-04-03 17:00:00+00:00,BUY,10.0,55.14
2025-04-03 08:00:00+00:00,2025-04-03 17:00:00+00:00,SELL,10.0,54.8
2025-04-03 09:30:00+00:00,2025-04-03 19:00:00+00:00,BUY,10.0,52.41
2025-04-03 10:15:00+00:00,2025-04-03 19:00:00+00:00,SELL,10.0,56.94
2025-04-03 10:30:00+00:00,2025-04-03 20:00:00+00:00,BUY,10.0,54.91
2025-04-03 10:30:00+00:00,2025-04-03 19:00:00+00:00,SELL,10.0,54.11
2025-04-03 11:00:00+00:00,2025-04-03 19:00:00+00:00,BUY,10.0,53.92
2025-04-03 11:15:00+00:00,2025-04-03 20:00:00+00:00,SELL,10.0,54.8
2025-04-03 12:30:00+00:00,2025-04-03 22:00:00+00:00,BUY,10.0,37.02
2025-04-03 13:15:00+00:00,2025-04-03 22:00:00+00:00,SELL,10.0,36.21
2025-04-07 20:30:00+00:00,2025-04-08 05:00:00+00:00,SELL,10.0,31.66
2025-04-07 21:00:00+00:00,2025-04-08 05:00:00+00:00,BUY,10.0,31.24
2025-04-08 00:30:00+00:00,2025-04-08 09:00:00+00:00,SELL,10.0,35.26
2025-04-08 01:00:00+00:00,2025-04-08 09:00:00+00:00,BUY,10.0,33.03
2025-04-08 03:30:00+00:00,2025-04-08 12:00:00+00:00,SELL,10.0,27.54
2025-04-08 04:15:00+00:00,2025-04-08 12:00:00+00:00,BUY,10.0,29.03
2025-04-08 09:30:00+00:00,2025-04-08 19:00:00+00:00,SELL,10.0,35.83
2025-04-08 10:15:00+00:00,2025-04-08 19:00:00+00:00,BUY,10.0,29.45
2025-04-09 06:30:00+00:00,2025-04-09 16:00:00+00:00,BUY,10.0,-27.65
2025-04-09 07:00:00+00:00,2025-04-09 16:00:00+00:00,SELL,10.0,11.65
2025-04-09 10:30:00+00:00,2025-04-09 20:00:00+00:00,BUY,10.0,31.39
2025-04-09 11:15:00+00:00,2025-04-09 20:00:00+00:00,SELL,10.0,32.89
2025-04-10 01:30:00+00:00,2025-04-10 10:00:00+00:00,BUY,10.0,16.35
2025-04-10 02:00:00+00:00,2025-04-10 10:00:00+00:00,SELL,10.0,35.3
2025-04-10 02:30:00+00:00,2025-04-10 11:00:00+00:00,BUY,10.0,37.66
2025-04-10 03:00:00+00:00,2025-04-10 11:00:00+00:00,SELL,10.0,52.94
2025-04-10 03:30:00+00:00,2025-04-10 12:00:00+00:00,BUY,10.0,25.53
2025-04-10 04:00:00+00:00,2025-04-10 12:00:00+00:00,SELL,10.0,25.34
2025-04-18 13:30:00+00:00,2025-04-18 20:00:00+00:00,BUY,10.0,142.89
2025-04-18 14:00:00+00:00,2025-04-18 20:00:00+00:00,SELL,10.0,140.99
2025-04-19 16:30:00+00:00,2025-04-20 02:00:00+00:00,SELL,10.0,37.51
2025-04-19 17:00:00+00:00,2025-04-20 02:00:00+00:00,BUY,10.0,35.04
2025-04-19 21:30:00+00:00,2025-04-20 07:00:00+00:00,SELL,10.0,69.92
2025-04-19 22:00:00+00:00,2025-04-20 07:00:00+00:00,BUY,10.0,63.46
2025-04-20 02:30:00+00:00,2025-04-20 12:00:00+00:00,SELL,10.0,26.79
2025-04-20 03:00:00+00:00,2025-04-20 12:00:00+00:00,BUY,10.0,25.89
2025-04-20 04:30:00+00:00,2025-04-20 14:00:00+00:00,SELL,10.0,40.07
2025-04-20 05:15:00+00:00,2025-04-20 14:00:00+00:00,BUY,10.0,35.64
2025-04-20 08:30:00+00:00,2025-04-20 18:00:00+00:00,SELL,10.0,61.21
2025-04-20 09:00:00+00:00,2025-04-20 18:00:00+00:00,BUY,10.0,57.24
2025-04-21 12:30:00+00:00,2025-04-21 21:00:00+00:00,SELL,10.0,36.47
2025-04-21 13:00:00+00:00,2025-04-21 21:00:00+00:00,BUY,10.0,35.6
2025-04-21 17:30:00+00:00,2025-04-22 01:00:00+00:00,BUY,10.0,22.66
2025-04-21 18:00:00+00:00,2025-04-22 01:00:00+00:00,SELL,10.0,23.51
2025-04-21 22:30:00+00:00,2025-04-22 08:00:00+00:00,SELL,10.0,35.75
2025-04-21 23:00:00+00:00,2025-04-22 08:00:00+00:00,BUY,10.0,32.17
2025-04-22 01:30:00+00:00,2025-04-22 11:00:00+00:00,SELL,10.0,20.4
2025-04-22 02:00:00+00:00,2025-04-22 11:00:00+00:00,BUY,10.0,16.77
2025-04-22 18:30:00+00:00,2025-04-23 04:00:00+00:00,BUY,10.0,22.17
2025-04-22 19:15:00+00:00,2025-04-23 04:00:00+00:00,SELL,10.0,26.69
2025-04-22 22:30:00+00:00,2025-04-23 08:00:00+00:00,BUY,10.0,24.11
2025-04-22 23:00:00+00:00,2025-04-23 08:00:00+00:00,SELL,10.0,27.99
2025-04-23 02:30:00+00:00,2025-04-23 12:00:00+00:00,BUY,10.0,3.15
2025-04-23 03:00:00+00:00,2025-04-23 12:00:00+00:00,SELL,10.0,27.03
2025-04-23 03:30:00+00:00,2025-04-23 13:00:00+00:00,BUY,10.0,-41.27
2025-04-23 04:00:00+00:00,2025-04-23 13:00:00+00:00,SELL,10.0,11.35
2025-04-23 10:30:00+00:00,2025-04-23 20:00:00+00:00,BUY,10.0,20.6
2025-04-23 11:00:00+00:00,2025-04-23 20:00:00+00:00,SELL,10.0,23.39
2025-04-23 11:30:00+00:00,2025-04-23 21:00:00+00:00,BUY,10.0,27.75
2025-04-23 12:00:00+00:00,2025-04-23 21:00:00+00:00,SELL,10.0,29.24
2025-04-23 12:30:00+00:00,2025-04-23 22:00:00+00:00,BUY,10.0,8.41
2025-04-23 13:00:00+00:00,2025-04-23 22:00:00+00:00,SELL,10.0,12.27
2025-04-23 13:30:00+00:00,2025-04-23 23:00:00+00:00,BUY,10.0,23.42
2025-04-23 14:00:00+00:00,2025-04-23 23:00:00+00:00,SELL,10.0,27.74
2025-04-24 22:30:00+00:00,2025-04-25 08:00:00+00:00,SELL,10.0,51.4
2025-04-24 23:00:00+00:00,2025-04-25 08:00:00+00:00,BUY,10.0,52.32
2025-04-28 14:30:00+00:00,2025-04-29 00:00:00+00:00,BUY,10.0,34.39
2025-04-28 15:15:00+00:00,2025-04-29 00:00:00+00:00,SELL,10.0,37.56
2025-04-28 16:30:00+00:00,2025-04-29 01:00:00+00:00,BUY,10.0,44.89
2025-04-28 17:00:00+00:00,2025-04-29 01:00:00+00:00,SELL,10.0,44.77
2025-04-28 18:30:00+00:00,2025-04-29 03:00:00+00:00,BUY,10.0,45.59
2025-04-28 19:00:00+00:00,2025-04-29 03:00:00+00:00,SELL,10.0,48.26
2025-04-29 00:30:00+00:00,2025-04-29 10:00:00+00:00,BUY,10.0,39.42
2025-04-29 01:00:00+00:00,2025-04-29 10:00:00+00:00,SELL,10.0,39.22
2025-04-29 01:30:00+00:00,2025-04-29 10:00:00+00:00,BUY,10.0,44.28
2025-04-29 02:15:00+00:00,2025-04-29 10:00:00+00:00,SELL,10.0,43.84
2025-04-29 03:30:00+00:00,2025-04-29 13:00:00+00:00,BUY,10.0,34.75
2025-04-29 04:00:00+00:00,2025-04-29 13:00:00+00:00,SELL,10.0,34.47
2025-04-29 07:30:00+00:00,2025-04-29 16:00:00+00:00,BUY,10.0,39.78
2025-04-29 08:00:00+00:00,2025-04-29 16:00:00+00:00,SELL,10.0,41.17
2025-04-29 12:30:00+00:00,2025-04-29 21:00:00+00:00,BUY,10.0,43.92
2025-04-29 13:15:00+00:00,2025-04-29 21:00:00+00:00,SELL,10.0,45.36
2025-04-30 14:30:00+00:00,2025-05-01 00:00:00+00:00,SELL,10.0,41.6
2025-04-30 15:15:00+00:00,2025-05-01 00:00:00+00:00,BUY,10.0,39.81
2025-04-30 18:30:00+00:00,2025-05-01 04:00:00+00:00,SELL,10.0,40.55
2025-04-30 19:00:00+00:00,2025-05-01 04:00:00+00:00,BUY,10.0,40.15
2025-05-01 13:30:00+00:00,2025-05-01 23:00:00+00:00,SELL,10.0,38.48
2025-05-01 14:00:00+00:00,2025-05-01 23:00:00+00:00,BUY,10.0,37.45
2025-05-03 17:30:00+00:00,2025-05-04 03:00:00+00:00,BUY,10.0,42.2
2025-05-03 18:00:00+00:00,2025-05-04 03:00:00+00:00,SELL,10.0,42.42
2025-05-07 14:30:00+00:00,2025-05-08 00:00:00+00:00,SELL,10.0,43.67
2025-05-07 15:15:00+00:00,2025-05-08 00:00:00+00:00,BUY,10.0,38.95
2025-05-08 00:30:00+00:00,2025-05-08 10:00:00+00:00,SELL,10.0,36.06
2025-05-08 01:00:00+00:00,2025-05-08 10:00:00+00:00,BUY,10.0,34.64
2025-05-08 10:30:00+00:00,2025-05-08 20:00:00+00:00,SELL,10.0,45.87
2025-05-08 11:00:00+00:00,2025-05-08 20:00:00+00:00,BUY,10.0,41.44
2025-05-10 15:30:00+00:00,2025-05-11 00:00:00+00:00,BUY,10.0,38.65
2025-05-10 16:15:00+00:00,2025-05-11 00:00:00+00:00,SELL,10.0,40.61
2025-05-10 16:30:00+00:00,2025-05-11 01:00:00+00:00,BUY,10.0,31.24
2025-05-10 17:15:00+00:00,2025-05-11 01:00:00+00:00,SELL,10.0,33.99
2025-05-10 19:30:00+00:00,2025-05-11 04:00:00+00:00,BUY,10.0,46.38
2025-05-10 20:00:00+00:00,2025-05-11 04:00:00+00:00,SELL,10.0,44.56
2025-05-10 20:30:00+00:00,2025-05-11 05:00:00+00:00,BUY,10.0,43.32
2025-05-10 21:15:00+00:00,2025-05-11 05:00:00+00:00,SELL,10.0,46.97
2025-05-10 22:30:00+00:00,2025-05-11 07:00:00+00:00,BUY,10.0,44.03
2025-05-10 23:00:00+00:00,2025-05-11 07:00:00+00:00,SELL,10.0,46.8
2025-05-11 04:30:00+00:00,2025-05-11 13:00:00+00:00,BUY,10.0,36.3
2025-05-11 05:00:00+00:00,2025-05-11 13:00:00+00:00,SELL,10.0,38.29
2025-05-11 08:30:00+00:00,2025-05-11 17:00:00+00:00,BUY,10.0,41.5
2025-05-11 09:00:00+00:00,2025-05-11 17:00:00+00:00,SELL,10.0,42.74
2025-05-11 09:30:00+00:00,2025-05-11 18:00:00+00:00,BUY,10.0,45.44
2025-05-11 10:15:00+00:00,2025-05-11 18:00:00+00:00,SELL,10.0,48.01
2025-05-11 15:30:00+00:00,2025-05-12 00:00:00+00:00,SELL,10.0,30.22
2025-05-11 16:15:00+00:00,2025-05-12 00:00:00+00:00,BUY,10.0,27.46
2025-05-12 03:30:00+00:00,2025-05-12 12:00:00+00:00,SELL,10.0,44.67
2025-05-12 04:00:00+00:00,2025-05-12 12:00:00+00:00,BUY,10.0,41.45
2025-05-12 07:30:00+00:00,2025-05-12 16:00:00+00:00,SELL,10.0,42.99
2025-05-12 08:00:00+00:00,2025-05-12 16:00:00+00:00,BUY,10.0,40.99
2025-05-12 08:30:00+00:00,2025-05-12 17:00:00+00:00,SELL,10.0,46.08
2025-05-12 09:00:00+00:00,2025-05-12 17:00:00+00:00,BUY,10.0,42.09
2025-05-12 14:30:00+00:00,2025-05-13 00:00:00+00:00,BUY,10.0,33.33
2025-05-12 15:00:00+00:00,2025-05-13 00:00:00+00:00,SELL,10.0,36.6
2025-05-12 15:30:00+00:00,2025-05-13 01:00:00+00:00,BUY,10.0,39.06
2025-05-12 16:00:00+00:00,2025-05-13 01:00:00+00:00,SELL,10.0,38.46
2025-05-12 19:30:00+00:00,2025-05-13 05:00:00+00:00,BUY,10.0,38.08
2025-05-12 20:00:00+00:00,2025-05-13 05:00:00+00:00,SELL,10.0,37.53
2025-05-12 20:30:00+00:00,2025-05-13 06:00:00+00:00,BUY,10.0,42.67
2025-05-12 21:15:00+00:00,2025-05-13 06:00:00+00:00,SELL,10.0,44.77
2025-05-12 21:30:00+00:00,2025-05-13 07:00:00+00:00,BUY,10.0,43.66
2025-05-12 22:15:00+00:00,2025-05-13 07:00:00+00:00,SELL,10.0,43.71
2025-05-12 22:30:00+00:00,2025-05-13 08:00:00+00:00,BUY,10.0,38.29
2025-05-12 23:15:00+00:00,2025-05-13 08:00:00+00:00,SELL,10.0,40.61
2025-05-13 00:30:00+00:00,2025-05-13 10:00:00+00:00,BUY,10.0,36.38
2025-05-13 01:15:00+00:00,2025-05-13 10:00:00+00:00,SELL,10.0,38.7
2025-05-13 01:30:00+00:00,2025-05-13 11:00:00+00:00,BUY,10.0,26.37
2025-05-13 02:15:00+00:00,2025-05-13 11:00:00+00:00,SELL,10.0,29.26
2025-05-13 02:30:00+00:00,2025-05-13 12:00:00+00:00,BUY,10.0,27.88
2025-05-13 03:15:00+00:00,2025-05-13 12:00:00+00:00,SELL,10.0,29.35
2025-05-13 03:30:00+00:00,2025-05-13 13:00:00+00:00,BUY,10.0,31.4
2025-05-13 04:00:00+00:00,2025-05-13 13:00:00+00:00,SELL,10.0,32.15
2025-05-13 04:30:00+00:00,2025-05-13 14:00:00+00:00,BUY,10.0,33.89
2025-05-13 05:00:00+00:00,2025-05-13 14:00:00+00:00,SELL,10.0,34.0
2025-05-13 05:30:00+00:00,2025-05-13 15:00:00+00:00,BUY,10.0,29.61
2025-05-13 06:00:00+00:00,2025-05-13 15:00:00+00:00,SELL,10.0,31.6
2025-05-13 06:30:00+00:00,2025-05-13 16:00:00+00:00,BUY,10.0,33.14
2025-05-13 07:15:00+00:00,2025-05-13 16:00:00+00:00,SELL,10.0,34.11
2025-05-13 08:30:00+00:00,2025-05-13 18:00:00+00:00,BUY,10.0,43.12
2025-05-13 09:15:00+00:00,2025-05-13 18:00:00+00:00,SELL,10.0,43.61
2025-05-13 09:30:00+00:00,2025-05-13 19:00:00+00:00,BUY,10.0,39.84
2025-05-13 10:15:00+00:00,2025-05-13 19:00:00+00:00,SELL,10.0,43.33
2025-05-13 11:30:00+00:00,2025-05-13 21:00:00+00:00,BUY,10.0,30.76
2025-05-13 12:15:00+00:00,2025-05-13 21:00:00+00:00,SELL,10.0,35.93
2025-05-13 12:30:00+00:00,2025-05-13 22:00:00+00:00,BUY,10.0,30.79
2025-05-13 13:15:00+00:00,2025-05-13 22:00:00+00:00,SELL,10.0,31.57
2025-05-15 20:30:00+00:00,2025-05-16 06:00:00+00:00,BUY,10.0,58.44
2025-05-15 21:00:00+00:00,2025-05-16 06:00:00+00:00,SELL,10.0,61.19
2025-05-16 03:30:00+00:00,2025-05-16 12:00:00+00:00,BUY,10.0,43.73
2025-05-16 04:00:00+00:00,2025-05-16 12:00:00+00:00,SELL,10.0,42.3
2025-05-16 09:30:00+00:00,2025-05-16 19:00:00+00:00,BUY,10.0,58.18
2025-05-16 10:00:00+00:00,2025-05-16 19:00:00+00:00,SELL,10.0,57.05
2025-05-19 02:30:00+00:00,2025-05-19 12:00:00+00:00,SELL,10.0,32.91
2025-05-19 03:00:00+00:00,2025-05-19 12:00:00+00:00,BUY,10.0,29.88
2025-05-19 15:30:00+00:00,2025-05-20 01:00:00+00:00,BUY,10.0,34.08
2025-05-19 16:00:00+00:00,2025-05-20 01:00:00+00:00,SELL,10.0,36.55
2025-05-19 19:30:00+00:00,2025-05-20 05:00:00+00:00,BUY,10.0,33.56
2025-05-19 20:15:00+00:00,2025-05-20 05:00:00+00:00,SELL,10.0,38.03
2025-05-19 20:30:00+00:00,2025-05-20 06:00:00+00:00,BUY,10.0,42.11
2025-05-19 21:00:00+00:00,2025-05-20 06:00:00+00:00,SELL,10.0,44.67
2025-05-19 23:30:00+00:00,2025-05-20 09:00:00+00:00,BUY,10.0,25.54
2025-05-20 00:00:00+00:00,2025-05-20 09:00:00+00:00,SELL,10.0,26.41
2025-05-20 01:30:00+00:00,2025-05-20 11:00:00+00:00,BUY,10.0,14.61
2025-05-20 02:00:00+00:00,2025-05-20 11:00:00+00:00,SELL,10.0,29.11
2025-05-20 04:30:00+00:00,2025-05-20 14:00:00+00:00,BUY,10.0,9.08
2025-05-20 05:00:00+00:00,2025-05-20 14:00:00+00:00,SELL,10.0,22.99
2025-05-20 05:30:00+00:00,2025-05-20 15:00:00+00:00,BUY,10.0,4.11
2025-05-20 06:00:00+00:00,2025-05-20 15:00:00+00:00,SELL,10.0,24.61
2025-05-20 06:30:00+00:00,2025-05-20 16:00:00+00:00,BUY,10.0,23.96
2025-05-20 07:00:00+00:00,2025-05-20 16:00:00+00:00,SELL,10.0,29.33
2025-05-20 07:30:00+00:00,2025-05-20 17:00:00+00:00,BUY,10.0,32.97
2025-05-20 08:15:00+00:00,2025-05-20 17:00:00+00:00,SELL,10.0,37.94
2025-05-20 09:30:00+00:00,2025-05-20 19:00:00+00:00,BUY,10.0,44.07
2025-05-20 10:15:00+00:00,2025-05-20 19:00:00+00:00,SELL,10.0,48.15
2025-05-20 10:30:00+00:00,2025-05-20 20:00:00+00:00,BUY,10.0,30.25
2025-05-20 11:00:00+00:00,2025-05-20 20:00:00+00:00,SELL,10.0,32.04
2025-05-20 11:30:00+00:00,2025-05-20 21:00:00+00:00,BUY,10.0,36.87
2025-05-20 12:00:00+00:00,2025-05-20 21:00:00+00:00,SELL,10.0,37.72
2025-05-21 06:30:00+00:00,2025-05-21 16:00:00+00:00,SELL,10.0,39.44
2025-05-21 07:00:00+00:00,2025-05-21 16:00:00+00:00,BUY,10.0,39.6
2025-05-21 17:30:00+00:00,2025-05-22 03:00:00+00:00,SELL,10.0,42.45
2025-05-21 18:00:00+00:00,2025-05-22 03:00:00+00:00,BUY,10.0,38.39
2025-05-22 00:30:00+00:00,2025-05-22 10:00:00+00:00,SELL,10.0,53.82
2025-05-22 01:00:00+00:00,2025-05-22 10:00:00+00:00,BUY,10.0,52.7
2025-05-22 09:30:00+00:00,2025-05-22 19:00:00+00:00,SELL,10.0,61.1
2025-05-22 10:00:00+00:00,2025-05-22 19:00:00+00:00,BUY,10.0,57.85
2025-05-22 10:30:00+00:00,2025-05-22 20:00:00+00:00,SELL,10.0,49.04
2025-05-22 11:15:00+00:00,2025-05-22 20:00:00+00:00,BUY,10.0,45.29
2025-05-27 16:30:00+00:00,2025-05-28 02:00:00+00:00,BUY,10.0,25.7
2025-05-27 17:15:00+00:00,2025-05-28 02:00:00+00:00,SELL,10.0,32.35
2025-05-27 19:30:00+00:00,2025-05-28 05:00:00+00:00,BUY,10.0,38.7
2025-05-27 20:00:00+00:00,2025-05-28 05:00:00+00:00,SELL,10.0,40.61
2025-05-27 20:30:00+00:00,2025-05-28 06:00:00+00:00,BUY,10.0,47.01
2025-05-27 21:00:00+00:00,2025-05-28 06:00:00+00:00,SELL,10.0,46.81
2025-05-28 00:30:00+00:00,2025-05-28 10:00:00+00:00,BUY,10.0,45.84
2025-05-28 01:00:00+00:00,2025-05-28 10:00:00+00:00,SELL,10.0,47.82
2025-06-01 14:30:00+00:00,2025-06-02 00:00:00+00:00,SELL,10.0,32.74
2025-06-01 15:00:00+00:00,2025-06-02 00:00:00+00:00,BUY,10.0,29.57
2025-06-04 08:30:00+00:00,2025-06-04 18:00:00+00:00,SELL,10.0,58.83
2025-06-04 09:00:00+00:00,2025-06-04 18:00:00+00:00,BUY,10.0,61.15
2025-06-04 16:30:00+00:00,2025-06-05 01:00:00+00:00,SELL,10.0,37.56
2025-06-04 17:00:00+00:00,2025-06-05 01:00:00+00:00,BUY,10.0,35.17
2025-06-05 15:30:00+00:00,2025-06-06 01:00:00+00:00,BUY,10.0,31.51
2025-06-05 16:15:00+00:00,2025-06-06 01:00:00+00:00,SELL,10.0,34.11
2025-06-05 17:30:00+00:00,2025-06-06 03:00:00+00:00,BUY,10.0,32.35
2025-06-05 18:00:00+00:00,2025-06-06 03:00:00+00:00,SELL,10.0,32.4
2025-06-06 03:30:00+00:00,2025-06-06 13:00:00+00:00,BUY,10.0,29.43
2025-06-06 04:00:00+00:00,2025-06-06 13:00:00+00:00,SELL,10.0,32.7
2025-06-06 15:30:00+00:00,2025-06-07 01:00:00+00:00,SELL,10.0,34.3
2025-06-06 16:00:00+00:00,2025-06-07 01:00:00+00:00,BUY,10.0,32.68
2025-06-07 04:30:00+00:00,2025-06-07 12:00:00+00:00,BUY,10.0,38.74
2025-06-07 05:00:00+00:00,2025-06-07 12:00:00+00:00,SELL,10.0,40.36
2025-06-07 06:30:00+00:00,2025-06-07 14:00:00+00:00,BUY,10.0,39.95
2025-06-07 07:00:00+00:00,2025-06-07 14:00:00+00:00,SELL,10.0,37.67
2025-06-07 09:30:00+00:00,2025-06-07 19:00:00+00:00,SELL,10.0,44.48
2025-06-07 10:15:00+00:00,2025-06-07 19:00:00+00:00,BUY,10.0,41.08
2025-06-07 12:30:00+00:00,2025-06-07 22:00:00+00:00,SELL,10.0,29.22
2025-06-07 13:00:00+00:00,2025-06-07 22:00:00+00:00,BUY,10.0,27.29
2025-06-07 14:30:00+00:00,2025-06-08 00:00:00+00:00,BUY,10.0,37.1
2025-06-07 15:15:00+00:00,2025-06-08 00:00:00+00:00,SELL,10.0,40.35
2025-06-07 15:30:00+00:00,2025-06-08 01:00:00+00:00,BUY,10.0,35.6
2025-06-07 16:15:00+00:00,2025-06-08 01:00:00+00:00,SELL,10.0,36.48
2025-06-07 17:30:00+00:00,2025-06-08 03:00:00+00:00,BUY,10.0,38.01
2025-06-07 18:00:00+00:00,2025-06-08 03:00:00+00:00,SELL,10.0,38.37
2025-06-07 18:30:00+00:00,2025-06-08 04:00:00+00:00,BUY,10.0,45.63
2025-06-07 19:00:00+00:00,2025-06-08 04:00:00+00:00,SELL,10.0,44.4
2025-06-07 20:30:00+00:00,2025-06-08 06:00:00+00:00,BUY,10.0,37.43
2025-06-07 21:15:00+00:00,2025-06-08 06:00:00+00:00,SELL,10.0,41.1
2025-06-07 21:30:00+00:00,2025-06-08 07:00:00+00:00,BUY,10.0,54.45
2025-06-07 22:00:00+00:00,2025-06-08 07:00:00+00:00,SELL,10.0,55.73
2025-06-07 22:30:00+00:00,2025-06-08 08:00:00+00:00,BUY,10.0,49.94
2025-06-07 23:15:00+00:00,2025-06-08 08:00:00+00:00,SELL,10.0,51.68
2025-06-08 00:30:00+00:00,2025-06-08 10:00:00+00:00,BUY,10.0,39.58
2025-06-08 01:00:00+00:00,2025-06-08 10:00:00+00:00,SELL,10.0,40.52
2025-06-08 01:30:00+00:00,2025-06-08 11:00:00+00:00,BUY,10.0,36.23
2025-06-08 02:00:00+00:00,2025-06-08 11:00:00+00:00,SELL,10.0,40.88
2025-06-08 03:30:00+00:00,2025-06-08 13:00:00+00:00,BUY,10.0,41.06
2025-06-08 04:15:00+00:00,2025-06-08 13:00:00+00:00,SELL,10.0,42.69
2025-06-08 04:30:00+00:00,2025-06-08 14:00:00+00:00,BUY,10.0,37.81
2025-06-08 05:15:00+00:00,2025-06-08 14:00:00+00:00,SELL,10.0,40.42
2025-06-08 05:30:00+00:00,2025-06-08 15:00:00+00:00,BUY,10.0,35.68
2025-06-08 06:15:00+00:00,2025-06-08 15:00:00+00:00,SELL,10.0,37.67
2025-06-08 07:30:00+00:00,2025-06-08 17:00:00+00:00,BUY,10.0,47.01
2025-06-08 08:00:00+00:00,2025-06-08 17:00:00+00:00,SELL,10.0,50.55
2025-06-08 11:30:00+00:00,2025-06-08 21:00:00+00:00,BUY,10.0,47.62
2025-06-08 12:15:00+00:00,2025-06-08 21:00:00+00:00,SELL,10.0,47.42
2025-06-08 14:30:00+00:00,2025-06-09 00:00:00+00:00,BUY,10.0,33.07
2025-06-08 15:00:00+00:00,2025-06-09 00:00:00+00:00,SELL,10.0,32.49
2025-06-08 15:30:00+00:00,2025-06-09 01:00:00+00:00,BUY,10.0,31.16
2025-06-08 16:15:00+00:00,2025-06-09 01:00:00+00:00,SELL,10.0,33.87
2025-06-08 16:30:00+00:00,2025-06-09 02:00:00+00:00,BUY,10.0,32.85
2025-06-08 17:15:00+00:00,2025-06-09 02:00:00+00:00,SELL,10.0,32.74
2025-06-08 18:30:00+00:00,2025-06-09 04:00:00+00:00,BUY,10.0,37.63
2025-06-08 19:15:00+00:00,2025-06-09 04:00:00+00:00,SELL,10.0,37.38
2025-06-08 22:30:00+00:00,2025-06-09 08:00:00+00:00,BUY,10.0,51.19
2025-06-08 23:15:00+00:00,2025-06-09 08:00:00+00:00,SELL,10.0,52.41
2025-06-08 23:30:00+00:00,2025-06-09 09:00:00+00:00,BUY,10.0,38.2
2025-06-09 00:00:00+00:00,2025-06-09 09:00:00+00:00,SELL,10.0,37.52
2025-06-09 02:30:00+00:00,2025-06-09 12:00:00+00:00,BUY,10.0,31.4
2025-06-09 03:00:00+00:00,2025-06-09 12:00:00+00:00,SELL,10.0,29.91
2025-06-09 03:30:00+00:00,2025-06-09 13:00:00+00:00,BUY,10.0,36.43
2025-06-09 04:15:00+00:00,2025-06-09 13:00:00+00:00,SELL,10.0,28.59
2025-06-09 04:30:00+00:00,2025-06-09 14:00:00+00:00,BUY,10.0,42.79
2025-06-09 05:15:00+00:00,2025-06-09 14:00:00+00:00,SELL,10.0,38.32
2025-06-09 07:30:00+00:00,2025-06-09 17:00:00+00:00,BUY,10.0,53.48
2025-06-09 08:00:00+00:00,2025-06-09 17:00:00+00:00,SELL,10.0,53.84
2025-06-09 08:30:00+00:00,2025-06-09 18:00:00+00:00,BUY,10.0,44.11
2025-06-09 09:00:00+00:00,2025-06-09 18:00:00+00:00,SELL,10.0,45.25
2025-06-09 10:30:00+00:00,2025-06-09 20:00:00+00:00,BUY,10.0,38.97
2025-06-09 11:15:00+00:00,2025-06-09 20:00:00+00:00,SELL,10.0,38.95
2025-06-09 11:30:00+00:00,2025-06-09 21:00:00+00:00,BUY,10.0,28.76
2025-06-09 12:15:00+00:00,2025-06-09 21:00:00+00:00,SELL,10.0,31.77
2025-06-09 12:30:00+00:00,2025-06-09 22:00:00+00:00,BUY,10.0,29.93
2025-06-09 13:00:00+00:00,2025-06-09 22:00:00+00:00,SELL,10.0,30.96
2025-06-09 13:30:00+00:00,2025-06-09 23:00:00+00:00,BUY,10.0,32.13
2025-06-09 14:15:00+00:00,2025-06-09 23:00:00+00:00,SELL,10.0,31.3
2025-06-12 00:30:00+00:00,2025-06-12 10:00:00+00:00,BUY,10.0,27.54
2025-06-12 01:00:00+00:00,2025-06-12 10:00:00+00:00,SELL,10.0,27.15
2025-06-12 11:30:00+00:00,2025-06-12 20:00:00+00:00,BUY,10.0,28.78
2025-06-12 12:00:00+00:00,2025-06-12 20:00:00+00:00,SELL,10.0,29.95
2025-06-12 13:30:00+00:00,2025-06-12 23:00:00+00:00,BUY,10.0,22.12
2025-06-12 14:00:00+00:00,2025-06-12 23:00:00+00:00,SELL,10.0,23.64
2025-06-12 18:30:00+00:00,2025-06-13 04:00:00+00:00,BUY,10.0,32.91
2025-06-12 19:00:00+00:00,2025-06-13 04:00:00+00:00,SELL,10.0,34.89
2025-06-13 06:30:00+00:00,2025-06-13 16:00:00+00:00,BUY,10.0,22.35
2025-06-13 07:15:00+00:00,2025-06-13 16:00:00+00:00,SELL,10.0,27.82
2025-06-13 08:30:00+00:00,2025-06-13 18:00:00+00:00,BUY,10.0,51.81
2025-06-13 09:00:00+00:00,2025-06-13 18:00:00+00:00,SELL,10.0,57.43
2025-06-14 13:30:00+00:00,2025-06-14 23:00:00+00:00,BUY,10.0,25.39
2025-06-14 14:00:00+00:00,2025-06-14 23:00:00+00:00,SELL,10.0,27.47
2025-06-14 14:30:00+00:00,2025-06-15 00:00:00+00:00,BUY,10.0,22.33
2025-06-14 15:15:00+00:00,2025-06-15 00:00:00+00:00,SELL,10.0,21.75
2025-06-14 18:30:00+00:00,2025-06-15 04:00:00+00:00,BUY,10.0,26.5
2025-06-14 19:15:00+00:00,2025-06-15 04:00:00+00:00,SELL,10.0,27.7
2025-06-14 19:30:00+00:00,2025-06-15 05:00:00+00:00,BUY,10.0,31.98
2025-06-14 20:00:00+00:00,2025-06-15 05:00:00+00:00,SELL,10.0,31.31
2025-06-14 20:30:00+00:00,2025-06-15 06:00:00+00:00,BUY,10.0,34.71
2025-06-14 21:15:00+00:00,2025-06-15 06:00:00+00:00,SELL,10.0,34.68
2025-06-14 21:30:00+00:00,2025-06-15 07:00:00+00:00,BUY,10.0,25.33
2025-06-14 22:00:00+00:00,2025-06-15 07:00:00+00:00,SELL,10.0,25.99
2025-06-14 23:30:00+00:00,2025-06-15 09:00:00+00:00,BUY,10.0,22.65
2025-06-15 00:00:00+00:00,2025-06-15 09:00:00+00:00,SELL,10.0,22.84
2025-06-15 02:30:00+00:00,2025-06-15 12:00:00+00:00,BUY,10.0,-32.63
2025-06-15 03:00:00+00:00,2025-06-15 12:00:00+00:00,SELL,10.0,-31.83
2025-06-15 03:30:00+00:00,2025-06-15 13:00:00+00:00,BUY,10.0,24.61
2025-06-15 04:00:00+00:00,2025-06-15 13:00:00+00:00,SELL,10.0,24.8
2025-06-15 04:30:00+00:00,2025-06-15 14:00:00+00:00,BUY,10.0,1.32
2025-06-15 05:15:00+00:00,2025-06-15 14:00:00+00:00,SELL,10.0,8.58
2025-06-15 06:30:00+00:00,2025-06-15 16:00:00+00:00,BUY,10.0,27.73
2025-06-15 07:15:00+00:00,2025-06-15 16:00:00+00:00,SELL,10.0,28.51
2025-06-15 07:30:00+00:00,2025-06-15 17:00:00+00:00,BUY,10.0,29.89
2025-06-15 08:15:00+00:00,2025-06-15 17:00:00+00:00,SELL,10.0,33.89
2025-06-15 08:30:00+00:00,2025-06-15 18:00:00+00:00,BUY,10.0,35.59
2025-06-15 09:00:00+00:00,2025-06-15 18:00:00+00:00,SELL,10.0,35.83
2025-06-15 11:30:00+00:00,2025-06-15 21:00:00+00:00,BUY,10.0,29.82
2025-06-15 12:15:00+00:00,2025-06-15 21:00:00+00:00,SELL,10.0,32.52
2025-06-15 13:30:00+00:00,2025-06-15 23:00:00+00:00,BUY,10.0,28.61
2025-06-15 14:15:00+00:00,2025-06-15 23:00:00+00:00,SELL,10.0,31.65
2025-06-18 00:30:00+00:00,2025-06-18 10:00:00+00:00,SELL,10.0,33.26
2025-06-18 01:00:00+00:00,2025-06-18 10:00:00+00:00,BUY,10.0,34.93
2025-06-26 20:30:00+00:00,2025-06-27 05:00:00+00:00,BUY,10.0,40.58
2025-06-26 21:15:00+00:00,2025-06-27 05:00:00+00:00,SELL,10.0,43.68
2025-06-27 06:30:00+00:00,2025-06-27 15:00:00+00:00,BUY,10.0,30.78
2025-06-27 07:00:00+00:00,2025-06-27 15:00:00+00:00,SELL,10.0,31.93
2025-06-27 07:30:00+00:00,2025-06-27 16:00:00+00:00,BUY,10.0,34.9
2025-06-27 08:00:00+00:00,2025-06-27 16:00:00+00:00,SELL,10.0,37.42
2025-06-27 23:30:00+00:00,2025-06-28 09:00:00+00:00,SELL,10.0,45.19
2025-06-28 00:00:00+00:00,2025-06-28 09:00:00+00:00,BUY,10.0,45.66
2025-07-04 14:30:00+00:00,2025-07-04 23:00:00+00:00,BUY,10.0,40.62
2025-07-04 15:00:00+00:00,2025-07-04 23:00:00+00:00,SELL,10.0,40.64
2025-07-04 17:30:00+00:00,2025-07-05 03:00:00+00:00,SELL,10.0,50.4
2025-07-04 18:15:00+00:00,2025-07-05 03:00:00+00:00,BUY,10.0,47.07
2025-07-05 01:30:00+00:00,2025-07-05 11:00:00+00:00,SELL,10.0,47.34
2025-07-05 02:00:00+00:00,2025-07-05 11:00:00+00:00,BUY,10.0,47.14
2025-07-05 12:30:00+00:00,2025-07-05 22:00:00+00:00,SELL,10.0,51.37
2025-07-05 13:15:00+00:00,2025-07-05 22:00:00+00:00,BUY,10.0,47.59
2025-07-06 15:30:00+00:00,2025-07-07 00:00:00+00:00,SELL,10.0,37.61
2025-07-06 16:00:00+00:00,2025-07-07 00:00:00+00:00,BUY,10.0,35.92
2025-07-06 17:30:00+00:00,2025-07-07 02:00:00+00:00,SELL,10.0,43.23
2025-07-06 18:00:00+00:00,2025-07-07 02:00:00+00:00,BUY,10.0,37.9
2025-07-06 23:30:00+00:00,2025-07-07 08:00:00+00:00,SELL,10.0,56.28
2025-07-07 00:00:00+00:00,2025-07-07 08:00:00+00:00,BUY,10.0,48.62
2025-07-07 04:30:00+00:00,2025-07-07 13:00:00+00:00,SELL,10.0,37.22
2025-07-07 05:00:00+00:00,2025-07-07 13:00:00+00:00,BUY,10.0,32.62
2025-07-07 10:30:00+00:00,2025-07-07 19:00:00+00:00,SELL,10.0,52.63
2025-07-07 11:00:00+00:00,2025-07-07 19:00:00+00:00,BUY,10.0,45.27
2025-07-07 11:30:00+00:00,2025-07-07 20:00:00+00:00,SELL,10.0,45.6
2025-07-07 12:00:00+00:00,2025-07-07 20:00:00+00:00,BUY,10.0,45.67
2025-07-07 14:30:00+00:00,2025-07-07 23:00:00+00:00,SELL,10.0,33.65
2025-07-07 15:00:00+00:00,2025-07-07 23:00:00+00:00,BUY,10.0,32.12
2025-07-08 18:30:00+00:00,2025-07-09 03:00:00+00:00,SELL,10.0,42.62
2025-07-08 19:00:00+00:00,2025-07-09 03:00:00+00:00,BUY,10.0,39.33
2025-07-09 15:30:00+00:00,2025-07-10 01:00:00+00:00,SELL,10.0,43.99
2025-07-09 16:15:00+00:00,2025-07-10 01:00:00+00:00,BUY,10.0,42.46
2025-07-09 16:30:00+00:00,2025-07-10 02:00:00+00:00,SELL,10.0,38.94
2025-07-09 17:15:00+00:00,2025-07-10 02:00:00+00:00,BUY,10.0,37.97
2025-07-09 17:30:00+00:00,2025-07-10 03:00:00+00:00,SELL,10.0,35.24
2025-07-09 18:00:00+00:00,2025-07-10 03:00:00+00:00,BUY,10.0,33.14
2025-07-09 18:30:00+00:00,2025-07-10 03:00:00+00:00,BUY,10.0,38.25
2025-07-09 19:00:00+00:00,2025-07-10 03:00:00+00:00,SELL,10.0,38.58
2025-07-09 19:30:00+00:00,2025-07-10 05:00:00+00:00,SELL,10.0,45.86
2025-07-09 20:00:00+00:00,2025-07-10 05:00:00+00:00,BUY,10.0,45.48
2025-07-10 12:30:00+00:00,2025-07-10 22:00:00+00:00,SELL,10.0,36.42
2025-07-10 13:00:00+00:00,2025-07-10 22:00:00+00:00,BUY,10.0,35.7
2025-07-10 13:30:00+00:00,2025-07-10 22:00:00+00:00,BUY,10.0,37.44
2025-07-10 14:00:00+00:00,2025-07-10 22:00:00+00:00,SELL,10.0,38.41
2025-07-13 22:30:00+00:00,2025-07-14 08:00:00+00:00,BUY,10.0,46.24
2025-07-13 23:00:00+00:00,2025-07-14 08:00:00+00:00,SELL,10.0,45.28
2025-07-13 23:30:00+00:00,2025-07-14 09:00:00+00:00,BUY,10.0,43.73
2025-07-14 00:00:00+00:00,2025-07-14 09:00:00+00:00,SELL,10.0,42.39
2025-07-14 00:30:00+00:00,2025-07-14 10:00:00+00:00,BUY,10.0,36.98
2025-07-14 01:15:00+00:00,2025-07-14 10:00:00+00:00,SELL,10.0,36.8
2025-07-14 03:30:00+00:00,2025-07-14 13:00:00+00:00,BUY,10.0,33.43
2025-07-14 04:00:00+00:00,2025-07-14 13:00:00+00:00,SELL,10.0,32.87
2025-07-14 06:30:00+00:00,2025-07-14 16:00:00+00:00,BUY,10.0,38.95
2025-07-14 07:15:00+00:00,2025-07-14 16:00:00+00:00,SELL,10.0,37.97
2025-07-14 07:30:00+00:00,2025-07-14 17:00:00+00:00,BUY,10.0,49.96
2025-07-14 08:00:00+00:00,2025-07-14 17:00:00+00:00,SELL,10.0,49.71
2025-07-14 09:30:00+00:00,2025-07-14 19:00:00+00:00,BUY,10.0,52.33
2025-07-14 10:00:00+00:00,2025-07-14 19:00:00+00:00,SELL,10.0,52.16
2025-07-14 11:30:00+00:00,2025-07-14 20:00:00+00:00,BUY,10.0,39.94
2025-07-14 12:00:00+00:00,2025-07-14 20:00:00+00:00,SELL,10.0,41.2
2025-07-16 03:30:00+00:00,2025-07-16 12:00:00+00:00,BUY,10.0,120.31
2025-07-16 04:00:00+00:00,2025-07-16 12:00:00+00:00,SELL,10.0,122.25
2025-07-17 10:30:00+00:00,2025-07-17 20:00:00+00:00,BUY,10.0,58.28
2025-07-17 11:00:00+00:00,2025-07-17 20:00:00+00:00,SELL,10.0,57.8
2025-07-18 18:30:00+00:00,2025-07-19 04:00:00+00:00,BUY,10.0,56.9
2025-07-18 19:00:00+00:00,2025-07-19 04:00:00+00:00,SELL,10.0,60.56
2025-07-19 02:30:00+00:00,2025-07-19 11:00:00+00:00,BUY,10.0,43.75
2025-07-19 03:15:00+00:00,2025-07-19 11:00:00+00:00,SELL,10.0,46.2
2025-07-19 05:30:00+00:00,2025-07-19 14:00:00+00:00,BUY,10.0,38.44
2025-07-19 06:00:00+00:00,2025-07-19 14:00:00+00:00,SELL,10.0,37.44
2025-07-20 01:30:00+00:00,2025-07-20 11:00:00+00:00,SELL,10.0,30.2
2025-07-20 02:00:00+00:00,2025-07-20 11:00:00+00:00,BUY,10.0,30.41
2025-07-22 08:30:00+00:00,2025-07-22 17:00:00+00:00,SELL,10.0,53.94
2025-07-22 09:00:00+00:00,2025-07-22 17:00:00+00:00,BUY,10.0,50.91
2025-07-22 15:30:00+00:00,2025-07-23 00:00:00+00:00,BUY,10.0,42.13
2025-07-22 16:00:00+00:00,2025-07-23 00:00:00+00:00,SELL,10.0,42.12
2025-07-22 17:30:00+00:00,2025-07-23 02:00:00+00:00,BUY,10.0,44.66
2025-07-22 18:00:00+00:00,2025-07-23 02:00:00+00:00,SELL,10.0,45.84
2025-07-23 02:30:00+00:00,2025-07-23 11:00:00+00:00,BUY,10.0,35.1
2025-07-23 03:15:00+00:00,2025-07-23 11:00:00+00:00,SELL,10.0,35.26
2025-07-23 09:30:00+00:00,2025-07-23 18:00:00+00:00,BUY,10.0,64.05
2025-07-23 10:00:00+00:00,2025-07-23 18:00:00+00:00,SELL,10.0,65.37
2025-07-23 10:30:00+00:00,2025-07-23 19:00:00+00:00,BUY,10.0,63.86
2025-07-23 11:15:00+00:00,2025-07-23 19:00:00+00:00,SELL,10.0,67.04
2025-07-23 19:30:00+00:00,2025-07-24 05:00:00+00:00,BUY,10.0,53.6
2025-07-23 20:15:00+00:00,2025-07-24 05:00:00+00:00,SELL,10.0,61.07
2025-07-24 00:30:00+00:00,2025-07-24 10:00:00+00:00,BUY,10.0,45.46
2025-07-24 01:15:00+00:00,2025-07-24 10:00:00+00:00,SELL,10.0,51.65
2025-07-24 15:30:00+00:00,2025-07-25 01:00:00+00:00,BUY,10.0,51.78
2025-07-24 16:15:00+00:00,2025-07-25 01:00:00+00:00,SELL,10.0,55.11
2025-07-25 01:30:00+00:00,2025-07-25 11:00:00+00:00,BUY,10.0,38.5
2025-07-25 02:00:00+00:00,2025-07-25 11:00:00+00:00,SELL,10.0,39.4
2025-07-25 06:30:00+00:00,2025-07-25 16:00:00+00:00,BUY,10.0,57.28
2025-07-25 07:15:00+00:00,2025-07-25 16:00:00+00:00,SELL,10.0,58.63
2025-07-25 08:30:00+00:00,2025-07-25 18:00:00+00:00,BUY,10.0,107.74
2025-07-25 09:15:00+00:00,2025-07-25 18:00:00+00:00,SELL,10.0,145.92
2025-07-26 06:30:00+00:00,2025-07-26 16:00:00+00:00,SELL,10.0,43.46
2025-07-26 07:00:00+00:00,2025-07-26 16:00:00+00:00,BUY,10.0,38.44
2025-07-31 03:30:00+00:00,2025-07-31 13:00:00+00:00,SELL,10.0,46.44
2025-07-31 04:00:00+00:00,2025-07-31 13:00:00+00:00,BUY,10.0,42.21
2025-08-03 21:30:00+00:00,2025-08-04 05:00:00+00:00,SELL,10.0,37.58
2025-08-03 22:00:00+00:00,2025-08-04 05:00:00+00:00,BUY,10.0,34.93
2025-08-05 09:30:00+00:00,2025-08-05 17:00:00+00:00,SELL,10.0,37.81
2025-08-05 10:00:00+00:00,2025-08-05 17:00:00+00:00,BUY,10.0,37.86
2025-08-05 10:30:00+00:00,2025-08-05 18:00:00+00:00,SELL,10.0,45.37
2025-08-05 11:00:00+00:00,2025-08-05 18:00:00+00:00,BUY,10.0,45.7
2025-08-07 02:30:00+00:00,2025-08-07 11:00:00+00:00,BUY,10.0,41.06
2025-08-07 03:00:00+00:00,2025-08-07 11:00:00+00:00,SELL,10.0,44.22
2025-08-07 14:30:00+00:00,2025-08-08 00:00:00+00:00,SELL,10.0,37.1
2025-08-07 15:00:00+00:00,2025-08-08 00:00:00+00:00,BUY,10.0,32.3
2025-08-07 15:30:00+00:00,2025-08-08 01:00:00+00:00,SELL,10.0,34.54
2025-08-07 16:15:00+00:00,2025-08-08 01:00:00+00:00,BUY,10.0,30.84
2025-08-07 16:30:00+00:00,2025-08-08 01:00:00+00:00,SELL,10.0,28.97
2025-08-07 17:00:00+00:00,2025-08-08 01:00:00+00:00,BUY,10.0,27.29
2025-08-07 17:30:00+00:00,2025-08-08 02:00:00+00:00,SELL,10.0,31.47
2025-08-07 18:00:00+00:00,2025-08-08 02:00:00+00:00,BUY,10.0,30.07
2025-08-07 18:30:00+00:00,2025-08-08 03:00:00+00:00,SELL,10.0,35.89
2025-08-07 19:00:00+00:00,2025-08-08 03:00:00+00:00,BUY,10.0,33.07
2025-08-07 21:30:00+00:00,2025-08-08 06:00:00+00:00,SELL,10.0,46.18
2025-08-07 22:15:00+00:00,2025-08-08 06:00:00+00:00,BUY,10.0,43.26
2025-08-07 22:30:00+00:00,2025-08-08 07:00:00+00:00,SELL,10.0,46.42
2025-08-07 23:15:00+00:00,2025-08-08 07:00:00+00:00,BUY,10.0,42.99
2025-08-07 23:30:00+00:00,2025-08-08 08:00:00+00:00,SELL,10.0,45.69
2025-08-07 23:30:00+00:00,2025-08-08 09:00:00+00:00,SELL,10.0,29.78
2025-08-08 00:00:00+00:00,2025-08-08 09:00:00+00:00,BUY,10.0,30.43
2025-08-08 00:15:00+00:00,2025-08-08 08:00:00+00:00,BUY,10.0,40.57
2025-08-08 03:30:00+00:00,2025-08-08 12:00:00+00:00,SELL,10.0,39.24
2025-08-08 04:00:00+00:00,2025-08-08 12:00:00+00:00,BUY,10.0,35.97
2025-08-08 04:30:00+00:00,2025-08-08 13:00:00+00:00,SELL,10.0,35.52
2025-08-08 05:00:00+00:00,2025-08-08 13:00:00+00:00,BUY,10.0,32.19
2025-08-08 05:30:00+00:00,2025-08-08 14:00:00+00:00,SELL,10.0,26.08
2025-08-08 06:15:00+00:00,2025-08-08 14:00:00+00:00,BUY,10.0,23.29
2025-08-08 08:30:00+00:00,2025-08-08 17:00:00+00:00,SELL,10.0,35.83
2025-08-08 08:30:00+00:00,2025-08-08 18:00:00+00:00,SELL,10.0,44.79
2025-08-08 09:00:00+00:00,2025-08-08 17:00:00+00:00,BUY,10.0,34.34
2025-08-08 09:00:00+00:00,2025-08-08 18:00:00+00:00,BUY,10.0,41.16
2025-08-08 09:30:00+00:00,2025-08-08 19:00:00+00:00,SELL,10.0,43.87
2025-08-08 09:30:00+00:00,2025-08-08 18:00:00+00:00,SELL,10.0,40.71
2025-08-08 10:00:00+00:00,2025-08-08 18:00:00+00:00,BUY,10.0,37.02
2025-08-08 10:00:00+00:00,2025-08-08 19:00:00+00:00,BUY,10.0,42.0
2025-08-08 12:30:00+00:00,2025-08-08 21:00:00+00:00,SELL,10.0,37.59
2025-08-08 12:30:00+00:00,2025-08-08 22:00:00+00:00,SELL,10.0,32.92
2025-08-08 13:15:00+00:00,2025-08-08 21:00:00+00:00,BUY,10.0,32.26
2025-08-08 13:15:00+00:00,2025-08-08 22:00:00+00:00,BUY,10.0,31.29
2025-08-08 13:30:00+00:00,2025-08-08 22:00:00+00:00,SELL,10.0,32.73
2025-08-08 14:00:00+00:00,2025-08-08 22:00:00+00:00,BUY,10.0,31.69
2025-08-08 14:30:00+00:00,2025-08-08 23:00:00+00:00,SELL,10.0,32.15
2025-08-08 15:15:00+00:00,2025-08-08 23:00:00+00:00,BUY,10.0,28.41
2025-08-09 10:30:00+00:00,2025-08-09 20:00:00+00:00,SELL,10.0,46.59
2025-08-09 11:00:00+00:00,2025-08-09 20:00:00+00:00,BUY,10.0,45.37
2025-08-09 11:30:00+00:00,2025-08-09 20:00:00+00:00,SELL,10.0,40.38
2025-08-09 12:00:00+00:00,2025-08-09 20:00:00+00:00,BUY,10.0,40.98
2025-08-12 08:30:00+00:00,2025-08-12 17:00:00+00:00,BUY,10.0,34.2
2025-08-12 09:00:00+00:00,2025-08-12 17:00:00+00:00,SELL,10.0,34.05
2025-08-12 22:30:00+00:00,2025-08-13 08:00:00+00:00,BUY,10.0,42.47
2025-08-12 23:00:00+00:00,2025-08-13 08:00:00+00:00,SELL,10.0,43.52
2025-08-12 23:30:00+00:00,2025-08-13 09:00:00+00:00,BUY,10.0,40.0
2025-08-13 00:00:00+00:00,2025-08-13 09:00:00+00:00,SELL,10.0,38.83
2025-08-13 10:30:00+00:00,2025-08-13 20:00:00+00:00,BUY,10.0,37.18
2025-08-13 11:00:00+00:00,2025-08-13 20:00:00+00:00,SELL,10.0,35.6
2025-08-14 18:30:00+00:00,2025-08-15 04:00:00+00:00,SELL,10.0,20.85
2025-08-14 19:00:00+00:00,2025-08-15 04:00:00+00:00,BUY,10.0,23.1
2025-08-21 02:30:00+00:00,2025-08-21 12:00:00+00:00,SELL,10.0,-68.73
2025-08-21 03:15:00+00:00,2025-08-21 12:00:00+00:00,BUY,10.0,-99.1
2025-08-21 12:30:00+00:00,2025-08-21 22:00:00+00:00,SELL,10.0,35.83
2025-08-21 13:00:00+00:00,2025-08-21 22:00:00+00:00,BUY,10.0,36.23
2025-08-23 14:30:00+00:00,2025-08-24 00:00:00+00:00,SELL,10.0,32.67
2025-08-23 15:00:00+00:00,2025-08-24 00:00:00+00:00,BUY,10.0,29.25
2025-08-23 16:30:00+00:00,2025-08-24 02:00:00+00:00,SELL,10.0,36.29
2025-08-23 17:15:00+00:00,2025-08-24 02:00:00+00:00,BUY,10.0,33.43
2025-08-23 17:30:00+00:00,2025-08-24 03:00:00+00:00,SELL,10.0,40.36
2025-08-23 18:00:00+00:00,2025-08-24 03:00:00+00:00,BUY,10.0,38.24
2025-08-23 18:30:00+00:00,2025-08-24 04:00:00+00:00,SELL,10.0,40.74
2025-08-23 19:00:00+00:00,2025-08-24 04:00:00+00:00,BUY,10.0,37.29
2025-08-23 22:30:00+00:00,2025-08-24 07:00:00+00:00,BUY,10.0,50.36
2025-08-23 23:00:00+00:00,2025-08-24 07:00:00+00:00,SELL,10.0,50.19
2025-08-24 03:30:00+00:00,2025-08-24 13:00:00+00:00,SELL,10.0,38.98
2025-08-24 04:15:00+00:00,2025-08-24 13:00:00+00:00,BUY,10.0,39.14
2025-08-24 08:30:00+00:00,2025-08-24 18:00:00+00:00,SELL,10.0,44.66
2025-08-24 09:00:00+00:00,2025-08-24 18:00:00+00:00,BUY,10.0,43.25
2025-08-24 09:30:00+00:00,2025-08-24 19:00:00+00:00,SELL,10.0,38.49
2025-08-24 10:15:00+00:00,2025-08-24 19:00:00+00:00,BUY,10.0,37.29
2025-08-24 11:30:00+00:00,2025-08-24 21:00:00+00:00,SELL,10.0,35.96
2025-08-24 12:15:00+00:00,2025-08-24 21:00:00+00:00,BUY,10.0,33.9
2025-08-24 13:30:00+00:00,2025-08-24 23:00:00+00:00,SELL,10.0,35.24
2025-08-24 14:15:00+00:00,2025-08-24 23:00:00+00:00,BUY,10.0,31.31
2025-08-24 18:30:00+00:00,2025-08-25 04:00:00+00:00,BUY,10.0,35.64
2025-08-24 19:00:00+00:00,2025-08-25 04:00:00+00:00,SELL,10.0,36.3
2025-08-27 13:30:00+00:00,2025-08-27 20:00:00+00:00,SELL,10.0,53.55
2025-08-27 14:00:00+00:00,2025-08-27 20:00:00+00:00,BUY,10.0,50.73
2025-08-27 14:30:00+00:00,2025-08-28 00:00:00+00:00,BUY,10.0,28.83
2025-08-27 15:15:00+00:00,2025-08-28 00:00:00+00:00,SELL,10.0,28.8
2025-08-27 16:30:00+00:00,2025-08-28 02:00:00+00:00,BUY,10.0,25.56
2025-08-27 17:15:00+00:00,2025-08-28 02:00:00+00:00,SELL,10.0,28.25
2025-08-27 17:30:00+00:00,2025-08-28 03:00:00+00:00,BUY,10.0,30.09
2025-08-27 18:00:00+00:00,2025-08-28 03:00:00+00:00,SELL,10.0,31.39
2025-08-27 18:30:00+00:00,2025-08-28 04:00:00+00:00,BUY,10.0,41.03
2025-08-27 19:15:00+00:00,2025-08-28 04:00:00+00:00,SELL,10.0,43.26
2025-08-27 19:30:00+00:00,2025-08-28 05:00:00+00:00,BUY,10.0,35.04
2025-08-27 20:15:00+00:00,2025-08-28 05:00:00+00:00,SELL,10.0,37.37
2025-08-27 21:30:00+00:00,2025-08-28 07:00:00+00:00,BUY,10.0,37.43
2025-08-27 22:15:00+00:00,2025-08-28 07:00:00+00:00,SELL,10.0,39.65
2025-08-27 22:30:00+00:00,2025-08-28 07:00:00+00:00,BUY,10.0,40.35
2025-08-27 22:30:00+00:00,2025-08-28 08:00:00+00:00,BUY,10.0,47.97
2025-08-27 23:00:00+00:00,2025-08-28 08:00:00+00:00,SELL,10.0,49.63
2025-08-27 23:00:00+00:00,2025-08-28 07:00:00+00:00,SELL,10.0,43.77
2025-08-27 23:30:00+00:00,2025-08-28 09:00:00+00:00,BUY,10.0,40.31
2025-08-28 00:15:00+00:00,2025-08-28 09:00:00+00:00,SELL,10.0,44.01
2025-08-28 00:30:00+00:00,2025-08-28 10:00:00+00:00,BUY,10.0,41.39
2025-08-28 01:00:00+00:00,2025-08-28 10:00:00+00:00,SELL,10.0,43.12
2025-08-28 02:30:00+00:00,2025-08-28 11:00:00+00:00,BUY,10.0,35.12
2025-08-28 02:30:00+00:00,2025-08-28 12:00:00+00:00,BUY,10.0,36.1
2025-08-28 03:00:00+00:00,2025-08-28 11:00:00+00:00,SELL,10.0,38.86
2025-08-28 03:15:00+00:00,2025-08-28 12:00:00+00:00,SELL,10.0,40.95
2025-08-28 04:30:00+00:00,2025-08-28 14:00:00+00:00,BUY,10.0,37.55
2025-08-28 05:00:00+00:00,2025-08-28 14:00:00+00:00,SELL,10.0,38.63
2025-08-28 06:30:00+00:00,2025-08-28 16:00:00+00:00,BUY,10.0,30.73
2025-08-28 07:00:00+00:00,2025-08-28 16:00:00+00:00,SELL,10.0,32.26
2025-08-28 07:30:00+00:00,2025-08-28 17:00:00+00:00,BUY,10.0,36.6
2025-08-28 08:15:00+00:00,2025-08-28 17:00:00+00:00,SELL,10.0,38.53
2025-08-28 11:30:00+00:00,2025-08-28 21:00:00+00:00,BUY,10.0,33.49
2025-08-28 12:00:00+00:00,2025-08-28 21:00:00+00:00,SELL,10.0,36.42
2025-08-28 12:30:00+00:00,2025-08-28 22:00:00+00:00,BUY,10.0,25.75
2025-08-28 13:15:00+00:00,2025-08-28 22:00:00+00:00,SELL,10.0,29.05
2025-08-28 15:30:00+00:00,2025-08-29 01:00:00+00:00,BUY,10.0,31.36
2025-08-28 16:00:00+00:00,2025-08-29 01:00:00+00:00,SELL,10.0,32.39
2025-08-28 16:30:00+00:00,2025-08-29 02:00:00+00:00,BUY,10.0,33.64
2025-08-28 17:15:00+00:00,2025-08-29 02:00:00+00:00,SELL,10.0,33.61
2025-08-28 17:30:00+00:00,2025-08-29 03:00:00+00:00,BUY,10.0,30.49
2025-08-28 18:15:00+00:00,2025-08-29 03:00:00+00:00,SELL,10.0,31.75
2025-08-28 18:30:00+00:00,2025-08-29 04:00:00+00:00,BUY,10.0,30.67
2025-08-28 19:15:00+00:00,2025-08-29 04:00:00+00:00,SELL,10.0,34.96
2025-08-28 19:30:00+00:00,2025-08-29 05:00:00+00:00,BUY,10.0,38.62
2025-08-28 20:00:00+00:00,2025-08-29 05:00:00+00:00,SELL,10.0,39.55
2025-08-28 21:30:00+00:00,2025-08-29 07:00:00+00:00,BUY,10.0,49.28
2025-08-28 22:00:00+00:00,2025-08-29 07:00:00+00:00,SELL,10.0,50.27
2025-08-29 00:30:00+00:00,2025-08-29 10:00:00+00:00,BUY,10.0,43.18
2025-08-29 01:15:00+00:00,2025-08-29 10:00:00+00:00,SELL,10.0,44.05
2025-08-29 02:30:00+00:00,2025-08-29 12:00:00+00:00,BUY,10.0,39.34
2025-08-29 03:15:00+00:00,2025-08-29 12:00:00+00:00,SELL,10.0,41.47
2025-08-29 03:30:00+00:00,2025-08-29 13:00:00+00:00,BUY,10.0,35.28
2025-08-29 04:00:00+00:00,2025-08-29 13:00:00+00:00,SELL,10.0,38.93
2025-08-29 04:30:00+00:00,2025-08-29 14:00:00+00:00,BUY,10.0,36.79
2025-08-29 05:00:00+00:00,2025-08-29 14:00:00+00:00,SELL,10.0,37.42
2025-08-29 05:30:00+00:00,2025-08-29 15:00:00+00:00,BUY,10.0,38.45
2025-08-29 06:15:00+00:00,2025-08-29 15:00:00+00:00,SELL,10.0,40.09
2025-08-29 06:30:00+00:00,2025-08-29 16:00:00+00:00,BUY,10.0,34.04
2025-08-29 07:00:00+00:00,2025-08-29 16:00:00+00:00,SELL,10.0,36.0
2025-08-29 07:30:00+00:00,2025-08-29 17:00:00+00:00,BUY,10.0,45.12
2025-08-29 08:15:00+00:00,2025-08-29 17:00:00+00:00,SELL,10.0,47.47
2025-08-29 09:30:00+00:00,2025-08-29 19:00:00+00:00,BUY,10.0,39.91
2025-08-29 10:00:00+00:00,2025-08-29 19:00:00+00:00,SELL,10.0,41.6
2025-08-29 13:30:00+00:00,2025-08-29 23:00:00+00:00,BUY,10.0,32.66
2025-08-29 14:15:00+00:00,2025-08-29 23:00:00+00:00,SELL,10.0,35.62
2025-08-30 05:30:00+00:00,2025-08-30 15:00:00+00:00,BUY,10.0,28.68
2025-08-30 06:00:00+00:00,2025-08-30 15:00:00+00:00,SELL,10.0,31.06
2025-08-30 10:30:00+00:00,2025-08-30 20:00:00+00:00,BUY,10.0,31.94
2025-08-30 11:00:00+00:00,2025-08-30 20:00:00+00:00,SELL,10.0,30.95
2025-08-30 11:30:00+00:00,2025-08-30 21:00:00+00:00,BUY,10.0,25.65
2025-08-30 12:00:00+00:00,2025-08-30 21:00:00+00:00,SELL,10.0,25.82
2025-08-30 15:30:00+00:00,2025-08-31 01:00:00+00:00,SELL,10.0,11.58
2025-08-30 16:00:00+00:00,2025-08-31 01:00:00+00:00,BUY,10.0,12.48
2025-08-30 17:30:00+00:00,2025-08-31 03:00:00+00:00,SELL,10.0,2.82
2025-08-30 18:15:00+00:00,2025-08-31 03:00:00+00:00,BUY,10.0,5.91
2025-08-30 18:30:00+00:00,2025-08-31 04:00:00+00:00,SELL,10.0,24.4
2025-08-30 19:15:00+00:00,2025-08-31 04:00:00+00:00,BUY,10.0,24.49
2025-08-30 20:30:00+00:00,2025-08-31 06:00:00+00:00,SELL,10.0,40.19
2025-08-30 21:15:00+00:00,2025-08-31 06:00:00+00:00,BUY,10.0,40.98
2025-08-30 21:30:00+00:00,2025-08-31 07:00:00+00:00,SELL,10.0,25.19
2025-08-30 22:15:00+00:00,2025-08-31 07:00:00+00:00,BUY,10.0,25.92
2025-08-30 22:30:00+00:00,2025-08-31 08:00:00+00:00,SELL,10.0,34.58
2025-08-30 23:00:00+00:00,2025-08-31 08:00:00+00:00,BUY,10.0,34.7
2025-08-30 23:30:00+00:00,2025-08-31 09:00:00+00:00,SELL,10.0,25.28
2025-08-31 00:15:00+00:00,2025-08-31 09:00:00+00:00,BUY,10.0,24.88
2025-08-31 01:30:00+00:00,2025-08-31 11:00:00+00:00,SELL,10.0,-5.6
2025-08-31 02:15:00+00:00,2025-08-31 11:00:00+00:00,BUY,10.0,-5.17
2025-08-31 03:30:00+00:00,2025-08-31 13:00:00+00:00,SELL,10.0,-21.97
2025-08-31 04:15:00+00:00,2025-08-31 13:00:00+00:00,BUY,10.0,-24.82
2025-08-31 04:30:00+00:00,2025-08-31 14:00:00+00:00,SELL,10.0,-107.14
2025-08-31 05:00:00+00:00,2025-08-31 14:00:00+00:00,BUY,10.0,-99.52
2025-08-31 05:30:00+00:00,2025-08-31 15:00:00+00:00,SELL,10.0,12.59
2025-08-31 06:15:00+00:00,2025-08-31 15:00:00+00:00,BUY,10.0,11.14
2025-08-31 06:30:00+00:00,2025-08-31 16:00:00+00:00,SELL,10.0,12.05
2025-08-31 07:00:00+00:00,2025-08-31 16:00:00+00:00,BUY,10.0,12.27
2025-08-31 07:30:00+00:00,2025-08-31 17:00:00+00:00,SELL,10.0,28.01
2025-08-31 08:15:00+00:00,2025-08-31 17:00:00+00:00,BUY,10.0,27.87
2025-08-31 08:30:00+00:00,2025-08-31 18:00:00+00:00,SELL,10.0,28.55
2025-08-31 09:15:00+00:00,2025-08-31 18:00:00+00:00,BUY,10.0,29.77
2025-08-31 09:30:00+00:00,2025-08-31 19:00:00+00:00,SELL,10.0,33.29
2025-08-31 10:15:00+00:00,2025-08-31 19:00:00+00:00,BUY,10.0,33.37
2025-08-31 10:30:00+00:00,2025-08-31 20:00:00+00:00,SELL,10.0,18.6
2025-08-31 11:15:00+00:00,2025-08-31 20:00:00+00:00,BUY,10.0,20.26
2025-08-31 11:30:00+00:00,2025-08-31 21:00:00+00:00,SELL,10.0,20.66
2025-08-31 12:15:00+00:00,2025-08-31 21:00:00+00:00,BUY,10.0,20.41
2025-08-31 12:30:00+00:00,2025-08-31 22:00:00+00:00,SELL,10.0,24.37
2025-08-31 13:00:00+00:00,2025-08-31 22:00:00+00:00,BUY,10.0,24.98
2025-08-31 13:30:00+00:00,2025-08-31 23:00:00+00:00,SELL,10.0,5.97
2025-08-31 14:15:00+00:00,2025-08-31 23:00:00+00:00,BUY,10.0,8.71
2025-08-31 14:30:00+00:00,2025-09-01 00:00:00+00:00,BUY,10.0,23.78
2025-08-31 15:00:00+00:00,2025-09-01 00:00:00+00:00,SELL,10.0,24.96
2025-08-31 16:30:00+00:00,2025-09-01 02:00:00+00:00,BUY,10.0,28.15
2025-08-31 17:00:00+00:00,2025-09-01 02:00:00+00:00,SELL,10.0,30.22
2025-09-01 03:30:00+00:00,2025-09-01 13:00:00+00:00,BUY,10.0,32.25
2025-09-01 04:00:00+00:00,2025-09-01 13:00:00+00:00,SELL,10.0,33.03
2025-09-01 09:30:00+00:00,2025-09-01 19:00:00+00:00,BUY,10.0,39.58
2025-09-01 10:00:00+00:00,2025-09-01 19:00:00+00:00,SELL,10.0,41.2
2025-09-03 15:30:00+00:00,2025-09-04 01:00:00+00:00,BUY,10.0,8.45
2025-09-03 16:15:00+00:00,2025-09-04 01:00:00+00:00,SELL,10.0,25.35
2025-09-03 18:30:00+00:00,2025-09-04 04:00:00+00:00,BUY,10.0,27.18
2025-09-03 19:00:00+00:00,2025-09-04 04:00:00+00:00,SELL,10.0,28.19
2025-09-03 23:30:00+00:00,2025-09-04 09:00:00+00:00,BUY,10.0,17.58
2025-09-04 00:00:00+00:00,2025-09-04 09:00:00+00:00,SELL,10.0,27.04
2025-09-04 00:30:00+00:00,2025-09-04 10:00:00+00:00,BUY,10.0,14.92
2025-09-04 01:00:00+00:00,2025-09-04 10:00:00+00:00,SELL,10.0,28.12
2025-09-04 01:30:00+00:00,2025-09-04 11:00:00+00:00,BUY,10.0,15.36
2025-09-04 02:00:00+00:00,2025-09-04 11:00:00+00:00,SELL,10.0,18.17
2025-09-04 02:30:00+00:00,2025-09-04 12:00:00+00:00,BUY,10.0,-46.02
2025-09-04 03:15:00+00:00,2025-09-04 12:00:00+00:00,SELL,10.0,-15.39
2025-09-04 05:30:00+00:00,2025-09-04 15:00:00+00:00,BUY,10.0,1.63
2025-09-04 06:15:00+00:00,2025-09-04 15:00:00+00:00,SELL,10.0,31.77
2025-09-04 08:30:00+00:00,2025-09-04 18:00:00+00:00,BUY,10.0,34.69
2025-09-04 09:00:00+00:00,2025-09-04 18:00:00+00:00,SELL,10.0,34.89
2025-09-04 09:30:00+00:00,2025-09-04 19:00:00+00:00,BUY,10.0,26.81
2025-09-04 10:15:00+00:00,2025-09-04 19:00:00+00:00,SELL,10.0,33.81
2025-09-04 10:30:00+00:00,2025-09-04 20:00:00+00:00,BUY,10.0,28.59
2025-09-04 11:00:00+00:00,2025-09-04 20:00:00+00:00,SELL,10.0,31.54
2025-09-04 11:30:00+00:00,2025-09-04 21:00:00+00:00,BUY,10.0,17.11
2025-09-04 12:00:00+00:00,2025-09-04 21:00:00+00:00,SELL,10.0,23.46
2025-09-05 05:30:00+00:00,2025-09-05 14:00:00+00:00,BUY,10.0,-80.23
2025-09-05 06:00:00+00:00,2025-09-05 14:00:00+00:00,SELL,10.0,-48.36
2025-09-07 12:30:00+00:00,2025-09-07 20:00:00+00:00,BUY,10.0,-94.71
2025-09-07 13:00:00+00:00,2025-09-07 20:00:00+00:00,SELL,10.0,-94.52
2025-09-08 15:30:00+00:00,2025-09-09 01:00:00+00:00,SELL,10.0,11.71
2025-09-08 16:00:00+00:00,2025-09-09 01:00:00+00:00,BUY,10.0,11.43
2025-09-08 18:30:00+00:00,2025-09-09 03:00:00+00:00,SELL,10.0,12.58
2025-09-08 19:00:00+00:00,2025-09-09 03:00:00+00:00,BUY,10.0,2.78
2025-09-09 00:30:00+00:00,2025-09-09 10:00:00+00:00,SELL,10.0,20.57
2025-09-09 01:15:00+00:00,2025-09-09 10:00:00+00:00,BUY,10.0,19.79
2025-09-09 03:30:00+00:00,2025-09-09 13:00:00+00:00,SELL,10.0,28.91
2025-09-09 04:15:00+00:00,2025-09-09 13:00:00+00:00,BUY,10.0,25.86
2025-09-10 09:30:00+00:00,2025-09-10 17:00:00+00:00,SELL,10.0,28.4
2025-09-10 10:15:00+00:00,2025-09-10 17:00:00+00:00,BUY,10.0,25.62
2025-09-10 13:30:00+00:00,2025-09-10 21:00:00+00:00,SELL,10.0,23.78
2025-09-10 14:00:00+00:00,2025-09-10 21:00:00+00:00,BUY,10.0,24.51
2025-09-12 11:30:00+00:00,2025-09-12 21:00:00+00:00,SELL,10.0,27.43
2025-09-12 12:00:00+00:00,2025-09-12 21:00:00+00:00,BUY,10.0,22.55
2025-09-13 02:30:00+00:00,2025-09-13 12:00:00+00:00,BUY,10.0,22.38
2025-09-13 03:00:00+00:00,2025-09-13 12:00:00+00:00,SELL,10.0,26.05
2025-09-15 15:30:00+00:00,2025-09-16 01:00:00+00:00,SELL,10.0,27.14
2025-09-15 16:00:00+00:00,2025-09-16 01:00:00+00:00,BUY,10.0,22.53
2025-09-15 16:30:00+00:00,2025-09-16 02:00:00+00:00,SELL,10.0,29.79
2025-09-15 17:00:00+00:00,2025-09-16 02:00:00+00:00,BUY,10.0,26.96
2025-09-15 19:30:00+00:00,2025-09-16 05:00:00+00:00,SELL,10.0,30.95
2025-09-15 20:00:00+00:00,2025-09-16 05:00:00+00:00,BUY,10.0,28.12
2025-09-15 22:30:00+00:00,2025-09-16 08:00:00+00:00,SELL,10.0,40.22
2025-09-15 23:00:00+00:00,2025-09-16 08:00:00+00:00,BUY,10.0,36.85
2025-09-15 23:30:00+00:00,2025-09-16 09:00:00+00:00,SELL,10.0,38.78
2025-09-16 00:15:00+00:00,2025-09-16 09:00:00+00:00,BUY,10.0,34.4
2025-09-16 02:30:00+00:00,2025-09-16 12:00:00+00:00,SELL,10.0,31.54
2025-09-16 03:00:00+00:00,2025-09-16 12:00:00+00:00,BUY,10.0,28.33
2025-09-16 06:30:00+00:00,2025-09-16 16:00:00+00:00,SELL,10.0,32.86
2025-09-16 07:15:00+00:00,2025-09-16 16:00:00+00:00,BUY,10.0,28.46
2025-09-16 10:30:00+00:00,2025-09-16 20:00:00+00:00,SELL,10.0,27.59
2025-09-16 11:00:00+00:00,2025-09-16 20:00:00+00:00,BUY,10.0,23.75
2025-09-16 13:30:00+00:00,2025-09-16 23:00:00+00:00,SELL,10.0,18.46
2025-09-16 14:15:00+00:00,2025-09-16 23:00:00+00:00,BUY,10.0,13.7
2025-09-17 18:30:00+00:00,2025-09-18 04:00:00+00:00,SELL,10.0,5.13
2025-09-17 19:00:00+00:00,2025-09-18 04:00:00+00:00,BUY,10.0,7.86
2025-09-18 01:30:00+00:00,2025-09-18 11:00:00+00:00,SELL,10.0,0.51
2025-09-18 02:00:00+00:00,2025-09-18 11:00:00+00:00,BUY,10.0,2.59
2025-09-18 05:30:00+00:00,2025-09-18 15:00:00+00:00,SELL,10.0,-23.08
2025-09-18 06:00:00+00:00,2025-09-18 15:00:00+00:00,BUY,10.0,-26.05
2025-09-18 06:30:00+00:00,2025-09-18 16:00:00+00:00,SELL,10.0,3.24
2025-09-18 07:00:00+00:00,2025-09-18 16:00:00+00:00,BUY,10.0,5.14
2025-09-18 13:30:00+00:00,2025-09-18 23:00:00+00:00,SELL,10.0,9.85
2025-09-18 14:00:00+00:00,2025-09-18 23:00:00+00:00,BUY,10.0,6.46
2025-09-20 07:30:00+00:00,2025-09-20 16:00:00+00:00,BUY,10.0,28.46
2025-09-20 08:00:00+00:00,2025-09-20 16:00:00+00:00,SELL,10.0,27.35
2025-09-21 16:30:00+00:00,2025-09-22 01:00:00+00:00,SELL,10.0,-3.81
2025-09-21 17:00:00+00:00,2025-09-22 01:00:00+00:00,BUY,10.0,-5.46
2025-09-21 17:30:00+00:00,2025-09-22 02:00:00+00:00,SELL,10.0,-22.33
2025-09-21 18:15:00+00:00,2025-09-22 02:00:00+00:00,BUY,10.0,-22.34
2025-09-21 19:30:00+00:00,2025-09-22 04:00:00+00:00,SELL,10.0,-14.95
2025-09-21 20:00:00+00:00,2025-09-22 04:00:00+00:00,BUY,10.0,-14.99
2025-09-21 21:30:00+00:00,2025-09-22 06:00:00+00:00,SELL,10.0,17.14
2025-09-21 22:15:00+00:00,2025-09-22 06:00:00+00:00,BUY,10.0,18.99
2025-09-21 22:30:00+00:00,2025-09-22 07:00:00+00:00,SELL,10.0,21.75
2025-09-21 23:00:00+00:00,2025-09-22 07:00:00+00:00,BUY,10.0,20.24
2025-09-21 23:30:00+00:00,2025-09-22 08:00:00+00:00,SELL,10.0,23.67
2025-09-22 00:00:00+00:00,2025-09-22 08:00:00+00:00,BUY,10.0,23.83
2025-09-22 00:30:00+00:00,2025-09-22 09:00:00+00:00,SELL,10.0,16.68
2025-09-22 01:15:00+00:00,2025-09-22 09:00:00+00:00,BUY,10.0,18.12
2025-09-22 01:30:00+00:00,2025-09-22 10:00:00+00:00,SELL,10.0,17.19
2025-09-22 02:00:00+00:00,2025-09-22 10:00:00+00:00,BUY,10.0,16.17
2025-09-22 02:30:00+00:00,2025-09-22 11:00:00+00:00,SELL,10.0,7.9
2025-09-22 03:15:00+00:00,2025-09-22 11:00:00+00:00,BUY,10.0,5.67
2025-09-22 05:30:00+00:00,2025-09-22 14:00:00+00:00,SELL,10.0,-12.7
2025-09-22 06:00:00+00:00,2025-09-22 14:00:00+00:00,BUY,10.0,-13.73
2025-09-22 11:30:00+00:00,2025-09-22 20:00:00+00:00,SELL,10.0,21.91
2025-09-22 12:15:00+00:00,2025-09-22 20:00:00+00:00,BUY,10.0,21.39
2025-09-22 13:30:00+00:00,2025-09-22 22:00:00+00:00,SELL,10.0,4.52
2025-09-22 14:00:00+00:00,2025-09-22 22:00:00+00:00,BUY,10.0,-3.37
2025-09-22 14:30:00+00:00,2025-09-22 23:00:00+00:00,SELL,10.0,-14.36
2025-09-22 15:00:00+00:00,2025-09-22 23:00:00+00:00,BUY,10.0,-14.25
2025-09-22 15:30:00+00:00,2025-09-23 01:00:00+00:00,SELL,10.0,31.07
2025-09-22 16:15:00+00:00,2025-09-23 01:00:00+00:00,BUY,10.0,31.0
2025-09-22 21:30:00+00:00,2025-09-23 07:00:00+00:00,SELL,10.0,38.49
2025-09-22 22:00:00+00:00,2025-09-23 07:00:00+00:00,BUY,10.0,38.04
2025-09-23 10:30:00+00:00,2025-09-23 20:00:00+00:00,SELL,10.0,45.95
2025-09-23 11:00:00+00:00,2025-09-23 20:00:00+00:00,BUY,10.0,44.23
2025-09-23 22:30:00+00:00,2025-09-24 08:00:00+00:00,BUY,10.0,50.42
2025-09-23 23:15:00+00:00,2025-09-24 08:00:00+00:00,SELL,10.0,57.44
2025-09-25 02:30:00+00:00,2025-09-25 12:00:00+00:00,SELL,10.0,37.45
2025-09-25 03:00:00+00:00,2025-09-25 12:00:00+00:00,BUY,10.0,36.55
2025-09-29 04:30:00+00:00,2025-09-29 14:00:00+00:00,BUY,10.0,31.46
2025-09-29 05:15:00+00:00,2025-09-29 14:00:00+00:00,SELL,10.0,30.82
2025-10-01 16:30:00+00:00,2025-10-02 02:00:00+00:00,SELL,10.0,-7.59
2025-10-01 17:15:00+00:00,2025-10-02 02:00:00+00:00,BUY,10.0,-21.7
2025-10-01 17:30:00+00:00,2025-10-02 03:00:00+00:00,SELL,10.0,20.17
2025-10-01 18:00:00+00:00,2025-10-02 03:00:00+00:00,BUY,10.0,17.63
2025-10-02 04:30:00+00:00,2025-10-02 14:00:00+00:00,SELL,10.0,21.5
2025-10-02 05:15:00+00:00,2025-10-02 14:00:00+00:00,BUY,10.0,14.22
2025-10-02 05:30:00+00:00,2025-10-02 15:00:00+00:00,SELL,10.0,12.08
2025-10-02 06:00:00+00:00,2025-10-02 15:00:00+00:00,BUY,10.0,10.41
2025-10-02 08:30:00+00:00,2025-10-02 18:00:00+00:00,SELL,10.0,28.99
2025-10-02 09:15:00+00:00,2025-10-02 18:00:00+00:00,BUY,10.0,26.65
2025-10-03 13:30:00+00:00,2025-10-03 22:00:00+00:00,SELL,10.0,32.72
2025-10-03 14:15:00+00:00,2025-10-03 22:00:00+00:00,BUY,10.0,31.34
2025-10-06 14:30:00+00:00,2025-10-07 00:00:00+00:00,BUY,10.0,14.44
2025-10-06 15:00:00+00:00,2025-10-07 00:00:00+00:00,SELL,10.0,24.47
2025-10-06 17:30:00+00:00,2025-10-07 03:00:00+00:00,BUY,10.0,21.2
2025-10-06 18:00:00+00:00,2025-10-07 03:00:00+00:00,SELL,10.0,27.13
2025-10-06 18:30:00+00:00,2025-10-07 04:00:00+00:00,BUY,10.0,20.11
2025-10-06 19:00:00+00:00,2025-10-07 04:00:00+00:00,SELL,10.0,26.96
2025-10-06 19:30:00+00:00,2025-10-07 05:00:00+00:00,BUY,10.0,26.42
2025-10-06 20:15:00+00:00,2025-10-07 05:00:00+00:00,SELL,10.0,30.65
2025-10-07 00:30:00+00:00,2025-10-07 10:00:00+00:00,BUY,10.0,3.41
2025-10-07 01:00:00+00:00,2025-10-07 10:00:00+00:00,SELL,10.0,40.43
2025-10-07 04:30:00+00:00,2025-10-07 14:00:00+00:00,BUY,10.0,-29.7
2025-10-07 05:00:00+00:00,2025-10-07 14:00:00+00:00,SELL,10.0,16.27
2025-10-07 06:30:00+00:00,2025-10-07 16:00:00+00:00,BUY,10.0,-0.97
2025-10-07 07:00:00+00:00,2025-10-07 16:00:00+00:00,SELL,10.0,31.43
2025-10-07 07:30:00+00:00,2025-10-07 17:00:00+00:00,BUY,10.0,25.39
2025-10-07 08:00:00+00:00,2025-10-07 17:00:00+00:00,SELL,10.0,30.29
2025-10-07 09:30:00+00:00,2025-10-07 19:00:00+00:00,BUY,10.0,26.43
2025-10-07 10:00:00+00:00,2025-10-07 19:00:00+00:00,SELL,10.0,29.27
2025-10-07 10:30:00+00:00,2025-10-07 20:00:00+00:00,BUY,10.0,22.52
2025-10-07 11:00:00+00:00,2025-10-07 20:00:00+00:00,SELL,10.0,27.26
2025-10-07 16:30:00+00:00,2025-10-08 01:00:00+00:00,BUY,10.0,26.48
2025-10-07 17:00:00+00:00,2025-10-08 01:00:00+00:00,SELL,10.0,25.51
2025-10-10 15:30:00+00:00,2025-10-11 00:00:00+00:00,BUY,10.0,39.74
2025-10-10 16:00:00+00:00,2025-10-11 00:00:00+00:00,SELL,10.0,39.42
2025-10-10 17:30:00+00:00,2025-10-11 02:00:00+00:00,BUY,10.0,29.41
2025-10-10 18:00:00+00:00,2025-10-11 02:00:00+00:00,SELL,10.0,30.92
2025-10-10 18:30:00+00:00,2025-10-11 03:00:00+00:00,BUY,10.0,35.15
2025-10-10 19:15:00+00:00,2025-10-11 03:00:00+00:00,SELL,10.0,41.19
2025-10-10 19:30:00+00:00,2025-10-11 04:00:00+00:00,BUY,10.0,30.26
2025-10-10 20:15:00+00:00,2025-10-11 04:00:00+00:00,SELL,10.0,34.21
2025-10-10 20:30:00+00:00,2025-10-11 05:00:00+00:00,BUY,10.0,41.1
2025-10-10 21:15:00+00:00,2025-10-11 05:00:00+00:00,SELL,10.0,41.36
2025-10-10 21:30:00+00:00,2025-10-11 06:00:00+00:00,BUY,10.0,42.45
2025-10-10 22:15:00+00:00,2025-10-11 06:00:00+00:00,SELL,10.0,46.05
2025-10-11 02:30:00+00:00,2025-10-11 11:00:00+00:00,BUY,10.0,31.66
2025-10-11 03:15:00+00:00,2025-10-11 11:00:00+00:00,SELL,10.0,35.26
2025-10-11 04:30:00+00:00,2025-10-11 13:00:00+00:00,BUY,10.0,25.25
2025-10-11 05:15:00+00:00,2025-10-11 13:00:00+00:00,SELL,10.0,28.55
2025-10-11 05:30:00+00:00,2025-10-11 14:00:00+00:00,BUY,10.0,26.58
2025-10-11 06:00:00+00:00,2025-10-11 14:00:00+00:00,SELL,10.0,26.87
2025-10-11 07:30:00+00:00,2025-10-11 16:00:00+00:00,BUY,10.0,35.13
2025-10-11 08:00:00+00:00,2025-10-11 16:00:00+00:00,SELL,10.0,35.25
2025-10-11 09:30:00+00:00,2025-10-11 18:00:00+00:00,BUY,10.0,35.13
2025-10-11 10:00:00+00:00,2025-10-11 18:00:00+00:00,SELL,10.0,38.21
2025-10-11 11:30:00+00:00,2025-10-11 20:00:00+00:00,BUY,10.0,37.84
2025-10-11 12:00:00+00:00,2025-10-11 20:00:00+00:00,SELL,10.0,40.52
2025-10-11 12:30:00+00:00,2025-10-11 21:00:00+00:00,BUY,10.0,33.45
2025-10-11 13:00:00+00:00,2025-10-11 21:00:00+00:00,SELL,10.0,35.09
2025-10-11 13:30:00+00:00,2025-10-11 22:00:00+00:00,BUY,10.0,31.84
2025-10-11 14:15:00+00:00,2025-10-11 22:00:00+00:00,SELL,10.0,30.71
2025-10-13 03:30:00+00:00,2025-10-13 12:00:00+00:00,SELL,10.0,19.88
2025-10-13 04:00:00+00:00,2025-10-13 12:00:00+00:00,BUY,10.0,18.7
2025-10-13 09:30:00+00:00,2025-10-13 18:00:00+00:00,SELL,10.0,45.39
2025-10-13 10:00:00+00:00,2025-10-13 18:00:00+00:00,BUY,10.0,42.17
2025-10-14 06:30:00+00:00,2025-10-14 15:00:00+00:00,BUY,10.0,29.05
2025-10-14 07:00:00+00:00,2025-10-14 15:00:00+00:00,SELL,10.0,31.4
2025-10-14 08:30:00+00:00,2025-10-14 17:00:00+00:00,BUY,10.0,33.49
2025-10-14 09:15:00+00:00,2025-10-14 17:00:00+00:00,SELL,10.0,36.98
2025-10-14 09:30:00+00:00,2025-10-14 18:00:00+00:00,BUY,10.0,44.45
2025-10-14 10:00:00+00:00,2025-10-14 18:00:00+00:00,SELL,10.0,45.61
2025-10-14 16:30:00+00:00,2025-10-15 02:00:00+00:00,SELL,10.0,34.88
2025-10-14 17:00:00+00:00,2025-10-15 02:00:00+00:00,BUY,10.0,34.82
2025-10-14 20:30:00+00:00,2025-10-15 06:00:00+00:00,SELL,10.0,46.83
2025-10-14 21:00:00+00:00,2025-10-15 06:00:00+00:00,BUY,10.0,45.47
2025-10-15 01:30:00+00:00,2025-10-15 11:00:00+00:00,SELL,10.0,45.93
2025-10-15 02:00:00+00:00,2025-10-15 11:00:00+00:00,BUY,10.0,40.98
2025-10-20 14:30:00+00:00,2025-10-21 00:00:00+00:00,SELL,10.0,31.45
2025-10-20 15:00:00+00:00,2025-10-21 00:00:00+00:00,BUY,10.0,29.47
2025-10-20 15:30:00+00:00,2025-10-21 01:00:00+00:00,SELL,10.0,34.66
2025-10-20 16:15:00+00:00,2025-10-21 01:00:00+00:00,BUY,10.0,29.36
2025-10-20 16:30:00+00:00,2025-10-21 02:00:00+00:00,SELL,10.0,32.32
2025-10-20 17:15:00+00:00,2025-10-21 02:00:00+00:00,BUY,10.0,28.89
2025-10-20 17:30:00+00:00,2025-10-21 03:00:00+00:00,SELL,10.0,39.79
2025-10-20 18:15:00+00:00,2025-10-21 03:00:00+00:00,BUY,10.0,35.85
2025-10-20 19:30:00+00:00,2025-10-21 05:00:00+00:00,SELL,10.0,43.25
2025-10-20 20:00:00+00:00,2025-10-21 05:00:00+00:00,BUY,10.0,40.69
2025-10-20 20:30:00+00:00,2025-10-21 06:00:00+00:00,SELL,10.0,58.97
2025-10-20 21:15:00+00:00,2025-10-21 06:00:00+00:00,BUY,10.0,46.17
2025-10-20 23:30:00+00:00,2025-10-21 09:00:00+00:00,SELL,10.0,49.31
2025-10-21 00:15:00+00:00,2025-10-21 09:00:00+00:00,BUY,10.0,41.04
2025-10-21 01:30:00+00:00,2025-10-21 11:00:00+00:00,SELL,10.0,42.68
2025-10-21 02:00:00+00:00,2025-10-21 11:00:00+00:00,BUY,10.0,38.41
2025-10-21 02:30:00+00:00,2025-10-21 12:00:00+00:00,SELL,10.0,42.58
2025-10-21 03:00:00+00:00,2025-10-21 12:00:00+00:00,BUY,10.0,38.78
2025-10-21 03:30:00+00:00,2025-10-21 13:00:00+00:00,SELL,10.0,45.14
2025-10-21 04:00:00+00:00,2025-10-21 13:00:00+00:00,BUY,10.0,39.12
2025-10-21 05:30:00+00:00,2025-10-21 15:00:00+00:00,SELL,10.0,43.25
2025-10-21 06:15:00+00:00,2025-10-21 15:00:00+00:00,BUY,10.0,37.07
2025-10-21 06:30:00+00:00,2025-10-21 16:00:00+00:00,SELL,10.0,43.93
2025-10-21 07:00:00+00:00,2025-10-21 16:00:00+00:00,BUY,10.0,40.58
2025-10-21 07:30:00+00:00,2025-10-21 17:00:00+00:00,SELL,10.0,50.22
2025-10-21 08:15:00+00:00,2025-10-21 17:00:00+00:00,BUY,10.0,45.71
2025-10-21 09:30:00+00:00,2025-10-21 19:00:00+00:00,SELL,10.0,55.03
2025-10-21 10:15:00+00:00,2025-10-21 19:00:00+00:00,BUY,10.0,47.76
2025-10-21 10:30:00+00:00,2025-10-21 20:00:00+00:00,SELL,10.0,46.14
2025-10-21 11:15:00+00:00,2025-10-21 20:00:00+00:00,BUY,10.0,42.45
2025-10-21 11:30:00+00:00,2025-10-21 21:00:00+00:00,SELL,10.0,32.74
2025-10-21 12:15:00+00:00,2025-10-21 21:00:00+00:00,BUY,10.0,29.27
2025-10-21 13:30:00+00:00,2025-10-21 23:00:00+00:00,SELL,10.0,36.7
2025-10-21 14:00:00+00:00,2025-10-21 23:00:00+00:00,BUY,10.0,33.44
2025-10-25 15:30:00+00:00,2025-10-26 00:00:00+00:00,BUY,10.0,35.4
2025-10-25 16:15:00+00:00,2025-10-26 00:00:00+00:00,SELL,10.0,38.06
2025-10-25 16:30:00+00:00,2025-10-26 01:00:00+00:00,BUY,10.0,33.1
2025-10-25 17:00:00+00:00,2025-10-26 01:00:00+00:00,SELL,10.0,36.95
2025-10-25 18:30:00+00:00,2025-10-26 03:00:00+00:00,BUY,10.0,35.79
2025-10-25 19:15:00+00:00,2025-10-26 03:00:00+00:00,SELL,10.0,37.52
2025-10-25 19:30:00+00:00,2025-10-26 04:00:00+00:00,BUY,10.0,30.73
2025-10-25 20:15:00+00:00,2025-10-26 04:00:00+00:00,SELL,10.0,33.04
2025-10-25 20:30:00+00:00,2025-10-26 05:00:00+00:00,BUY,10.0,42.09
2025-10-25 21:00:00+00:00,2025-10-26 05:00:00+00:00,SELL,10.0,44.88
2025-10-25 21:30:00+00:00,2025-10-26 06:00:00+00:00,BUY,10.0,36.71
2025-10-25 22:00:00+00:00,2025-10-26 06:00:00+00:00,SELL,10.0,40.72
2025-10-25 23:30:00+00:00,2025-10-26 08:00:00+00:00,BUY,10.0,43.07
2025-10-26 00:15:00+00:00,2025-10-26 08:00:00+00:00,SELL,10.0,46.77
2025-10-26 00:30:00+00:00,2025-10-26 09:00:00+00:00,BUY,10.0,41.71
2025-10-26 01:00:00+00:00,2025-10-26 09:00:00+00:00,SELL,10.0,46.54
2025-10-26 02:30:00+00:00,2025-10-26 11:00:00+00:00,BUY,10.0,42.68
2025-10-26 03:00:00+00:00,2025-10-26 11:00:00+00:00,SELL,10.0,48.36
2025-10-26 03:30:00+00:00,2025-10-26 12:00:00+00:00,BUY,10.0,39.94
2025-10-26 04:15:00+00:00,2025-10-26 12:00:00+00:00,SELL,10.0,42.58
2025-10-26 04:30:00+00:00,2025-10-26 13:00:00+00:00,BUY,10.0,24.86
2025-10-26 05:00:00+00:00,2025-10-26 13:00:00+00:00,SELL,10.0,28.55
2025-10-26 06:30:00+00:00,2025-10-26 15:00:00+00:00,BUY,10.0,30.04
2025-10-26 07:15:00+00:00,2025-10-26 15:00:00+00:00,SELL,10.0,35.44
2025-10-26 07:30:00+00:00,2025-10-26 16:00:00+00:00,BUY,10.0,39.36
2025-10-26 08:15:00+00:00,2025-10-26 16:00:00+00:00,SELL,10.0,42.55
2025-10-26 08:30:00+00:00,2025-10-26 17:00:00+00:00,BUY,10.0,40.48
2025-10-26 09:00:00+00:00,2025-10-26 17:00:00+00:00,SELL,10.0,40.95
2025-10-26 11:30:00+00:00,2025-10-26 20:00:00+00:00,BUY,10.0,38.51
2025-10-26 12:15:00+00:00,2025-10-26 20:00:00+00:00,SELL,10.0,40.11
2025-10-29 12:30:00+00:00,2025-10-29 21:00:00+00:00,SELL,10.0,28.38
2025-10-29 13:00:00+00:00,2025-10-29 21:00:00+00:00,BUY,10.0,29.35
2025-10-31 16:30:00+00:00,2025-11-01 02:00:00+00:00,SELL,10.0,43.79
2025-10-31 17:15:00+00:00,2025-11-01 02:00:00+00:00,BUY,10.0,43.97
2025-10-31 17:30:00+00:00,2025-11-01 03:00:00+00:00,SELL,10.0,54.84
2025-10-31 18:15:00+00:00,2025-11-01 03:00:00+00:00,BUY,10.0,48.05
2025-10-31 19:30:00+00:00,2025-11-01 04:00:00+00:00,SELL,10.0,50.37
2025-10-31 19:30:00+00:00,2025-11-01 05:00:00+00:00,SELL,10.0,58.1
2025-10-31 20:00:00+00:00,2025-11-01 04:00:00+00:00,BUY,10.0,48.27
2025-10-31 20:15:00+00:00,2025-11-01 05:00:00+00:00,BUY,10.0,53.41
2025-10-31 20:30:00+00:00,2025-11-01 06:00:00+00:00,SELL,10.0,67.18
2025-10-31 21:00:00+00:00,2025-11-01 06:00:00+00:00,BUY,10.0,55.94
2025-11-01 03:30:00+00:00,2025-11-01 13:00:00+00:00,SELL,10.0,53.05
2025-11-01 03:30:00+00:00,2025-11-01 12:00:00+00:00,SELL,10.0,48.16
2025-11-01 04:00:00+00:00,2025-11-01 13:00:00+00:00,BUY,10.0,53.11
2025-11-01 04:00:00+00:00,2025-11-01 12:00:00+00:00,BUY,10.0,43.48
2025-11-01 04:30:00+00:00,2025-11-01 13:00:00+00:00,SELL,10.0,48.72
2025-11-01 04:30:00+00:00,2025-11-01 14:00:00+00:00,SELL,10.0,51.21
2025-11-01 05:00:00+00:00,2025-11-01 13:00:00+00:00,BUY,10.0,47.2
2025-11-01 05:00:00+00:00,2025-11-01 14:00:00+00:00,BUY,10.0,47.54
2025-11-01 14:30:00+00:00,2025-11-01 23:00:00+00:00,SELL,10.0,42.03
2025-11-01 15:00:00+00:00,2025-11-01 23:00:00+00:00,BUY,10.0,39.95
2025-11-02 03:30:00+00:00,2025-11-02 13:00:00+00:00,BUY,10.0,49.7
2025-11-02 04:00:00+00:00,2025-11-02 13:00:00+00:00,SELL,10.0,50.86
2025-11-02 09:30:00+00:00,2025-11-02 19:00:00+00:00,BUY,10.0,76.66
2025-11-02 10:00:00+00:00,2025-11-02 19:00:00+00:00,SELL,10.0,85.94
2025-11-08 19:30:00+00:00,2025-11-09 04:00:00+00:00,BUY,10.0,59.8
2025-11-08 20:15:00+00:00,2025-11-09 04:00:00+00:00,SELL,10.0,59.55
2025-11-08 20:30:00+00:00,2025-11-09 05:00:00+00:00,BUY,10.0,72.78
2025-11-08 21:00:00+00:00,2025-11-09 05:00:00+00:00,SELL,10.0,74.7
2025-11-08 21:30:00+00:00,2025-11-09 06:00:00+00:00,BUY,10.0,77.35
2025-11-08 22:00:00+00:00,2025-11-09 06:00:00+00:00,SELL,10.0,76.78
2025-11-08 23:30:00+00:00,2025-11-09 09:00:00+00:00,SELL,10.0,61.43
2025-11-09 00:00:00+00:00,2025-11-09 09:00:00+00:00,BUY,10.0,54.5
2025-11-09 07:30:00+00:00,2025-11-09 16:00:00+00:00,BUY,10.0,56.59
2025-11-09 08:15:00+00:00,2025-11-09 16:00:00+00:00,SELL,10.0,55.62
2025-11-09 12:30:00+00:00,2025-11-09 21:00:00+00:00,BUY,10.0,54.58
2025-11-09 13:00:00+00:00,2025-11-09 21:00:00+00:00,SELL,10.0,55.95
2025-11-09 20:30:00+00:00,2025-11-10 05:00:00+00:00,BUY,10.0,56.35
2025-11-09 21:00:00+00:00,2025-11-10 05:00:00+00:00,SELL,10.0,57.57
2025-11-09 21:30:00+00:00,2025-11-10 06:00:00+00:00,BUY,10.0,54.3
2025-11-09 22:00:00+00:00,2025-11-10 06:00:00+00:00,SELL,10.0,55.51
2025-11-10 04:30:00+00:00,2025-11-10 14:00:00+00:00,SELL,10.0,34.44
2025-11-10 05:00:00+00:00,2025-11-10 14:00:00+00:00,BUY,10.0,32.59
2025-11-10 06:30:00+00:00,2025-11-10 15:00:00+00:00,BUY,10.0,33.91
2025-11-10 07:00:00+00:00,2025-11-10 15:00:00+00:00,SELL,10.0,35.44
2025-11-10 13:30:00+00:00,2025-11-10 22:00:00+00:00,BUY,10.0,44.51
2025-11-10 14:00:00+00:00,2025-11-10 22:00:00+00:00,SELL,10.0,46.87
2025-11-15 04:30:00+00:00,2025-11-15 14:00:00+00:00,SELL,10.0,42.53
2025-11-15 05:00:00+00:00,2025-11-15 14:00:00+00:00,BUY,10.0,41.82
2025-11-15 14:30:00+00:00,2025-11-16 00:00:00+00:00,BUY,10.0,37.1
2025-11-15 15:00:00+00:00,2025-11-16 00:00:00+00:00,SELL,10.0,37.74
2025-11-16 00:30:00+00:00,2025-11-16 10:00:00+00:00,BUY,10.0,45.72
2025-11-16 01:15:00+00:00,2025-11-16 10:00:00+00:00,SELL,10.0,49.35
2025-11-16 14:30:00+00:00,2025-11-17 00:00:00+00:00,BUY,10.0,41.91
2025-11-16 15:00:00+00:00,2025-11-17 00:00:00+00:00,SELL,10.0,41.66
2025-11-16 15:30:00+00:00,2025-11-17 01:00:00+00:00,BUY,10.0,40.24
2025-11-16 16:00:00+00:00,2025-11-17 01:00:00+00:00,SELL,10.0,39.98
2025-11-16 19:30:00+00:00,2025-11-17 05:00:00+00:00,BUY,10.0,51.77
2025-11-16 20:15:00+00:00,2025-11-17 05:00:00+00:00,SELL,10.0,50.53
2025-11-16 23:30:00+00:00,2025-11-17 09:00:00+00:00,BUY,10.0,50.9
2025-11-17 00:00:00+00:00,2025-11-17 09:00:00+00:00,SELL,10.0,51.37
2025-11-17 02:30:00+00:00,2025-11-17 12:00:00+00:00,BUY,10.0,43.36
2025-11-17 03:15:00+00:00,2025-11-17 12:00:00+00:00,SELL,10.0,43.38
2025-11-17 07:30:00+00:00,2025-11-17 17:00:00+00:00,BUY,10.0,54.2
2025-11-17 08:15:00+00:00,2025-11-17 17:00:00+00:00,SELL,10.0,56.02
2025-11-17 13:30:00+00:00,2025-11-17 23:00:00+00:00,BUY,10.0,39.9
2025-11-17 14:00:00+00:00,2025-11-17 23:00:00+00:00,SELL,10.0,39.52
2025-11-20 18:30:00+00:00,2025-11-21 04:00:00+00:00,BUY,10.0,49.51
2025-11-20 19:15:00+00:00,2025-11-21 04:00:00+00:00,SELL,10.0,49.58
2025-11-20 19:30:00+00:00,2025-11-21 05:00:00+00:00,BUY,10.0,48.98
2025-11-20 20:00:00+00:00,2025-11-21 05:00:00+00:00,SELL,10.0,50.96
2025-11-21 09:30:00+00:00,2025-11-21 19:00:00+00:00,BUY,10.0,67.57
2025-11-21 10:00:00+00:00,2025-11-21 19:00:00+00:00,SELL,10.0,65.67
2025-11-23 12:30:00+00:00,2025-11-23 22:00:00+00:00,SELL,10.0,47.0
2025-11-23 13:00:00+00:00,2025-11-23 22:00:00+00:00,BUY,10.0,47.92
2025-11-25 14:30:00+00:00,2025-11-26 00:00:00+00:00,BUY,10.0,14.96
2025-11-25 15:00:00+00:00,2025-11-26 00:00:00+00:00,SELL,10.0,14.07
2025-11-25 16:30:00+00:00,2025-11-26 02:00:00+00:00,BUY,10.0,14.02
2025-11-25 17:15:00+00:00,2025-11-26 02:00:00+00:00,SELL,10.0,18.4
2025-11-25 17:30:00+00:00,2025-11-26 03:00:00+00:00,BUY,10.0,22.19
2025-11-25 18:15:00+00:00,2025-11-26 03:00:00+00:00,SELL,10.0,22.15
2025-11-25 19:30:00+00:00,2025-11-26 05:00:00+00:00,BUY,10.0,26.95
2025-11-25 20:15:00+00:00,2025-11-26 05:00:00+00:00,SELL,10.0,26.91
2025-11-25 20:30:00+00:00,2025-11-26 06:00:00+00:00,BUY,10.0,25.99
2025-11-25 21:00:00+00:00,2025-11-26 06:00:00+00:00,SELL,10.0,25.89
2025-11-26 04:30:00+00:00,2025-11-26 14:00:00+00:00,BUY,10.0,24.19
2025-11-26 05:15:00+00:00,2025-11-26 14:00:00+00:00,SELL,10.0,25.15
2025-11-26 06:30:00+00:00,2025-11-26 16:00:00+00:00,BUY,10.0,27.25
2025-11-26 07:00:00+00:00,2025-11-26 16:00:00+00:00,SELL,10.0,26.11
2025-11-26 08:30:00+00:00,2025-11-26 18:00:00+00:00,BUY,10.0,31.54
2025-11-26 09:15:00+00:00,2025-11-26 18:00:00+00:00,SELL,10.0,30.78
2025-11-26 11:30:00+00:00,2025-11-26 21:00:00+00:00,BUY,10.0,24.64
2025-11-26 12:00:00+00:00,2025-11-26 21:00:00+00:00,SELL,10.0,23.82
2025-11-26 13:30:00+00:00,2025-11-26 23:00:00+00:00,BUY,10.0,17.08
2025-11-26 14:00:00+00:00,2025-11-26 23:00:00+00:00,SELL,10.0,17.52
2025-11-27 08:30:00+00:00,2025-11-27 16:00:00+00:00,BUY,10.0,21.14
2025-11-27 09:00:00+00:00,2025-11-27 16:00:00+00:00,SELL,10.0,20.86
2025-11-30 07:30:00+00:00,2025-11-30 16:00:00+00:00,SELL,10.0,47.97
2025-11-30 08:00:00+00:00,2025-11-30 16:00:00+00:00,BUY,10.0,44.58
2025-11-30 21:30:00+00:00,2025-12-01 07:00:00+00:00,SELL,10.0,56.42
2025-11-30 22:00:00+00:00,2025-12-01 07:00:00+00:00,BUY,10.0,48.75
2025-12-01 18:30:00+00:00,2025-12-02 03:00:00+00:00,BUY,10.0,30.11
2025-12-01 19:00:00+00:00,2025-12-02 03:00:00+00:00,SELL,10.0,32.98
2025-12-01 22:30:00+00:00,2025-12-02 07:00:00+00:00,BUY,10.0,41.03
2025-12-01 23:00:00+00:00,2025-12-02 07:00:00+00:00,SELL,10.0,47.59
2025-12-02 04:30:00+00:00,2025-12-02 13:00:00+00:00,BUY,10.0,25.18
2025-12-02 05:00:00+00:00,2025-12-02 13:00:00+00:00,SELL,10.0,28.27
2025-12-02 16:30:00+00:00,2025-12-03 02:00:00+00:00,SELL,10.0,59.46
2025-12-02 17:00:00+00:00,2025-12-03 02:00:00+00:00,BUY,10.0,47.59
2025-12-02 22:30:00+00:00,2025-12-03 08:00:00+00:00,SELL,10.0,68.05
2025-12-02 23:00:00+00:00,2025-12-03 08:00:00+00:00,BUY,10.0,67.17
2025-12-03 07:30:00+00:00,2025-12-03 17:00:00+00:00,SELL,10.0,107.57
2025-12-03 08:15:00+00:00,2025-12-03 17:00:00+00:00,BUY,10.0,73.51
2025-12-03 08:30:00+00:00,2025-12-03 18:00:00+00:00,SELL,10.0,59.52
2025-12-03 09:15:00+00:00,2025-12-03 18:00:00+00:00,BUY,10.0,52.49
2025-12-03 09:30:00+00:00,2025-12-03 19:00:00+00:00,SELL,10.0,63.92
2025-12-03 10:00:00+00:00,2025-12-03 19:00:00+00:00,BUY,10.0,57.4
2025-12-04 14:30:00+00:00,2025-12-05 00:00:00+00:00,BUY,10.0,31.54
2025-12-04 15:15:00+00:00,2025-12-05 00:00:00+00:00,SELL,10.0,32.4
2025-12-04 17:30:00+00:00,2025-12-05 03:00:00+00:00,BUY,10.0,36.3
2025-12-04 18:15:00+00:00,2025-12-05 03:00:00+00:00,SELL,10.0,40.36
2025-12-04 20:30:00+00:00,2025-12-05 06:00:00+00:00,BUY,10.0,50.97
2025-12-04 21:00:00+00:00,2025-12-05 06:00:00+00:00,SELL,10.0,52.34
2025-12-04 21:30:00+00:00,2025-12-05 06:00:00+00:00,BUY,10.0,58.11
2025-12-04 22:00:00+00:00,2025-12-05 06:00:00+00:00,SELL,10.0,58.05
2025-12-04 22:30:00+00:00,2025-12-05 08:00:00+00:00,BUY,10.0,47.23
2025-12-04 23:00:00+00:00,2025-12-05 08:00:00+00:00,SELL,10.0,46.92
2025-12-05 00:30:00+00:00,2025-12-05 09:00:00+00:00,BUY,10.0,49.15
2025-12-05 00:30:00+00:00,2025-12-05 10:00:00+00:00,BUY,10.0,43.32
2025-12-05 01:00:00+00:00,2025-12-05 09:00:00+00:00,SELL,10.0,49.89
2025-12-05 01:00:00+00:00,2025-12-05 10:00:00+00:00,SELL,10.0,46.25
2025-12-05 01:30:00+00:00,2025-12-05 11:00:00+00:00,BUY,10.0,41.14
2025-12-05 02:00:00+00:00,2025-12-05 11:00:00+00:00,SELL,10.0,42.59
2025-12-05 03:30:00+00:00,2025-12-05 12:00:00+00:00,BUY,10.0,39.78
2025-12-05 03:30:00+00:00,2025-12-05 13:00:00+00:00,BUY,10.0,27.76
2025-12-05 04:15:00+00:00,2025-12-05 13:00:00+00:00,SELL,10.0,32.35
2025-12-05 04:15:00+00:00,2025-12-05 12:00:00+00:00,SELL,10.0,40.17
2025-12-05 05:30:00+00:00,2025-12-05 15:00:00+00:00,BUY,10.0,33.17
2025-12-05 06:00:00+00:00,2025-12-05 15:00:00+00:00,SELL,10.0,34.66
2025-12-05 06:30:00+00:00,2025-12-05 15:00:00+00:00,BUY,10.0,39.36
2025-12-05 07:15:00+00:00,2025-12-05 15:00:00+00:00,SELL,10.0,40.79
2025-12-05 07:30:00+00:00,2025-12-05 17:00:00+00:00,BUY,10.0,44.02
2025-12-05 08:15:00+00:00,2025-12-05 17:00:00+00:00,SELL,10.0,45.41
2025-12-05 09:30:00+00:00,2025-12-05 19:00:00+00:00,BUY,10.0,38.37
2025-12-05 10:00:00+00:00,2025-12-05 19:00:00+00:00,SELL,10.0,42.68
2025-12-05 10:30:00+00:00,2025-12-05 20:00:00+00:00,BUY,10.0,38.47
2025-12-05 11:15:00+00:00,2025-12-05 20:00:00+00:00,SELL,10.0,43.23
2025-12-05 11:30:00+00:00,2025-12-05 20:00:00+00:00,BUY,10.0,45.95
2025-12-05 12:00:00+00:00,2025-12-05 20:00:00+00:00,SELL,10.0,47.11
2025-12-05 13:30:00+00:00,2025-12-05 23:00:00+00:00,BUY,10.0,28.72
2025-12-05 14:00:00+00:00,2025-12-05 23:00:00+00:00,SELL,10.0,30.75
2025-12-05 14:30:00+00:00,2025-12-05 23:00:00+00:00,BUY,10.0,35.22
2025-12-05 15:00:00+00:00,2025-12-05 23:00:00+00:00,SELL,10.0,37.34
2025-12-09 00:30:00+00:00,2025-12-09 09:00:00+00:00,SELL,10.0,32.51
2025-12-09 01:00:00+00:00,2025-12-09 09:00:00+00:00,BUY,10.0,34.06
2025-12-09 04:30:00+00:00,2025-12-09 13:00:00+00:00,SELL,10.0,25.32
2025-12-09 05:00:00+00:00,2025-12-09 13:00:00+00:00,BUY,10.0,24.01
2025-12-16 04:30:00+00:00,2025-12-16 14:00:00+00:00,BUY,10.0,21.7
2025-12-16 05:15:00+00:00,2025-12-16 14:00:00+00:00,SELL,10.0,21.69
2025-12-17 05:30:00+00:00,2025-12-17 14:00:00+00:00,SELL,10.0,29.13
2025-12-17 06:00:00+00:00,2025-12-17 14:00:00+00:00,BUY,10.0,27.56
2025-12-17 11:30:00+00:00,2025-12-17 20:00:00+00:00,SELL,10.0,27.76
2025-12-17 12:00:00+00:00,2025-12-17 20:00:00+00:00,BUY,10.0,26.24
2025-12-20 17:30:00+00:00,2025-12-21 02:00:00+00:00,SELL,10.0,21.92
2025-12-20 18:00:00+00:00,2025-12-21 02:00:00+00:00,BUY,10.0,23.43
2025-12-21 00:30:00+00:00,2025-12-21 09:00:00+00:00,SELL,10.0,36.53
2025-12-21 01:00:00+00:00,2025-12-21 09:00:00+00:00,BUY,10.0,35.31
2025-12-21 14:30:00+00:00,2025-12-22 00:00:00+00:00,BUY,10.0,23.47
2025-12-21 15:15:00+00:00,2025-12-22 00:00:00+00:00,SELL,10.0,26.96
2025-12-21 15:30:00+00:00,2025-12-22 01:00:00+00:00,BUY,10.0,25.2
2025-12-21 16:15:00+00:00,2025-12-22 01:00:00+00:00,SELL,10.0,25.36
2025-12-21 16:30:00+00:00,2025-12-22 02:00:00+00:00,BUY,10.0,34.48
2025-12-21 17:15:00+00:00,2025-12-22 02:00:00+00:00,SELL,10.0,35.4
2025-12-21 17:30:00+00:00,2025-12-22 03:00:00+00:00,BUY,10.0,26.26
2025-12-21 18:15:00+00:00,2025-12-22 03:00:00+00:00,SELL,10.0,29.41
2025-12-21 18:30:00+00:00,2025-12-22 04:00:00+00:00,BUY,10.0,21.48
2025-12-21 19:00:00+00:00,2025-12-22 04:00:00+00:00,SELL,10.0,25.39
2025-12-21 19:30:00+00:00,2025-12-22 05:00:00+00:00,BUY,10.0,30.34
2025-12-21 20:15:00+00:00,2025-12-22 05:00:00+00:00,SELL,10.0,32.11
2025-12-21 20:30:00+00:00,2025-12-22 06:00:00+00:00,BUY,10.0,29.63
2025-12-21 21:15:00+00:00,2025-12-22 06:00:00+00:00,SELL,10.0,29.22
2025-12-21 23:30:00+00:00,2025-12-22 09:00:00+00:00,BUY,10.0,32.42
2025-12-22 00:15:00+00:00,2025-12-22 09:00:00+00:00,SELL,10.0,35.14
2025-12-22 01:30:00+00:00,2025-12-22 11:00:00+00:00,BUY,10.0,32.74
2025-12-22 02:15:00+00:00,2025-12-22 11:00:00+00:00,SELL,10.0,34.27
2025-12-22 02:30:00+00:00,2025-12-22 12:00:00+00:00,BUY,10.0,28.76
2025-12-22 03:00:00+00:00,2025-12-22 12:00:00+00:00,SELL,10.0,27.21
2025-12-22 03:30:00+00:00,2025-12-22 13:00:00+00:00,BUY,10.0,38.54
2025-12-22 04:15:00+00:00,2025-12-22 13:00:00+00:00,SELL,10.0,38.84
2025-12-22 04:30:00+00:00,2025-12-22 14:00:00+00:00,BUY,10.0,29.57
2025-12-22 05:00:00+00:00,2025-12-22 14:00:00+00:00,SELL,10.0,32.12
2025-12-22 05:30:00+00:00,2025-12-22 13:00:00+00:00,SELL,10.0,33.35
2025-12-22 05:30:00+00:00,2025-12-22 15:00:00+00:00,BUY,10.0,24.77
2025-12-22 06:00:00+00:00,2025-12-22 15:00:00+00:00,SELL,10.0,24.59
2025-12-22 06:15:00+00:00,2025-12-22 13:00:00+00:00,BUY,10.0,32.12
2025-12-22 06:30:00+00:00,2025-12-22 16:00:00+00:00,BUY,10.0,31.64
2025-12-22 07:00:00+00:00,2025-12-22 16:00:00+00:00,SELL,10.0,30.71
2025-12-22 08:30:00+00:00,2025-12-22 16:00:00+00:00,SELL,10.0,25.27
2025-12-22 09:15:00+00:00,2025-12-22 16:00:00+00:00,BUY,10.0,25.13
2025-12-22 09:30:00+00:00,2025-12-22 19:00:00+00:00,BUY,10.0,29.9
2025-12-22 10:15:00+00:00,2025-12-22 19:00:00+00:00,SELL,10.0,31.32
2025-12-22 11:30:00+00:00,2025-12-22 19:00:00+00:00,SELL,10.0,25.43
2025-12-22 11:30:00+00:00,2025-12-22 21:00:00+00:00,BUY,10.0,24.9
2025-12-22 12:00:00+00:00,2025-12-22 19:00:00+00:00,BUY,10.0,23.67
2025-12-22 12:15:00+00:00,2025-12-22 21:00:00+00:00,SELL,10.0,29.96
2025-12-22 12:30:00+00:00,2025-12-22 22:00:00+00:00,BUY,10.0,25.39
2025-12-22 13:15:00+00:00,2025-12-22 22:00:00+00:00,SELL,10.0,26.39
2025-12-22 13:30:00+00:00,2025-12-22 23:00:00+00:00,BUY,10.0,21.08
2025-12-22 14:00:00+00:00,2025-12-22 23:00:00+00:00,SELL,10.0,21.3
2025-12-23 15:30:00+00:00,2025-12-24 01:00:00+00:00,BUY,10.0,0.75
2025-12-23 16:15:00+00:00,2025-12-24 01:00:00+00:00,SELL,10.0,7.17
2025-12-23 22:30:00+00:00,2025-12-24 08:00:00+00:00,BUY,10.0,25.01
2025-12-23 23:00:00+00:00,2025-12-24 08:00:00+00:00,SELL,10.0,28.44
2025-12-29 07:30:00+00:00,2025-12-29 17:00:00+00:00,BUY,10.0,56.7
2025-12-29 08:00:00+00:00,2025-12-29 17:00:00+00:00,SELL,10.0,55.57
2026-01-05 20:30:00+00:00,2026-01-06 06:00:00+00:00,SELL,10.0,56.26
2026-01-05 21:15:00+00:00,2026-01-06 06:00:00+00:00,BUY,10.0,48.72
2026-01-08 17:30:00+00:00,2026-01-09 03:00:00+00:00,BUY,10.0,-10.27
2026-01-08 18:00:00+00:00,2026-01-09 03:00:00+00:00,SELL,10.0,6.18
2026-01-08 21:30:00+00:00,2026-01-09 07:00:00+00:00,BUY,10.0,24.34
2026-01-08 22:00:00+00:00,2026-01-09 07:00:00+00:00,SELL,10.0,26.91
2026-01-08 22:30:00+00:00,2026-01-09 08:00:00+00:00,BUY,10.0,22.13
2026-01-08 23:15:00+00:00,2026-01-09 08:00:00+00:00,SELL,10.0,24.3
2026-01-08 23:30:00+00:00,2026-01-09 09:00:00+00:00,BUY,10.0,25.94
2026-01-09 00:00:00+00:00,2026-01-09 09:00:00+00:00,SELL,10.0,26.55
2026-01-09 01:30:00+00:00,2026-01-09 10:00:00+00:00,BUY,10.0,27.56
2026-01-09 02:00:00+00:00,2026-01-09 10:00:00+00:00,SELL,10.0,30.75
2026-01-09 02:30:00+00:00,2026-01-09 12:00:00+00:00,BUY,10.0,19.36
2026-01-09 03:00:00+00:00,2026-01-09 12:00:00+00:00,SELL,10.0,20.65
2026-01-09 04:30:00+00:00,2026-01-09 14:00:00+00:00,BUY,10.0,15.01
2026-01-09 05:00:00+00:00,2026-01-09 14:00:00+00:00,SELL,10.0,16.84
2026-01-09 07:30:00+00:00,2026-01-09 17:00:00+00:00,BUY,10.0,21.86
2026-01-09 08:00:00+00:00,2026-01-09 17:00:00+00:00,SELL,10.0,24.74
2026-01-09 12:30:00+00:00,2026-01-09 22:00:00+00:00,BUY,10.0,10.31
2026-01-09 13:00:00+00:00,2026-01-09 22:00:00+00:00,SELL,10.0,15.48
2026-01-09 17:30:00+00:00,2026-01-10 03:00:00+00:00,BUY,10.0,16.67
2026-01-09 18:15:00+00:00,2026-01-10 03:00:00+00:00,SELL,10.0,30.81
2026-01-10 09:30:00+00:00,2026-01-10 19:00:00+00:00,BUY,10.0,23.04
2026-01-10 10:00:00+00:00,2026-01-10 19:00:00+00:00,SELL,10.0,26.84
2026-01-10 15:30:00+00:00,2026-01-11 01:00:00+00:00,BUY,10.0,27.79
2026-01-10 16:15:00+00:00,2026-01-11 01:00:00+00:00,SELL,10.0,28.73
2026-01-10 16:30:00+00:00,2026-01-11 01:00:00+00:00,SELL,10.0,26.02
2026-01-10 16:30:00+00:00,2026-01-11 02:00:00+00:00,BUY,10.0,17.34
2026-01-10 17:00:00+00:00,2026-01-11 01:00:00+00:00,BUY,10.0,22.85
2026-01-10 17:00:00+00:00,2026-01-11 02:00:00+00:00,SELL,10.0,22.01
2026-01-10 18:30:00+00:00,2026-01-11 04:00:00+00:00,BUY,10.0,29.33
2026-01-10 19:00:00+00:00,2026-01-11 04:00:00+00:00,SELL,10.0,29.83
2026-01-10 19:30:00+00:00,2026-01-11 05:00:00+00:00,BUY,10.0,25.89
2026-01-10 20:15:00+00:00,2026-01-11 05:00:00+00:00,SELL,10.0,26.11
2026-01-10 20:30:00+00:00,2026-01-11 06:00:00+00:00,BUY,10.0,32.0
2026-01-10 21:15:00+00:00,2026-01-11 06:00:00+00:00,SELL,10.0,31.64
2026-01-10 21:30:00+00:00,2026-01-11 07:00:00+00:00,BUY,10.0,34.52
2026-01-10 22:00:00+00:00,2026-01-11 07:00:00+00:00,SELL,10.0,34.96
2026-01-10 23:30:00+00:00,2026-01-11 09:00:00+00:00,BUY,10.0,32.97
2026-01-11 00:00:00+00:00,2026-01-11 09:00:00+00:00,SELL,10.0,32.95
2026-01-11 00:30:00+00:00,2026-01-11 10:00:00+00:00,BUY,10.0,38.69
2026-01-11 01:00:00+00:00,2026-01-11 10:00:00+00:00,SELL,10.0,38.97
2026-01-11 01:30:00+00:00,2026-01-11 11:00:00+00:00,BUY,10.0,30.8
2026-01-11 02:15:00+00:00,2026-01-11 11:00:00+00:00,SELL,10.0,31.99
2026-01-11 02:30:00+00:00,2026-01-11 12:00:00+00:00,BUY,10.0,28.96
2026-01-11 03:15:00+00:00,2026-01-11 12:00:00+00:00,SELL,10.0,28.6
2026-01-11 04:30:00+00:00,2026-01-11 14:00:00+00:00,BUY,10.0,23.23
2026-01-11 05:00:00+00:00,2026-01-11 14:00:00+00:00,SELL,10.0,24.3
2026-01-11 05:30:00+00:00,2026-01-11 15:00:00+00:00,BUY,10.0,33.07
2026-01-11 06:00:00+00:00,2026-01-11 15:00:00+00:00,SELL,10.0,33.36
2026-01-11 10:30:00+00:00,2026-01-11 20:00:00+00:00,BUY,10.0,35.09
2026-01-11 11:15:00+00:00,2026-01-11 20:00:00+00:00,SELL,10.0,34.9
2026-01-11 12:30:00+00:00,2026-01-11 22:00:00+00:00,BUY,10.0,22.97
2026-01-11 13:00:00+00:00,2026-01-11 22:00:00+00:00,SELL,10.0,22.79
2026-01-11 13:30:00+00:00,2026-01-11 23:00:00+00:00,BUY,10.0,22.18
2026-01-11 14:15:00+00:00,2026-01-11 23:00:00+00:00,SELL,10.0,25.92
2026-01-11 18:30:00+00:00,2026-01-12 04:00:00+00:00,BUY,10.0,12.84
2026-01-11 19:00:00+00:00,2026-01-12 04:00:00+00:00,SELL,10.0,21.01
2026-01-11 21:30:00+00:00,2026-01-12 07:00:00+00:00,BUY,10.0,23.77
2026-01-11 22:15:00+00:00,2026-01-12 07:00:00+00:00,SELL,10.0,24.46
2026-01-11 22:30:00+00:00,2026-01-12 08:00:00+00:00,BUY,10.0,26.58
2026-01-11 23:00:00+00:00,2026-01-12 08:00:00+00:00,SELL,10.0,24.92
2026-01-12 14:30:00+00:00,2026-01-13 00:00:00+00:00,SELL,10.0,26.51
2026-01-12 15:15:00+00:00,2026-01-13 00:00:00+00:00,BUY,10.0,22.87
2026-01-12 17:30:00+00:00,2026-01-13 03:00:00+00:00,SELL,10.0,25.34
2026-01-12 18:00:00+00:00,2026-01-13 03:00:00+00:00,BUY,10.0,22.48
2026-01-12 19:30:00+00:00,2026-01-13 04:00:00+00:00,SELL,10.0,32.27
2026-01-12 20:00:00+00:00,2026-01-13 04:00:00+00:00,BUY,10.0,30.51
2026-01-12 20:30:00+00:00,2026-01-13 06:00:00+00:00,SELL,10.0,36.14
2026-01-12 21:15:00+00:00,2026-01-13 06:00:00+00:00,BUY,10.0,32.66
2026-01-12 21:30:00+00:00,2026-01-13 07:00:00+00:00,SELL,10.0,37.21
2026-01-12 22:00:00+00:00,2026-01-13 07:00:00+00:00,BUY,10.0,31.48
2026-01-12 22:30:00+00:00,2026-01-13 08:00:00+00:00,SELL,10.0,43.44
2026-01-12 23:15:00+00:00,2026-01-13 08:00:00+00:00,BUY,10.0,38.55
2026-01-13 00:30:00+00:00,2026-01-13 10:00:00+00:00,SELL,10.0,32.32
2026-01-13 01:15:00+00:00,2026-01-13 10:00:00+00:00,BUY,10.0,33.19
2026-01-13 03:30:00+00:00,2026-01-13 13:00:00+00:00,SELL,10.0,38.59
2026-01-13 04:15:00+00:00,2026-01-13 13:00:00+00:00,BUY,10.0,36.51
2026-01-13 07:30:00+00:00,2026-01-13 17:00:00+00:00,SELL,10.0,35.49
2026-01-13 08:00:00+00:00,2026-01-13 17:00:00+00:00,BUY,10.0,32.49
2026-01-13 09:30:00+00:00,2026-01-13 19:00:00+00:00,SELL,10.0,33.97
2026-01-13 10:00:00+00:00,2026-01-13 19:00:00+00:00,BUY,10.0,31.96
2026-01-13 12:30:00+00:00,2026-01-13 21:00:00+00:00,SELL,10.0,29.27
2026-01-13 13:00:00+00:00,2026-01-13 21:00:00+00:00,BUY,10.0,28.58
2026-01-13 13:30:00+00:00,2026-01-13 23:00:00+00:00,SELL,10.0,29.7
2026-01-13 14:15:00+00:00,2026-01-13 23:00:00+00:00,BUY,10.0,25.27
2026-01-16 02:30:00+00:00,2026-01-16 12:00:00+00:00,SELL,10.0,39.95
2026-01-16 03:00:00+00:00,2026-01-16 12:00:00+00:00,BUY,10.0,39.51
2026-01-19 18:30:00+00:00,2026-01-20 04:00:00+00:00,SELL,10.0,26.82
2026-01-19 19:00:00+00:00,2026-01-20 04:00:00+00:00,BUY,10.0,27.19
2026-01-20 08:30:00+00:00,2026-01-20 18:00:00+00:00,SELL,10.0,37.77
2026-01-20 09:00:00+00:00,2026-01-20 18:00:00+00:00,BUY,10.0,37.44
2026-01-21 04:30:00+00:00,2026-01-21 13:00:00+00:00,SELL,10.0,30.67
2026-01-21 05:00:00+00:00,2026-01-21 13:00:00+00:00,BUY,10.0,30.81
2026-01-23 06:30:00+00:00,2026-01-23 14:00:00+00:00,BUY,10.0,31.88
2026-01-23 07:00:00+00:00,2026-01-23 14:00:00+00:00,SELL,10.0,31.58
2026-01-23 17:30:00+00:00,2026-01-24 02:00:00+00:00,BUY,10.0,37.91
2026-01-23 18:15:00+00:00,2026-01-24 02:00:00+00:00,SELL,10.0,38.14
2026-01-23 20:30:00+00:00,2026-01-24 05:00:00+00:00,BUY,10.0,43.72
2026-01-23 21:15:00+00:00,2026-01-24 05:00:00+00:00,SELL,10.0,46.85
2026-01-23 22:30:00+00:00,2026-01-24 07:00:00+00:00,BUY,10.0,56.08
2026-01-23 23:00:00+00:00,2026-01-24 07:00:00+00:00,SELL,10.0,57.42
2026-01-23 23:30:00+00:00,2026-01-24 08:00:00+00:00,BUY,10.0,67.64
2026-01-24 00:00:00+00:00,2026-01-24 08:00:00+00:00,SELL,10.0,69.29
2026-01-24 03:30:00+00:00,2026-01-24 12:00:00+00:00,BUY,10.0,43.34
2026-01-24 04:00:00+00:00,2026-01-24 12:00:00+00:00,SELL,10.0,46.04
2026-01-24 05:30:00+00:00,2026-01-24 14:00:00+00:00,BUY,10.0,42.25
2026-01-24 06:15:00+00:00,2026-01-24 14:00:00+00:00,SELL,10.0,45.12
2026-01-24 07:30:00+00:00,2026-01-24 16:00:00+00:00,BUY,10.0,42.21
2026-01-24 08:00:00+00:00,2026-01-24 16:00:00+00:00,SELL,10.0,43.12
2026-01-24 11:30:00+00:00,2026-01-24 20:00:00+00:00,BUY,10.0,37.83
2026-01-24 12:15:00+00:00,2026-01-24 20:00:00+00:00,SELL,10.0,37.99
2026-01-24 13:30:00+00:00,2026-01-24 22:00:00+00:00,BUY,10.0,32.72
2026-01-24 14:00:00+00:00,2026-01-24 22:00:00+00:00,SELL,10.0,33.68
2026-01-30 08:30:00+00:00,2026-01-30 18:00:00+00:00,BUY,10.0,45.94
2026-01-30 09:00:00+00:00,2026-01-30 18:00:00+00:00,SELL,10.0,47.59
2026-01-31 04:30:00+00:00,2026-01-31 14:00:00+00:00,BUY,10.0,49.83
2026-01-31 05:00:00+00:00,2026-01-31 14:00:00+00:00,SELL,10.0,49.03
2026-02-01 03:30:00+00:00,2026-02-01 13:00:00+00:00,BUY,10.0,56.9
2026-02-01 04:00:00+00:00,2026-02-01 13:00:00+00:00,SELL,10.0,61.51
2026-02-02 14:30:00+00:00,2026-02-03 00:00:00+00:00,SELL,10.0,39.43
2026-02-02 15:00:00+00:00,2026-02-03 00:00:00+00:00,BUY,10.0,36.67
2026-02-02 16:30:00+00:00,2026-02-03 02:00:00+00:00,SELL,10.0,37.03
2026-02-02 17:00:00+00:00,2026-02-03 02:00:00+00:00,BUY,10.0,36.58
2026-02-02 17:30:00+00:00,2026-02-03 03:00:00+00:00,SELL,10.0,35.83
2026-02-02 18:15:00+00:00,2026-02-03 03:00:00+00:00,BUY,10.0,33.47
2026-02-02 18:30:00+00:00,2026-02-03 04:00:00+00:00,SELL,10.0,46.95
2026-02-02 19:00:00+00:00,2026-02-03 04:00:00+00:00,BUY,10.0,43.36
2026-02-02 19:30:00+00:00,2026-02-03 05:00:00+00:00,SELL,10.0,41.14
2026-02-02 20:15:00+00:00,2026-02-03 05:00:00+00:00,BUY,10.0,37.04
2026-02-02 20:30:00+00:00,2026-02-03 06:00:00+00:00,SELL,10.0,43.95
2026-02-02 21:00:00+00:00,2026-02-03 06:00:00+00:00,BUY,10.0,42.43
2026-02-02 21:30:00+00:00,2026-02-03 07:00:00+00:00,SELL,10.0,51.51
2026-02-02 22:00:00+00:00,2026-02-03 07:00:00+00:00,BUY,10.0,46.01
2026-02-02 22:30:00+00:00,2026-02-03 08:00:00+00:00,SELL,10.0,71.32
2026-02-02 23:15:00+00:00,2026-02-03 08:00:00+00:00,BUY,10.0,67.33
2026-02-02 23:30:00+00:00,2026-02-03 09:00:00+00:00,SELL,10.0,53.08
2026-02-03 00:00:00+00:00,2026-02-03 09:00:00+00:00,BUY,10.0,50.44
2026-02-03 00:30:00+00:00,2026-02-03 10:00:00+00:00,SELL,10.0,48.58
2026-02-03 01:15:00+00:00,2026-02-03 10:00:00+00:00,BUY,10.0,47.0
2026-02-03 02:30:00+00:00,2026-02-03 12:00:00+00:00,SELL,10.0,44.37
2026-02-03 03:00:00+00:00,2026-02-03 12:00:00+00:00,BUY,10.0,42.18
2026-02-03 03:30:00+00:00,2026-02-03 13:00:00+00:00,SELL,10.0,40.95
2026-02-03 04:00:00+00:00,2026-02-03 13:00:00+00:00,BUY,10.0,39.5
2026-02-03 04:30:00+00:00,2026-02-03 14:00:00+00:00,SELL,10.0,41.51
2026-02-03 05:15:00+00:00,2026-02-03 14:00:00+00:00,BUY,10.0,38.21
2026-02-03 05:30:00+00:00,2026-02-03 15:00:00+00:00,SELL,10.0,42.79
2026-02-03 06:15:00+00:00,2026-02-03 15:00:00+00:00,BUY,10.0,42.83
2026-02-03 07:30:00+00:00,2026-02-03 17:00:00+00:00,SELL,10.0,37.1
2026-02-03 08:15:00+00:00,2026-02-03 17:00:00+00:00,BUY,10.0,35.29
2026-02-03 08:30:00+00:00,2026-02-03 18:00:00+00:00,SELL,10.0,55.86
2026-02-03 09:15:00+00:00,2026-02-03 18:00:00+00:00,BUY,10.0,53.33
2026-02-03 09:30:00+00:00,2026-02-03 19:00:00+00:00,SELL,10.0,49.28
2026-02-03 10:00:00+00:00,2026-02-03 19:00:00+00:00,BUY,10.0,45.23
2026-02-03 10:30:00+00:00,2026-02-03 20:00:00+00:00,SELL,10.0,42.64
2026-02-03 11:15:00+00:00,2026-02-03 20:00:00+00:00,BUY,10.0,39.0
2026-02-03 12:30:00+00:00,2026-02-03 22:00:00+00:00,SELL,10.0,39.21
2026-02-03 13:00:00+00:00,2026-02-03 22:00:00+00:00,BUY,10.0,36.38
2026-02-03 13:30:00+00:00,2026-02-03 23:00:00+00:00,SELL,10.0,32.65
2026-02-03 14:15:00+00:00,2026-02-03 23:00:00+00:00,BUY,10.0,30.82
2026-02-05 11:30:00+00:00,2026-02-05 21:00:00+00:00,SELL,10.0,35.48
2026-02-05 12:00:00+00:00,2026-02-05 21:00:00+00:00,BUY,10.0,31.45
2026-02-10 14:30:00+00:00,2026-02-11 00:00:00+00:00,SELL,10.0,25.75
2026-02-10 15:00:00+00:00,2026-02-11 00:00:00+00:00,BUY,10.0,25.06
2026-02-10 17:30:00+00:00,2026-02-11 03:00:00+00:00,SELL,10.0,37.6
2026-02-10 18:00:00+00:00,2026-02-11 03:00:00+00:00,BUY,10.0,36.89
2026-02-11 09:30:00+00:00,2026-02-11 19:00:00+00:00,SELL,10.0,51.73
2026-02-11 10:15:00+00:00,2026-02-11 19:00:00+00:00,BUY,10.0,51.2
2026-02-12 06:30:00+00:00,2026-02-12 16:00:00+00:00,SELL,10.0,61.97
2026-02-12 07:00:00+00:00,2026-02-12 16:00:00+00:00,BUY,10.0,59.71
2026-02-12 15:30:00+00:00,2026-02-13 00:00:00+00:00,SELL,10.0,49.12
2026-02-12 16:00:00+00:00,2026-02-13 00:00:00+00:00,BUY,10.0,47.14
2026-02-12 16:30:00+00:00,2026-02-13 01:00:00+00:00,SELL,10.0,50.74
2026-02-12 17:00:00+00:00,2026-02-13 01:00:00+00:00,BUY,10.0,47.23
2026-02-12 17:30:00+00:00,2026-02-13 02:00:00+00:00,SELL,10.0,46.36
2026-02-12 18:00:00+00:00,2026-02-13 02:00:00+00:00,BUY,10.0,44.86
2026-02-12 18:30:00+00:00,2026-02-13 03:00:00+00:00,SELL,10.0,51.97
2026-02-12 19:15:00+00:00,2026-02-13 03:00:00+00:00,BUY,10.0,48.22
2026-02-12 19:30:00+00:00,2026-02-13 04:00:00+00:00,SELL,10.0,50.4
2026-02-12 20:00:00+00:00,2026-02-13 04:00:00+00:00,BUY,10.0,47.89
2026-02-12 23:30:00+00:00,2026-02-13 08:00:00+00:00,SELL,10.0,135.39
2026-02-13 00:00:00+00:00,2026-02-13 08:00:00+00:00,BUY,10.0,124.09
2026-02-13 08:30:00+00:00,2026-02-13 17:00:00+00:00,SELL,10.0,92.27
2026-02-13 09:00:00+00:00,2026-02-13 17:00:00+00:00,BUY,10.0,79.55
2026-02-14 09:30:00+00:00,2026-02-14 19:00:00+00:00,SELL,10.0,48.62
2026-02-14 10:00:00+00:00,2026-02-14 19:00:00+00:00,BUY,10.0,42.01
2026-02-14 15:30:00+00:00,2026-02-15 00:00:00+00:00,BUY,10.0,36.87
2026-02-14 16:00:00+00:00,2026-02-15 00:00:00+00:00,SELL,10.0,39.0
2026-02-14 20:30:00+00:00,2026-02-15 06:00:00+00:00,BUY,10.0,54.03
2026-02-14 21:00:00+00:00,2026-02-15 06:00:00+00:00,SELL,10.0,58.47
2026-02-15 07:30:00+00:00,2026-02-15 16:00:00+00:00,BUY,10.0,52.17
2026-02-15 08:00:00+00:00,2026-02-15 16:00:00+00:00,SELL,10.0,52.44
2026-02-15 09:30:00+00:00,2026-02-15 18:00:00+00:00,BUY,10.0,54.21
2026-02-15 10:15:00+00:00,2026-02-15 18:00:00+00:00,SELL,10.0,58.85
2026-02-16 00:30:00+00:00,2026-02-16 10:00:00+00:00,SELL,10.0,34.71
2026-02-16 01:15:00+00:00,2026-02-16 10:00:00+00:00,BUY,10.0,33.15
2026-02-16 23:30:00+00:00,2026-02-17 09:00:00+00:00,SELL,10.0,84.7
2026-02-17 00:00:00+00:00,2026-02-17 09:00:00+00:00,BUY,10.0,71.66
2026-02-17 02:30:00+00:00,2026-02-17 12:00:00+00:00,SELL,10.0,43.88
2026-02-17 03:00:00+00:00,2026-02-17 12:00:00+00:00,BUY,10.0,41.06
2026-02-17 10:30:00+00:00,2026-02-17 20:00:00+00:00,SELL,10.0,48.34
2026-02-17 11:00:00+00:00,2026-02-17 20:00:00+00:00,BUY,10.0,43.56
2026-02-22 01:30:00+00:00,2026-02-22 11:00:00+00:00,SELL,10.0,56.0
2026-02-22 02:15:00+00:00,2026-02-22 11:00:00+00:00,BUY,10.0,52.98
2026-02-22 08:30:00+00:00,2026-02-22 18:00:00+00:00,SELL,10.0,72.74
2026-02-22 09:00:00+00:00,2026-02-22 18:00:00+00:00,BUY,10.0,59.7
2026-02-22 10:30:00+00:00,2026-02-22 19:00:00+00:00,SELL,10.0,63.65
2026-02-22 11:00:00+00:00,2026-02-22 19:00:00+00:00,BUY,10.0,53.62
2026-02-26 00:30:00+00:00,2026-02-26 10:00:00+00:00,SELL,10.0,68.45
2026-02-26 01:00:00+00:00,2026-02-26 10:00:00+00:00,BUY,10.0,62.74
2026-02-26 10:30:00+00:00,2026-02-26 20:00:00+00:00,SELL,10.0,47.87
2026-02-26 11:00:00+00:00,2026-02-26 20:00:00+00:00,BUY,10.0,48.36
2026-02-26 13:30:00+00:00,2026-02-26 23:00:00+00:00,SELL,10.0,44.84
2026-02-26 14:15:00+00:00,2026-02-26 23:00:00+00:00,BUY,10.0,43.02
2026-02-27 23:30:00+00:00,2026-02-28 09:00:00+00:00,SELL,10.0,36.59
2026-02-28 00:15:00+00:00,2026-02-28 09:00:00+00:00,BUY,10.0,37.15
2026-02-28 04:30:00+00:00,2026-02-28 14:00:00+00:00,SELL,10.0,25.68
2026-02-28 05:00:00+00:00,2026-02-28 14:00:00+00:00,BUY,10.0,25.63
2026-02-28 15:30:00+00:00,2026-03-01 01:00:00+00:00,BUY,10.0,23.91
2026-02-28 16:00:00+00:00,2026-03-01 01:00:00+00:00,SELL,10.0,21.22
2026-02-28 19:30:00+00:00,2026-03-01 05:00:00+00:00,BUY,10.0,30.82
2026-02-28 20:00:00+00:00,2026-03-01 05:00:00+00:00,SELL,10.0,29.71
2026-02-28 20:30:00+00:00,2026-03-01 06:00:00+00:00,BUY,10.0,34.37
2026-02-28 21:00:00+00:00,2026-03-01 06:00:00+00:00,SELL,10.0,34.16
2026-02-28 21:30:00+00:00,2026-03-01 07:00:00+00:00,BUY,10.0,33.94
2026-02-28 22:00:00+00:00,2026-03-01 07:00:00+00:00,SELL,10.0,30.39
2026-03-01 00:30:00+00:00,2026-03-01 10:00:00+00:00,BUY,10.0,22.77
2026-03-01 01:15:00+00:00,2026-03-01 10:00:00+00:00,SELL,10.0,18.96
2026-03-01 01:30:00+00:00,2026-03-01 11:00:00+00:00,BUY,10.0,31.16
2026-03-01 02:00:00+00:00,2026-03-01 11:00:00+00:00,SELL,10.0,31.99
2026-03-01 04:30:00+00:00,2026-03-01 14:00:00+00:00,BUY,10.0,25.4
2026-03-01 05:00:00+00:00,2026-03-01 14:00:00+00:00,SELL,10.0,24.63
2026-03-01 05:30:00+00:00,2026-03-01 15:00:00+00:00,BUY,10.0,31.48
2026-03-01 06:15:00+00:00,2026-03-01 15:00:00+00:00,SELL,10.0,30.4
2026-03-01 08:30:00+00:00,2026-03-01 17:00:00+00:00,BUY,10.0,29.39
2026-03-01 08:30:00+00:00,2026-03-01 18:00:00+00:00,BUY,10.0,40.61
2026-03-01 09:00:00+00:00,2026-03-01 17:00:00+00:00,SELL,10.0,31.84
2026-03-01 09:00:00+00:00,2026-03-01 18:00:00+00:00,SELL,10.0,39.59
2026-03-01 09:30:00+00:00,2026-03-01 19:00:00+00:00,BUY,10.0,33.66
2026-03-01 10:15:00+00:00,2026-03-01 19:00:00+00:00,SELL,10.0,33.87
2026-03-01 12:30:00+00:00,2026-03-01 22:00:00+00:00,BUY,10.0,20.13
2026-03-01 13:15:00+00:00,2026-03-01 22:00:00+00:00,SELL,10.0,20.03
2026-03-01 13:30:00+00:00,2026-03-01 23:00:00+00:00,BUY,10.0,29.35
2026-03-01 14:15:00+00:00,2026-03-01 23:00:00+00:00,SELL,10.0,28.42
2026-03-01 16:30:00+00:00,2026-03-02 02:00:00+00:00,SELL,10.0,20.16
2026-03-01 17:15:00+00:00,2026-03-02 02:00:00+00:00,BUY,10.0,18.01
2026-03-01 19:30:00+00:00,2026-03-02 05:00:00+00:00,SELL,10.0,32.32
2026-03-01 20:00:00+00:00,2026-03-02 05:00:00+00:00,BUY,10.0,31.33
2026-03-01 23:30:00+00:00,2026-03-02 09:00:00+00:00,SELL,10.0,26.42
2026-03-02 00:00:00+00:00,2026-03-02 09:00:00+00:00,BUY,10.0,26.42
2026-03-02 04:30:00+00:00,2026-03-02 14:00:00+00:00,SELL,10.0,23.02
2026-03-02 05:15:00+00:00,2026-03-02 14:00:00+00:00,BUY,10.0,19.66
2026-03-02 07:30:00+00:00,2026-03-02 17:00:00+00:00,SELL,10.0,33.46
2026-03-02 08:00:00+00:00,2026-03-02 17:00:00+00:00,BUY,10.0,31.29
2026-03-02 08:30:00+00:00,2026-03-02 18:00:00+00:00,SELL,10.0,36.78
2026-03-02 09:15:00+00:00,2026-03-02 18:00:00+00:00,BUY,10.0,33.38
2026-03-02 10:30:00+00:00,2026-03-02 20:00:00+00:00,SELL,10.0,35.41
2026-03-02 11:00:00+00:00,2026-03-02 20:00:00+00:00,BUY,10.0,32.41
2026-03-02 14:30:00+00:00,2026-03-03 00:00:00+00:00,BUY,10.0,32.27
2026-03-02 15:15:00+00:00,2026-03-03 00:00:00+00:00,SELL,10.0,32.93
2026-03-02 15:30:00+00:00,2026-03-03 01:00:00+00:00,BUY,10.0,35.64
2026-03-02 16:15:00+00:00,2026-03-03 01:00:00+00:00,SELL,10.0,34.92
2026-03-02 16:30:00+00:00,2026-03-03 02:00:00+00:00,BUY,10.0,27.26
2026-03-02 17:15:00+00:00,2026-03-03 02:00:00+00:00,SELL,10.0,33.74
2026-03-02 18:30:00+00:00,2026-03-03 04:00:00+00:00,BUY,10.0,35.97
2026-03-02 19:15:00+00:00,2026-03-03 04:00:00+00:00,SELL,10.0,38.49
2026-03-02 19:30:00+00:00,2026-03-03 05:00:00+00:00,BUY,10.0,35.41
2026-03-02 20:15:00+00:00,2026-03-03 05:00:00+00:00,SELL,10.0,36.99
2026-03-02 20:30:00+00:00,2026-03-03 06:00:00+00:00,BUY,10.0,46.08
2026-03-02 21:15:00+00:00,2026-03-03 06:00:00+00:00,SELL,10.0,46.01
2026-03-02 21:30:00+00:00,2026-03-03 07:00:00+00:00,BUY,10.0,49.9
2026-03-02 22:15:00+00:00,2026-03-03 07:00:00+00:00,SELL,10.0,52.11
2026-03-02 22:30:00+00:00,2026-03-03 08:00:00+00:00,BUY,10.0,49.49
2026-03-02 23:15:00+00:00,2026-03-03 08:00:00+00:00,SELL,10.0,51.21
2026-03-02 23:30:00+00:00,2026-03-03 09:00:00+00:00,BUY,10.0,49.73
2026-03-03 00:15:00+00:00,2026-03-03 09:00:00+00:00,SELL,10.0,48.88
2026-03-03 00:30:00+00:00,2026-03-03 10:00:00+00:00,BUY,10.0,41.52
2026-03-03 01:15:00+00:00,2026-03-03 10:00:00+00:00,SELL,10.0,41.73
2026-03-03 01:30:00+00:00,2026-03-03 11:00:00+00:00,BUY,10.0,49.88
2026-03-03 02:15:00+00:00,2026-03-03 11:00:00+00:00,SELL,10.0,50.38
2026-03-03 02:30:00+00:00,2026-03-03 12:00:00+00:00,BUY,10.0,38.27
2026-03-03 03:15:00+00:00,2026-03-03 12:00:00+00:00,SELL,10.0,38.38
2026-03-03 03:30:00+00:00,2026-03-03 13:00:00+00:00,BUY,10.0,36.16
2026-03-03 04:15:00+00:00,2026-03-03 13:00:00+00:00,SELL,10.0,37.41
2026-03-03 04:30:00+00:00,2026-03-03 14:00:00+00:00,BUY,10.0,43.79
2026-03-03 05:15:00+00:00,2026-03-03 14:00:00+00:00,SELL,10.0,43.99
2026-03-03 05:30:00+00:00,2026-03-03 15:00:00+00:00,BUY,10.0,43.66
2026-03-03 06:15:00+00:00,2026-03-03 15:00:00+00:00,SELL,10.0,42.71
2026-03-03 06:30:00+00:00,2026-03-03 16:00:00+00:00,BUY,10.0,43.47
2026-03-03 07:15:00+00:00,2026-03-03 16:00:00+00:00,SELL,10.0,47.47
2026-03-03 07:30:00+00:00,2026-03-03 17:00:00+00:00,BUY,10.0,49.05
2026-03-03 08:15:00+00:00,2026-03-03 17:00:00+00:00,SELL,10.0,52.11
2026-03-03 08:30:00+00:00,2026-03-03 18:00:00+00:00,BUY,10.0,40.77
2026-03-03 09:15:00+00:00,2026-03-03 18:00:00+00:00,SELL,10.0,45.19
2026-03-03 09:30:00+00:00,2026-03-03 19:00:00+00:00,BUY,10.0,40.27
2026-03-03 10:15:00+00:00,2026-03-03 19:00:00+00:00,SELL,10.0,42.14
2026-03-03 10:30:00+00:00,2026-03-03 20:00:00+00:00,BUY,10.0,35.96
2026-03-03 11:15:00+00:00,2026-03-03 20:00:00+00:00,SELL,10.0,37.0
2026-03-03 11:30:00+00:00,2026-03-03 21:00:00+00:00,BUY,10.0,31.27
2026-03-03 12:15:00+00:00,2026-03-03 21:00:00+00:00,SELL,10.0,34.18
2026-03-03 12:30:00+00:00,2026-03-03 22:00:00+00:00,BUY,10.0,32.19
2026-03-03 13:15:00+00:00,2026-03-03 22:00:00+00:00,SELL,10.0,34.99
2026-03-03 13:30:00+00:00,2026-03-03 23:00:00+00:00,BUY,10.0,33.99
2026-03-03 14:15:00+00:00,2026-03-03 23:00:00+00:00,SELL,10.0,35.1
2026-03-06 18:30:00+00:00,2026-03-07 04:00:00+00:00,SELL,10.0,30.77
2026-03-06 19:00:00+00:00,2026-03-07 04:00:00+00:00,BUY,10.0,25.74
2026-03-06 21:30:00+00:00,2026-03-07 07:00:00+00:00,SELL,10.0,32.86
2026-03-06 22:00:00+00:00,2026-03-07 07:00:00+00:00,BUY,10.0,27.72
2026-03-07 01:30:00+00:00,2026-03-07 11:00:00+00:00,SELL,10.0,32.41
2026-03-07 02:00:00+00:00,2026-03-07 11:00:00+00:00,BUY,10.0,29.3
2026-03-07 02:30:00+00:00,2026-03-07 12:00:00+00:00,SELL,10.0,30.57
2026-03-07 03:00:00+00:00,2026-03-07 12:00:00+00:00,BUY,10.0,29.57
2026-03-07 06:30:00+00:00,2026-03-07 16:00:00+00:00,SELL,10.0,26.12
2026-03-07 07:15:00+00:00,2026-03-07 16:00:00+00:00,BUY,10.0,23.91
2026-03-07 07:30:00+00:00,2026-03-07 17:00:00+00:00,SELL,10.0,37.38
2026-03-07 08:00:00+00:00,2026-03-07 17:00:00+00:00,BUY,10.0,30.96
2026-03-07 08:30:00+00:00,2026-03-07 18:00:00+00:00,SELL,10.0,42.0
2026-03-07 09:15:00+00:00,2026-03-07 18:00:00+00:00,BUY,10.0,36.37
2026-03-07 13:30:00+00:00,2026-03-07 23:00:00+00:00,SELL,10.0,19.35
2026-03-07 14:00:00+00:00,2026-03-07 23:00:00+00:00,BUY,10.0,14.59
2026-03-07 22:30:00+00:00,2026-03-08 08:00:00+00:00,SELL,10.0,42.61
2026-03-07 23:00:00+00:00,2026-03-08 08:00:00+00:00,BUY,10.0,39.92
2026-03-10 14:30:00+00:00,2026-03-11 00:00:00+00:00,SELL,10.0,-15.74
2026-03-10 15:15:00+00:00,2026-03-11 00:00:00+00:00,BUY,10.0,-17.27
2026-03-10 15:30:00+00:00,2026-03-11 01:00:00+00:00,SELL,10.0,18.72
2026-03-10 16:15:00+00:00,2026-03-11 01:00:00+00:00,BUY,10.0,11.85
2026-03-10 18:30:00+00:00,2026-03-11 04:00:00+00:00,SELL,10.0,27.03
2026-03-10 19:15:00+00:00,2026-03-11 04:00:00+00:00,BUY,10.0,21.42
2026-03-10 19:30:00+00:00,2026-03-11 05:00:00+00:00,SELL,10.0,29.73
2026-03-10 20:00:00+00:00,2026-03-11 05:00:00+00:00,BUY,10.0,28.58
2026-03-10 20:30:00+00:00,2026-03-11 06:00:00+00:00,SELL,10.0,29.97
2026-03-10 21:15:00+00:00,2026-03-11 06:00:00+00:00,BUY,10.0,25.38
2026-03-10 21:30:00+00:00,2026-03-11 07:00:00+00:00,SELL,10.0,35.49
2026-03-10 22:00:00+00:00,2026-03-11 07:00:00+00:00,BUY,10.0,32.08
2026-03-11 01:30:00+00:00,2026-03-11 11:00:00+00:00,SELL,10.0,28.48
2026-03-11 02:15:00+00:00,2026-03-11 11:00:00+00:00,BUY,10.0,24.54
2026-03-11 02:30:00+00:00,2026-03-11 12:00:00+00:00,SELL,10.0,23.21
2026-03-11 03:15:00+00:00,2026-03-11 12:00:00+00:00,BUY,10.0,20.14
2026-03-11 03:30:00+00:00,2026-03-11 13:00:00+00:00,SELL,10.0,25.29
2026-03-11 04:00:00+00:00,2026-03-11 13:00:00+00:00,BUY,10.0,21.68
2026-03-11 05:30:00+00:00,2026-03-11 15:00:00+00:00,SELL,10.0,13.67
2026-03-11 06:15:00+00:00,2026-03-11 15:00:00+00:00,BUY,10.0,15.33
2026-03-11 06:30:00+00:00,2026-03-11 16:00:00+00:00,SELL,10.0,23.92
2026-03-11 07:00:00+00:00,2026-03-11 16:00:00+00:00,BUY,10.0,24.34
2026-03-11 09:30:00+00:00,2026-03-11 19:00:00+00:00,SELL,10.0,35.67
2026-03-11 10:15:00+00:00,2026-03-11 19:00:00+00:00,BUY,10.0,33.46
2026-03-11 10:30:00+00:00,2026-03-11 20:00:00+00:00,SELL,10.0,26.53
2026-03-11 11:00:00+00:00,2026-03-11 20:00:00+00:00,BUY,10.0,26.0
2026-03-11 11:30:00+00:00,2026-03-11 21:00:00+00:00,SELL,10.0,30.9
2026-03-11 12:15:00+00:00,2026-03-11 21:00:00+00:00,BUY,10.0,25.74
2026-03-11 13:30:00+00:00,2026-03-11 23:00:00+00:00,SELL,10.0,17.03
2026-03-11 14:00:00+00:00,2026-03-11 23:00:00+00:00,BUY,10.0,12.24
2026-03-12 08:30:00+00:00,2026-03-12 17:00:00+00:00,SELL,10.0,42.66
2026-03-12 09:00:00+00:00,2026-03-12 17:00:00+00:00,BUY,10.0,42.1
2026-03-12 11:30:00+00:00,2026-03-12 21:00:00+00:00,BUY,10.0,33.51
2026-03-12 12:00:00+00:00,2026-03-12 21:00:00+00:00,SELL,10.0,33.2
2026-03-13 13:30:00+00:00,2026-03-13 23:00:00+00:00,SELL,10.0,34.06
2026-03-13 14:15:00+00:00,2026-03-13 23:00:00+00:00,BUY,10.0,35.16
2026-03-14 10:30:00+00:00,2026-03-14 19:00:00+00:00,BUY,10.0,22.23
2026-03-14 11:00:00+00:00,2026-03-14 19:00:00+00:00,SELL,10.0,27.83
2026-03-17 15:30:00+00:00,2026-03-18 01:00:00+00:00,BUY,10.0,-106.07
2026-03-17 16:15:00+00:00,2026-03-18 01:00:00+00:00,SELL,10.0,-104.61
2026-03-17 21:30:00+00:00,2026-03-18 07:00:00+00:00,BUY,10.0,32.11
2026-03-17 22:15:00+00:00,2026-03-18 07:00:00+00:00,SELL,10.0,33.59
2026-03-17 22:30:00+00:00,2026-03-18 08:00:00+00:00,BUY,10.0,28.71
2026-03-17 23:00:00+00:00,2026-03-18 08:00:00+00:00,SELL,10.0,29.8
2026-03-18 11:30:00+00:00,2026-03-18 21:00:00+00:00,BUY,10.0,-47.59
2026-03-18 12:15:00+00:00,2026-03-18 21:00:00+00:00,SELL,10.0,-45.13
2026-03-19 18:30:00+00:00,2026-03-20 04:00:00+00:00,SELL,10.0,30.23
2026-03-19 19:00:00+00:00,2026-03-20 04:00:00+00:00,BUY,10.0,30.28
2026-03-20 01:30:00+00:00,2026-03-20 11:00:00+00:00,SELL,10.0,29.6
2026-03-20 02:00:00+00:00,2026-03-20 11:00:00+00:00,BUY,10.0,29.72
2026-03-21 04:30:00+00:00,2026-03-21 14:00:00+00:00,SELL,10.0,42.79
2026-03-21 05:00:00+00:00,2026-03-21 14:00:00+00:00,BUY,10.0,41.85
2026-03-21 09:30:00+00:00,2026-03-21 19:00:00+00:00,SELL,10.0,37.4
2026-03-21 10:00:00+00:00,2026-03-21 19:00:00+00:00,BUY,10.0,36.24
2026-03-22 20:30:00+00:00,2026-03-23 06:00:00+00:00,SELL,10.0,49.45
2026-03-22 21:00:00+00:00,2026-03-23 06:00:00+00:00,BUY,10.0,47.17
2026-03-23 13:30:00+00:00,2026-03-23 23:00:00+00:00,SELL,10.0,34.89
2026-03-23 14:00:00+00:00,2026-03-23 23:00:00+00:00,BUY,10.0,33.95
2026-03-25 18:30:00+00:00,2026-03-26 04:00:00+00:00,SELL,10.0,52.2
2026-03-25 19:00:00+00:00,2026-03-26 04:00:00+00:00,BUY,10.0,48.84
2026-03-26 19:30:00+00:00,2026-03-27 04:00:00+00:00,SELL,10.0,34.8
2026-03-26 20:00:00+00:00,2026-03-27 04:00:00+00:00,BUY,10.0,36.04
2026-03-30 23:30:00+00:00,2026-03-31 09:00:00+00:00,BUY,10.0,63.53
2026-03-31 00:00:00+00:00,2026-03-31 09:00:00+00:00,SELL,10.0,64.04
2026-03-31 00:30:00+00:00,2026-03-31 10:00:00+00:00,BUY,10.0,51.63
2026-03-31 01:00:00+00:00,2026-03-31 10:00:00+00:00,SELL,10.0,51.84
2026-03-31 02:30:00+00:00,2026-03-31 12:00:00+00:00,BUY,10.0,43.66
2026-03-31 03:00:00+00:00,2026-03-31 12:00:00+00:00,SELL,10.0,42.98
2026-03-31 09:30:00+00:00,2026-03-31 19:00:00+00:00,BUY,10.0,41.03
2026-03-31 10:00:00+00:00,2026-03-31 19:00:00+00:00,SELL,10.0,40.77
2026-04-04 15:30:00+00:00,2026-04-05 01:00:00+00:00,SELL,10.0,38.05
2026-04-04 16:00:00+00:00,2026-04-05 01:00:00+00:00,BUY,10.0,33.72
2026-04-04 18:30:00+00:00,2026-04-05 04:00:00+00:00,SELL,10.0,33.63
2026-04-04 19:15:00+00:00,2026-04-05 04:00:00+00:00,BUY,10.0,31.13
2026-04-04 19:30:00+00:00,2026-04-05 05:00:00+00:00,SELL,10.0,39.47
2026-04-04 20:15:00+00:00,2026-04-05 05:00:00+00:00,BUY,10.0,37.7
2026-04-04 22:30:00+00:00,2026-04-05 08:00:00+00:00,SELL,10.0,44.62
2026-04-04 23:00:00+00:00,2026-04-05 08:00:00+00:00,BUY,10.0,43.49
2026-04-05 03:30:00+00:00,2026-04-05 13:00:00+00:00,SELL,10.0,33.07
2026-04-05 04:00:00+00:00,2026-04-05 13:00:00+00:00,BUY,10.0,31.9
2026-04-05 07:30:00+00:00,2026-04-05 17:00:00+00:00,SELL,10.0,43.97
2026-04-05 08:00:00+00:00,2026-04-05 17:00:00+00:00,BUY,10.0,42.01
2026-04-05 08:30:00+00:00,2026-04-05 18:00:00+00:00,SELL,10.0,45.71
2026-04-05 09:00:00+00:00,2026-04-05 18:00:00+00:00,BUY,10.0,43.57
2026-04-05 11:30:00+00:00,2026-04-05 21:00:00+00:00,SELL,10.0,36.19
2026-04-05 12:15:00+00:00,2026-04-05 21:00:00+00:00,BUY,10.0,34.65
2026-04-05 12:30:00+00:00,2026-04-05 22:00:00+00:00,SELL,10.0,37.37
2026-04-05 13:00:00+00:00,2026-04-05 22:00:00+00:00,BUY,10.0,32.68
2026-04-05 13:30:00+00:00,2026-04-05 23:00:00+00:00,SELL,10.0,36.31
2026-04-05 14:00:00+00:00,2026-04-05 23:00:00+00:00,BUY,10.0,32.66
2026-04-06 05:30:00+00:00,2026-04-06 14:00:00+00:00,SELL,10.0,26.84
2026-04-06 06:15:00+00:00,2026-04-06 14:00:00+00:00,BUY,10.0,27.49
2026-04-06 09:30:00+00:00,2026-04-06 18:00:00+00:00,SELL,10.0,37.24
2026-04-06 10:00:00+00:00,2026-04-06 18:00:00+00:00,BUY,10.0,37.37
2026-04-06 11:30:00+00:00,2026-04-06 20:00:00+00:00,SELL,10.0,30.72
2026-04-06 12:00:00+00:00,2026-04-06 20:00:00+00:00,BUY,10.0,32.35
2026-04-07 02:30:00+00:00,2026-04-07 11:00:00+00:00,SELL,10.0,-42.59
2026-04-07 03:00:00+00:00,2026-04-07 11:00:00+00:00,BUY,10.0,-59.46
2026-04-11 14:30:00+00:00,2026-04-12 00:00:00+00:00,SELL,10.0,33.79
2026-04-11 15:15:00+00:00,2026-04-12 00:00:00+00:00,BUY,10.0,32.21
2026-04-13 14:30:00+00:00,2026-04-14 00:00:00+00:00,BUY,10.0,17.94
2026-04-13 15:15:00+00:00,2026-04-14 00:00:00+00:00,SELL,10.0,31.56
2026-04-13 17:30:00+00:00,2026-04-14 03:00:00+00:00,BUY,10.0,1.1
2026-04-13 18:15:00+00:00,2026-04-14 03:00:00+00:00,SELL,10.0,32.8
2026-04-13 18:30:00+00:00,2026-04-14 04:00:00+00:00,BUY,10.0,-34.74
2026-04-13 19:00:00+00:00,2026-04-14 04:00:00+00:00,SELL,10.0,-11.96
2026-04-13 19:30:00+00:00,2026-04-14 05:00:00+00:00,BUY,10.0,15.71
2026-04-13 20:00:00+00:00,2026-04-14 05:00:00+00:00,SELL,10.0,25.26
2026-04-13 20:30:00+00:00,2026-04-14 06:00:00+00:00,BUY,10.0,30.91
2026-04-13 21:15:00+00:00,2026-04-14 06:00:00+00:00,SELL,10.0,32.98
2026-04-13 21:30:00+00:00,2026-04-14 07:00:00+00:00,BUY,10.0,26.71
2026-04-13 22:00:00+00:00,2026-04-14 07:00:00+00:00,SELL,10.0,32.46
2026-04-13 22:30:00+00:00,2026-04-14 08:00:00+00:00,BUY,10.0,32.54
2026-04-13 23:15:00+00:00,2026-04-14 08:00:00+00:00,SELL,10.0,34.73
2026-04-14 00:30:00+00:00,2026-04-14 10:00:00+00:00,BUY,10.0,29.04
2026-04-14 01:15:00+00:00,2026-04-14 10:00:00+00:00,SELL,10.0,28.3
2026-04-14 01:30:00+00:00,2026-04-14 11:00:00+00:00,BUY,10.0,24.11
2026-04-14 02:15:00+00:00,2026-04-14 11:00:00+00:00,SELL,10.0,25.77
2026-04-14 02:30:00+00:00,2026-04-14 12:00:00+00:00,BUY,10.0,22.71
2026-04-14 03:15:00+00:00,2026-04-14 12:00:00+00:00,SELL,10.0,29.7
2026-04-14 03:30:00+00:00,2026-04-14 13:00:00+00:00,BUY,10.0,22.4
2026-04-14 04:15:00+00:00,2026-04-14 13:00:00+00:00,SELL,10.0,27.4
2026-04-14 04:30:00+00:00,2026-04-14 14:00:00+00:00,BUY,10.0,21.38
2026-04-14 05:00:00+00:00,2026-04-14 14:00:00+00:00,SELL,10.0,25.25
2026-04-14 05:30:00+00:00,2026-04-14 15:00:00+00:00,BUY,10.0,28.62
2026-04-14 06:15:00+00:00,2026-04-14 15:00:00+00:00,SELL,10.0,31.11
2026-04-14 06:30:00+00:00,2026-04-14 16:00:00+00:00,BUY,10.0,25.26
2026-04-14 07:00:00+00:00,2026-04-14 16:00:00+00:00,SELL,10.0,25.78
2026-04-14 07:30:00+00:00,2026-04-14 17:00:00+00:00,BUY,10.0,29.34
2026-04-14 08:00:00+00:00,2026-04-14 17:00:00+00:00,SELL,10.0,27.31
2026-04-14 09:30:00+00:00,2026-04-14 19:00:00+00:00,BUY,10.0,29.47
2026-04-14 10:00:00+00:00,2026-04-14 19:00:00+00:00,SELL,10.0,30.1
2026-04-14 10:30:00+00:00,2026-04-14 20:00:00+00:00,BUY,10.0,25.8
2026-04-14 11:15:00+00:00,2026-04-14 20:00:00+00:00,SELL,10.0,35.44
2026-04-14 13:30:00+00:00,2026-04-14 23:00:00+00:00,BUY,10.0,-8.62
2026-04-14 14:00:00+00:00,2026-04-14 23:00:00+00:00,SELL,10.0,22.79
2026-04-14 21:30:00+00:00,2026-04-15 07:00:00+00:00,BUY,10.0,32.13
2026-04-14 22:00:00+00:00,2026-04-15 07:00:00+00:00,SELL,10.0,35.88
2026-04-14 23:30:00+00:00,2026-04-15 08:00:00+00:00,SELL,10.0,39.74
2026-04-15 00:00:00+00:00,2026-04-15 08:00:00+00:00,BUY,10.0,37.1
2026-04-15 12:30:00+00:00,2026-04-15 22:00:00+00:00,BUY,10.0,18.4
2026-04-15 13:00:00+00:00,2026-04-15 22:00:00+00:00,SELL,10.0,21.08
2026-04-15 13:30:00+00:00,2026-04-15 21:00:00+00:00,BUY,10.0,24.71
2026-04-15 14:00:00+00:00,2026-04-15 21:00:00+00:00,SELL,10.0,23.35
2026-04-15 21:30:00+00:00,2026-04-16 07:00:00+00:00,SELL,10.0,57.54
2026-04-15 22:00:00+00:00,2026-04-16 07:00:00+00:00,BUY,10.0,53.9
2026-04-16 11:30:00+00:00,2026-04-16 21:00:00+00:00,SELL,10.0,39.0
2026-04-16 12:00:00+00:00,2026-04-16 21:00:00+00:00,BUY,10.0,39.1
2026-04-16 16:30:00+00:00,2026-04-17 02:00:00+00:00,SELL,10.0,25.54
2026-04-16 17:00:00+00:00,2026-04-17 02:00:00+00:00,BUY,10.0,20.41
2026-04-17 01:30:00+00:00,2026-04-17 11:00:00+00:00,SELL,10.0,34.85
2026-04-17 02:15:00+00:00,2026-04-17 11:00:00+00:00,BUY,10.0,33.34
2026-04-17 09:30:00+00:00,2026-04-17 19:00:00+00:00,SELL,10.0,46.96
2026-04-17 10:00:00+00:00,2026-04-17 19:00:00+00:00,BUY,10.0,44.1
2026-04-17 13:30:00+00:00,2026-04-17 23:00:00+00:00,SELL,10.0,28.22
2026-04-17 14:15:00+00:00,2026-04-17 23:00:00+00:00,BUY,10.0,22.74
2026-04-17 16:30:00+00:00,2026-04-18 02:00:00+00:00,SELL,10.0,34.77
2026-04-17 17:00:00+00:00,2026-04-18 02:00:00+00:00,BUY,10.0,35.22
2026-04-17 20:30:00+00:00,2026-04-18 05:00:00+00:00,BUY,10.0,44.96
2026-04-17 21:00:00+00:00,2026-04-18 05:00:00+00:00,SELL,10.0,44.87
2026-04-20 20:30:00+00:00,2026-04-21 03:00:00+00:00,BUY,10.0,36.64
2026-04-20 21:00:00+00:00,2026-04-21 03:00:00+00:00,SELL,10.0,36.8
2026-04-20 23:30:00+00:00,2026-04-21 06:00:00+00:00,BUY,10.0,46.49
2026-04-21 00:15:00+00:00,2026-04-21 06:00:00+00:00,SELL,10.0,47.62
2026-04-21 01:30:00+00:00,2026-04-21 08:00:00+00:00,BUY,10.0,52.24
2026-04-21 02:00:00+00:00,2026-04-21 08:00:00+00:00,SELL,10.0,53.79
2026-04-21 09:30:00+00:00,2026-04-21 16:00:00+00:00,BUY,10.0,37.0
2026-04-21 10:00:00+00:00,2026-04-21 16:00:00+00:00,SELL,10.0,37.12
2026-04-21 15:30:00+00:00,2026-04-21 22:00:00+00:00,BUY,10.0,37.94
2026-04-21 16:00:00+00:00,2026-04-21 22:00:00+00:00,SELL,10.0,38.46
2026-04-24 19:30:00+00:00,2026-04-25 05:00:00+00:00,SELL,10.0,43.35
2026-04-24 20:00:00+00:00,2026-04-25 05:00:00+00:00,BUY,10.0,41.81
2026-04-25 18:30:00+00:00,2026-04-26 04:00:00+00:00,BUY,10.0,39.31
2026-04-25 19:00:00+00:00,2026-04-26 04:00:00+00:00,SELL,10.0,38.59
2026-04-27 16:30:00+00:00,2026-04-28 02:00:00+00:00,BUY,10.0,-59.14
2026-04-27 17:00:00+00:00,2026-04-28 02:00:00+00:00,SELL,10.0,-27.3
2026-04-27 20:30:00+00:00,2026-04-28 04:00:00+00:00,BUY,10.0,19.39
2026-04-27 21:00:00+00:00,2026-04-28 04:00:00+00:00,SELL,10.0,26.89
2026-04-28 06:30:00+00:00,2026-04-28 14:00:00+00:00,BUY,10.0,29.33
2026-04-28 07:00:00+00:00,2026-04-28 14:00:00+00:00,SELL,10.0,40.45
2026-04-28 09:30:00+00:00,2026-04-28 17:00:00+00:00,BUY,10.0,23.32
2026-04-28 10:00:00+00:00,2026-04-28 17:00:00+00:00,SELL,10.0,31.81
2026-04-29 05:30:00+00:00,2026-04-29 14:00:00+00:00,SELL,10.0,16.54
2026-04-29 06:00:00+00:00,2026-04-29 14:00:00+00:00,BUY,10.0,14.2
2026-04-29 15:30:00+00:00,2026-04-30 01:00:00+00:00,BUY,10.0,34.73
2026-04-29 16:00:00+00:00,2026-04-30 01:00:00+00:00,SELL,10.0,37.12
2026-04-29 16:30:00+00:00,2026-04-30 02:00:00+00:00,BUY,10.0,32.21
2026-04-29 17:15:00+00:00,2026-04-30 02:00:00+00:00,SELL,10.0,34.45
2026-04-29 17:30:00+00:00,2026-04-30 03:00:00+00:00,BUY,10.0,31.36
2026-04-29 18:15:00+00:00,2026-04-30 03:00:00+00:00,SELL,10.0,31.74
2026-04-29 18:30:00+00:00,2026-04-30 04:00:00+00:00,BUY,10.0,30.8
2026-04-29 19:00:00+00:00,2026-04-30 04:00:00+00:00,SELL,10.0,34.8
2026-04-29 19:30:00+00:00,2026-04-30 05:00:00+00:00,BUY,10.0,45.4
2026-04-29 20:15:00+00:00,2026-04-30 05:00:00+00:00,SELL,10.0,47.25
2026-04-29 20:30:00+00:00,2026-04-30 06:00:00+00:00,BUY,10.0,46.11
2026-04-29 21:15:00+00:00,2026-04-30 06:00:00+00:00,SELL,10.0,46.94
2026-04-29 22:30:00+00:00,2026-04-30 08:00:00+00:00,BUY,10.0,35.45
2026-04-29 23:15:00+00:00,2026-04-30 08:00:00+00:00,SELL,10.0,37.24
2026-04-29 23:30:00+00:00,2026-04-30 09:00:00+00:00,BUY,10.0,45.79
2026-04-30 00:00:00+00:00,2026-04-30 09:00:00+00:00,SELL,10.0,45.59
2026-04-30 02:30:00+00:00,2026-04-30 12:00:00+00:00,BUY,10.0,25.76
2026-04-30 03:15:00+00:00,2026-04-30 12:00:00+00:00,SELL,10.0,32.04
2026-04-30 03:30:00+00:00,2026-04-30 13:00:00+00:00,BUY,10.0,30.85
2026-04-30 04:00:00+00:00,2026-04-30 13:00:00+00:00,SELL,10.0,32.25
2026-04-30 04:30:00+00:00,2026-04-30 14:00:00+00:00,BUY,10.0,34.7
2026-04-30 05:00:00+00:00,2026-04-30 14:00:00+00:00,SELL,10.0,36.28
2026-04-30 05:30:00+00:00,2026-04-30 15:00:00+00:00,BUY,10.0,30.65
2026-04-30 06:15:00+00:00,2026-04-30 15:00:00+00:00,SELL,10.0,32.14
2026-04-30 07:30:00+00:00,2026-04-30 17:00:00+00:00,BUY,10.0,40.82
2026-04-30 08:15:00+00:00,2026-04-30 17:00:00+00:00,SELL,10.0,42.11
2026-04-30 08:30:00+00:00,2026-04-30 18:00:00+00:00,BUY,10.0,50.03
2026-04-30 09:15:00+00:00,2026-04-30 18:00:00+00:00,SELL,10.0,49.94
2026-04-30 09:30:00+00:00,2026-04-30 19:00:00+00:00,BUY,10.0,43.86
2026-04-30 10:15:00+00:00,2026-04-30 19:00:00+00:00,SELL,10.0,45.6
2026-04-30 13:30:00+00:00,2026-04-30 23:00:00+00:00,BUY,10.0,32.83
2026-04-30 14:00:00+00:00,2026-04-30 23:00:00+00:00,SELL,10.0,35.5
2026-04-30 14:30:00+00:00,2026-05-01 00:00:00+00:00,SELL,10.0,40.95
2026-04-30 15:15:00+00:00,2026-05-01 00:00:00+00:00,BUY,10.0,38.23
2026-04-30 15:30:00+00:00,2026-05-01 01:00:00+00:00,SELL,10.0,43.03
2026-04-30 16:00:00+00:00,2026-05-01 01:00:00+00:00,BUY,10.0,38.66
2026-04-30 21:30:00+00:00,2026-05-01 07:00:00+00:00,SELL,10.0,63.31
2026-04-30 22:00:00+00:00,2026-05-01 07:00:00+00:00,BUY,10.0,58.27
2026-05-01 23:30:00+00:00,2026-05-02 09:00:00+00:00,BUY,10.0,47.47
2026-05-02 00:00:00+00:00,2026-05-02 09:00:00+00:00,SELL,10.0,49.26
2026-05-02 04:30:00+00:00,2026-05-02 14:00:00+00:00,BUY,10.0,43.68
2026-05-02 05:00:00+00:00,2026-05-02 14:00:00+00:00,SELL,10.0,46.88
2026-05-02 09:30:00+00:00,2026-05-02 18:00:00+00:00,BUY,10.0,57.66
2026-05-02 10:00:00+00:00,2026-05-02 18:00:00+00:00,SELL,10.0,56.44
2026-05-03 17:30:00+00:00,2026-05-04 02:00:00+00:00,SELL,10.0,33.54
2026-05-03 18:00:00+00:00,2026-05-04 02:00:00+00:00,BUY,10.0,31.25
2026-05-04 01:30:00+00:00,2026-05-04 11:00:00+00:00,SELL,10.0,40.27
2026-05-04 02:00:00+00:00,2026-05-04 11:00:00+00:00,BUY,10.0,39.01
2026-05-04 09:30:00+00:00,2026-05-04 19:00:00+00:00,SELL,10.0,48.22
2026-05-04 10:15:00+00:00,2026-05-04 19:00:00+00:00,BUY,10.0,46.06
2026-05-04 10:30:00+00:00,2026-05-04 20:00:00+00:00,SELL,10.0,40.42
2026-05-04 11:15:00+00:00,2026-05-04 20:00:00+00:00,BUY,10.0,40.53
2026-05-04 12:30:00+00:00,2026-05-04 22:00:00+00:00,SELL,10.0,36.73
2026-05-04 13:15:00+00:00,2026-05-04 22:00:00+00:00,BUY,10.0,36.23
2026-05-05 22:30:00+00:00,2026-05-06 08:00:00+00:00,BUY,10.0,82.99
2026-05-05 23:00:00+00:00,2026-05-06 08:00:00+00:00,SELL,10.0,87.13
2026-05-06 18:30:00+00:00,2026-05-07 03:00:00+00:00,BUY,10.0,47.55
2026-05-06 19:00:00+00:00,2026-05-07 03:00:00+00:00,SELL,10.0,46.57
2026-05-06 21:30:00+00:00,2026-05-07 06:00:00+00:00,BUY,10.0,63.89
2026-05-06 22:15:00+00:00,2026-05-07 06:00:00+00:00,SELL,10.0,63.47
2026-05-06 22:30:00+00:00,2026-05-07 07:00:00+00:00,BUY,10.0,80.55
2026-05-06 23:15:00+00:00,2026-05-07 07:00:00+00:00,SELL,10.0,82.18
2026-05-07 04:30:00+00:00,2026-05-07 14:00:00+00:00,SELL,10.0,45.91
2026-05-07 04:30:00+00:00,2026-05-07 13:00:00+00:00,BUY,10.0,54.77
2026-05-07 05:00:00+00:00,2026-05-07 13:00:00+00:00,SELL,10.0,54.34
2026-05-07 05:00:00+00:00,2026-05-07 14:00:00+00:00,BUY,10.0,46.04
2026-05-07 11:30:00+00:00,2026-05-07 21:00:00+00:00,SELL,10.0,50.58
2026-05-07 12:15:00+00:00,2026-05-07 21:00:00+00:00,BUY,10.0,94.76
2026-05-12 21:30:00+00:00,2026-05-13 07:00:00+00:00,BUY,10.0,41.51
2026-05-12 22:00:00+00:00,2026-05-13 07:00:00+00:00,SELL,10.0,43.37
2026-05-18 16:30:00+00:00,2026-05-19 00:00:00+00:00,SELL,10.0,33.45
2026-05-18 17:00:00+00:00,2026-05-19 00:00:00+00:00,BUY,10.0,33.72
2026-05-18 18:30:00+00:00,2026-05-19 02:00:00+00:00,SELL,10.0,34.78
2026-05-18 19:00:00+00:00,2026-05-19 02:00:00+00:00,BUY,10.0,31.26
2026-05-18 20:30:00+00:00,2026-05-19 04:00:00+00:00,SELL,10.0,42.47
2026-05-18 21:00:00+00:00,2026-05-19 04:00:00+00:00,BUY,10.0,41.17
2026-05-19 04:30:00+00:00,2026-05-19 12:00:00+00:00,SELL,10.0,41.45
2026-05-19 05:00:00+00:00,2026-05-19 12:00:00+00:00,BUY,10.0,40.49
2026-05-19 06:30:00+00:00,2026-05-19 14:00:00+00:00,SELL,10.0,37.96
2026-05-19 07:15:00+00:00,2026-05-19 14:00:00+00:00,BUY,10.0,38.04
2026-05-19 07:30:00+00:00,2026-05-19 15:00:00+00:00,SELL,10.0,40.91
2026-05-19 08:00:00+00:00,2026-05-19 15:00:00+00:00,BUY,10.0,39.51
2026-05-19 11:30:00+00:00,2026-05-19 19:00:00+00:00,SELL,10.0,45.66
2026-05-19 12:00:00+00:00,2026-05-19 19:00:00+00:00,BUY,10.0,44.26
2026-05-21 00:30:00+00:00,2026-05-21 10:00:00+00:00,BUY,10.0,39.62
2026-05-21 01:00:00+00:00,2026-05-21 10:00:00+00:00,SELL,10.0,39.78
2026-05-21 03:30:00+00:00,2026-05-21 13:00:00+00:00,BUY,10.0,30.41
2026-05-21 04:00:00+00:00,2026-05-21 13:00:00+00:00,SELL,10.0,33.51
2026-05-21 15:30:00+00:00,2026-05-22 01:00:00+00:00,SELL,10.0,32.2
2026-05-21 16:15:00+00:00,2026-05-22 01:00:00+00:00,BUY,10.0,31.42
2026-05-21 18:30:00+00:00,2026-05-22 04:00:00+00:00,SELL,10.0,34.67
2026-05-21 19:15:00+00:00,2026-05-22 04:00:00+00:00,BUY,10.0,33.83
2026-05-21 19:30:00+00:00,2026-05-22 05:00:00+00:00,SELL,10.0,33.12
2026-05-21 20:15:00+00:00,2026-05-22 05:00:00+00:00,BUY,10.0,32.14
2026-05-21 20:30:00+00:00,2026-05-22 06:00:00+00:00,SELL,10.0,43.06
2026-05-21 21:15:00+00:00,2026-05-22 06:00:00+00:00,BUY,10.0,44.41
2026-05-21 22:30:00+00:00,2026-05-22 08:00:00+00:00,SELL,10.0,28.79
2026-05-21 23:00:00+00:00,2026-05-22 08:00:00+00:00,BUY,10.0,28.35
2026-05-21 23:30:00+00:00,2026-05-22 09:00:00+00:00,SELL,10.0,96.3
2026-05-22 00:00:00+00:00,2026-05-22 09:00:00+00:00,BUY,10.0,96.3
2026-05-22 00:30:00+00:00,2026-05-22 10:00:00+00:00,SELL,10.0,27.88
2026-05-22 01:15:00+00:00,2026-05-22 10:00:00+00:00,BUY,10.0,27.26
2026-05-22 02:30:00+00:00,2026-05-22 12:00:00+00:00,SELL,10.0,20.52
2026-05-22 03:15:00+00:00,2026-05-22 12:00:00+00:00,BUY,10.0,18.9
2026-05-22 03:30:00+00:00,2026-05-22 13:00:00+00:00,SELL,10.0,2.04
2026-05-22 04:00:00+00:00,2026-05-22 13:00:00+00:00,BUY,10.0,4.05
2026-05-22 06:30:00+00:00,2026-05-22 16:00:00+00:00,SELL,10.0,28.81
2026-05-22 07:00:00+00:00,2026-05-22 16:00:00+00:00,BUY,10.0,29.67
2026-05-22 07:30:00+00:00,2026-05-22 17:00:00+00:00,SELL,10.0,35.77
2026-05-22 08:15:00+00:00,2026-05-22 17:00:00+00:00,BUY,10.0,33.16
2026-05-22 09:30:00+00:00,2026-05-22 19:00:00+00:00,SELL,10.0,34.98
2026-05-22 10:00:00+00:00,2026-05-22 19:00:00+00:00,BUY,10.0,34.96
2026-05-22 12:30:00+00:00,2026-05-22 22:00:00+00:00,SELL,10.0,26.43
2026-05-22 13:15:00+00:00,2026-05-22 22:00:00+00:00,BUY,10.0,27.19
2026-05-22 15:30:00+00:00,2026-05-23 01:00:00+00:00,SELL,10.0,40.33
2026-05-22 16:15:00+00:00,2026-05-23 01:00:00+00:00,BUY,10.0,40.67
2026-05-22 17:30:00+00:00,2026-05-23 03:00:00+00:00,SELL,10.0,41.51
2026-05-22 18:00:00+00:00,2026-05-23 03:00:00+00:00,BUY,10.0,40.94
2026-05-22 18:30:00+00:00,2026-05-23 04:00:00+00:00,SELL,10.0,44.59
2026-05-22 19:00:00+00:00,2026-05-23 04:00:00+00:00,BUY,10.0,43.17
2026-05-22 19:30:00+00:00,2026-05-23 05:00:00+00:00,SELL,10.0,40.48
2026-05-22 20:15:00+00:00,2026-05-23 05:00:00+00:00,BUY,10.0,38.22
2026-05-23 05:30:00+00:00,2026-05-23 15:00:00+00:00,SELL,10.0,38.78
2026-05-23 06:00:00+00:00,2026-05-23 15:00:00+00:00,BUY,10.0,38.37
2026-05-23 06:30:00+00:00,2026-05-23 16:00:00+00:00,SELL,10.0,32.33
2026-05-23 07:15:00+00:00,2026-05-23 16:00:00+00:00,BUY,10.0,33.22
2026-05-23 09:30:00+00:00,2026-05-23 19:00:00+00:00,SELL,10.0,55.77
2026-05-23 10:00:00+00:00,2026-05-23 19:00:00+00:00,BUY,10.0,54.5
2026-05-23 13:30:00+00:00,2026-05-23 23:00:00+00:00,SELL,10.0,36.49
2026-05-23 14:15:00+00:00,2026-05-23 23:00:00+00:00,BUY,10.0,36.28
2026-05-29 15:30:00+00:00,2026-05-30 00:00:00+00:00,SELL,10.0,23.44
2026-05-29 16:00:00+00:00,2026-05-30 00:00:00+00:00,BUY,10.0,24.04
2026-05-30 03:30:00+00:00,2026-05-30 12:00:00+00:00,SELL,10.0,18.92
2026-05-30 04:00:00+00:00,2026-05-30 12:00:00+00:00,BUY,10.0,16.99
2026-05-30 07:30:00+00:00,2026-05-30 16:00:00+00:00,SELL,10.0,21.0
2026-05-30 08:00:00+00:00,2026-05-30 16:00:00+00:00,BUY,10.0,20.13
2026-05-30 09:30:00+00:00,2026-05-30 18:00:00+00:00,SELL,10.0,31.14
2026-05-30 10:00:00+00:00,2026-05-30 18:00:00+00:00,BUY,10.0,31.71
2026-06-03 02:30:00+00:00,2026-06-03 12:00:00+00:00,BUY,10.0,44.41
2026-06-03 03:15:00+00:00,2026-06-03 12:00:00+00:00,SELL,10.0,45.17
2026-06-03 05:30:00+00:00,2026-06-03 15:00:00+00:00,BUY,10.0,37.26
2026-06-03 06:00:00+00:00,2026-06-03 15:00:00+00:00,SELL,10.0,36.84
2026-06-03 09:30:00+00:00,2026-06-03 19:00:00+00:00,BUY,10.0,46.2
2026-06-03 10:00:00+00:00,2026-06-03 19:00:00+00:00,SELL,10.0,46.55
2026-06-04 04:30:00+00:00,2026-06-04 13:00:00+00:00,SELL,10.0,44.03
2026-06-04 05:15:00+00:00,2026-06-04 13:00:00+00:00,BUY,10.0,43.74
2026-06-06 21:30:00+00:00,2026-06-07 07:00:00+00:00,BUY,10.0,43.89
2026-06-06 22:15:00+00:00,2026-06-07 07:00:00+00:00,SELL,10.0,48.1
2026-06-07 00:30:00+00:00,2026-06-07 10:00:00+00:00,BUY,10.0,37.6
2026-06-07 01:00:00+00:00,2026-06-07 10:00:00+00:00,SELL,10.0,38.5
2026-06-07 04:30:00+00:00,2026-06-07 14:00:00+00:00,BUY,10.0,34.08
2026-06-07 05:00:00+00:00,2026-06-07 14:00:00+00:00,SELL,10.0,35.07
2026-06-07 05:30:00+00:00,2026-06-07 15:00:00+00:00,BUY,10.0,27.27
2026-06-07 06:15:00+00:00,2026-06-07 15:00:00+00:00,SELL,10.0,29.71
2026-06-07 08:30:00+00:00,2026-06-07 18:00:00+00:00,BUY,10.0,46.7
2026-06-07 09:15:00+00:00,2026-06-07 18:00:00+00:00,SELL,10.0,46.46
2026-06-08 16:30:00+00:00,2026-06-09 01:00:00+00:00,BUY,10.0,33.33
2026-06-08 17:00:00+00:00,2026-06-09 01:00:00+00:00,SELL,10.0,36.58
2026-06-08 19:30:00+00:00,2026-06-09 04:00:00+00:00,BUY,10.0,38.45
2026-06-08 20:00:00+00:00,2026-06-09 04:00:00+00:00,SELL,10.0,39.59
2026-06-08 22:30:00+00:00,2026-06-09 07:00:00+00:00,BUY,10.0,37.98
2026-06-08 23:00:00+00:00,2026-06-09 07:00:00+00:00,SELL,10.0,41.56
2026-06-09 00:30:00+00:00,2026-06-09 09:00:00+00:00,BUY,10.0,34.63
2026-06-09 01:00:00+00:00,2026-06-09 09:00:00+00:00,SELL,10.0,40.26
2026-06-09 01:30:00+00:00,2026-06-09 10:00:00+00:00,BUY,10.0,30.25
2026-06-09 02:15:00+00:00,2026-06-09 10:00:00+00:00,SELL,10.0,38.56
2026-06-09 02:30:00+00:00,2026-06-09 11:00:00+00:00,BUY,10.0,-45.36
2026-06-09 03:00:00+00:00,2026-06-09 11:00:00+00:00,SELL,10.0,-35.15
2026-06-09 03:30:00+00:00,2026-06-09 12:00:00+00:00,BUY,10.0,-0.91
2026-06-09 04:00:00+00:00,2026-06-09 12:00:00+00:00,SELL,10.0,22.94
2026-06-09 04:30:00+00:00,2026-06-09 13:00:00+00:00,BUY,10.0,-50.44
2026-06-09 05:00:00+00:00,2026-06-09 13:00:00+00:00,SELL,10.0,-40.8
2026-06-09 07:30:00+00:00,2026-06-09 16:00:00+00:00,BUY,10.0,36.21
2026-06-09 08:15:00+00:00,2026-06-09 16:00:00+00:00,SELL,10.0,38.02
2026-06-09 08:30:00+00:00,2026-06-09 17:00:00+00:00,BUY,10.0,39.67
2026-06-09 09:00:00+00:00,2026-06-09 17:00:00+00:00,SELL,10.0,41.32
2026-06-09 09:30:00+00:00,2026-06-09 18:00:00+00:00,BUY,10.0,42.78
2026-06-09 10:15:00+00:00,2026-06-09 18:00:00+00:00,SELL,10.0,46.81
2026-06-09 10:30:00+00:00,2026-06-09 19:00:00+00:00,BUY,10.0,43.29
2026-06-09 11:15:00+00:00,2026-06-09 19:00:00+00:00,SELL,10.0,47.4
2026-06-09 11:30:00+00:00,2026-06-09 20:00:00+00:00,BUY,10.0,33.25
2026-06-09 12:00:00+00:00,2026-06-09 20:00:00+00:00,SELL,10.0,35.81
2026-06-09 18:30:00+00:00,2026-06-10 04:00:00+00:00,BUY,10.0,39.13
2026-06-09 19:00:00+00:00,2026-06-10 04:00:00+00:00,SELL,10.0,38.34
2026-06-10 05:30:00+00:00,2026-06-10 15:00:00+00:00,BUY,10.0,35.67
2026-06-10 06:00:00+00:00,2026-06-10 15:00:00+00:00,SELL,10.0,34.54
2026-06-12 18:30:00+00:00,2026-06-13 04:00:00+00:00,BUY,10.0,48.62
2026-06-12 19:00:00+00:00,2026-06-13 04:00:00+00:00,SELL,10.0,48.66
2026-06-13 02:30:00+00:00,2026-06-13 12:00:00+00:00,BUY,10.0,41.28
2026-06-13 03:00:00+00:00,2026-06-13 12:00:00+00:00,SELL,10.0,44.0
2026-06-13 11:30:00+00:00,2026-06-13 21:00:00+00:00,BUY,10.0,48.77
2026-06-13 12:00:00+00:00,2026-06-13 21:00:00+00:00,SELL,10.0,52.85
2026-06-14 15:30:00+00:00,2026-06-15 01:00:00+00:00,BUY,10.0,33.02
2026-06-14 16:00:00+00:00,2026-06-15 01:00:00+00:00,SELL,10.0,33.55
2026-06-14 17:30:00+00:00,2026-06-15 03:00:00+00:00,BUY,10.0,30.67
2026-06-14 18:00:00+00:00,2026-06-15 03:00:00+00:00,SELL,10.0,29.45
2026-06-14 21:30:00+00:00,2026-06-15 07:00:00+00:00,BUY,10.0,47.61
2026-06-14 22:15:00+00:00,2026-06-15 07:00:00+00:00,SELL,10.0,44.81
2026-06-15 00:30:00+00:00,2026-06-15 10:00:00+00:00,BUY,10.0,42.64
2026-06-15 01:15:00+00:00,2026-06-15 10:00:00+00:00,SELL,10.0,38.14
2026-06-15 01:30:00+00:00,2026-06-15 11:00:00+00:00,BUY,10.0,37.41
2026-06-15 02:15:00+00:00,2026-06-15 11:00:00+00:00,SELL,10.0,33.98
2026-06-15 02:30:00+00:00,2026-06-15 12:00:00+00:00,BUY,10.0,34.97
2026-06-15 03:00:00+00:00,2026-06-15 12:00:00+00:00,SELL,10.0,33.8
2026-06-15 07:30:00+00:00,2026-06-15 17:00:00+00:00,BUY,10.0,44.11
2026-06-15 08:00:00+00:00,2026-06-15 17:00:00+00:00,SELL,10.0,42.19
2026-06-15 08:30:00+00:00,2026-06-15 18:00:00+00:00,BUY,10.0,50.89
2026-06-15 09:15:00+00:00,2026-06-15 18:00:00+00:00,SELL,10.0,49.35
2026-06-15 12:30:00+00:00,2026-06-15 22:00:00+00:00,BUY,10.0,41.25
2026-06-15 13:15:00+00:00,2026-06-15 22:00:00+00:00,SELL,10.0,37.92
2026-06-15 17:30:00+00:00,2026-06-16 03:00:00+00:00,SELL,10.0,25.0
2026-06-15 18:00:00+00:00,2026-06-16 03:00:00+00:00,BUY,10.0,24.61
2026-06-15 18:30:00+00:00,2026-06-16 04:00:00+00:00,SELL,10.0,32.53
2026-06-15 19:00:00+00:00,2026-06-16 04:00:00+00:00,BUY,10.0,30.09
2026-06-15 23:30:00+00:00,2026-06-16 09:00:00+00:00,SELL,10.0,32.33
2026-06-16 00:15:00+00:00,2026-06-16 09:00:00+00:00,BUY,10.0,31.58
2026-06-16 02:30:00+00:00,2026-06-16 12:00:00+00:00,SELL,10.0,22.15
2026-06-16 03:15:00+00:00,2026-06-16 12:00:00+00:00,BUY,10.0,21.71
2026-06-16 05:30:00+00:00,2026-06-16 15:00:00+00:00,SELL,10.0,23.54
2026-06-16 06:15:00+00:00,2026-06-16 15:00:00+00:00,BUY,10.0,24.37
2026-06-16 09:30:00+00:00,2026-06-16 19:00:00+00:00,SELL,10.0,35.13
2026-06-16 10:00:00+00:00,2026-06-16 19:00:00+00:00,BUY,10.0,34.41
2026-06-16 14:30:00+00:00,2026-06-17 00:00:00+00:00,BUY,10.0,-72.96
2026-06-16 15:00:00+00:00,2026-06-17 00:00:00+00:00,SELL,10.0,-50.06
2026-06-16 19:30:00+00:00,2026-06-17 05:00:00+00:00,BUY,10.0,12.46
2026-06-16 20:15:00+00:00,2026-06-17 05:00:00+00:00,SELL,10.0,28.58
2026-06-16 23:30:00+00:00,2026-06-17 09:00:00+00:00,BUY,10.0,7.45
2026-06-17 00:00:00+00:00,2026-06-17 09:00:00+00:00,SELL,10.0,15.76
2026-06-17 01:30:00+00:00,2026-06-17 11:00:00+00:00,BUY,10.0,-73.5
2026-06-17 02:00:00+00:00,2026-06-17 11:00:00+00:00,SELL,10.0,-51.46
2026-06-17 05:30:00+00:00,2026-06-17 14:00:00+00:00,BUY,10.0,-109.68
2026-06-17 06:00:00+00:00,2026-06-17 14:00:00+00:00,SELL,10.0,-108.05
2026-06-17 06:30:00+00:00,2026-06-17 16:00:00+00:00,BUY,10.0,9.07
2026-06-17 07:15:00+00:00,2026-06-17 16:00:00+00:00,SELL,10.0,48.43
2026-06-17 09:30:00+00:00,2026-06-17 19:00:00+00:00,BUY,10.0,-8.16
2026-06-17 10:15:00+00:00,2026-06-17 19:00:00+00:00,SELL,10.0,31.37
2026-06-17 11:30:00+00:00,2026-06-17 21:00:00+00:00,BUY,10.0,-35.05
2026-06-17 12:00:00+00:00,2026-06-17 21:00:00+00:00,SELL,10.0,1.0
2026-06-17 13:30:00+00:00,2026-06-17 23:00:00+00:00,BUY,10.0,-89.15
2026-06-17 14:15:00+00:00,2026-06-17 23:00:00+00:00,SELL,10.0,-80.76
2026-06-17 20:30:00+00:00,2026-06-18 04:00:00+00:00,BUY,10.0,18.79
2026-06-17 21:00:00+00:00,2026-06-18 04:00:00+00:00,SELL,10.0,20.07
2026-06-18 14:30:00+00:00,2026-06-18 22:00:00+00:00,BUY,10.0,-99.02
2026-06-18 15:00:00+00:00,2026-06-18 22:00:00+00:00,SELL,10.0,-95.42
2026-06-18 15:30:00+00:00,2026-06-19 01:00:00+00:00,BUY,10.0,-112.7
2026-06-18 16:15:00+00:00,2026-06-19 01:00:00+00:00,SELL,10.0,-107.96
2026-06-18 16:30:00+00:00,2026-06-19 02:00:00+00:00,BUY,10.0,-14.95
2026-06-18 17:15:00+00:00,2026-06-19 02:00:00+00:00,SELL,10.0,-8.23
2026-06-18 17:30:00+00:00,2026-06-19 03:00:00+00:00,BUY,10.0,-73.48
2026-06-18 18:00:00+00:00,2026-06-19 03:00:00+00:00,SELL,10.0,-65.4
2026-06-18 18:30:00+00:00,2026-06-19 03:00:00+00:00,BUY,10.0,-43.78
2026-06-18 19:15:00+00:00,2026-06-19 03:00:00+00:00,SELL,10.0,-38.15
2026-06-18 20:30:00+00:00,2026-06-19 06:00:00+00:00,BUY,10.0,30.34
2026-06-18 21:15:00+00:00,2026-06-19 06:00:00+00:00,SELL,10.0,34.18
2026-06-18 21:30:00+00:00,2026-06-19 07:00:00+00:00,BUY,10.0,27.87
2026-06-18 22:00:00+00:00,2026-06-19 07:00:00+00:00,SELL,10.0,31.49
2026-06-18 22:30:00+00:00,2026-06-19 08:00:00+00:00,BUY,10.0,33.24
2026-06-18 23:15:00+00:00,2026-06-19 08:00:00+00:00,SELL,10.0,33.27
2026-06-19 01:30:00+00:00,2026-06-19 11:00:00+00:00,BUY,10.0,-89.73
2026-06-19 02:00:00+00:00,2026-06-19 11:00:00+00:00,SELL,10.0,-78.7
2026-06-19 02:30:00+00:00,2026-06-19 12:00:00+00:00,BUY,10.0,18.11
2026-06-19 03:00:00+00:00,2026-06-19 12:00:00+00:00,SELL,10.0,18.24
2026-06-19 04:30:00+00:00,2026-06-19 13:00:00+00:00,BUY,10.0,-77.94
2026-06-19 04:30:00+00:00,2026-06-19 14:00:00+00:00,BUY,10.0,-106.07
2026-06-19 05:00:00+00:00,2026-06-19 13:00:00+00:00,SELL,10.0,-63.72
2026-06-19 05:15:00+00:00,2026-06-19 14:00:00+00:00,SELL,10.0,-105.72
2026-06-19 05:30:00+00:00,2026-06-19 15:00:00+00:00,BUY,10.0,11.16
2026-06-19 06:15:00+00:00,2026-06-19 15:00:00+00:00,SELL,10.0,14.51
2026-06-19 06:30:00+00:00,2026-06-19 15:00:00+00:00,BUY,10.0,20.54
2026-06-19 06:30:00+00:00,2026-06-19 16:00:00+00:00,BUY,10.0,-59.34
2026-06-19 07:15:00+00:00,2026-06-19 16:00:00+00:00,SELL,10.0,-49.97
2026-06-19 07:15:00+00:00,2026-06-19 15:00:00+00:00,SELL,10.0,72.2
2026-06-19 08:30:00+00:00,2026-06-19 18:00:00+00:00,BUY,10.0,25.95
2026-06-19 09:00:00+00:00,2026-06-19 18:00:00+00:00,SELL,10.0,28.73
2026-06-19 09:30:00+00:00,2026-06-19 19:00:00+00:00,BUY,10.0,2.85
2026-06-19 10:00:00+00:00,2026-06-19 19:00:00+00:00,SELL,10.0,13.95
2026-06-19 10:30:00+00:00,2026-06-19 20:00:00+00:00,BUY,10.0,19.89
2026-06-19 11:00:00+00:00,2026-06-19 20:00:00+00:00,SELL,10.0,23.69
2026-06-19 11:30:00+00:00,2026-06-19 21:00:00+00:00,BUY,10.0,-11.62
2026-06-19 12:00:00+00:00,2026-06-19 21:00:00+00:00,SELL,10.0,7.75
2026-06-19 12:30:00+00:00,2026-06-19 22:00:00+00:00,BUY,10.0,36.43
2026-06-19 13:15:00+00:00,2026-06-19 22:00:00+00:00,SELL,10.0,40.07
2026-06-19 13:30:00+00:00,2026-06-19 23:00:00+00:00,BUY,10.0,-29.15
2026-06-19 14:00:00+00:00,2026-06-19 23:00:00+00:00,SELL,10.0,-28.69
2026-06-20 16:30:00+00:00,2026-06-21 02:00:00+00:00,BUY,10.0,30.06
2026-06-20 17:00:00+00:00,2026-06-21 02:00:00+00:00,SELL,10.0,32.62
2026-06-21 04:30:00+00:00,2026-06-21 14:00:00+00:00,BUY,10.0,26.54
2026-06-21 05:00:00+00:00,2026-06-21 14:00:00+00:00,SELL,10.0,28.92
2026-06-21 09:30:00+00:00,2026-06-21 19:00:00+00:00,BUY,10.0,36.97
2026-06-21 10:00:00+00:00,2026-06-21 19:00:00+00:00,SELL,10.0,40.21
2026-06-23 11:30:00+00:00,2026-06-23 19:00:00+00:00,BUY,10.0,37.36
2026-06-23 12:00:00+00:00,2026-06-23 19:00:00+00:00,SELL,10.0,36.9
2026-06-23 15:30:00+00:00,2026-06-23 23:00:00+00:00,BUY,10.0,22.97
2026-06-23 16:00:00+00:00,2026-06-23 23:00:00+00:00,SELL,10.0,23.56
2026-06-23 18:30:00+00:00,2026-06-24 03:00:00+00:00,BUY,10.0,32.29
2026-06-23 19:00:00+00:00,2026-06-24 03:00:00+00:00,SELL,10.0,36.33
2026-06-24 04:30:00+00:00,2026-06-24 13:00:00+00:00,BUY,10.0,15.95
2026-06-24 05:00:00+00:00,2026-06-24 13:00:00+00:00,SELL,10.0,29.8
2026-06-24 05:30:00+00:00,2026-06-24 14:00:00+00:00,BUY,10.0,22.0
2026-06-24 06:00:00+00:00,2026-06-24 14:00:00+00:00,SELL,10.0,27.24
2026-06-24 21:30:00+00:00,2026-06-25 06:00:00+00:00,BUY,10.0,40.25
2026-06-24 22:00:00+00:00,2026-06-25 06:00:00+00:00,SELL,10.0,41.85
2026-06-25 14:30:00+00:00,2026-06-26 00:00:00+00:00,BUY,10.0,31.73
2026-06-25 15:00:00+00:00,2026-06-26 00:00:00+00:00,SELL,10.0,34.89
2026-06-25 17:30:00+00:00,2026-06-26 03:00:00+00:00,BUY,10.0,33.8
2026-06-25 18:00:00+00:00,2026-06-26 03:00:00+00:00,SELL,10.0,36.72
2026-06-25 19:30:00+00:00,2026-06-26 03:00:00+00:00,SELL,10.0,30.78
2026-06-25 20:00:00+00:00,2026-06-26 03:00:00+00:00,BUY,10.0,30.17
2026-06-25 20:30:00+00:00,2026-06-26 06:00:00+00:00,BUY,10.0,41.83
2026-06-25 21:00:00+00:00,2026-06-26 06:00:00+00:00,SELL,10.0,43.69
2026-06-25 22:30:00+00:00,2026-06-26 06:00:00+00:00,SELL,10.0,39.91
2026-06-25 22:30:00+00:00,2026-06-26 08:00:00+00:00,BUY,10.0,48.21
2026-06-25 23:00:00+00:00,2026-06-26 06:00:00+00:00,BUY,10.0,40.19
2026-06-25 23:15:00+00:00,2026-06-26 08:00:00+00:00,SELL,10.0,50.77
2026-06-26 02:30:00+00:00,2026-06-26 12:00:00+00:00,BUY,10.0,51.25
2026-06-26 03:00:00+00:00,2026-06-26 12:00:00+00:00,SELL,10.0,53.05
2026-06-26 03:30:00+00:00,2026-06-26 13:00:00+00:00,BUY,10.0,40.09
2026-06-26 04:00:00+00:00,2026-06-26 13:00:00+00:00,SELL,10.0,43.59
2026-06-26 07:30:00+00:00,2026-06-26 17:00:00+00:00,BUY,10.0,47.63
2026-06-26 08:00:00+00:00,2026-06-26 17:00:00+00:00,SELL,10.0,48.98
2026-06-26 08:30:00+00:00,2026-06-26 18:00:00+00:00,BUY,10.0,60.0
2026-06-26 09:15:00+00:00,2026-06-26 18:00:00+00:00,SELL,10.0,61.16
2026-06-26 09:30:00+00:00,2026-06-26 19:00:00+00:00,BUY,10.0,46.47
2026-06-26 10:15:00+00:00,2026-06-26 19:00:00+00:00,SELL,10.0,48.66
2026-06-26 13:30:00+00:00,2026-06-26 23:00:00+00:00,BUY,10.0,48.03
2026-06-26 14:00:00+00:00,2026-06-26 23:00:00+00:00,SELL,10.0,47.33
