product_id,da_price_eur_mwh
0,33.57
1,38.07
2,36.53
3,42.29
4,43.08
5,41.65
6,63.09
7,79.6
8,76.09
9,51.99
10,61.64
11,50.44
12,50.4
13,54.09
14,44.09
15,44.34
16,49.41
17,58.47
18,61.03
19,47.56
20,51.02
21,58.15
22,46.23
23,35.1
24,38.21
25,43.24
26,44.97
27,42.57
28,46.28
29,49.87
30,64.89
31,77.83
32,96.06
33,66.21
34,63.68
35,105.64
36,58.56
37,50.25
38,47.5
39,44.27
40,54.18
41,57.14
42,105.27
43,61.6
44,62.79
45,46.7
46,48.96
47,47.34
48,37.6
49,37.55
50,65.08
51,43.98
52,52.76
53,54.73
54,57.16
55,83.77
56,73.9
57,74.24
58,68.71
59,101.84
60,41.4
61,50.49
62,59.28
63,53.97
64,68.47
65,62.61
66,90.22
67,53.15
68,61.33
69,39.39
70,50.71
71,44.96
72,-12.41
73,-11.28
74,4.68
75,17.64
76,9.96
77,19.12
78,18.35
79,20.03
80,29.55
81,25.43
82,22.21
83,20.35
84,19.84
85,9.58
86,15.82
87,19.41
88,19.87
89,22.1
90,24.25
91,19.92
92,15.83
93,10.63
94,-9.15
95,6.21
96,2.32
97,-0.38
98,13.15
99,10.83
100,14.41
101,21.18
102,27.92
103,34.36
104,33.48
105,30.64
106,25.35
107,25.39
108,13.28
109,23.17
110,14.05
111,11.26
112,24.86
113,24.67
114,24.95
115,25.7
116,21.19
117,24.56
118,20.83
119,20.88
120,17.25
121,11.22
122,20.59
123,11.78
124,20.17
125,27.02
126,27.45
127,33.32
128,32.07
129,27.11
130,33.66
131,23.29
132,18.56
133,27.41
134,23.71
135,28.77
136,24.79
137,21.45
138,27.75
139,22.39
140,27.64
141,19.2
142,14.83
143,5.97
144,20.05
145,19.47
146,27.5
147,16.5
148,29.3
149,34.95
150,38.33
151,39.6
152,44.14
153,33.54
154,33.07
155,30.33
156,33.0
157,31.11
158,27.91
159,30.05
160,35.38
161,39.48
162,35.96
163,34.17
164,31.15
165,32.31
166,21.53
167,19.29
168,19.56
169,9.85
170,23.47
171,18.93
172,23.79
173,26.77
174,29.1
175,31.5
176,34.09
177,40.68
178,33.44
179,32.45
180,30.36
181,28.88
182,26.7
183,29.84
184,24.54
185,24.41
186,31.23
187,27.22
188,26.59
189,25.63
190,22.23
191,20.1
192,35.27
193,36.74
194,29.98
195,34.92
196,39.93
197,39.04
198,65.75
199,71.4
200,70.82
201,73.44
202,51.94
203,51.17
204,43.59
205,40.53
206,43.31
207,42.08
208,51.67
209,48.78
210,40.73
211,49.56
212,51.54
213,37.94
214,36.84
215,36.4
216,52.48
217,40.28
218,52.7
219,61.18
220,68.74
221,76.88
222,122.04
223,104.97
224,139.22
225,87.43
226,151.77
227,79.66
228,73.49
229,70.3
230,75.5
231,74.96
232,98.97
233,72.53
234,90.63
235,103.82
236,66.36
237,65.93
238,56.77
239,43.72
240,48.97
241,42.3
242,42.22
243,55.71
244,55.93
245,91.27
246,52.0
247,58.85
248,67.71
249,103.77
250,64.63
251,62.61
252,62.87
253,43.96
254,47.92
255,58.62
256,62.91
257,77.62
258,66.76
259,58.12
260,67.1
261,56.49
262,40.12
263,43.89
264,52.96
265,45.34
266,49.25
267,57.28
268,64.49
269,114.45
270,69.56
271,70.0
272,104.52
273,97.85
274,65.67
275,122.9
276,89.13
277,61.21
278,86.4
279,86.85
280,89.1
281,89.86
282,219.0
283,115.52
284,81.98
285,58.25
286,48.74
287,42.0
288,37.55
289,34.96
290,39.07
291,44.0
292,45.37
293,43.36
294,55.97
295,62.45
296,57.46
297,54.27
298,59.46
299,57.78
300,68.22
301,42.54
302,45.37
303,52.74
304,57.16
305,52.94
306,57.73
307,53.62
308,66.61
309,40.61
310,47.76
311,33.66
312,29.81
313,26.9
314,36.66
315,36.41
316,43.94
317,35.55
318,58.23
319,49.46
320,52.46
321,46.81
322,46.1
323,46.43
324,43.59
325,42.71
326,44.92
327,41.25
328,46.64
329,45.57
330,42.51
331,58.93
332,47.13
333,41.56
334,29.52
335,33.57
336,19.27
337,34.48
338,34.18
339,26.13
340,29.48
341,30.74
342,38.73
343,44.78
344,42.49
345,34.35
346,58.01
347,39.55
348,24.06
349,37.63
350,34.15
351,27.82
352,29.82
353,37.23
354,41.19
355,40.92
356,38.95
357,29.5
358,24.72
359,29.84
360,31.78
361,39.6
362,32.54
363,45.17
364,39.52
365,42.37
366,53.56
367,53.19
368,72.48
369,57.14
370,67.0
371,58.71
372,48.5
373,40.08
374,51.88
375,41.04
376,49.43
377,58.79
378,62.78
379,53.3
380,37.78
381,39.51
382,36.98
383,31.14
384,40.05
385,40.5
386,33.81
387,53.15
388,46.07
389,43.94
390,58.76
391,79.74
392,86.1
393,57.86
394,59.88
395,58.49
396,46.95
397,41.06
398,46.18
399,37.54
400,39.39
401,46.87
402,65.54
403,62.18
404,64.02
405,39.46
406,39.87
407,44.84
408,43.14
409,45.62
410,55.51
411,44.68
412,60.71
413,60.01
414,100.31
415,93.36
416,62.73
417,87.55
418,68.34
419,84.01
420,51.95
421,57.01
422,66.18
423,53.3
424,63.34
425,88.3
426,62.04
427,92.47
428,59.78
429,49.57
430,43.32
431,41.6
432,38.13
433,32.46
434,39.81
435,40.37
436,44.71
437,49.4
438,72.61
439,64.21
440,68.03
441,62.72
442,43.39
443,60.49
444,49.11
445,39.24
446,36.69
447,42.29
448,59.13
449,60.15
450,81.8
451,65.65
452,54.42
453,40.06
454,44.41
455,34.7
456,37.48
457,36.54
458,34.66
459,37.48
460,42.19
461,43.21
462,44.54
463,47.53
464,58.16
465,55.1
466,44.72
467,39.0
468,43.16
469,33.79
470,37.0
471,39.62
472,36.12
473,51.44
474,51.34
475,39.8
476,38.34
477,34.63
478,29.76
479,30.47
480,32.38
481,31.75
482,42.23
483,34.35
484,37.05
485,41.77
486,44.09
487,66.94
488,58.93
489,56.19
490,51.01
491,39.85
492,35.53
493,36.89
494,34.37
495,37.79
496,50.04
497,38.63
498,44.22
499,49.14
500,42.95
501,39.57
502,33.38
503,36.21
504,42.51
505,45.89
506,39.85
507,44.84
508,45.55
509,56.25
510,58.57
511,67.51
512,67.44
513,80.82
514,75.01
515,56.76
516,52.28
517,45.51
518,49.85
519,48.12
520,59.94
521,55.63
522,67.79
523,75.49
524,54.14
525,44.6
526,38.57
527,47.1
528,21.63
529,30.43
530,29.75
531,29.56
532,37.58
533,32.83
534,35.51
535,41.11
536,44.36
537,42.2
538,32.38
539,42.48
540,42.01
541,28.07
542,34.96
543,26.8
544,45.67
545,51.8
546,39.22
547,41.04
548,36.34
549,34.28
550,32.37
551,26.72
552,35.7
553,28.95
554,33.96
555,44.47
556,44.06
557,37.17
558,45.74
559,52.37
560,48.75
561,57.53
562,53.54
563,63.07
564,39.88
565,37.39
566,44.35
567,40.33
568,38.64
569,44.44
570,47.59
571,57.1
572,42.38
573,37.2
574,33.1
575,35.19
576,41.88
577,32.44
578,37.07
579,41.13
580,45.91
581,41.53
582,50.98
583,49.16
584,64.47
585,75.84
586,50.38
587,48.5
588,42.37
589,45.49
590,42.25
591,47.83
592,52.01
593,53.14
594,60.9
595,51.67
596,45.9
597,36.62
598,38.17
599,36.1
600,31.76
601,38.3
602,34.0
603,38.31
604,28.89
605,38.87
606,40.35
607,41.95
608,54.49
609,53.29
610,57.36
611,46.95
612,35.79
613,41.94
614,38.67
615,38.56
616,30.23
617,40.65
618,42.52
619,38.71
620,52.2
621,33.91
622,31.4
623,29.99
624,-29.45
625,2.88
626,-16.41
627,-41.66
628,6.7
629,13.72
630,20.42
631,17.74
632,12.96
633,20.73
634,14.6
635,17.28
636,-2.4
637,13.83
638,3.79
639,5.2
640,8.17
641,18.45
642,23.69
643,17.52
644,15.51
645,9.45
646,-20.56
647,-4.35
648,8.7
649,18.26
650,16.15
651,19.28
652,18.95
653,25.0
654,28.96
655,32.45
656,36.1
657,38.18
658,32.98
659,26.41
660,32.95
661,25.37
662,27.97
663,20.97
664,26.49
665,22.09
666,30.54
667,27.7
668,29.15
669,23.78
670,16.54
671,16.46
672,-107.07
673,-44.46
674,-61.17
675,-28.47
676,-11.37
677,2.52
678,15.14
679,11.75
680,5.74
681,11.75
682,13.83
683,12.66
684,-0.89
685,-0.69
686,8.8
687,-5.73
688,18.44
689,16.94
690,9.77
691,-23.09
692,-14.17
693,-9.68
694,-107.79
695,-100.99
696,-9.51
697,7.32
698,-21.95
699,-5.9
700,-13.65
701,15.09
702,20.07
703,9.2
704,16.51
705,12.88
706,15.45
707,16.15
708,10.32
709,4.92
710,-40.88
711,16.21
712,20.36
713,14.55
714,21.08
715,20.48
716,7.01
717,19.2
718,7.76
719,-29.54
720,-4.35
721,-4.38
722,-46.42
723,18.53
724,5.38
725,24.52
726,16.69
727,23.75
728,23.28
729,24.97
730,19.09
731,21.84
732,9.27
733,13.26
734,0.2
735,0.36
736,16.6
737,15.08
738,26.35
739,15.62
740,23.67
741,14.13
742,0.25
743,-24.65
744,-22.0
745,-47.79
746,2.18
747,3.37
748,9.81
749,21.46
750,25.16
751,27.46
752,30.02
753,27.22
754,24.5
755,20.97
756,10.73
757,19.9
758,21.66
759,16.33
760,23.53
761,19.89
762,26.13
763,21.39
764,14.43
765,19.37
766,-5.57
767,-16.97
768,3.79
769,-23.77
770,8.97
771,-0.17
772,13.87
773,17.05
774,24.78
775,24.49
776,28.44
777,25.77
778,30.12
779,31.65
780,20.18
781,20.66
782,16.75
783,14.71
784,23.81
785,26.45
786,26.45
787,25.57
788,13.9
789,20.89
790,10.96
791,9.69
792,24.64
793,26.99
794,33.06
795,30.6
796,36.55
797,33.9
798,35.22
799,34.3
800,40.03
801,37.89
802,35.28
803,34.37
804,36.98
805,32.64
806,34.11
807,42.28
808,39.41
809,34.47
810,35.4
811,39.57
812,33.73
813,25.68
814,36.03
815,33.36
816,-0.44
817,13.61
818,17.75
819,22.68
820,18.98
821,23.69
822,30.36
823,27.47
824,26.57
825,35.48
826,34.15
827,14.91
828,17.53
829,25.2
830,14.07
831,12.68
832,24.48
833,24.97
834,30.75
835,27.92
836,22.86
837,20.21
838,3.2
839,15.95
840,-46.74
841,-10.76
842,-42.08
843,-3.51
844,-71.39
845,-24.06
846,29.57
847,13.55
848,17.33
849,14.99
850,18.83
851,12.69
852,19.35
853,6.98
854,10.67
855,-17.35
856,-9.11
857,13.72
858,14.01
859,3.25
860,4.27
861,-31.27
862,-17.49
863,-41.53
864,24.3
865,23.86
866,29.42
867,26.03
868,27.12
869,26.76
870,34.85
871,29.95
872,37.28
873,40.45
874,35.06
875,30.18
876,28.25
877,20.68
878,30.46
879,33.15
880,31.88
881,34.42
882,34.38
883,42.86
884,35.14
885,26.77
886,27.55
887,18.43
888,26.81
889,23.8
890,21.09
891,21.88
892,25.38
893,27.75
894,32.31
895,37.12
896,37.12
897,39.14
898,28.33
899,33.51
900,28.07
901,25.73
902,28.1
903,29.1
904,32.74
905,31.88
906,30.24
907,33.89
908,28.38
909,26.57
910,28.67
911,23.44
912,32.12
913,37.98
914,38.5
915,41.71
916,38.87
917,44.6
918,42.47
919,61.61
920,51.87
921,48.89
922,54.14
923,44.9
924,42.46
925,34.08
926,41.76
927,48.63
928,42.43
929,48.76
930,52.18
931,47.02
932,42.7
933,38.53
934,33.25
935,33.91
936,18.78
937,18.15
938,15.2
939,13.86
940,20.2
941,27.19
942,31.74
943,23.53
944,32.96
945,26.41
946,25.4
947,18.73
948,18.64
949,23.9
950,20.16
951,23.21
952,26.85
953,35.06
954,25.39
955,31.6
956,16.73
957,20.45
958,18.19
959,12.78
960,22.82
961,29.49
962,32.03
963,26.06
964,33.43
965,35.96
966,39.13
967,41.06
968,40.72
969,45.12
970,38.85
971,42.18
972,33.66
973,28.11
974,36.04
975,37.63
976,40.64
977,37.63
978,53.7
979,43.09
980,42.93
981,28.38
982,32.89
983,32.53
984,25.09
985,20.49
986,24.63
987,26.97
988,28.51
989,29.93
990,34.43
991,30.94
992,38.53
993,35.56
994,36.07
995,24.1
996,27.84
997,26.51
998,26.18
999,31.67
1000,37.11
1001,22.98
1002,33.57
1003,31.07
1004,22.32
1005,30.64
1006,9.59
1007,13.6
1008,8.81
1009,6.87
1010,19.42
1011,23.53
1012,9.78
1013,23.03
1014,29.11
1015,30.67
1016,35.39
1017,23.12
1018,20.81
1019,24.53
1020,18.99
1021,20.71
1022,22.26
1023,12.84
1024,29.57
1025,30.44
1026,22.79
1027,29.34
1028,12.72
1029,18.41
1030,8.86
1031,8.48
1032,32.3
1033,27.83
1034,33.76
1035,27.6
1036,39.6
1037,39.71
1038,44.34
1039,49.67
1040,46.06
1041,45.9
1042,38.05
1043,35.5
1044,39.93
1045,35.62
1046,38.31
1047,34.29
1048,38.33
1049,46.25
1050,43.88
1051,46.95
1052,47.67
1053,37.74
1054,33.98
1055,22.76
1056,24.49
1057,22.91
1058,27.0
1059,36.07
1060,30.65
1061,40.3
1062,43.25
1063,43.67
1064,53.14
1065,58.51
1066,39.37
1067,37.0
1068,37.22
1069,36.09
1070,36.01
1071,33.22
1072,40.15
1073,44.03
1074,41.94
1075,41.36
1076,43.31
1077,36.81
1078,35.39
1079,26.12
1080,19.23
1081,20.02
1082,23.73
1083,18.09
1084,26.72
1085,21.89
1086,34.41
1087,38.32
1088,35.03
1089,39.37
1090,28.31
1091,33.42
1092,28.41
1093,32.07
1094,29.17
1095,25.13
1096,34.8
1097,34.09
1098,26.34
1099,30.39
1100,28.56
1101,24.05
1102,25.85
1103,24.97
1104,28.4
1105,26.52
1106,31.71
1107,24.29
1108,26.27
1109,32.2
1110,35.55
1111,42.39
1112,38.38
1113,34.02
1114,32.59
1115,28.62
1116,34.98
1117,25.49
1118,23.59
1119,27.7
1120,33.32
1121,39.98
1122,33.07
1123,40.68
1124,43.56
1125,25.05
1126,27.86
1127,22.51
1128,13.82
1129,11.32
1130,2.61
1131,12.83
1132,20.52
1133,24.53
1134,29.51
1135,19.12
1136,30.02
1137,24.37
1138,25.29
1139,14.87
1140,16.87
1141,-18.81
1142,15.4
1143,21.95
1144,18.63
1145,29.19
1146,21.12
1147,21.44
1148,20.13
1149,17.79
1150,18.8
1151,20.23
1152,1.96
1153,15.12
1154,-4.78
1155,20.11
1156,0.69
1157,26.39
1158,29.22
1159,25.45
1160,30.92
1161,28.56
1162,23.5
1163,18.58
1164,23.4
1165,22.75
1166,19.42
1167,22.83
1168,20.08
1169,21.13
1170,24.9
1171,5.62
1172,14.16
1173,23.7
1174,10.51
1175,16.92
1176,16.64
1177,21.61
1178,11.86
1179,20.91
1180,28.72
1181,22.07
1182,27.76
1183,26.82
1184,30.43
1185,34.11
1186,32.5
1187,26.67
1188,25.38
1189,26.29
1190,22.61
1191,22.86
1192,27.72
1193,31.01
1194,31.72
1195,27.14
1196,25.86
1197,18.8
1198,21.32
1199,14.37
1200,19.64
1201,23.13
1202,33.53
1203,24.34
1204,26.97
1205,33.15
1206,29.52
1207,34.43
1208,36.02
1209,35.66
1210,37.05
1211,27.39
1212,38.83
1213,27.73
1214,27.27
1215,31.37
1216,37.89
1217,34.44
1218,35.63
1219,37.28
1220,31.88
1221,22.59
1222,22.54
1223,28.35
1224,3.73
1225,-0.83
1226,14.32
1227,14.52
1228,23.2
1229,23.63
1230,31.01
1231,35.75
1232,27.29
1233,28.04
1234,31.71
1235,31.4
1236,24.7
1237,25.11
1238,22.36
1239,21.55
1240,26.24
1241,30.06
1242,29.34
1243,29.64
1244,24.26
1245,20.25
1246,20.94
1247,22.68
1248,33.68
1249,27.65
1250,24.15
1251,33.11
1252,32.71
1253,30.38
1254,41.42
1255,36.07
1256,44.88
1257,44.93
1258,35.21
1259,39.63
1260,35.68
1261,31.68
1262,36.99
1263,35.49
1264,33.47
1265,46.44
1266,42.94
1267,38.0
1268,45.54
1269,28.18
1270,26.54
1271,34.25
1272,5.06
1273,19.0
1274,16.38
1275,5.31
1276,23.85
1277,27.27
1278,20.05
1279,33.78
1280,28.17
1281,28.45
1282,29.49
1283,30.52
1284,15.94
1285,20.62
1286,24.5
1287,26.88
1288,33.08
1289,28.3
1290,30.89
1291,25.51
1292,20.94
1293,16.99
1294,1.07
1295,0.07
1296,13.5
1297,19.93
1298,11.49
1299,17.6
1300,25.8
1301,20.6
1302,28.6
1303,34.45
1304,34.48
1305,34.35
1306,26.23
1307,33.15
1308,18.18
1309,20.87
1310,21.04
1311,20.07
1312,25.0
1313,35.8
1314,33.6
1315,34.6
1316,31.2
1317,18.8
1318,8.32
1319,-43.76
1320,-0.75
1321,0.14
1322,12.62
1323,-13.02
1324,16.5
1325,13.44
1326,27.29
1327,28.33
1328,30.5
1329,25.03
1330,22.69
1331,19.13
1332,23.08
1333,7.17
1334,4.46
1335,17.64
1336,21.94
1337,21.37
1338,27.76
1339,21.59
1340,22.06
1341,14.79
1342,-60.11
1343,-30.33
1344,24.51
1345,21.7
1346,23.31
1347,23.81
1348,24.0
1349,35.38
1350,36.52
1351,34.71
1352,35.1
1353,36.99
1354,32.26
1355,31.75
1356,27.47
1357,25.42
1358,28.15
1359,29.59
1360,31.44
1361,28.59
1362,36.41
1363,31.53
1364,32.14
1365,22.46
1366,26.73
1367,26.17
1368,25.74
1369,26.08
1370,24.21
1371,18.67
1372,27.92
1373,26.03
1374,35.83
1375,38.79
1376,39.06
1377,36.43
1378,29.17
1379,26.26
1380,33.27
1381,31.29
1382,27.94
1383,27.32
1384,38.6
1385,25.99
1386,32.34
1387,34.28
1388,30.8
1389,27.84
1390,29.96
1391,19.12
1392,26.36
1393,31.57
1394,35.37
1395,36.54
1396,34.53
1397,45.43
1398,45.11
1399,50.98
1400,40.27
1401,46.78
1402,43.31
1403,39.76
1404,40.79
1405,37.77
1406,38.85
1407,36.33
1408,45.78
1409,47.36
1410,64.84
1411,44.78
1412,36.22
1413,34.24
1414,34.66
1415,30.35
1416,33.88
1417,30.71
1418,29.15
1419,29.23
1420,30.39
1421,37.66
1422,35.98
1423,39.57
1424,42.73
1425,38.65
1426,43.98
1427,36.22
1428,36.03
1429,35.05
1430,36.71
1431,37.28
1432,36.57
1433,39.66
1434,49.18
1435,35.95
1436,36.49
1437,32.17
1438,27.43
1439,27.19
1440,33.06
1441,45.28
1442,33.7
1443,39.03
1444,39.46
1445,46.94
1446,49.55
1447,91.65
1448,56.27
1449,43.91
1450,65.16
1451,46.14
1452,43.26
1453,39.26
1454,47.47
1455,43.34
1456,41.16
1457,57.19
1458,57.16
1459,54.79
1460,42.99
1461,38.0
1462,39.28
1463,49.57
1464,13.13
1465,2.56
1466,21.71
1467,21.19
1468,18.29
1469,24.03
1470,32.67
1471,31.5
1472,23.22
1473,25.35
1474,26.69
1475,21.4
1476,29.54
1477,21.26
1478,36.08
1479,22.35
1480,21.96
1481,30.84
1482,27.63
1483,38.41
1484,17.48
1485,19.62
1486,-0.77
1487,13.67
1488,28.84
1489,28.52
1490,34.6
1491,33.2
1492,35.63
1493,35.33
1494,41.71
1495,45.59
1496,43.26
1497,42.97
1498,38.22
1499,35.31
1500,29.55
1501,31.68
1502,33.85
1503,40.25
1504,48.78
1505,41.46
1506,38.84
1507,46.93
1508,37.99
1509,37.23
1510,33.59
1511,28.11
1512,40.13
1513,41.51
1514,40.04
1515,45.51
1516,48.13
1517,55.68
1518,55.7
1519,67.62
1520,64.93
1521,62.4
1522,61.92
1523,77.27
1524,43.98
1525,50.21
1526,46.85
1527,48.41
1528,53.94
1529,73.83
1530,55.55
1531,61.77
1532,62.68
1533,42.54
1534,44.66
1535,44.23
1536,33.72
1537,31.44
1538,32.11
1539,32.43
1540,39.8
1541,42.53
1542,38.32
1543,51.21
1544,46.2
1545,45.23
1546,47.08
1547,31.28
1548,44.63
1549,31.92
1550,41.95
1551,43.18
1552,43.83
1553,42.63
1554,50.5
1555,49.9
1556,42.58
1557,34.85
1558,35.54
1559,24.45
1560,33.82
1561,35.44
1562,36.16
1563,42.88
1564,48.43
1565,40.94
1566,48.28
1567,44.19
1568,57.11
1569,50.7
1570,55.37
1571,38.48
1572,40.77
1573,41.97
1574,42.02
1575,34.79
1576,47.14
1577,36.82
1578,48.67
1579,54.61
1580,47.17
1581,45.09
1582,35.86
1583,36.43
1584,58.36
1585,59.85
1586,52.7
1587,53.59
1588,59.77
1589,62.54
1590,92.72
1591,81.48
1592,69.82
1593,90.92
1594,70.98
1595,76.38
1596,70.66
1597,59.36
1598,57.28
1599,63.25
1600,55.85
1601,74.84
1602,103.34
1603,83.03
1604,55.62
1605,59.17
1606,57.06
1607,45.93
1608,55.95
1609,52.4
1610,53.65
1611,54.16
1612,72.11
1613,62.73
1614,123.97
1615,104.13
1616,96.63
1617,111.09
1618,92.75
1619,138.48
1620,66.21
1621,70.09
1622,53.79
1623,64.67
1624,62.21
1625,133.86
1626,131.62
1627,76.58
1628,72.4
1629,51.33
1630,56.09
1631,44.44
1632,37.91
1633,31.38
1634,28.24
1635,39.66
1636,37.54
1637,49.44
1638,50.66
1639,42.01
1640,42.74
1641,43.53
1642,41.02
1643,38.17
1644,32.05
1645,36.85
1646,32.67
1647,32.78
1648,39.13
1649,42.85
1650,46.7
1651,49.25
1652,39.93
1653,37.67
1654,34.05
1655,38.6
1656,23.67
1657,25.5
1658,26.14
1659,13.59
1660,31.22
1661,27.12
1662,27.51
1663,33.82
1664,36.98
1665,39.38
1666,34.47
1667,29.7
1668,30.53
1669,34.44
1670,25.56
1671,24.9
1672,24.94
1673,29.53
1674,37.27
1675,23.66
1676,33.62
1677,31.71
1678,18.48
1679,19.06
1680,29.8
1681,40.87
1682,35.85
1683,37.36
1684,40.34
1685,43.57
1686,57.22
1687,42.24
1688,51.78
1689,49.7
1690,57.85
1691,41.24
1692,49.21
1693,46.61
1694,34.12
1695,39.99
1696,38.4
1697,59.52
1698,65.32
1699,48.01
1700,41.68
1701,42.11
1702,33.89
1703,33.99
1704,21.1
1705,17.33
1706,24.9
1707,29.61
1708,30.38
1709,30.78
1710,32.8
1711,33.89
1712,29.03
1713,34.83
1714,35.47
1715,33.2
1716,19.53
1717,28.48
1718,29.25
1719,36.96
1720,28.7
1721,33.6
1722,34.97
1723,30.14
1724,30.09
1725,19.41
1726,5.37
1727,11.03
1728,-14.32
1729,-35.93
1730,9.31
1731,-54.55
1732,15.2
1733,-1.9
1734,21.98
1735,23.08
1736,20.87
1737,23.31
1738,22.77
1739,17.86
1740,21.58
1741,25.47
1742,9.15
1743,-0.2
1744,19.13
1745,23.42
1746,20.33
1747,20.29
1748,24.74
1749,-1.86
1750,-0.34
1751,-31.84
1752,-26.59
1753,5.11
1754,11.14
1755,16.6
1756,14.93
1757,22.33
1758,18.02
1759,27.31
1760,27.75
1761,27.42
1762,26.3
1763,24.23
1764,17.98
1765,0.94
1766,22.95
1767,13.11
1768,18.78
1769,27.05
1770,25.89
1771,27.14
1772,26.42
1773,10.85
1774,-0.55
1775,-8.46
1776,17.51
1777,22.63
1778,21.29
1779,30.11
1780,26.83
1781,30.59
1782,27.02
1783,35.15
1784,38.26
1785,35.52
1786,33.9
1787,27.35
1788,32.01
1789,31.91
1790,24.79
1791,30.36
1792,37.01
1793,30.61
1794,33.04
1795,40.02
1796,27.3
1797,28.9
1798,13.82
1799,24.63
1800,29.13
1801,34.47
1802,27.74
1803,29.94
1804,33.8
1805,36.68
1806,39.13
1807,49.31
1808,43.33
1809,55.84
1810,47.85
1811,35.72
1812,34.75
1813,35.3
1814,34.98
1815,37.64
1816,36.83
1817,48.85
1818,46.77
1819,48.13
1820,36.74
1821,41.6
1822,37.21
1823,31.39
1824,6.21
1825,1.45
1826,17.15
1827,24.31
1828,14.56
1829,31.01
1830,34.6
1831,33.98
1832,35.62
1833,27.02
1834,31.79
1835,29.49
1836,25.77
1837,26.33
1838,28.84
1839,23.01
1840,28.22
1841,32.14
1842,34.62
1843,39.12
1844,26.2
1845,16.33
1846,26.36
1847,18.04
1848,39.69
1849,41.19
1850,42.91
1851,56.45
1852,44.69
1853,49.62
1854,61.62
1855,77.08
1856,65.6
1857,58.82
1858,59.27
1859,48.79
1860,43.78
1861,53.54
1862,43.21
1863,51.78
1864,50.21
1865,59.81
1866,59.21
1867,51.35
1868,49.6
1869,46.12
1870,41.58
1871,52.76
1872,25.88
1873,32.77
1874,34.77
1875,25.89
1876,35.86
1877,39.81
1878,55.61
1879,47.62
1880,41.81
1881,32.79
1882,37.54
1883,38.34
1884,33.94
1885,32.54
1886,36.46
1887,36.49
1888,41.92
1889,39.35
1890,49.22
1891,53.86
1892,39.95
1893,39.03
1894,35.57
1895,31.7
1896,33.25
1897,39.87
1898,40.32
1899,41.47
1900,42.22
1901,44.9
1902,48.69
1903,57.1
1904,61.6
1905,51.1
1906,45.66
1907,47.76
1908,59.04
1909,42.55
1910,45.21
1911,43.48
1912,50.54
1913,50.95
1914,51.19
1915,63.87
1916,42.5
1917,39.67
1918,34.76
1919,37.75
1920,44.84
1921,56.81
1922,50.88
1923,46.39
1924,64.4
1925,74.88
1926,108.1
1927,87.69
1928,84.64
1929,99.46
1930,70.92
1931,55.72
1932,55.77
1933,53.46
1934,63.1
1935,50.44
1936,55.35
1937,55.53
1938,90.33
1939,58.73
1940,66.25
1941,66.52
1942,52.63
1943,52.85
1944,57.62
1945,49.21
1946,46.81
1947,54.76
1948,55.22
1949,63.13
1950,67.15
1951,106.34
1952,116.83
1953,65.75
1954,58.19
1955,79.96
1956,99.26
1957,81.57
1958,53.87
1959,61.98
1960,64.37
1961,65.56
1962,76.26
1963,80.43
1964,69.54
1965,57.75
1966,50.5
1967,53.48
1968,48.22
1969,41.66
1970,45.37
1971,55.38
1972,51.19
1973,70.19
1974,74.13
1975,72.04
1976,74.15
1977,64.2
1978,50.29
1979,46.94
1980,40.74
1981,43.44
1982,51.4
1983,44.37
1984,45.13
1985,64.79
1986,58.09
1987,73.2
1988,51.72
1989,38.16
1990,51.6
1991,49.71
1992,39.53
1993,43.01
1994,50.83
1995,44.31
1996,49.14
1997,52.57
1998,80.28
1999,69.53
2000,65.07
2001,50.38
2002,55.28
2003,55.71
2004,43.54
2005,46.17
2006,44.93
2007,54.79
2008,49.58
2009,53.91
2010,91.76
2011,58.45
2012,55.46
2013,58.09
2014,43.06
2015,37.53
2016,41.8
2017,42.96
2018,39.22
2019,43.8
2020,49.51
2021,56.46
2022,55.21
2023,61.69
2024,63.2
2025,78.42
2026,52.1
2027,40.73
2028,45.62
2029,39.45
2030,45.02
2031,38.81
2032,55.36
2033,55.0
2034,54.56
2035,58.9
2036,49.3
2037,41.33
2038,40.12
2039,39.24
2040,37.49
2041,37.88
2042,36.01
2043,33.97
2044,46.37
2045,43.22
2046,44.97
2047,51.31
2048,47.23
2049,40.64
2050,40.34
2051,38.14
2052,37.75
2053,35.63
2054,39.84
2055,31.33
2056,39.22
2057,44.2
2058,44.61
2059,49.91
2060,36.25
2061,36.64
2062,41.05
2063,35.95
2064,31.17
2065,35.69
2066,40.14
2067,38.76
2068,41.99
2069,44.92
2070,51.4
2071,50.8
2072,38.91
2073,49.1
2074,44.05
2075,38.3
2076,42.56
2077,37.41
2078,41.4
2079,40.65
2080,48.34
2081,54.37
2082,56.71
2083,45.71
2084,47.74
2085,45.98
2086,40.67
2087,39.46
2088,33.15
2089,36.43
2090,29.43
2091,40.05
2092,44.13
2093,42.29
2094,52.43
2095,52.25
2096,73.03
2097,57.16
2098,47.28
2099,41.92
2100,33.72
2101,39.5
2102,44.2
2103,40.92
2104,43.08
2105,39.71
2106,48.05
2107,52.66
2108,42.7
2109,39.43
2110,40.68
2111,33.61
2112,32.06
2113,29.82
2114,25.08
2115,35.27
2116,39.69
2117,38.04
2118,46.05
2119,45.03
2120,47.71
2121,46.94
2122,37.6
2123,35.93
2124,40.39
2125,34.06
2126,41.86
2127,38.21
2128,38.44
2129,45.35
2130,42.88
2131,40.43
2132,37.52
2133,34.88
2134,26.56
2135,35.13
2136,23.48
2137,30.13
2138,34.57
2139,32.38
2140,32.72
2141,36.42
2142,42.31
2143,41.05
2144,47.19
2145,43.05
2146,47.66
2147,40.84
2148,37.38
2149,40.06
2150,36.78
2151,32.41
2152,37.36
2153,42.47
2154,45.25
2155,45.75
2156,38.53
2157,31.25
2158,31.77
2159,28.66
2160,29.4
2161,29.92
2162,27.92
2163,20.24
2164,37.96
2165,36.05
2166,44.5
2167,41.2
2168,46.33
2169,39.45
2170,43.52
2171,37.68
2172,30.46
2173,29.84
2174,35.0
2175,28.95
2176,40.83
2177,38.07
2178,36.83
2179,41.24
2180,37.05
2181,32.2
2182,36.15
2183,26.63
2184,19.44
2185,27.48
2186,22.82
2187,29.37
2188,32.44
2189,33.28
2190,34.3
2191,38.73
2192,50.12
2193,41.16
2194,41.98
2195,35.27
2196,34.42
2197,30.74
2198,28.82
2199,28.89
2200,34.51
2201,29.68
2202,42.36
2203,38.94
2204,41.33
2205,32.72
2206,29.8
2207,28.84
2208,26.26
2209,30.73
2210,31.98
2211,38.34
2212,43.84
2213,38.27
2214,46.37
2215,50.2
2216,50.52
2217,42.59
2218,43.36
2219,39.67
2220,33.15
2221,30.29
2222,44.11
2223,37.59
2224,50.51
2225,47.67
2226,49.2
2227,48.25
2228,47.23
2229,43.02
2230,30.25
2231,34.87
2232,33.21
2233,29.31
2234,29.21
2235,28.92
2236,37.96
2237,33.72
2238,41.08
2239,49.5
2240,44.97
2241,31.64
2242,41.09
2243,32.49
2244,33.11
2245,29.64
2246,33.3
2247,33.81
2248,27.09
2249,47.51
2250,41.78
2251,37.63
2252,34.65
2253,35.63
2254,31.72
2255,29.8
2256,26.01
2257,35.63
2258,32.62
2259,31.24
2260,33.11
2261,38.97
2262,47.33
2263,47.88
2264,39.35
2265,46.72
2266,33.31
2267,37.52
2268,41.04
2269,29.99
2270,38.42
2271,41.16
2272,33.87
2273,37.06
2274,41.9
2275,46.9
2276,40.12
2277,33.59
2278,28.3
2279,35.26
2280,41.23
2281,37.99
2282,50.12
2283,39.77
2284,51.39
2285,46.77
2286,57.92
2287,59.61
2288,75.75
2289,59.59
2290,86.6
2291,84.8
2292,91.65
2293,84.99
2294,54.02
2295,52.92
2296,56.23
2297,71.39
2298,71.01
2299,61.9
2300,54.94
2301,40.32
2302,44.15
2303,41.54
2304,-35.74
2305,-55.46
2306,-25.89
2307,4.24
2308,-12.62
2309,14.92
2310,-13.13
2311,29.93
2312,25.55
2313,28.9
2314,31.67
2315,27.02
2316,18.85
2317,25.59
2318,19.07
2319,23.88
2320,26.85
2321,11.66
2322,22.28
2323,21.41
2324,18.55
2325,10.46
2326,-43.85
2327,-38.01
2328,10.61
2329,24.25
2330,30.78
2331,36.67
2332,27.21
2333,40.07
2334,35.15
2335,40.22
2336,32.92
2337,40.76
2338,41.67
2339,34.38
2340,38.69
2341,20.61
2342,33.99
2343,23.45
2344,36.47
2345,42.78
2346,34.54
2347,36.38
2348,33.66
2349,23.39
2350,32.23
2351,14.87
2352,16.11
2353,-18.01
2354,14.92
2355,12.46
2356,18.02
2357,26.22
2358,26.82
2359,28.05
2360,23.29
2361,10.58
2362,-3.27
2363,-38.5
2364,-93.84
2365,-125.32
2366,0.92
2367,-56.04
2368,-52.28
2369,27.72
2370,25.5
2371,27.24
2372,17.5
2373,26.16
2374,11.21
2375,-41.59
2376,-74.39
2377,-26.52
2378,-17.02
2379,6.15
2380,-23.01
2381,-47.36
2382,7.64
2383,16.08
2384,25.5
2385,28.05
2386,-3.92
2387,-32.04
2388,11.92
2389,-34.63
2390,-67.74
2391,-5.18
2392,-4.62
2393,-0.55
2394,25.49
2395,16.78
2396,13.61
2397,3.57
2398,-14.35
2399,-49.21
2400,28.92
2401,28.07
2402,34.51
2403,23.74
2404,32.74
2405,34.02
2406,41.64
2407,39.94
2408,43.92
2409,38.0
2410,44.23
2411,34.9
2412,32.96
2413,42.15
2414,34.05
2415,34.11
2416,39.08
2417,39.07
2418,40.41
2419,40.0
2420,36.0
2421,38.06
2422,26.09
2423,23.32
2424,25.82
2425,28.64
2426,37.43
2427,34.07
2428,32.23
2429,38.58
2430,39.91
2431,38.26
2432,35.89
2433,37.18
2434,31.72
2435,29.85
2436,26.66
2437,22.13
2438,25.11
2439,32.47
2440,26.14
2441,41.14
2442,31.87
2443,34.51
2444,37.07
2445,31.97
2446,21.88
2447,24.48
2448,-52.66
2449,2.71
2450,-15.37
2451,12.98
2452,-31.18
2453,12.82
2454,28.16
2455,27.51
2456,26.59
2457,27.53
2458,22.63
2459,17.0
2460,-6.83
2461,-4.84
2462,22.15
2463,29.47
2464,17.91
2465,29.86
2466,33.62
2467,28.48
2468,12.74
2469,-1.69
2470,-88.76
2471,3.67
2472,-49.42
2473,-53.6
2474,1.57
2475,-8.61
2476,16.37
2477,-4.7
2478,5.25
2479,27.22
2480,25.59
2481,18.06
2482,-5.53
2483,-64.01
2484,19.79
2485,-61.28
2486,-2.36
2487,6.84
2488,19.8
2489,9.84
2490,26.58
2491,13.47
2492,10.35
2493,-9.31
2494,-41.37
2495,-79.86
2496,25.46
2497,10.37
2498,25.61
2499,24.18
2500,25.98
2501,34.54
2502,40.26
2503,36.31
2504,31.95
2505,38.84
2506,37.56
2507,25.1
2508,31.6
2509,25.45
2510,28.54
2511,23.43
2512,30.12
2513,34.22
2514,33.04
2515,29.88
2516,33.84
2517,30.42
2518,23.73
2519,26.01
2520,16.32
2521,30.08
2522,30.32
2523,21.61
2524,27.54
2525,34.67
2526,40.36
2527,34.08
2528,31.11
2529,40.04
2530,26.1
2531,24.43
2532,14.56
2533,7.85
2534,15.84
2535,25.97
2536,30.32
2537,24.59
2538,41.51
2539,36.45
2540,39.27
2541,35.43
2542,31.64
2543,24.64
2544,37.14
2545,40.3
2546,31.01
2547,38.84
2548,44.05
2549,55.85
2550,51.35
2551,53.07
2552,53.88
2553,53.38
2554,39.59
2555,51.01
2556,49.75
2557,41.03
2558,52.61
2559,40.95
2560,43.37
2561,51.36
2562,47.64
2563,51.32
2564,40.92
2565,31.27
2566,35.1
2567,32.45
2568,35.64
2569,36.83
2570,40.92
2571,48.12
2572,45.69
2573,42.68
2574,57.76
2575,69.18
2576,69.24
2577,56.37
2578,56.59
2579,46.73
2580,46.36
2581,53.73
2582,48.78
2583,49.49
2584,44.69
2585,55.83
2586,60.81
2587,79.77
2588,47.27
2589,41.03
2590,42.59
2591,39.34
2592,38.82
2593,51.12
2594,43.91
2595,49.99
2596,53.21
2597,62.56
2598,51.72
2599,51.38
2600,60.33
2601,49.82
2602,66.55
2603,58.24
2604,51.94
2605,48.3
2606,50.73
2607,46.98
2608,70.44
2609,59.7
2610,71.08
2611,61.76
2612,57.37
2613,51.29
2614,49.48
2615,55.96
2616,44.76
2617,36.8
2618,38.21
2619,39.64
2620,41.18
2621,49.4
2622,52.03
2623,77.03
2624,49.56
2625,38.94
2626,37.51
2627,37.54
2628,30.28
2629,30.18
2630,39.81
2631,38.89
2632,47.59
2633,49.53
2634,60.05
2635,55.45
2636,48.74
2637,50.08
2638,40.99
2639,44.19
2640,35.52
2641,34.73
2642,36.44
2643,34.79
2644,41.24
2645,49.0
2646,43.42
2647,43.89
2648,47.42
2649,33.76
2650,39.12
2651,38.41
2652,35.2
2653,31.31
2654,43.38
2655,32.39
2656,41.9
2657,39.4
2658,52.85
2659,48.79
2660,46.76
2661,39.19
2662,33.84
2663,36.29
2664,28.28
2665,26.29
2666,29.81
2667,33.37
2668,35.32
2669,31.3
2670,40.31
2671,40.18
2672,40.57
2673,31.08
2674,35.06
2675,28.24
2676,26.88
2677,26.18
2678,21.39
2679,25.88
2680,30.32
2681,31.22
2682,34.42
2683,34.35
2684,37.23
2685,28.57
2686,19.88
2687,24.77
2688,5.22
2689,15.35
2690,13.62
2691,24.35
2692,-3.31
2693,18.87
2694,32.43
2695,28.91
2696,18.64
2697,20.27
2698,20.84
2699,-4.3
2700,-27.24
2701,-73.35
2702,-99.38
2703,-15.48
2704,19.7
2705,20.06
2706,30.27
2707,30.63
2708,16.37
2709,19.85
2710,6.1
2711,19.3
2712,32.7
2713,33.94
2714,27.22
2715,34.27
2716,37.44
2717,36.43
2718,46.78
2719,42.13
2720,47.21
2721,43.02
2722,38.11
2723,41.86
2724,41.6
2725,35.74
2726,30.12
2727,38.49
2728,41.19
2729,41.54
2730,40.14
2731,39.32
2732,40.96
2733,30.49
2734,34.27
2735,28.62
2736,40.73
2737,42.61
2738,38.89
2739,42.89
2740,43.64
2741,48.41
2742,86.45
2743,59.76
2744,55.04
2745,42.63
2746,42.4
2747,36.36
2748,37.46
2749,41.1
2750,39.73
2751,36.8
2752,45.1
2753,52.02
2754,53.66
2755,72.67
2756,51.6
2757,46.17
2758,49.11
2759,42.47
2760,39.45
2761,46.08
2762,46.55
2763,46.19
2764,58.4
2765,63.79
2766,62.48
2767,59.53
2768,63.8
2769,51.83
2770,52.81
2771,36.27
2772,33.29
2773,35.69
2774,40.58
2775,50.96
2776,49.02
2777,63.39
2778,56.32
2779,74.97
2780,58.78
2781,56.59
2782,44.98
2783,35.37
2784,31.1
2785,28.02
2786,36.17
2787,31.02
2788,41.0
2789,41.2
2790,38.56
2791,42.04
2792,42.47
2793,43.24
2794,26.09
2795,30.23
2796,32.98
2797,31.88
2798,39.21
2799,31.57
2800,37.1
2801,39.85
2802,35.78
2803,46.49
2804,44.65
2805,46.27
2806,38.8
2807,37.23
2808,32.07
2809,40.43
2810,39.22
2811,39.78
2812,37.94
2813,50.03
2814,41.64
2815,44.68
2816,41.72
2817,41.65
2818,35.01
2819,34.03
2820,35.33
2821,36.67
2822,33.61
2823,37.9
2824,36.61
2825,54.8
2826,45.41
2827,46.02
2828,37.97
2829,38.5
2830,41.67
2831,33.07
2832,26.88
2833,32.83
2834,33.98
2835,36.2
2836,40.19
2837,42.96
2838,48.84
2839,46.06
2840,48.64
2841,47.1
2842,31.67
2843,34.78
2844,23.8
2845,27.12
2846,28.64
2847,38.25
2848,31.13
2849,45.36
2850,38.37
2851,49.81
2852,34.73
2853,34.73
2854,36.81
2855,38.45
2856,33.31
2857,36.81
2858,37.11
2859,32.15
2860,39.88
2861,35.56
2862,42.13
2863,56.62
2864,48.6
2865,50.01
2866,49.18
2867,44.87
2868,50.19
2869,41.89
2870,36.16
2871,44.0
2872,45.92
2873,48.54
2874,49.21
2875,45.47
2876,44.7
2877,40.83
2878,41.68
2879,31.72
2880,43.14
2881,35.68
2882,40.82
2883,40.14
2884,43.8
2885,47.94
2886,49.8
2887,50.24
2888,47.84
2889,42.29
2890,39.16
2891,25.29
2892,38.72
2893,33.34
2894,33.03
2895,31.61
2896,33.62
2897,45.72
2898,58.34
2899,52.64
2900,43.71
2901,38.56
2902,42.41
2903,38.07
2904,42.31
2905,48.21
2906,50.14
2907,47.51
2908,50.08
2909,57.46
2910,57.55
2911,69.25
2912,56.67
2913,45.42
2914,46.9
2915,45.71
2916,37.43
2917,35.42
2918,36.34
2919,41.33
2920,49.6
2921,64.08
2922,95.54
2923,81.17
2924,58.71
2925,51.84
2926,48.64
2927,47.53
2928,49.99
2929,44.54
2930,45.24
2931,52.63
2932,63.99
2933,67.56
2934,55.99
2935,64.0
2936,78.48
2937,79.19
2938,62.68
2939,54.73
2940,45.84
2941,40.76
2942,51.6
2943,44.62
2944,60.41
2945,66.88
2946,90.02
2947,70.59
2948,61.71
2949,60.97
2950,50.81
2951,51.08
2952,37.14
2953,41.86
2954,40.26
2955,38.95
2956,49.48
2957,51.03
2958,62.78
2959,60.85
2960,61.67
2961,53.3
2962,43.8
2963,52.83
2964,38.64
2965,47.74
2966,47.66
2967,51.26
2968,52.54
2969,45.24
2970,64.29
2971,51.18
2972,45.97
2973,54.6
2974,38.82
2975,44.62
2976,30.9
2977,25.82
2978,37.53
2979,36.66
2980,32.73
2981,42.76
2982,40.38
2983,47.32
2984,47.79
2985,46.94
2986,56.66
2987,47.29
2988,52.0
2989,43.89
2990,44.88
2991,45.68
2992,38.53
2993,43.98
2994,47.24
2995,48.17
2996,48.48
2997,39.17
2998,37.57
2999,32.77
3000,15.11
3001,27.3
3002,16.47
3003,28.54
3004,30.01
3005,31.31
3006,37.09
3007,36.75
3008,34.33
3009,31.66
3010,33.9
3011,0.74
3012,22.51
3013,-4.92
3014,2.65
3015,12.5
3016,27.77
3017,32.3
3018,35.12
3019,30.69
3020,29.48
3021,29.9
3022,25.95
3023,15.7
3024,15.25
3025,22.4
3026,18.17
3027,26.7
3028,32.01
3029,31.54
3030,33.63
3031,41.95
3032,34.32
3033,41.66
3034,26.39
3035,32.99
3036,17.26
3037,30.94
3038,33.1
3039,21.75
3040,28.8
3041,39.4
3042,34.61
3043,38.01
3044,28.45
3045,26.3
3046,28.73
3047,31.98
3048,44.63
3049,35.47
3050,36.3
3051,35.47
3052,38.84
3053,50.55
3054,65.05
3055,46.16
3056,50.31
3057,44.96
3058,38.25
3059,45.86
3060,40.8
3061,32.19
3062,31.55
3063,34.95
3064,46.61
3065,37.78
3066,52.52
3067,49.19
3068,48.46
3069,39.46
3070,32.4
3071,32.35
3072,32.51
3073,29.34
3074,46.37
3075,38.24
3076,39.28
3077,42.74
3078,56.02
3079,54.54
3080,52.13
3081,47.84
3082,45.33
3083,41.66
3084,41.83
3085,40.51
3086,47.01
3087,34.91
3088,48.49
3089,53.28
3090,52.41
3091,44.39
3092,41.58
3093,37.47
3094,38.71
3095,39.19
3096,28.22
3097,32.53
3098,26.39
3099,30.09
3100,38.61
3101,34.63
3102,47.42
3103,43.74
3104,42.02
3105,38.29
3106,49.19
3107,48.17
3108,35.69
3109,39.28
3110,36.94
3111,33.7
3112,40.18
3113,36.6
3114,43.61
3115,45.53
3116,43.24
3117,34.71
3118,32.02
3119,30.83
3120,36.48
3121,29.46
3122,34.61
3123,40.1
3124,42.36
3125,40.53
3126,46.13
3127,45.15
3128,34.77
3129,39.57
3130,43.74
3131,34.91
3132,34.45
3133,37.46
3134,38.46
3135,33.0
3136,46.7
3137,39.43
3138,41.24
3139,43.5
3140,40.91
3141,38.31
3142,31.45
3143,28.48
3144,31.18
3145,30.07
3146,28.53
3147,27.84
3148,36.6
3149,42.0
3150,44.14
3151,41.03
3152,49.71
3153,48.93
3154,44.44
3155,39.68
3156,44.4
3157,38.15
3158,47.69
3159,37.22
3160,44.66
3161,49.33
3162,49.65
3163,41.23
3164,35.4
3165,33.41
3166,33.94
3167,29.23
3168,34.68
3169,35.51
3170,36.31
3171,37.5
3172,40.06
3173,37.29
3174,41.34
3175,42.75
3176,37.39
3177,44.1
3178,35.07
3179,28.09
3180,26.87
3181,30.9
3182,32.16
3183,29.51
3184,30.44
3185,42.62
3186,41.33
3187,40.26
3188,40.1
3189,31.27
3190,28.81
3191,30.92
3192,38.07
3193,44.7
3194,41.74
3195,41.04
3196,47.18
3197,45.27
3198,58.86
3199,52.96
3200,49.53
3201,71.58
3202,41.29
3203,44.16
3204,36.79
3205,43.11
3206,48.83
3207,50.71
3208,50.74
3209,46.69
3210,47.7
3211,49.17
3212,51.43
3213,45.63
3214,40.47
3215,38.51
3216,50.18
3217,46.23
3218,46.7
3219,44.98
3220,50.32
3221,57.99
3222,56.31
3223,66.62
3224,63.74
3225,66.83
3226,59.02
3227,48.37
3228,48.09
3229,46.91
3230,44.48
3231,48.15
3232,47.93
3233,64.32
3234,64.84
3235,61.62
3236,58.05
3237,54.57
3238,47.82
3239,44.92
3240,39.64
3241,38.0
3242,47.22
3243,43.02
3244,47.87
3245,50.32
3246,53.37
3247,65.17
3248,59.75
3249,70.92
3250,53.21
3251,57.82
3252,35.71
3253,42.25
3254,41.57
3255,42.88
3256,52.59
3257,45.96
3258,64.37
3259,51.37
3260,61.41
3261,46.04
3262,49.61
3263,44.21
3264,33.52
3265,49.41
3266,43.15
3267,45.57
3268,57.8
3269,61.84
3270,62.87
3271,56.26
3272,53.22
3273,57.95
3274,44.12
3275,44.99
3276,33.92
3277,32.16
3278,46.01
3279,39.77
3280,49.23
3281,49.46
3282,69.4
3283,66.46
3284,43.3
3285,54.14
3286,56.34
3287,47.97
3288,50.32
3289,45.26
3290,52.24
3291,46.69
3292,52.13
3293,73.15
3294,77.02
3295,104.76
3296,86.7
3297,75.37
3298,69.79
3299,51.54
3300,51.92
3301,48.81
3302,51.62
3303,49.71
3304,52.91
3305,61.8
3306,60.98
3307,69.87
3308,65.64
3309,50.96
3310,51.29
3311,48.62
3312,38.5
3313,36.08
3314,45.9
3315,38.86
3316,43.91
3317,45.47
3318,47.88
3319,49.28
3320,48.03
3321,41.61
3322,29.25
3323,27.99
3324,31.69
3325,32.41
3326,27.3
3327,32.86
3328,40.39
3329,48.93
3330,51.75
3331,47.95
3332,39.71
3333,45.44
3334,46.19
3335,37.48
3336,32.76
3337,31.69
3338,32.74
3339,33.3
3340,30.57
3341,33.02
3342,40.02
3343,32.76
3344,34.56
3345,23.07
3346,25.88
3347,6.23
3348,19.86
3349,25.33
3350,6.58
3351,0.34
3352,23.76
3353,33.36
3354,42.66
3355,43.71
3356,30.71
3357,36.72
3358,34.6
3359,22.57
3360,35.27
3361,38.57
3362,36.01
3363,47.82
3364,39.78
3365,41.71
3366,49.62
3367,46.44
3368,43.18
3369,39.38
3370,29.07
3371,31.89
3372,26.38
3373,30.36
3374,22.41
3375,40.34
3376,43.64
3377,54.06
3378,54.4
3379,53.44
3380,51.87
3381,46.01
3382,43.4
3383,34.1
3384,48.8
3385,46.66
3386,43.91
3387,45.8
3388,64.45
3389,62.22
3390,70.93
3391,70.09
3392,89.73
3393,65.0
3394,65.35
3395,53.62
3396,56.3
3397,55.94
3398,53.47
3399,53.13
3400,65.99
3401,60.62
3402,97.07
3403,70.73
3404,56.37
3405,45.46
3406,51.17
3407,47.28
3408,32.72
3409,36.18
3410,34.49
3411,39.64
3412,43.03
3413,41.63
3414,47.96
3415,52.2
3416,52.81
3417,46.79
3418,33.22
3419,40.9
3420,33.09
3421,37.59
3422,32.2
3423,36.3
3424,45.38
3425,54.08
3426,58.31
3427,46.9
3428,45.95
3429,44.47
3430,36.05
3431,41.05
3432,35.63
3433,43.75
3434,41.43
3435,40.13
3436,43.66
3437,44.49
3438,58.79
3439,54.42
3440,54.81
3441,61.01
3442,40.16
3443,36.22
3444,34.08
3445,34.56
3446,43.07
3447,40.64
3448,40.02
3449,44.74
3450,50.88
3451,56.31
3452,43.85
3453,42.65
3454,41.41
3455,38.0
3456,35.16
3457,38.66
3458,40.29
3459,37.05
3460,40.85
3461,44.58
3462,54.17
3463,50.47
3464,44.62
3465,43.68
3466,35.49
3467,30.37
3468,-4.9
3469,28.9
3470,30.38
3471,35.47
3472,38.91
3473,39.92
3474,55.18
3475,41.62
3476,46.99
3477,41.25
3478,42.56
3479,36.63
3480,30.17
3481,28.59
3482,29.73
3483,35.24
3484,34.22
3485,44.75
3486,39.27
3487,39.35
3488,50.54
3489,39.95
3490,36.55
3491,38.41
3492,24.5
3493,27.33
3494,26.53
3495,25.62
3496,38.07
3497,39.04
3498,45.06
3499,44.92
3500,44.18
3501,34.39
3502,32.18
3503,35.49
3504,36.24
3505,40.05
3506,44.25
3507,40.02
3508,45.42
3509,52.9
3510,55.38
3511,54.51
3512,40.85
3513,47.93
3514,38.58
3515,30.09
3516,32.74
3517,34.31
3518,23.71
3519,39.05
3520,42.84
3521,50.71
3522,58.33
3523,51.3
3524,45.04
3525,45.53
3526,40.82
3527,35.07
3528,31.02
3529,33.57
3530,22.51
3531,34.72
3532,32.13
3533,32.45
3534,40.34
3535,43.69
3536,45.51
3537,35.63
3538,39.28
3539,31.36
3540,25.27
3541,35.15
3542,37.93
3543,30.0
3544,32.69
3545,40.93
3546,43.16
3547,47.48
3548,41.66
3549,38.83
3550,33.96
3551,25.33
3552,42.05
3553,43.95
3554,41.44
3555,48.78
3556,50.69
3557,54.99
3558,52.95
3559,62.37
3560,46.14
3561,44.15
3562,44.47
3563,39.19
3564,44.91
3565,39.94
3566,40.11
3567,45.99
3568,45.84
3569,50.72
3570,62.85
3571,54.63
3572,54.7
3573,41.42
3574,47.24
3575,45.67
3576,49.44
3577,43.92
3578,43.34
3579,54.24
3580,52.44
3581,57.58
3582,71.12
3583,64.43
3584,54.62
3585,39.79
3586,44.66
3587,30.94
3588,38.22
3589,26.29
3590,29.84
3591,37.64
3592,43.51
3593,59.26
3594,61.05
3595,67.15
3596,53.77
3597,56.91
3598,48.22
3599,46.76
3600,45.6
3601,51.4
3602,49.28
3603,50.6
3604,49.5
3605,53.38
3606,68.94
3607,76.85
3608,75.68
3609,70.05
3610,45.67
3611,56.74
3612,54.38
3613,58.2
3614,51.16
3615,52.83
3616,58.04
3617,76.38
3618,72.04
3619,60.88
3620,49.87
3621,58.41
3622,41.89
3623,46.86
3624,44.11
3625,44.33
3626,43.9
3627,44.19
3628,44.76
3629,57.92
3630,56.87
3631,63.7
3632,44.51
3633,52.74
3634,39.9
3635,43.34
3636,29.24
3637,40.07
3638,38.11
3639,46.82
3640,54.33
3641,65.83
3642,55.25
3643,74.62
3644,60.22
3645,45.39
3646,46.11
3647,49.06
3648,31.37
3649,33.78
3650,26.22
3651,27.78
3652,31.9
3653,40.69
3654,31.65
3655,43.1
3656,44.45
3657,28.19
3658,32.25
3659,33.02
3660,29.34
3661,22.86
3662,28.68
3663,30.06
3664,37.83
3665,31.27
3666,37.38
3667,28.06
3668,36.85
3669,33.67
3670,32.26
3671,29.96
3672,28.53
3673,34.56
3674,32.55
3675,36.0
3676,38.0
3677,37.51
3678,49.76
3679,48.82
3680,39.08
3681,41.19
3682,42.21
3683,32.93
3684,39.8
3685,36.4
3686,17.28
3687,25.19
3688,34.0
3689,36.6
3690,39.6
3691,49.28
3692,42.38
3693,33.92
3694,38.11
3695,29.76
3696,35.11
3697,30.64
3698,36.01
3699,36.71
3700,36.98
3701,42.36
3702,48.81
3703,41.43
3704,51.08
3705,34.05
3706,38.23
3707,23.23
3708,36.28
3709,27.66
3710,27.24
3711,30.88
3712,33.08
3713,41.59
3714,57.8
3715,52.83
3716,42.56
3717,38.91
3718,41.62
3719,36.43
3720,28.28
3721,34.04
3722,31.5
3723,36.74
3724,38.53
3725,41.98
3726,45.97
3727,47.71
3728,37.41
3729,35.46
3730,29.74
3731,30.68
3732,11.62
3733,13.33
3734,17.21
3735,25.2
3736,35.98
3737,37.88
3738,45.91
3739,42.83
3740,48.45
3741,36.59
3742,26.54
3743,33.87
3744,25.48
3745,25.16
3746,20.39
3747,25.42
3748,25.1
3749,24.9
3750,34.37
3751,35.19
3752,34.28
3753,33.26
3754,28.8
3755,10.29
3756,27.38
3757,21.87
3758,-1.07
3759,19.9
3760,21.63
3761,28.57
3762,39.51
3763,36.31
3764,37.91
3765,25.54
3766,22.48
3767,21.03
3768,28.94
3769,33.57
3770,31.01
3771,26.44
3772,37.77
3773,37.87
3774,37.28
3775,61.57
3776,57.17
3777,53.45
3778,53.89
3779,38.88
3780,38.13
3781,41.15
3782,35.6
3783,43.97
3784,45.55
3785,51.85
3786,42.9
3787,45.42
3788,37.26
3789,33.71
3790,28.22
3791,26.48
3792,31.97
3793,30.93
3794,31.37
3795,31.93
3796,39.28
3797,45.4
3798,35.44
3799,47.21
3800,43.23
3801,47.88
3802,33.45
3803,28.55
3804,37.71
3805,34.7
3806,34.17
3807,26.11
3808,35.67
3809,42.21
3810,63.34
3811,44.6
3812,39.72
3813,40.65
3814,34.89
3815,32.6
3816,27.28
3817,16.58
3818,23.75
3819,24.92
3820,29.82
3821,35.0
3822,40.92
3823,44.76
3824,46.0
3825,36.29
3826,35.47
3827,35.69
3828,31.56
3829,32.99
3830,36.29
3831,30.15
3832,34.56
3833,49.94
3834,39.68
3835,34.3
3836,33.03
3837,21.39
3838,23.14
3839,20.8
3840,-8.36
3841,-31.98
3842,12.17
3843,4.26
3844,-45.41
3845,2.69
3846,19.28
3847,25.32
3848,12.4
3849,25.1
3850,8.14
3851,14.48
3852,-54.56
3853,-103.14
3854,-14.28
3855,21.49
3856,-6.28
3857,3.13
3858,11.88
3859,23.56
3860,13.51
3861,19.78
3862,-50.84
3863,4.25
3864,31.34
3865,28.19
3866,24.07
3867,30.28
3868,28.22
3869,31.19
3870,34.55
3871,37.64
3872,34.94
3873,23.7
3874,17.51
3875,-24.7
3876,-54.52
3877,29.02
3878,-0.79
3879,22.49
3880,27.03
3881,35.83
3882,41.57
3883,36.18
3884,29.93
3885,27.26
3886,32.66
3887,35.92
3888,8.36
3889,14.79
3890,24.16
3891,16.05
3892,22.78
3893,30.4
3894,28.78
3895,30.33
3896,26.66
3897,13.89
3898,20.07
3899,16.37
3900,9.2
3901,-45.87
3902,1.63
3903,10.36
3904,14.81
3905,30.04
3906,29.19
3907,32.37
3908,27.03
3909,16.65
3910,16.47
3911,17.09
3912,28.88
3913,31.83
3914,33.4
3915,33.53
3916,33.61
3917,40.34
3918,49.54
3919,40.34
3920,36.61
3921,33.99
3922,23.74
3923,14.77
3924,25.96
3925,2.26
3926,20.55
3927,22.2
3928,20.74
3929,29.94
3930,51.65
3931,37.79
3932,39.58
3933,32.26
3934,38.78
3935,32.55
3936,32.34
3937,26.3
3938,24.18
3939,31.44
3940,35.36
3941,22.69
3942,37.79
3943,30.25
3944,33.04
3945,36.97
3946,32.13
3947,33.69
3948,30.74
3949,14.67
3950,33.13
3951,31.31
3952,33.45
3953,36.16
3954,42.52
3955,31.18
3956,30.04
3957,33.88
3958,27.93
3959,22.56
3960,4.31
3961,15.49
3962,14.09
3963,10.71
3964,18.36
3965,27.5
3966,29.55
3967,20.42
3968,3.23
3969,12.14
3970,11.39
3971,-29.46
3972,-75.15
3973,4.72
3974,-48.07
3975,5.17
3976,15.21
3977,26.79
3978,31.54
3979,27.29
3980,17.56
3981,24.26
3982,-7.61
3983,-10.51
3984,2.72
3985,19.43
3986,13.44
3987,20.15
3988,21.7
3989,27.26
3990,29.36
3991,31.04
3992,24.37
3993,15.63
3994,25.0
3995,-11.71
3996,-66.83
3997,-74.47
3998,-101.35
3999,5.48
4000,-12.38
4001,21.36
4002,34.48
4003,32.39
4004,29.8
4005,22.57
4006,23.52
4007,-1.44
4008,18.71
4009,22.67
4010,25.01
4011,28.48
4012,28.6
4013,31.47
4014,42.05
4015,39.22
4016,30.98
4017,14.17
4018,13.25
4019,-14.46
4020,28.25
4021,12.39
4022,-15.12
4023,8.85
4024,11.67
4025,29.9
4026,36.43
4027,35.73
4028,28.79
4029,33.56
4030,19.39
4031,24.61
4032,37.08
4033,29.38
4034,31.58
4035,38.04
4036,44.19
4037,40.94
4038,45.1
4039,47.83
4040,42.8
4041,37.18
4042,35.7
4043,33.14
4044,25.76
4045,21.77
4046,32.38
4047,35.34
4048,33.08
4049,43.93
4050,42.72
4051,40.6
4052,41.05
4053,38.11
4054,28.59
4055,35.02
4056,37.79
4057,36.24
4058,38.13
4059,42.28
4060,47.72
4061,51.16
4062,52.46
4063,44.94
4064,45.37
4065,46.74
4066,48.25
4067,46.48
4068,42.74
4069,36.71
4070,32.79
4071,50.5
4072,43.3
4073,52.92
4074,47.52
4075,60.1
4076,49.43
4077,42.63
4078,33.41
4079,42.54
4080,36.99
4081,38.75
4082,44.36
4083,39.15
4084,43.08
4085,46.24
4086,54.54
4087,50.48
4088,49.7
4089,38.58
4090,30.28
4091,22.4
4092,27.6
4093,31.28
4094,27.22
4095,35.88
4096,43.79
4097,46.5
4098,62.84
4099,51.36
4100,50.2
4101,42.22
4102,41.27
4103,36.85
4104,36.77
4105,40.47
4106,33.38
4107,37.67
4108,38.66
4109,45.45
4110,55.77
4111,53.32
4112,36.65
4113,39.91
4114,28.48
4115,27.62
4116,21.69
4117,3.58
4118,31.18
4119,26.15
4120,38.22
4121,50.62
4122,44.81
4123,41.33
4124,37.07
4125,38.19
4126,32.15
4127,36.05
4128,41.97
4129,42.8
4130,42.13
4131,46.59
4132,46.97
4133,52.31
4134,58.28
4135,51.33
4136,45.39
4137,46.45
4138,38.8
4139,31.74
4140,26.5
4141,32.21
4142,34.19
4143,35.81
4144,43.32
4145,54.06
4146,54.35
4147,65.62
4148,56.53
4149,48.33
4150,42.79
4151,42.88
4152,33.95
4153,30.08
4154,30.4
4155,32.5
4156,33.05
4157,36.19
4158,37.22
4159,43.48
4160,34.36
4161,31.13
4162,28.32
4163,23.73
4164,24.51
4165,18.93
4166,-15.9
4167,14.1
4168,29.85
4169,38.32
4170,50.38
4171,41.69
4172,33.08
4173,33.56
4174,36.6
4175,32.13
4176,31.23
4177,32.58
4178,34.33
4179,38.66
4180,41.4
4181,43.24
4182,43.95
4183,45.93
4184,54.89
4185,45.65
4186,41.78
4187,31.06
4188,34.81
4189,32.29
4190,45.18
4191,37.68
4192,32.39
4193,47.87
4194,50.31
4195,43.77
4196,42.52
4197,40.69
4198,38.13
4199,34.14
4200,33.12
4201,33.43
4202,40.76
4203,37.03
4204,40.78
4205,47.13
4206,47.79
4207,53.78
4208,50.84
4209,49.12
4210,46.89
4211,44.03
4212,44.28
4213,41.66
4214,36.76
4215,41.33
4216,42.68
4217,50.18
4218,48.77
4219,48.97
4220,44.39
4221,41.2
4222,38.01
4223,40.48
4224,25.12
4225,31.64
4226,36.05
4227,36.19
4228,42.22
4229,42.8
4230,43.44
4231,50.99
4232,44.35
4233,47.45
4234,25.51
4235,31.47
4236,44.26
4237,37.73
4238,26.49
4239,34.09
4240,38.99
4241,35.12
4242,38.14
4243,43.09
4244,44.35
4245,38.07
4246,32.71
4247,37.56
4248,32.62
4249,33.65
4250,41.23
4251,44.7
4252,37.8
4253,38.79
4254,52.36
4255,49.26
4256,52.93
4257,35.69
4258,38.53
4259,40.31
4260,41.85
4261,26.95
4262,27.91
4263,32.61
4264,33.89
4265,49.18
4266,54.4
4267,55.73
4268,44.72
4269,38.36
4270,36.52
4271,33.36
4272,35.31
4273,39.81
4274,37.5
4275,40.31
4276,36.72
4277,44.99
4278,48.15
4279,48.54
4280,48.94
4281,44.36
4282,36.99
4283,38.81
4284,27.46
4285,37.62
4286,34.37
4287,31.63
4288,40.99
4289,53.48
4290,52.26
4291,56.97
4292,41.02
4293,40.41
4294,39.29
4295,38.13
4296,40.58
4297,38.73
4298,42.6
4299,35.57
4300,51.67
4301,56.04
4302,67.54
4303,55.18
4304,41.16
4305,45.0
4306,37.81
4307,36.49
4308,26.3
4309,28.82
4310,20.05
4311,25.79
4312,35.19
4313,48.49
4314,66.28
4315,63.26
4316,52.88
4317,48.7
4318,35.96
4319,41.25
4320,36.7
4321,35.05
4322,31.45
4323,40.28
4324,34.5
4325,38.25
4326,45.89
4327,36.55
4328,55.47
4329,45.54
4330,42.59
4331,41.52
4332,31.89
4333,31.26
4334,32.16
4335,29.57
4336,41.54
4337,43.79
4338,45.28
4339,54.52
4340,41.22
4341,30.82
4342,33.38
4343,35.19
4344,35.82
4345,35.78
4346,38.28
4347,39.59
4348,43.05
4349,36.1
4350,37.39
4351,43.16
4352,38.34
4353,33.13
4354,34.71
4355,33.8
4356,-2.31
4357,9.19
4358,23.97
4359,28.88
4360,35.94
4361,44.37
4362,55.82
4363,50.76
4364,36.14
4365,41.79
4366,36.26
4367,33.44
4368,41.5
4369,39.51
4370,38.54
4371,49.28
4372,48.39
4373,44.55
4374,61.02
4375,44.89
4376,37.64
4377,41.58
4378,40.28
4379,34.54
4380,23.38
4381,29.53
4382,27.91
4383,33.29
4384,41.62
4385,52.89
4386,64.46
4387,55.52
4388,47.42
4389,49.93
4390,40.49
4391,44.4
4392,37.38
4393,40.43
4394,43.32
4395,46.96
4396,44.98
4397,50.57
4398,49.37
4399,52.97
4400,46.79
4401,35.49
4402,34.6
4403,32.55
4404,37.65
4405,29.77
4406,29.84
4407,29.59
4408,35.32
4409,48.44
4410,71.66
4411,49.53
4412,42.73
4413,44.95
4414,38.42
4415,36.47
4416,38.81
4417,45.36
4418,37.17
4419,37.71
4420,49.32
4421,44.14
4422,52.82
4423,53.23
4424,45.94
4425,48.5
4426,36.74
4427,31.28
4428,33.08
4429,22.14
4430,33.37
4431,33.87
4432,40.28
4433,48.35
4434,53.13
4435,44.53
4436,39.17
4437,43.07
4438,36.38
4439,33.09
4440,38.25
4441,42.84
4442,41.02
4443,46.34
4444,43.0
4445,56.31
4446,57.25
4447,49.66
4448,46.41
4449,45.43
4450,34.45
4451,38.58
4452,24.37
4453,27.04
4454,28.77
4455,35.07
4456,45.38
4457,51.17
4458,52.0
4459,52.71
4460,56.25
4461,42.7
4462,44.86
4463,40.49
4464,21.26
4465,25.49
4466,24.41
4467,28.55
4468,28.76
4469,30.45
4470,43.27
4471,37.38
4472,31.5
4473,31.72
4474,27.81
4475,20.22
4476,8.74
4477,14.29
4478,21.14
4479,22.49
4480,33.97
4481,28.64
4482,37.86
4483,36.68
4484,42.58
4485,32.38
4486,32.4
4487,31.68
4488,39.37
4489,39.67
4490,42.72
4491,43.01
4492,46.86
4493,42.82
4494,58.62
4495,50.87
4496,61.21
4497,46.07
4498,38.54
4499,37.73
4500,38.35
4501,48.08
4502,37.33
4503,38.68
4504,38.7
4505,45.22
4506,60.98
4507,55.74
4508,50.36
4509,47.21
4510,46.52
4511,34.6
4512,37.91
4513,40.45
4514,41.91
4515,41.57
4516,41.02
4517,43.41
4518,53.31
4519,39.91
4520,60.76
4521,47.02
4522,44.76
4523,43.92
4524,38.16
4525,38.95
4526,34.95
4527,38.78
4528,45.27
4529,46.82
4530,49.64
4531,54.77
4532,50.55
4533,40.9
4534,44.02
4535,37.56
4536,36.4
4537,37.17
4538,42.53
4539,40.2
4540,43.48
4541,51.9
4542,61.88
4543,45.04
4544,48.05
4545,38.62
4546,47.64
4547,34.44
4548,37.65
4549,28.7
4550,29.71
4551,41.68
4552,38.35
4553,44.33
4554,56.42
4555,56.04
4556,50.05
4557,39.95
4558,41.07
4559,41.79
4560,38.4
4561,48.29
4562,41.29
4563,35.8
4564,41.06
4565,47.5
4566,50.43
4567,52.74
4568,48.51
4569,48.1
4570,41.2
4571,37.86
4572,34.36
4573,25.52
4574,24.52
4575,30.35
4576,40.26
4577,44.49
4578,54.98
4579,47.78
4580,50.82
4581,40.46
4582,37.08
4583,47.61
4584,30.43
4585,37.93
4586,36.55
4587,48.18
4588,40.19
4589,44.24
4590,51.73
4591,66.25
4592,45.93
4593,28.79
4594,31.12
4595,27.27
4596,25.54
4597,29.31
4598,26.1
4599,29.0
4600,36.39
4601,50.64
4602,46.52
4603,51.06
4604,48.58
4605,43.87
4606,35.96
4607,37.23
4608,41.42
4609,36.28
4610,46.21
4611,42.51
4612,44.91
4613,56.08
4614,50.37
4615,48.54
4616,44.29
4617,34.9
4618,30.29
4619,10.48
4620,30.73
4621,26.95
4622,30.06
4623,25.88
4624,45.13
4625,44.56
4626,66.8
4627,57.63
4628,53.63
4629,47.25
4630,39.18
4631,38.48
4632,45.4
4633,50.21
4634,43.49
4635,49.27
4636,53.39
4637,66.19
4638,72.73
4639,60.82
4640,72.45
4641,56.67
4642,55.47
4643,32.99
4644,45.97
4645,52.8
4646,42.33
4647,45.81
4648,57.59
4649,51.5
4650,71.3
4651,74.78
4652,60.54
4653,52.21
4654,52.69
4655,46.99
4656,33.42
4657,35.84
4658,34.46
4659,38.63
4660,39.74
4661,48.02
4662,49.91
4663,39.61
4664,42.87
4665,41.12
4666,33.53
4667,37.4
4668,28.65
4669,34.87
4670,36.92
4671,33.5
4672,36.55
4673,46.08
4674,56.0
4675,48.53
4676,37.49
4677,44.28
4678,40.29
4679,40.27
4680,42.96
4681,42.22
4682,42.19
4683,44.33
4684,45.43
4685,55.11
4686,60.26
4687,57.54
4688,49.59
4689,49.0
4690,36.54
4691,32.14
4692,28.94
4693,33.4
4694,36.85
4695,34.11
4696,49.25
4697,53.23
4698,58.51
4699,66.41
4700,56.34
4701,49.81
4702,45.06
4703,48.37
4704,45.85
4705,45.38
4706,44.63
4707,51.32
4708,52.79
4709,56.0
4710,64.87
4711,58.37
4712,50.8
4713,38.47
4714,43.01
4715,36.05
4716,33.95
4717,40.51
4718,35.42
4719,35.69
4720,43.02
4721,61.4
4722,78.2
4723,62.28
4724,74.99
4725,58.11
4726,53.02
4727,48.84
4728,46.01
4729,49.6
4730,53.06
4731,56.94
4732,57.34
4733,62.63
4734,95.53
4735,69.21
4736,62.59
4737,48.14
4738,38.85
4739,43.06
4740,39.02
4741,46.62
4742,40.7
4743,42.64
4744,46.41
4745,55.1
4746,73.45
4747,68.79
4748,48.91
4749,52.25
4750,55.01
4751,50.71
4752,49.86
4753,49.51
4754,48.75
4755,52.47
4756,59.93
4757,78.4
4758,69.98
4759,71.04
4760,57.62
4761,48.95
4762,47.0
4763,47.0
4764,42.53
4765,47.54
4766,44.9
4767,43.97
4768,44.51
4769,64.73
4770,75.26
4771,70.26
4772,64.26
4773,54.53
4774,47.97
4775,46.66
4776,51.76
4777,43.77
4778,45.29
4779,53.98
4780,53.48
4781,54.65
4782,70.49
4783,75.55
4784,49.52
4785,62.0
4786,36.21
4787,35.47
4788,25.33
4789,25.22
4790,30.49
4791,38.5
4792,40.04
4793,53.86
4794,96.77
4795,86.83
4796,55.47
4797,61.57
4798,43.05
4799,52.09
4800,42.28
4801,46.6
4802,50.64
4803,52.27
4804,53.68
4805,50.33
4806,60.65
4807,68.23
4808,59.19
4809,46.65
4810,36.55
4811,27.9
4812,29.81
4813,22.58
4814,24.79
4815,35.06
4816,38.38
4817,55.41
4818,59.08
4819,69.96
4820,54.78
4821,51.14
4822,47.41
4823,38.91
4824,40.19
4825,46.55
4826,44.46
4827,44.42
4828,49.19
4829,58.41
4830,54.1
4831,50.08
4832,49.29
4833,43.58
4834,51.0
4835,43.47
4836,40.77
4837,43.78
4838,38.81
4839,45.51
4840,46.67
4841,53.18
4842,51.56
4843,58.64
4844,54.73
4845,42.98
4846,48.25
4847,40.01
4848,42.44
4849,40.03
4850,39.46
4851,47.42
4852,43.23
4853,53.98
4854,59.46
4855,48.72
4856,49.28
4857,47.43
4858,40.06
4859,29.8
4860,39.66
4861,39.16
4862,36.12
4863,35.59
4864,45.93
4865,53.07
4866,49.23
4867,55.44
4868,44.13
4869,42.92
4870,43.69
4871,43.43
4872,37.45
4873,38.26
4874,40.94
4875,44.31
4876,44.02
4877,52.98
4878,44.51
4879,51.89
4880,39.7
4881,38.3
4882,35.72
4883,31.39
4884,24.0
4885,19.18
4886,24.8
4887,39.24
4888,34.25
4889,41.69
4890,56.33
4891,56.82
4892,58.45
4893,46.48
4894,48.55
4895,33.64
4896,50.38
4897,40.32
4898,44.04
4899,58.36
4900,46.36
4901,53.04
4902,80.38
4903,54.49
4904,56.55
4905,54.07
4906,46.85
4907,41.18
4908,46.67
4909,36.72
4910,49.04
4911,52.09
4912,52.92
4913,62.12
4914,91.13
4915,83.58
4916,59.71
4917,54.56
4918,48.94
4919,51.65
4920,44.9
4921,49.08
4922,61.27
4923,51.52
4924,59.77
4925,87.09
4926,73.28
4927,63.16
4928,65.1
4929,47.79
4930,55.01
4931,33.27
4932,35.43
4933,34.16
4934,40.21
4935,50.8
4936,51.87
4937,84.22
4938,113.93
4939,75.98
4940,77.82
4941,53.67
4942,62.85
4943,53.44
4944,42.25
4945,41.11
4946,55.01
4947,46.53
4948,49.35
4949,54.99
4950,98.77
4951,77.54
4952,68.03
4953,42.77
4954,41.11
4955,40.16
4956,46.45
4957,40.78
4958,37.12
4959,40.01
4960,44.54
4961,57.42
4962,80.32
4963,63.62
4964,50.69
4965,70.95
4966,42.94
4967,50.64
4968,29.93
4969,16.84
4970,22.32
4971,29.8
4972,35.03
4973,30.42
4974,37.14
4975,39.83
4976,27.13
4977,20.25
4978,9.94
4979,3.55
4980,-106.13
4981,5.1
4982,-8.12
4983,9.27
4984,18.75
4985,30.57
4986,28.37
4987,33.32
4988,35.76
4989,35.5
4990,32.0
4991,28.02
4992,32.67
4993,31.04
4994,23.95
4995,30.69
4996,32.77
4997,37.34
4998,37.22
4999,41.95
5000,39.97
5001,42.81
5002,39.73
5003,-4.45
5004,26.86
5005,17.33
5006,27.53
5007,14.89
5008,21.24
5009,35.6
5010,46.08
5011,36.02
5012,39.09
5013,30.35
5014,36.82
5015,36.2
5016,28.65
5017,34.76
5018,39.31
5019,30.04
5020,45.29
5021,36.27
5022,42.17
5023,49.97
5024,44.7
5025,41.49
5026,40.48
5027,35.6
5028,24.52
5029,25.73
5030,16.54
5031,29.79
5032,36.54
5033,37.87
5034,56.07
5035,44.14
5036,39.04
5037,31.59
5038,30.8
5039,28.91
5040,23.95
5041,28.81
5042,25.4
5043,27.32
5044,33.78
5045,34.67
5046,39.85
5047,36.92
5048,33.7
5049,27.12
5050,18.63
5051,31.52
5052,18.54
5053,12.3
5054,15.1
5055,28.02
5056,27.4
5057,31.96
5058,32.45
5059,39.54
5060,30.46
5061,31.27
5062,21.64
5063,12.69
5064,38.11
5065,33.56
5066,38.46
5067,33.81
5068,36.97
5069,40.97
5070,45.94
5071,56.43
5072,62.9
5073,62.15
5074,52.05
5075,50.48
5076,51.0
5077,45.81
5078,42.0
5079,44.35
5080,51.27
5081,55.31
5082,50.99
5083,50.5
5084,46.55
5085,44.96
5086,37.44
5087,34.25
5088,41.76
5089,42.84
5090,36.22
5091,41.28
5092,39.77
5093,43.33
5094,54.78
5095,52.45
5096,40.46
5097,51.7
5098,43.56
5099,46.77
5100,41.85
5101,34.15
5102,54.9
5103,45.19
5104,44.2
5105,47.66
5106,46.04
5107,47.3
5108,38.54
5109,39.84
5110,35.68
5111,40.88
5112,35.84
5113,43.64
5114,44.1
5115,42.78
5116,45.17
5117,52.49
5118,68.01
5119,58.65
5120,54.81
5121,53.17
5122,50.48
5123,37.51
5124,40.14
5125,35.19
5126,43.31
5127,50.39
5128,50.71
5129,51.13
5130,63.4
5131,55.64
5132,54.15
5133,47.58
5134,43.49
5135,38.31
5136,31.33
5137,28.54
5138,31.5
5139,31.88
5140,35.41
5141,47.72
5142,45.29
5143,43.68
5144,39.84
5145,35.24
5146,30.57
5147,32.34
5148,19.82
5149,32.64
5150,12.91
5151,30.36
5152,38.52
5153,44.42
5154,59.16
5155,40.84
5156,42.15
5157,43.34
5158,30.1
5159,38.08
5160,35.18
5161,36.52
5162,27.61
5163,37.93
5164,39.57
5165,40.43
5166,44.54
5167,46.62
5168,43.04
5169,44.18
5170,31.59
5171,27.4
5172,38.4
5173,27.29
5174,36.55
5175,34.29
5176,36.01
5177,42.2
5178,45.28
5179,49.39
5180,44.24
5181,36.89
5182,38.5
5183,35.15
5184,36.06
5185,36.85
5186,35.04
5187,36.49
5188,36.43
5189,40.47
5190,51.02
5191,47.96
5192,57.44
5193,48.69
5194,46.24
5195,45.0
5196,38.98
5197,35.18
5198,47.14
5199,34.17
5200,45.94
5201,46.58
5202,54.98
5203,51.99
5204,45.26
5205,43.08
5206,34.61
5207,35.78
5208,31.43
5209,37.74
5210,35.78
5211,38.47
5212,39.18
5213,40.63
5214,51.55
5215,46.98
5216,43.35
5217,46.22
5218,33.99
5219,30.6
5220,33.31
5221,23.11
5222,33.84
5223,37.43
5224,34.42
5225,40.72
5226,63.17
5227,52.31
5228,50.79
5229,39.43
5230,42.3
5231,43.7
5232,33.31
5233,38.69
5234,44.46
5235,43.03
5236,39.87
5237,50.67
5238,52.47
5239,49.76
5240,39.88
5241,50.91
5242,47.79
5243,34.47
5244,31.16
5245,38.39
5246,30.48
5247,37.32
5248,50.0
5249,47.27
5250,53.25
5251,62.2
5252,55.72
5253,46.64
5254,45.99
5255,44.52
5256,35.84
5257,34.28
5258,36.77
5259,37.32
5260,40.79
5261,46.06
5262,49.85
5263,47.45
5264,47.57
5265,28.88
5266,35.78
5267,32.89
5268,37.16
5269,33.94
5270,28.72
5271,28.58
5272,30.13
5273,40.5
5274,44.28
5275,47.03
5276,39.95
5277,37.62
5278,34.23
5279,32.63
5280,29.99
5281,39.9
5282,33.06
5283,39.87
5284,42.3
5285,43.99
5286,41.16
5287,39.54
5288,40.23
5289,41.17
5290,33.73
5291,26.64
5292,31.78
5293,29.12
5294,28.58
5295,31.89
5296,44.5
5297,36.45
5298,51.76
5299,50.4
5300,47.07
5301,32.77
5302,38.44
5303,29.23
5304,10.52
5305,-20.71
5306,24.35
5307,11.14
5308,25.12
5309,27.89
5310,25.37
5311,30.58
5312,30.92
5313,34.39
5314,26.48
5315,21.74
5316,20.46
5317,29.36
5318,23.38
5319,23.45
5320,34.0
5321,28.66
5322,32.97
5323,33.99
5324,26.6
5325,21.22
5326,20.28
5327,22.49
5328,-97.02
5329,-16.39
5330,-52.38
5331,-58.98
5332,-5.91
5333,9.39
5334,13.4
5335,22.91
5336,9.32
5337,-21.76
5338,-29.46
5339,-131.36
5340,-72.98
5341,-92.24
5342,-128.73
5343,-117.77
5344,-23.71
5345,20.81
5346,22.25
5347,-11.04
5348,26.0
5349,-68.87
5350,-7.16
5351,-48.8
5352,27.51
5353,26.7
5354,23.56
5355,28.05
5356,28.8
5357,34.11
5358,36.72
5359,38.1
5360,43.07
5361,35.61
5362,41.34
5363,36.23
5364,44.61
5365,28.71
5366,35.29
5367,28.26
5368,29.87
5369,33.26
5370,39.43
5371,37.05
5372,33.85
5373,29.45
5374,29.27
5375,18.45
5376,30.94
5377,27.08
5378,29.86
5379,33.36
5380,29.48
5381,38.76
5382,40.65
5383,43.99
5384,38.58
5385,33.97
5386,39.13
5387,35.02
5388,32.34
5389,34.1
5390,33.11
5391,38.38
5392,31.28
5393,37.8
5394,39.97
5395,41.49
5396,31.69
5397,35.93
5398,32.94
5399,17.68
5400,35.97
5401,32.05
5402,31.15
5403,27.11
5404,34.39
5405,35.49
5406,47.68
5407,38.68
5408,43.89
5409,33.15
5410,37.2
5411,36.01
5412,30.59
5413,29.03
5414,21.09
5415,19.37
5416,28.44
5417,41.81
5418,40.73
5419,38.84
5420,39.1
5421,38.8
5422,26.33
5423,19.01
5424,21.33
5425,25.98
5426,29.92
5427,30.41
5428,25.23
5429,25.78
5430,28.29
5431,28.96
5432,23.91
5433,29.99
5434,32.52
5435,20.12
5436,20.87
5437,23.87
5438,10.46
5439,14.49
5440,35.07
5441,30.74
5442,27.15
5443,30.38
5444,25.37
5445,23.18
5446,23.26
5447,21.87
5448,28.94
5449,29.61
5450,24.41
5451,31.2
5452,27.06
5453,29.13
5454,33.31
5455,33.99
5456,37.4
5457,33.65
5458,23.99
5459,22.97
5460,26.33
5461,25.29
5462,28.06
5463,31.48
5464,26.1
5465,36.08
5466,40.13
5467,37.12
5468,30.28
5469,28.08
5470,30.4
5471,26.57
5472,16.76
5473,1.31
5474,5.35
5475,15.73
5476,26.05
5477,23.31
5478,32.24
5479,31.94
5480,34.38
5481,17.85
5482,23.0
5483,14.47
5484,-9.42
5485,18.44
5486,3.56
5487,17.52
5488,17.48
5489,25.23
5490,30.67
5491,29.49
5492,25.24
5493,22.29
5494,6.3
5495,18.32
5496,-23.59
5497,-40.67
5498,-18.06
5499,-24.11
5500,-39.2
5501,14.09
5502,20.09
5503,18.83
5504,18.2
5505,19.02
5506,-15.82
5507,-3.89
5508,-92.43
5509,-103.22
5510,-78.04
5511,-8.81
5512,12.25
5513,19.41
5514,18.7
5515,21.12
5516,20.53
5517,-44.93
5518,-30.97
5519,-33.71
5520,28.55
5521,26.79
5522,32.26
5523,37.45
5524,38.24
5525,36.39
5526,40.53
5527,44.04
5528,56.7
5529,37.76
5530,46.42
5531,39.81
5532,40.22
5533,34.45
5534,37.06
5535,31.75
5536,36.09
5537,41.37
5538,45.74
5539,43.65
5540,41.24
5541,32.69
5542,28.86
5543,36.71
5544,21.1
5545,-11.19
5546,14.25
5547,15.23
5548,16.0
5549,31.25
5550,30.42
5551,33.66
5552,25.79
5553,-18.06
5554,-22.95
5555,11.95
5556,5.93
5557,-47.99
5558,-65.33
5559,-20.97
5560,4.38
5561,24.59
5562,26.5
5563,28.97
5564,28.87
5565,19.01
5566,20.26
5567,-26.44
5568,35.56
5569,30.12
5570,24.73
5571,28.9
5572,35.24
5573,34.79
5574,40.47
5575,36.21
5576,34.46
5577,41.18
5578,25.57
5579,20.85
5580,-17.32
5581,23.21
5582,23.52
5583,24.98
5584,32.01
5585,43.91
5586,49.07
5587,45.51
5588,39.45
5589,32.36
5590,39.67
5591,26.55
5592,31.92
5593,30.66
5594,42.2
5595,38.64
5596,38.65
5597,42.24
5598,57.1
5599,73.12
5600,50.36
5601,51.69
5602,77.1
5603,59.61
5604,50.95
5605,48.11
5606,49.29
5607,47.65
5608,52.86
5609,52.34
5610,45.93
5611,48.66
5612,48.46
5613,42.24
5614,31.77
5615,37.1
5616,36.39
5617,41.4
5618,35.25
5619,35.39
5620,40.13
5621,44.47
5622,54.74
5623,47.12
5624,44.69
5625,40.55
5626,37.38
5627,38.76
5628,27.19
5629,28.07
5630,28.1
5631,35.53
5632,40.69
5633,50.08
5634,50.38
5635,53.41
5636,48.25
5637,41.01
5638,38.32
5639,35.42
5640,33.29
5641,30.74
5642,36.61
5643,39.74
5644,40.55
5645,40.57
5646,53.56
5647,48.96
5648,41.91
5649,37.87
5650,37.62
5651,47.3
5652,42.61
5653,41.29
5654,29.86
5655,24.24
5656,38.08
5657,40.91
5658,47.55
5659,42.13
5660,45.05
5661,37.66
5662,33.97
5663,37.27
5664,29.54
5665,25.8
5666,29.13
5667,29.77
5668,27.84
5669,30.23
5670,39.6
5671,39.43
5672,55.34
5673,32.36
5674,39.83
5675,23.16
5676,35.82
5677,31.67
5678,36.44
5679,36.09
5680,41.11
5681,49.86
5682,43.77
5683,45.0
5684,39.26
5685,33.46
5686,27.29
5687,30.45
5688,39.02
5689,39.73
5690,39.83
5691,43.49
5692,39.38
5693,53.23
5694,55.16
5695,55.55
5696,110.47
5697,64.11
5698,47.31
5699,54.0
5700,57.53
5701,49.45
5702,53.33
5703,51.84
5704,60.04
5705,44.22
5706,67.03
5707,52.61
5708,53.33
5709,44.55
5710,43.31
5711,43.67
5712,33.98
5713,44.81
5714,36.74
5715,36.47
5716,41.6
5717,39.14
5718,57.36
5719,59.25
5720,46.46
5721,60.5
5722,47.99
5723,44.55
5724,40.72
5725,25.73
5726,41.0
5727,37.02
5728,36.5
5729,53.39
5730,54.6
5731,44.24
5732,47.99
5733,44.58
5734,37.59
5735,33.89
5736,23.98
5737,25.41
5738,21.7
5739,24.72
5740,37.68
5741,29.13
5742,41.4
5743,34.39
5744,46.57
5745,36.01
5746,36.84
5747,31.59
5748,36.4
5749,35.4
5750,32.42
5751,36.15
5752,26.53
5753,33.08
5754,34.96
5755,44.6
5756,38.08
5757,31.71
5758,20.7
5759,26.21
5760,27.53
5761,27.8
5762,28.84
5763,24.04
5764,29.69
5765,33.92
5766,37.68
5767,44.79
5768,43.79
5769,40.65
5770,39.71
5771,36.1
5772,32.6
5773,34.17
5774,29.12
5775,33.33
5776,31.75
5777,40.53
5778,38.97
5779,36.16
5780,30.25
5781,28.39
5782,28.72
5783,28.07
5784,24.83
5785,26.58
5786,17.39
5787,20.45
5788,24.55
5789,31.47
5790,31.89
5791,39.45
5792,30.95
5793,29.85
5794,32.7
5795,-71.86
5796,4.64
5797,20.29
5798,22.35
5799,22.45
5800,21.47
5801,32.05
5802,35.05
5803,36.25
5804,28.78
5805,23.19
5806,29.07
5807,25.67
5808,18.98
5809,18.42
5810,19.9
5811,14.88
5812,25.34
5813,32.42
5814,46.31
5815,30.68
5816,37.02
5817,25.06
5818,-7.98
5819,8.92
5820,8.29
5821,-0.52
5822,-60.93
5823,16.24
5824,17.7
5825,30.75
5826,32.23
5827,35.64
5828,22.57
5829,26.03
5830,27.15
5831,13.76
5832,20.34
5833,25.19
5834,26.33
5835,22.94
5836,31.16
5837,27.92
5838,37.11
5839,34.34
5840,37.6
5841,36.91
5842,35.06
5843,42.76
5844,32.19
5845,23.01
5846,21.65
5847,29.93
5848,28.71
5849,29.38
5850,30.27
5851,36.59
5852,33.33
5853,24.76
5854,29.05
5855,19.81
5856,-10.14
5857,2.52
5858,14.12
5859,15.4
5860,17.38
5861,27.58
5862,29.66
5863,33.1
5864,24.34
5865,30.32
5866,21.33
5867,19.95
5868,16.7
5869,16.23
5870,24.2
5871,17.59
5872,23.94
5873,33.35
5874,28.83
5875,34.38
5876,22.17
5877,29.77
5878,17.59
5879,22.7
5880,13.3
5881,20.53
5882,27.08
5883,24.98
5884,28.97
5885,38.96
5886,36.3
5887,36.27
5888,36.81
5889,34.05
5890,21.02
5891,22.09
5892,30.55
5893,22.9
5894,29.44
5895,26.76
5896,32.48
5897,37.53
5898,40.38
5899,34.01
5900,32.51
5901,31.24
5902,24.43
5903,23.92
5904,8.31
5905,6.95
5906,22.87
5907,16.2
5908,22.72
5909,29.76
5910,29.14
5911,29.88
5912,23.47
5913,14.98
5914,11.55
5915,6.08
5916,-74.81
5917,23.88
5918,13.02
5919,-42.96
5920,16.22
5921,15.47
5922,30.76
5923,27.18
5924,26.88
5925,14.4
5926,13.79
5927,17.46
5928,3.5
5929,6.98
5930,-0.06
5931,5.22
5932,14.28
5933,24.42
5934,20.72
5935,24.69
5936,20.64
5937,23.39
5938,10.6
5939,-79.2
5940,-16.76
5941,-78.99
5942,-77.4
5943,-30.51
5944,9.94
5945,14.5
5946,24.42
5947,28.34
5948,29.77
5949,17.23
5950,18.44
5951,12.36
5952,-59.88
5953,-78.0
5954,-24.98
5955,-86.63
5956,-44.69
5957,6.5
5958,24.45
5959,26.82
5960,18.24
5961,27.42
5962,24.64
5963,-5.48
5964,4.21
5965,-18.06
5966,-41.58
5967,15.63
5968,-38.66
5969,21.75
5970,20.35
5971,14.42
5972,8.55
5973,-22.82
5974,-32.6
5975,-60.79
5976,-113.31
5977,-127.7
5978,-124.68
5979,-111.21
5980,-82.34
5981,-68.34
5982,-33.89
5983,-9.76
5984,-73.87
5985,-107.87
5986,-117.08
5987,-124.54
5988,-141.66
5989,-134.6
5990,-133.22
5991,-122.69
5992,-79.31
5993,-58.9
5994,6.33
5995,-8.73
5996,-108.97
5997,-112.17
5998,-70.21
5999,-120.22
6000,-81.86
6001,-87.67
6002,-113.97
6003,-56.08
6004,-48.52
6005,-14.31
6006,-2.84
6007,-13.99
6008,12.66
6009,12.3
6010,-67.76
6011,-120.54
6012,-112.15
6013,-123.64
6014,-88.06
6015,-39.72
6016,-30.4
6017,6.19
6018,-14.16
6019,16.18
6020,-15.2
6021,-107.05
6022,-75.56
6023,-71.91
6024,-52.15
6025,18.23
6026,-4.52
6027,12.07
6028,6.59
6029,24.64
6030,28.7
6031,25.32
6032,27.92
6033,20.27
6034,24.89
6035,-69.15
6036,21.43
6037,27.88
6038,14.52
6039,-0.62
6040,15.97
6041,25.98
6042,22.3
6043,24.31
6044,18.24
6045,-10.23
6046,11.35
6047,2.01
6048,17.51
6049,28.18
6050,32.65
6051,20.47
6052,27.54
6053,29.44
6054,37.74
6055,37.3
6056,31.77
6057,41.0
6058,37.95
6059,21.88
6060,26.95
6061,16.81
6062,28.03
6063,32.26
6064,31.39
6065,39.92
6066,36.47
6067,44.43
6068,32.88
6069,31.27
6070,31.45
6071,32.08
6072,34.31
6073,27.75
6074,33.25
6075,28.39
6076,36.52
6077,55.01
6078,42.79
6079,46.03
6080,38.49
6081,36.78
6082,37.24
6083,27.66
6084,7.42
6085,20.86
6086,25.79
6087,29.49
6088,23.76
6089,39.28
6090,45.62
6091,36.43
6092,36.7
6093,36.12
6094,34.67
6095,34.85
6096,19.39
6097,20.03
6098,12.3
6099,24.15
6100,24.96
6101,27.51
6102,29.6
6103,30.86
6104,31.83
6105,31.41
6106,23.28
6107,11.91
6108,23.89
6109,-53.36
6110,10.83
6111,20.59
6112,13.62
6113,32.09
6114,29.8
6115,28.13
6116,21.2
6117,27.47
6118,15.49
6119,17.58
6120,19.48
6121,26.53
6122,28.75
6123,22.34
6124,24.04
6125,37.4
6126,32.07
6127,37.77
6128,33.39
6129,33.48
6130,42.11
6131,27.15
6132,16.82
6133,27.17
6134,27.28
6135,32.67
6136,35.9
6137,37.4
6138,32.55
6139,32.78
6140,31.25
6141,36.34
6142,33.6
6143,28.94
6144,-8.31
6145,-76.87
6146,-23.2
6147,8.86
6148,16.46
6149,27.41
6150,23.0
6151,29.67
6152,26.01
6153,35.08
6154,24.14
6155,24.7
6156,-53.59
6157,-45.43
6158,-56.95
6159,7.43
6160,24.53
6161,22.19
6162,26.69
6163,27.84
6164,25.92
6165,2.18
6166,-4.83
6167,0.06
6168,8.31
6169,-34.86
6170,-30.18
6171,-10.91
6172,-16.02
6173,23.38
6174,15.38
6175,27.51
6176,31.54
6177,25.01
6178,21.52
6179,26.19
6180,24.12
6181,29.5
6182,16.23
6183,19.51
6184,25.41
6185,31.62
6186,26.89
6187,23.59
6188,24.55
6189,-38.64
6190,6.46
6191,-20.8
6192,13.78
6193,26.58
6194,30.39
6195,21.34
6196,24.89
6197,30.89
6198,30.09
6199,37.21
6200,36.21
6201,36.77
6202,40.0
6203,26.92
6204,28.2
6205,26.56
6206,19.52
6207,31.07
6208,31.75
6209,30.34
6210,32.19
6211,32.02
6212,27.54
6213,25.29
6214,18.0
6215,19.38
6216,-38.73
6217,19.9
6218,-17.8
6219,18.17
6220,13.18
6221,24.53
6222,22.24
6223,30.72
6224,26.27
6225,31.91
6226,25.72
6227,27.54
6228,26.36
6229,22.12
6230,14.82
6231,18.83
6232,24.18
6233,17.37
6234,26.55
6235,27.0
6236,11.68
6237,4.35
6238,-47.93
6239,-34.34
6240,-1.77
6241,11.47
6242,14.79
6243,5.39
6244,13.74
6245,23.29
6246,21.19
6247,27.73
6248,29.94
6249,25.92
6250,22.47
6251,10.64
6252,11.77
6253,23.54
6254,20.66
6255,23.31
6256,11.94
6257,22.88
6258,28.52
6259,28.07
6260,16.82
6261,5.39
6262,10.79
6263,12.66
6264,-75.86
6265,-36.64
6266,-63.22
6267,-17.32
6268,-21.71
6269,20.97
6270,14.3
6271,19.78
6272,24.12
6273,15.64
6274,21.22
6275,19.17
6276,6.9
6277,3.88
6278,-3.61
6279,-16.14
6280,20.08
6281,18.77
6282,5.97
6283,17.36
6284,6.5
6285,-31.42
6286,-93.6
6287,-78.25
6288,-8.92
6289,12.82
6290,5.65
6291,5.35
6292,25.69
6293,15.42
6294,14.17
6295,24.32
6296,31.71
6297,21.58
6298,27.92
6299,23.06
6300,28.38
6301,21.65
6302,16.05
6303,12.6
6304,21.51
6305,23.71
6306,21.05
6307,25.22
6308,8.5
6309,13.58
6310,1.92
6311,-17.82
6312,7.88
6313,9.49
6314,10.32
6315,13.15
6316,16.54
6317,26.99
6318,25.34
6319,29.35
6320,33.03
6321,33.32
6322,36.13
6323,30.32
6324,27.08
6325,30.85
6326,21.68
6327,31.35
6328,26.22
6329,30.29
6330,27.61
6331,31.85
6332,28.57
6333,5.16
6334,17.91
6335,7.4
6336,-48.95
6337,11.62
6338,2.45
6339,-5.59
6340,5.45
6341,13.03
6342,23.7
6343,26.17
6344,27.5
6345,26.63
6346,22.43
6347,16.26
6348,17.89
6349,4.22
6350,8.85
6351,9.68
6352,18.89
6353,27.05
6354,25.66
6355,18.71
6356,26.74
6357,6.21
6358,7.92
6359,8.17
6360,29.23
6361,33.75
6362,29.45
6363,35.23
6364,31.86
6365,38.78
6366,45.51
6367,40.6
6368,38.05
6369,37.61
6370,38.26
6371,33.64
6372,24.2
6373,21.74
6374,34.87
6375,28.76
6376,32.27
6377,41.3
6378,47.65
6379,42.09
6380,44.44
6381,40.08
6382,33.98
6383,33.49
6384,41.8
6385,41.43
6386,39.96
6387,50.41
6388,54.05
6389,50.52
6390,67.96
6391,50.44
6392,45.86
6393,35.54
6394,46.03
6395,38.21
6396,33.7
6397,35.87
6398,34.83
6399,44.6
6400,34.72
6401,55.19
6402,54.39
6403,59.25
6404,49.54
6405,51.1
6406,46.16
6407,47.26
6408,28.85
6409,28.74
6410,35.93
6411,36.07
6412,41.53
6413,39.53
6414,57.89
6415,51.61
6416,59.85
6417,48.04
6418,43.45
6419,47.13
6420,36.91
6421,25.87
6422,31.96
6423,26.64
6424,39.01
6425,35.12
6426,48.32
6427,41.5
6428,39.48
6429,35.39
6430,36.38
6431,35.78
6432,31.49
6433,26.63
6434,33.07
6435,32.69
6436,31.28
6437,32.61
6438,37.14
6439,40.19
6440,35.07
6441,36.85
6442,26.04
6443,11.12
6444,21.85
6445,19.01
6446,24.97
6447,17.49
6448,32.07
6449,32.85
6450,46.63
6451,37.55
6452,41.92
6453,30.43
6454,29.49
6455,24.98
6456,11.57
6457,22.13
6458,21.76
6459,27.02
6460,31.32
6461,30.92
6462,28.65
6463,35.81
6464,33.24
6465,27.22
6466,34.85
6467,26.36
6468,18.98
6469,-38.2
6470,20.26
6471,29.18
6472,25.58
6473,31.66
6474,40.54
6475,31.45
6476,34.32
6477,19.29
6478,27.03
6479,15.64
6480,-119.46
6481,-46.44
6482,-98.78
6483,-66.2
6484,-1.99
6485,-57.84
6486,-4.3
6487,8.95
6488,16.02
6489,-4.44
6490,14.96
6491,9.95
6492,9.57
6493,-7.71
6494,-56.44
6495,-81.44
6496,-23.44
6497,-21.12
6498,8.98
6499,-9.01
6500,4.96
6501,-52.78
6502,-42.63
6503,-79.88
6504,26.89
6505,23.89
6506,34.06
6507,24.48
6508,27.52
6509,33.95
6510,37.44
6511,34.13
6512,38.82
6513,38.63
6514,38.54
6515,42.31
6516,23.31
6517,34.9
6518,25.19
6519,30.55
6520,29.04
6521,34.32
6522,34.12
6523,42.33
6524,37.02
6525,21.79
6526,30.23
6527,25.23
6528,-23.19
6529,16.5
6530,15.68
6531,26.88
6532,24.09
6533,25.7
6534,28.6
6535,28.22
6536,37.13
6537,24.37
6538,27.7
6539,10.93
6540,25.55
6541,11.96
6542,20.49
6543,13.61
6544,25.52
6545,25.98
6546,29.84
6547,27.86
6548,25.5
6549,29.95
6550,26.84
6551,17.57
6552,-33.44
6553,-1.95
6554,16.57
6555,8.25
6556,13.98
6557,3.07
6558,25.86
6559,26.89
6560,27.25
6561,30.8
6562,16.53
6563,24.73
6564,8.72
6565,24.77
6566,27.24
6567,16.91
6568,16.46
6569,23.76
6570,28.12
6571,25.36
6572,24.07
6573,19.82
6574,16.38
6575,-105.2
6576,15.72
6577,2.8
6578,-1.42
6579,19.01
6580,23.78
6581,28.77
6582,28.73
6583,28.3
6584,26.98
6585,26.96
6586,23.69
6587,27.4
6588,27.54
6589,1.02
6590,18.54
6591,18.33
6592,18.72
6593,27.26
6594,29.04
6595,29.55
6596,26.88
6597,23.99
6598,17.88
6599,15.8
6600,27.07
6601,18.25
6602,25.75
6603,28.97
6604,25.54
6605,29.72
6606,33.18
6607,36.02
6608,32.2
6609,41.65
6610,28.26
6611,27.74
6612,30.49
6613,13.52
6614,19.39
6615,25.23
6616,30.55
6617,28.05
6618,37.21
6619,38.27
6620,26.0
6621,24.49
6622,31.11
6623,17.99
6624,2.31
6625,20.44
6626,-23.62
6627,20.09
6628,12.22
6629,27.43
6630,27.41
6631,33.36
6632,37.72
6633,31.18
6634,28.04
6635,30.01
6636,21.36
6637,23.8
6638,23.06
6639,30.97
6640,29.82
6641,23.32
6642,20.65
6643,32.51
6644,15.96
6645,23.07
6646,19.72
6647,13.65
6648,22.56
6649,24.04
6650,22.99
6651,22.64
6652,25.42
6653,25.14
6654,34.51
6655,36.81
6656,31.42
6657,33.27
6658,24.6
6659,31.63
6660,17.46
6661,17.39
6662,25.72
6663,30.44
6664,26.04
6665,28.9
6666,32.14
6667,30.36
6668,26.45
6669,26.88
6670,23.21
6671,22.58
6672,19.81
6673,23.55
6674,21.02
6675,20.79
6676,22.27
6677,27.75
6678,27.53
6679,30.74
6680,33.52
6681,33.14
6682,23.09
6683,22.96
6684,21.15
6685,15.58
6686,-8.99
6687,24.75
6688,26.52
6689,17.52
6690,31.87
6691,29.17
6692,24.24
6693,24.6
6694,21.48
6695,11.63
6696,12.76
6697,20.05
6698,11.98
6699,22.12
6700,19.02
6701,27.15
6702,25.64
6703,25.23
6704,17.44
6705,22.75
6706,1.57
6707,-62.48
6708,-62.19
6709,4.71
6710,-58.05
6711,13.49
6712,-10.4
6713,24.06
6714,28.38
6715,25.18
6716,24.75
6717,19.5
6718,21.03
6719,14.38
6720,2.7
6721,11.68
6722,14.66
6723,16.99
6724,21.66
6725,27.03
6726,29.39
6727,30.98
6728,28.45
6729,25.27
6730,23.54
6731,-38.15
6732,-34.92
6733,-47.94
6734,4.54
6735,-63.23
6736,7.49
6737,25.21
6738,29.37
6739,17.01
6740,19.3
6741,25.4
6742,11.62
6743,19.07
6744,29.83
6745,29.48
6746,29.56
6747,36.97
6748,28.22
6749,39.03
6750,38.51
6751,42.11
6752,48.25
6753,37.91
6754,30.21
6755,28.71
6756,27.1
6757,32.47
6758,30.61
6759,29.48
6760,33.21
6761,48.54
6762,42.04
6763,49.43
6764,44.97
6765,38.88
6766,31.67
6767,27.16
6768,24.82
6769,33.34
6770,28.94
6771,31.95
6772,34.14
6773,33.5
6774,41.71
6775,47.98
6776,39.06
6777,33.45
6778,38.44
6779,38.42
6780,31.27
6781,26.37
6782,27.42
6783,28.23
6784,32.11
6785,39.32
6786,52.46
6787,44.6
6788,38.66
6789,35.42
6790,29.29
6791,30.41
6792,32.26
6793,20.95
6794,24.53
6795,33.52
6796,26.06
6797,35.18
6798,38.26
6799,39.67
6800,40.33
6801,32.16
6802,26.66
6803,28.09
6804,27.63
6805,17.81
6806,18.42
6807,30.09
6808,30.85
6809,37.34
6810,34.32
6811,43.9
6812,32.86
6813,29.34
6814,23.65
6815,25.92
6816,21.81
6817,34.91
6818,26.16
6819,34.71
6820,35.17
6821,36.76
6822,42.04
6823,45.26
6824,52.9
6825,36.1
6826,31.11
6827,31.6
6828,28.98
6829,19.93
6830,30.8
6831,32.21
6832,34.27
6833,35.32
6834,38.7
6835,39.76
6836,38.07
6837,32.15
6838,37.09
6839,28.49
6840,29.45
6841,27.14
6842,26.75
6843,28.01
6844,30.53
6845,38.7
6846,40.12
6847,38.49
6848,34.95
6849,36.71
6850,27.55
6851,29.32
6852,23.0
6853,27.94
6854,31.82
6855,26.89
6856,33.07
6857,36.22
6858,46.99
6859,43.62
6860,35.49
6861,35.24
6862,28.31
6863,18.39
6864,18.86
6865,26.48
6866,25.93
6867,27.96
6868,26.95
6869,39.45
6870,38.28
6871,39.63
6872,38.8
6873,44.3
6874,26.13
6875,27.44
6876,29.98
6877,29.05
6878,18.87
6879,20.55
6880,26.44
6881,32.52
6882,44.66
6883,32.72
6884,42.34
6885,28.79
6886,27.31
6887,23.86
6888,39.32
6889,30.47
6890,36.39
6891,32.59
6892,40.5
6893,44.23
6894,48.5
6895,54.33
6896,44.01
6897,51.53
6898,54.19
6899,45.84
6900,57.53
6901,33.24
6902,39.46
6903,48.54
6904,37.23
6905,44.3
6906,45.98
6907,46.25
6908,46.56
6909,41.88
6910,34.81
6911,37.69
6912,44.34
6913,42.43
6914,42.88
6915,57.08
6916,52.13
6917,66.31
6918,76.16
6919,79.38
6920,73.63
6921,71.5
6922,58.94
6923,49.37
6924,51.06
6925,60.1
6926,52.08
6927,60.82
6928,49.95
6929,63.1
6930,85.48
6931,68.81
6932,53.6
6933,55.75
6934,46.61
6935,41.61
6936,42.22
6937,48.31
6938,54.79
6939,67.45
6940,68.61
6941,75.44
6942,101.09
6943,79.61
6944,64.38
6945,81.46
6946,59.78
6947,58.09
6948,53.67
6949,40.7
6950,52.61
6951,45.97
6952,53.13
6953,69.15
6954,109.72
6955,87.92
6956,68.37
6957,62.76
6958,50.55
6959,53.17
6960,37.2
6961,31.09
6962,44.26
6963,33.55
6964,38.15
6965,39.09
6966,47.12
6967,55.55
6968,50.44
6969,56.52
6970,51.68
6971,51.31
6972,37.7
6973,45.37
6974,50.79
6975,44.8
6976,51.85
6977,45.96
6978,60.48
6979,53.9
6980,40.54
6981,38.2
6982,37.61
6983,33.49
6984,43.99
6985,51.01
6986,59.13
6987,48.44
6988,64.56
6989,59.11
6990,68.73
6991,66.71
6992,85.35
6993,69.05
6994,50.05
6995,42.54
6996,36.21
6997,39.4
6998,44.08
6999,50.12
7000,49.47
7001,61.79
7002,74.19
7003,97.03
7004,60.68
7005,58.37
7006,46.75
7007,46.99
7008,40.91
7009,35.75
7010,43.51
7011,46.82
7012,44.75
7013,50.91
7014,56.08
7015,56.06
7016,66.1
7017,70.29
7018,58.6
7019,50.1
7020,46.66
7021,39.6
7022,44.97
7023,56.11
7024,54.99
7025,78.07
7026,57.43
7027,49.52
7028,44.07
7029,44.77
7030,42.09
7031,42.4
7032,31.65
7033,34.7
7034,35.9
7035,40.85
7036,39.24
7037,43.98
7038,60.69
7039,47.76
7040,46.18
7041,48.94
7042,45.12
7043,44.05
7044,43.37
7045,45.06
7046,42.78
7047,48.62
7048,46.21
7049,52.67
7050,43.25
7051,58.2
7052,53.31
7053,35.65
7054,37.86
7055,37.82
7056,41.09
7057,45.05
7058,35.07
7059,51.52
7060,46.2
7061,62.1
7062,48.21
7063,78.06
7064,60.8
7065,89.12
7066,67.35
7067,46.77
7068,53.35
7069,35.52
7070,45.25
7071,51.6
7072,52.42
7073,60.38
7074,60.6
7075,75.96
7076,62.41
7077,53.44
7078,41.75
7079,40.5
7080,42.69
7081,38.33
7082,48.62
7083,39.45
7084,49.34
7085,49.32
7086,51.07
7087,58.78
7088,65.62
7089,54.63
7090,48.53
7091,40.45
7092,35.48
7093,40.59
7094,32.04
7095,38.7
7096,48.16
7097,50.56
7098,54.84
7099,67.92
7100,56.41
7101,47.31
7102,41.05
7103,39.27
7104,38.41
7105,35.32
7106,29.98
7107,37.63
7108,36.3
7109,36.29
7110,42.89
7111,57.85
7112,47.64
7113,47.33
7114,30.93
7115,29.17
7116,39.65
7117,32.28
7118,38.57
7119,35.29
7120,41.92
7121,44.7
7122,45.38
7123,47.26
7124,40.54
7125,34.35
7126,36.81
7127,35.09
7128,34.97
7129,35.79
7130,38.54
7131,33.35
7132,39.55
7133,47.55
7134,49.72
7135,47.23
7136,44.12
7137,46.37
7138,49.5
7139,35.2
7140,34.09
7141,33.61
7142,36.76
7143,35.51
7144,40.85
7145,44.34
7146,45.88
7147,55.15
7148,49.54
7149,43.35
7150,34.36
7151,38.69
7152,32.76
7153,34.52
7154,30.15
7155,32.03
7156,30.7
7157,37.12
7158,35.82
7159,44.17
7160,41.7
7161,37.65
7162,48.88
7163,42.2
7164,32.67
7165,23.31
7166,28.57
7167,24.04
7168,36.62
7169,33.49
7170,45.47
7171,42.72
7172,36.35
7173,33.48
7174,31.23
7175,31.49
7176,14.34
7177,13.75
7178,30.54
7179,28.63
7180,30.76
7181,29.09
7182,30.61
7183,39.77
7184,32.72
7185,31.47
7186,34.33
7187,25.62
7188,16.79
7189,20.76
7190,24.99
7191,21.48
7192,30.44
7193,34.85
7194,32.1
7195,33.98
7196,35.2
7197,28.83
7198,18.59
7199,26.26
7200,32.68
7201,43.85
7202,34.36
7203,35.58
7204,43.16
7205,43.75
7206,42.62
7207,50.3
7208,44.02
7209,38.69
7210,39.77
7211,35.36
7212,34.26
7213,27.09
7214,32.11
7215,36.19
7216,38.42
7217,47.79
7218,58.56
7219,55.98
7220,39.74
7221,49.53
7222,32.13
7223,31.99
7224,30.14
7225,28.39
7226,27.99
7227,28.93
7228,37.15
7229,30.83
7230,52.31
7231,44.21
7232,43.67
7233,38.08
7234,46.02
7235,28.73
7236,29.42
7237,29.84
7238,32.12
7239,39.24
7240,31.03
7241,36.61
7242,44.7
7243,42.53
7244,37.69
7245,36.24
7246,34.36
7247,31.41
7248,25.79
7249,31.18
7250,19.91
7251,24.46
7252,32.35
7253,38.99
7254,36.27
7255,40.43
7256,46.9
7257,37.42
7258,31.84
7259,36.08
7260,25.38
7261,28.66
7262,26.26
7263,27.41
7264,29.64
7265,40.05
7266,44.61
7267,44.32
7268,39.49
7269,29.7
7270,28.09
7271,27.23
7272,32.84
7273,29.87
7274,33.54
7275,31.92
7276,36.62
7277,34.67
7278,40.39
7279,58.53
7280,40.45
7281,32.4
7282,40.78
7283,35.94
7284,32.58
7285,34.47
7286,27.76
7287,32.32
7288,37.0
7289,39.57
7290,54.67
7291,43.76
7292,35.08
7293,34.19
7294,28.96
7295,31.13
7296,50.6
7297,50.59
7298,44.56
7299,53.62
7300,59.48
7301,61.06
7302,66.28
7303,72.9
7304,84.12
7305,81.46
7306,53.88
7307,48.1
7308,53.34
7309,53.65
7310,49.88
7311,49.26
7312,48.77
7313,69.53
7314,82.91
7315,80.73
7316,66.77
7317,47.33
7318,50.5
7319,51.92
7320,45.67
7321,50.22
7322,39.35
7323,45.9
7324,56.07
7325,61.65
7326,56.82
7327,63.57
7328,66.17
7329,127.31
7330,51.69
7331,52.03
7332,50.59
7333,46.27
7334,54.87
7335,44.03
7336,51.59
7337,92.73
7338,61.63
7339,70.92
7340,49.14
7341,46.58
7342,52.11
7343,45.03
7344,41.55
7345,42.37
7346,33.13
7347,48.78
7348,55.3
7349,46.35
7350,51.95
7351,57.7
7352,73.43
7353,55.73
7354,58.51
7355,52.55
7356,50.36
7357,49.22
7358,44.28
7359,50.63
7360,50.68
7361,46.12
7362,67.52
7363,61.64
7364,52.25
7365,38.77
7366,41.46
7367,44.58
7368,41.84
7369,43.86
7370,44.63
7371,39.67
7372,50.03
7373,52.16
7374,64.07
7375,43.66
7376,72.54
7377,59.99
7378,45.02
7379,43.87
7380,47.57
7381,33.4
7382,43.43
7383,35.64
7384,50.36
7385,64.14
7386,67.13
7387,69.84
7388,71.77
7389,40.85
7390,48.96
7391,43.2
7392,54.14
7393,50.08
7394,51.13
7395,50.73
7396,68.59
7397,64.74
7398,129.25
7399,50.95
7400,55.08
7401,50.38
7402,55.47
7403,41.51
7404,42.79
7405,37.33
7406,43.41
7407,49.89
7408,45.94
7409,58.9
7410,113.54
7411,77.79
7412,79.47
7413,54.83
7414,52.04
7415,55.98
7416,50.58
7417,48.35
7418,51.38
7419,54.11
7420,50.76
7421,67.8
7422,102.63
7423,103.17
7424,73.07
7425,62.01
7426,50.53
7427,53.35
7428,47.49
7429,42.66
7430,51.68
7431,45.68
7432,56.83
7433,76.37
7434,98.74
7435,95.75
7436,70.1
7437,64.29
7438,54.11
7439,44.57
7440,45.43
7441,45.82
7442,48.95
7443,49.18
7444,58.44
7445,57.26
7446,106.65
7447,79.74
7448,110.26
7449,78.23
7450,76.0
7451,69.62
7452,59.89
7453,61.87
7454,49.55
7455,59.92
7456,52.4
7457,77.25
7458,93.2
7459,67.01
7460,66.7
7461,42.16
7462,55.11
7463,41.2
7464,46.18
7465,56.61
7466,46.05
7467,50.29
7468,79.85
7469,76.16
7470,95.46
7471,110.21
7472,86.78
7473,86.06
7474,112.81
7475,69.82
7476,59.63
7477,51.82
7478,63.61
7479,67.28
7480,73.81
7481,58.78
7482,92.47
7483,110.99
7484,61.74
7485,52.44
7486,49.28
7487,48.76
7488,45.74
7489,50.64
7490,49.82
7491,60.81
7492,53.34
7493,63.3
7494,61.58
7495,87.75
7496,80.94
7497,69.68
7498,54.4
7499,46.67
7500,50.68
7501,39.99
7502,42.75
7503,51.95
7504,49.47
7505,76.12
7506,129.7
7507,76.88
7508,78.23
7509,50.15
7510,52.34
7511,41.27
7512,34.24
7513,35.3
7514,39.24
7515,56.32
7516,40.71
7517,53.97
7518,58.04
7519,67.71
7520,65.98
7521,48.14
7522,59.31
7523,33.45
7524,40.87
7525,44.74
7526,36.66
7527,37.37
7528,51.34
7529,55.86
7530,74.56
7531,60.1
7532,40.84
7533,56.48
7534,47.8
7535,43.16
7536,42.39
7537,38.71
7538,43.51
7539,47.09
7540,45.76
7541,53.83
7542,61.13
7543,63.44
7544,78.79
7545,78.17
7546,54.32
7547,70.35
7548,49.82
7549,51.74
7550,47.76
7551,55.56
7552,53.72
7553,63.86
7554,91.48
7555,72.34
7556,53.46
7557,45.32
7558,42.08
7559,45.46
7560,44.62
7561,45.65
7562,47.22
7563,47.15
7564,54.67
7565,58.29
7566,74.21
7567,63.3
7568,81.81
7569,80.67
7570,65.1
7571,60.83
7572,50.9
7573,49.32
7574,46.1
7575,50.73
7576,57.04
7577,60.25
7578,62.28
7579,61.28
7580,57.75
7581,40.15
7582,47.71
7583,48.19
7584,50.96
7585,46.04
7586,43.87
7587,48.53
7588,53.57
7589,72.17
7590,72.39
7591,88.45
7592,82.47
7593,84.49
7594,85.74
7595,60.11
7596,56.94
7597,60.57
7598,54.27
7599,65.17
7600,58.56
7601,59.34
7602,141.5
7603,79.3
7604,59.51
7605,58.08
7606,55.55
7607,44.3
7608,44.05
7609,44.92
7610,53.34
7611,51.97
7612,55.27
7613,59.52
7614,56.26
7615,102.43
7616,79.63
7617,60.5
7618,61.21
7619,61.47
7620,57.34
7621,50.42
7622,58.35
7623,47.5
7624,56.32
7625,57.71
7626,70.85
7627,58.21
7628,62.3
7629,42.38
7630,45.26
7631,45.57
7632,35.51
7633,39.21
7634,35.25
7635,39.84
7636,37.57
7637,44.99
7638,51.28
7639,59.79
7640,63.61
7641,42.49
7642,45.33
7643,44.95
7644,44.84
7645,35.9
7646,47.52
7647,48.06
7648,47.27
7649,46.75
7650,47.94
7651,47.56
7652,42.68
7653,38.34
7654,41.9
7655,32.91
7656,32.72
7657,45.2
7658,37.96
7659,42.33
7660,47.4
7661,48.05
7662,52.13
7663,48.14
7664,53.56
7665,45.67
7666,41.91
7667,53.25
7668,35.73
7669,44.1
7670,44.19
7671,40.24
7672,46.32
7673,63.57
7674,61.03
7675,79.25
7676,59.96
7677,44.96
7678,40.85
7679,35.2
7680,34.64
7681,34.43
7682,36.13
7683,45.79
7684,46.09
7685,42.8
7686,53.67
7687,46.87
7688,55.73
7689,45.41
7690,54.7
7691,36.39
7692,37.23
7693,30.16
7694,43.44
7695,40.91
7696,41.78
7697,47.86
7698,41.55
7699,50.05
7700,47.67
7701,50.28
7702,35.03
7703,34.83
7704,42.67
7705,29.82
7706,35.82
7707,37.81
7708,45.41
7709,43.98
7710,49.62
7711,51.7
7712,53.94
7713,48.47
7714,43.78
7715,48.09
7716,41.03
7717,34.87
7718,43.21
7719,49.45
7720,43.62
7721,51.49
7722,60.31
7723,49.06
7724,41.9
7725,52.45
7726,35.61
7727,26.95
7728,44.94
7729,39.39
7730,37.24
7731,49.33
7732,50.17
7733,41.99
7734,54.01
7735,95.71
7736,63.13
7737,56.51
7738,74.24
7739,74.26
7740,53.18
7741,46.48
7742,49.37
7743,57.68
7744,50.19
7745,49.49
7746,85.92
7747,61.96
7748,55.74
7749,59.69
7750,46.12
7751,41.22
7752,43.17
7753,49.0
7754,45.76
7755,59.23
7756,56.43
7757,55.37
7758,78.28
7759,72.59
7760,73.43
7761,91.56
7762,49.66
7763,67.4
7764,44.25
7765,58.31
7766,53.27
7767,47.93
7768,68.0
7769,80.03
7770,101.93
7771,74.62
7772,72.79
7773,43.88
7774,48.04
7775,45.38
7776,39.13
7777,47.21
7778,36.65
7779,40.58
7780,43.75
7781,47.62
7782,75.7
7783,73.42
7784,54.06
7785,59.14
7786,44.54
7787,37.89
7788,45.29
7789,46.68
7790,40.34
7791,42.49
7792,42.51
7793,57.72
7794,53.81
7795,57.39
7796,52.01
7797,44.83
7798,36.03
7799,38.71
7800,34.45
7801,37.15
7802,35.38
7803,45.96
7804,47.42
7805,44.65
7806,62.68
7807,80.07
7808,59.69
7809,46.62
7810,55.88
7811,40.75
7812,49.52
7813,45.58
7814,38.92
7815,43.64
7816,44.04
7817,42.97
7818,51.34
7819,50.75
7820,49.55
7821,39.84
7822,35.82
7823,32.62
7824,50.66
7825,55.65
7826,49.67
7827,59.3
7828,56.42
7829,61.78
7830,96.04
7831,115.97
7832,100.27
7833,127.71
7834,84.99
7835,174.97
7836,80.32
7837,50.87
7838,75.0
7839,66.25
7840,86.85
7841,130.53
7842,100.78
7843,81.22
7844,60.53
7845,61.89
7846,50.52
7847,59.65
7848,33.3
7849,27.24
7850,24.34
7851,39.0
7852,28.87
7853,39.39
7854,35.1
7855,46.37
7856,39.82
7857,44.28
7858,38.73
7859,44.29
7860,45.92
7861,30.87
7862,41.38
7863,35.25
7864,32.95
7865,46.7
7866,39.53
7867,41.82
7868,34.89
7869,35.26
7870,38.43
7871,32.06
7872,24.49
7873,13.17
7874,31.6
7875,29.88
7876,29.29
7877,26.52
7878,29.26
7879,35.12
7880,42.67
7881,31.46
7882,33.13
7883,32.29
7884,35.24
7885,29.98
7886,25.79
7887,23.31
7888,35.02
7889,34.33
7890,30.49
7891,34.58
7892,38.1
7893,23.1
7894,25.72
7895,17.07
7896,7.93
7897,16.79
7898,6.64
7899,17.68
7900,13.37
7901,25.06
7902,22.64
7903,28.05
7904,33.19
7905,31.57
7906,27.1
7907,25.62
7908,27.56
7909,28.57
7910,21.64
7911,23.32
7912,26.76
7913,32.82
7914,27.86
7915,30.72
7916,28.86
7917,23.22
7918,1.09
7919,7.36
7920,2.37
7921,-2.37
7922,-28.79
7923,0.35
7924,15.9
7925,20.51
7926,23.51
7927,17.57
7928,24.62
7929,24.16
7930,17.69
7931,18.73
7932,16.76
7933,18.59
7934,21.15
7935,9.67
7936,12.12
7937,14.15
7938,21.59
7939,15.36
7940,6.11
7941,9.49
7942,8.24
7943,-4.73
7944,14.78
7945,11.0
7946,4.65
7947,6.61
7948,14.68
7949,25.35
7950,21.88
7951,24.92
7952,26.01
7953,24.79
7954,27.72
7955,26.32
7956,20.65
7957,7.42
7958,17.44
7959,18.74
7960,25.42
7961,24.98
7962,24.61
7963,21.31
7964,19.95
7965,11.87
7966,-10.82
7967,10.01
7968,14.48
7969,28.93
7970,23.78
7971,23.26
7972,27.07
7973,27.93
7974,29.1
7975,36.16
7976,40.7
7977,34.33
7978,37.94
7979,36.45
7980,34.06
7981,35.63
7982,31.48
7983,26.03
7984,34.09
7985,36.86
7986,34.33
7987,29.78
7988,32.22
7989,17.27
7990,24.31
7991,16.36
7992,30.11
7993,30.64
7994,29.61
7995,34.34
7996,28.74
7997,39.51
7998,47.6
7999,46.66
8000,52.24
8001,65.17
8002,41.03
8003,39.78
8004,43.79
8005,41.28
8006,46.02
8007,37.62
8008,43.06
8009,41.41
8010,56.84
8011,39.97
8012,39.08
8013,36.57
8014,24.47
8015,36.47
8016,26.43
8017,32.7
8018,26.36
8019,28.68
8020,40.21
8021,36.23
8022,37.46
8023,49.24
8024,51.25
8025,58.35
8026,52.13
8027,37.92
8028,44.25
8029,46.06
8030,47.21
8031,47.53
8032,45.4
8033,62.55
8034,38.76
8035,53.68
8036,31.68
8037,36.94
8038,32.4
8039,27.02
8040,19.74
8041,24.42
8042,23.83
8043,24.61
8044,27.39
8045,32.69
8046,35.4
8047,35.22
8048,31.08
8049,35.27
8050,30.19
8051,29.75
8052,25.08
8053,24.2
8054,27.01
8055,24.54
8056,28.75
8057,30.83
8058,25.4
8059,39.36
8060,27.41
8061,27.23
8062,23.02
8063,21.89
8064,43.62
8065,41.61
8066,60.79
8067,49.69
8068,49.03
8069,71.94
8070,74.28
8071,98.4
8072,95.82
8073,78.15
8074,76.9
8075,46.84
8076,57.33
8077,51.05
8078,41.93
8079,49.47
8080,50.61
8081,99.36
8082,66.16
8083,74.11
8084,54.15
8085,54.34
8086,45.86
8087,48.25
8088,38.25
8089,31.84
8090,38.0
8091,44.27
8092,43.66
8093,39.09
8094,68.5
8095,62.7
8096,47.72
8097,65.0
8098,39.61
8099,35.01
8100,33.61
8101,38.14
8102,37.1
8103,43.07
8104,44.96
8105,54.01
8106,45.33
8107,60.97
8108,44.66
8109,40.41
8110,35.87
8111,31.53
8112,23.26
8113,31.97
8114,26.42
8115,32.15
8116,37.19
8117,36.7
8118,40.4
8119,49.18
8120,39.45
8121,37.7
8122,38.3
8123,36.23
8124,29.49
8125,24.78
8126,35.77
8127,27.47
8128,35.25
8129,37.03
8130,39.09
8131,33.62
8132,33.79
8133,35.43
8134,37.5
8135,20.72
8136,28.03
8137,32.92
8138,39.72
8139,42.12
8140,48.68
8141,47.52
8142,52.61
8143,50.78
8144,52.88
8145,49.67
8146,41.85
8147,51.85
8148,43.68
8149,38.68
8150,46.57
8151,48.1
8152,41.38
8153,44.18
8154,60.2
8155,50.19
8156,47.85
8157,45.07
8158,33.06
8159,34.52
8160,27.01
8161,25.61
8162,24.97
8163,24.77
8164,39.37
8165,28.56
8166,32.77
8167,31.8
8168,40.45
8169,43.23
8170,36.77
8171,35.33
8172,40.74
8173,28.43
8174,28.59
8175,30.9
8176,34.1
8177,33.51
8178,38.33
8179,28.53
8180,36.71
8181,38.14
8182,18.63
8183,20.96
8184,21.77
8185,19.92
8186,18.27
8187,32.85
8188,18.46
8189,34.93
8190,33.96
8191,40.64
8192,46.29
8193,26.81
8194,30.9
8195,37.11
8196,23.44
8197,30.34
8198,18.51
8199,25.91
8200,27.93
8201,27.04
8202,36.59
8203,33.37
8204,33.99
8205,28.87
8206,31.48
8207,23.31
8208,30.12
8209,27.5
8210,28.67
8211,39.42
8212,45.42
8213,43.35
8214,37.24
8215,37.23
8216,58.08
8217,35.57
8218,46.43
8219,36.54
8220,26.34
8221,30.36
8222,32.4
8223,33.64
8224,31.55
8225,37.42
8226,39.28
8227,37.36
8228,32.9
8229,27.06
8230,25.53
8231,20.71
8232,38.69
8233,36.65
8234,43.35
8235,33.7
8236,46.09
8237,47.02
8238,43.09
8239,73.26
8240,60.02
8241,65.97
8242,65.93
8243,53.94
8244,49.06
8245,56.05
8246,50.21
8247,39.1
8248,44.36
8249,47.0
8250,49.0
8251,62.88
8252,44.37
8253,38.61
8254,31.01
8255,37.71
8256,1.32
8257,1.05
8258,18.59
8259,12.74
8260,28.24
8261,28.19
8262,31.26
8263,30.72
8264,23.29
8265,28.45
8266,25.24
8267,30.89
8268,20.9
8269,21.82
8270,18.32
8271,20.01
8272,29.07
8273,29.46
8274,19.39
8275,29.6
8276,28.69
8277,19.53
8278,17.08
8279,12.19
8280,28.43
8281,28.26
8282,33.3
8283,29.64
8284,33.53
8285,40.68
8286,43.67
8287,44.59
8288,43.48
8289,46.79
8290,43.5
8291,35.92
8292,38.4
8293,29.17
8294,25.96
8295,40.61
8296,37.13
8297,32.63
8298,53.54
8299,38.15
8300,35.56
8301,32.78
8302,27.3
8303,34.48
8304,43.54
8305,46.76
8306,46.9
8307,46.57
8308,53.27
8309,54.17
8310,75.07
8311,65.68
8312,74.75
8313,93.87
8314,56.15
8315,62.32
8316,62.08
8317,72.21
8318,52.15
8319,60.2
8320,59.81
8321,100.11
8322,86.18
8323,83.17
8324,49.09
8325,47.91
8326,41.41
8327,47.86
8328,40.64
8329,40.82
8330,39.81
8331,42.91
8332,46.33
8333,47.02
8334,68.7
8335,52.93
8336,117.37
8337,70.96
8338,76.93
8339,52.94
8340,52.31
8341,40.03
8342,49.17
8343,62.8
8344,51.45
8345,102.02
8346,83.87
8347,73.36
8348,58.06
8349,44.88
8350,50.63
8351,36.7
8352,35.46
8353,33.75
8354,38.18
8355,39.29
8356,54.55
8357,38.91
8358,51.65
8359,77.95
8360,57.38
8361,54.42
8362,49.78
8363,40.61
8364,36.69
8365,35.72
8366,42.58
8367,39.07
8368,42.76
8369,63.7
8370,38.78
8371,44.29
8372,46.7
8373,43.24
8374,35.52
8375,26.62
8376,7.36
8377,18.62
8378,23.71
8379,22.39
8380,19.27
8381,24.76
8382,26.28
8383,34.11
8384,35.07
8385,33.94
8386,28.22
8387,23.16
8388,28.42
8389,25.58
8390,16.88
8391,24.99
8392,25.88
8393,29.06
8394,32.29
8395,26.14
8396,24.07
8397,23.1
8398,7.06
8399,-1.51
8400,15.05
8401,20.47
8402,17.75
8403,17.04
8404,24.6
8405,22.89
8406,31.72
8407,36.01
8408,37.31
8409,28.29
8410,29.35
8411,26.54
8412,22.43
8413,24.09
8414,30.08
8415,21.61
8416,25.53
8417,23.83
8418,25.03
8419,32.0
8420,30.83
8421,-10.32
8422,24.7
8423,17.79
8424,20.64
8425,19.48
8426,23.21
8427,17.84
8428,24.32
8429,27.33
8430,34.71
8431,31.38
8432,28.46
8433,30.25
8434,38.97
8435,29.26
8436,33.9
8437,29.1
8438,21.85
8439,24.92
8440,28.36
8441,33.06
8442,41.31
8443,32.74
8444,25.75
8445,24.88
8446,24.64
8447,9.69
8448,11.48
8449,13.76
8450,26.24
8451,22.84
8452,25.86
8453,29.56
8454,39.9
8455,28.09
8456,28.26
8457,33.52
8458,28.26
8459,28.63
8460,26.76
8461,27.76
8462,21.52
8463,16.01
8464,32.22
8465,32.24
8466,26.61
8467,30.01
8468,23.8
8469,19.56
8470,18.52
8471,15.4
8472,-4.0
8473,13.42
8474,8.34
8475,19.91
8476,22.27
8477,20.91
8478,24.51
8479,25.34
8480,24.0
8481,21.85
8482,23.88
8483,25.61
8484,20.55
8485,15.98
8486,12.73
8487,21.62
8488,21.29
8489,16.29
8490,22.15
8491,24.64
8492,16.87
8493,7.55
8494,12.39
8495,3.89
8496,9.77
8497,7.27
8498,22.89
8499,19.16
8500,22.99
8501,23.72
8502,18.22
8503,26.73
8504,34.44
8505,37.06
8506,31.63
8507,34.61
8508,23.22
8509,16.11
8510,18.47
8511,19.35
8512,30.15
8513,33.47
8514,29.1
8515,19.95
8516,22.37
8517,22.99
8518,12.82
8519,13.05
8520,7.08
8521,15.28
8522,-14.93
8523,3.58
8524,13.99
8525,26.06
8526,16.31
8527,29.73
8528,33.2
8529,26.78
8530,27.51
8531,27.18
8532,22.05
8533,32.44
8534,26.07
8535,16.62
8536,25.74
8537,28.54
8538,30.37
8539,22.03
8540,20.47
8541,21.95
8542,15.41
8543,-9.44
8544,13.26
8545,9.66
8546,13.91
8547,5.49
8548,9.44
8549,20.18
8550,34.89
8551,35.7
8552,29.58
8553,34.3
8554,26.0
8555,21.77
8556,21.38
8557,16.25
8558,18.42
8559,21.99
8560,17.01
8561,27.04
8562,29.51
8563,25.51
8564,17.5
8565,14.85
8566,-8.12
8567,13.31
8568,-13.19
8569,1.09
8570,7.73
8571,10.94
8572,16.2
8573,19.28
8574,21.22
8575,23.68
8576,24.44
8577,35.31
8578,31.0
8579,29.49
8580,23.83
8581,23.52
8582,23.65
8583,26.25
8584,23.39
8585,23.1
8586,24.42
8587,28.11
8588,22.23
8589,16.4
8590,16.39
8591,14.73
8592,23.79
8593,2.58
8594,23.8
8595,23.69
8596,28.36
8597,26.89
8598,25.18
8599,28.9
8600,33.73
8601,36.1
8602,32.64
8603,31.69
8604,35.94
8605,27.56
8606,31.56
8607,24.78
8608,30.17
8609,31.08
8610,27.58
8611,34.69
8612,29.47
8613,21.74
8614,19.16
8615,16.58
8616,25.63
8617,31.77
8618,28.19
8619,23.06
8620,32.94
8621,34.0
8622,41.76
8623,47.1
8624,51.97
8625,46.84
8626,41.03
8627,29.79
8628,39.13
8629,30.76
8630,33.44
8631,32.48
8632,38.63
8633,39.12
8634,38.83
8635,37.36
8636,33.33
8637,25.64
8638,24.17
8639,23.0
8640,23.03
8641,28.37
8642,31.98
8643,34.95
8644,31.43
8645,34.98
8646,34.74
8647,43.47
8648,52.75
8649,46.17
8650,50.27
8651,42.46
8652,41.17
8653,41.6
8654,40.14
8655,36.91
8656,41.62
8657,39.18
8658,46.07
8659,44.77
8660,33.6
8661,31.47
8662,30.87
8663,28.97
8664,23.67
8665,33.0
8666,33.37
8667,38.2
8668,35.44
8669,31.98
8670,39.14
8671,48.74
8672,41.55
8673,44.07
8674,39.94
8675,38.08
8676,37.36
8677,29.04
8678,36.24
8679,30.82
8680,43.43
8681,40.63
8682,39.91
8683,37.51
8684,45.41
8685,34.52
8686,28.64
8687,29.4
8688,31.18
8689,32.43
8690,35.92
8691,33.36
8692,37.24
8693,43.62
8694,54.64
8695,57.7
8696,58.4
8697,38.17
8698,39.73
8699,43.19
8700,38.47
8701,37.87
8702,34.13
8703,36.24
8704,39.56
8705,45.82
8706,43.33
8707,48.54
8708,37.74
8709,38.82
8710,37.31
8711,32.21
8712,40.69
8713,31.05
8714,44.53
8715,54.1
8716,48.22
8717,49.66
8718,67.13
8719,63.37
8720,77.56
8721,63.93
8722,74.28
8723,74.49
8724,50.53
8725,57.06
8726,45.19
8727,64.38
8728,58.82
8729,54.24
8730,119.08
8731,123.18
8732,66.33
8733,55.78
8734,44.27
8735,35.47
8736,38.05
8737,34.92
8738,37.23
8739,37.78
8740,41.3
8741,53.24
8742,56.93
8743,46.25
8744,52.37
8745,58.99
8746,60.56
8747,62.98
8748,43.83
8749,37.5
8750,44.99
8751,37.39
8752,53.64
8753,50.87
8754,52.77
8755,53.1
8756,44.88
8757,38.72
8758,40.66
8759,34.76
8760,32.55
8761,28.7
8762,29.04
8763,25.77
8764,37.13
8765,42.01
8766,47.39
8767,54.72
8768,55.86
8769,49.86
8770,46.26
8771,51.88
8772,33.84
8773,37.0
8774,38.51
8775,46.97
8776,38.58
8777,53.0
8778,53.45
8779,45.24
8780,39.99
8781,31.79
8782,31.63
8783,24.2
8784,19.1
8785,4.71
8786,18.19
8787,20.56
8788,30.61
8789,25.5
8790,31.22
8791,31.31
8792,44.69
8793,32.68
8794,31.71
8795,31.5
8796,28.27
8797,29.28
8798,24.24
8799,25.59
8800,33.01
8801,26.32
8802,37.43
8803,23.27
8804,25.66
8805,24.94
8806,14.8
8807,22.75
8808,31.42
8809,28.13
8810,23.53
8811,30.84
8812,39.44
8813,39.21
8814,39.29
8815,51.29
8816,42.12
8817,41.47
8818,43.9
8819,53.78
8820,45.23
8821,36.89
8822,27.09
8823,35.67
8824,32.97
8825,54.04
8826,48.1
8827,38.15
8828,32.17
8829,37.48
8830,26.13
8831,36.88
8832,40.33
8833,48.88
8834,41.96
8835,40.66
8836,46.38
8837,51.78
8838,53.4
8839,85.14
8840,78.24
8841,58.07
8842,50.14
8843,72.61
8844,58.03
8845,52.9
8846,41.62
8847,51.2
8848,47.2
8849,78.69
8850,60.27
8851,67.43
8852,65.4
8853,56.03
8854,39.76
8855,44.24
8856,35.94
8857,35.59
8858,45.66
8859,45.05
8860,61.73
8861,50.94
8862,69.58
8863,59.81
8864,57.3
8865,59.31
8866,62.73
8867,46.67
8868,51.9
8869,54.79
8870,45.48
8871,40.38
8872,57.12
8873,55.83
8874,70.92
8875,45.75
8876,50.54
8877,43.41
8878,57.66
8879,39.19
8880,40.53
8881,45.79
8882,36.33
8883,41.17
8884,39.69
8885,43.06
8886,69.28
8887,97.86
8888,69.37
8889,84.95
8890,55.42
8891,50.23
8892,41.11
8893,49.46
8894,49.13
8895,45.28
8896,53.79
8897,50.81
8898,62.64
8899,58.13
8900,52.04
8901,42.71
8902,37.89
8903,36.61
8904,35.98
8905,37.77
8906,33.28
8907,34.93
8908,37.18
8909,39.84
8910,53.28
8911,50.82
8912,41.71
8913,47.77
8914,68.07
8915,46.23
8916,41.15
8917,44.08
8918,36.42
8919,44.15
8920,33.76
8921,48.7
8922,61.93
8923,40.37
8924,40.44
8925,36.38
8926,32.63
8927,34.16
8928,24.78
8929,21.26
8930,30.33
8931,19.05
8932,30.01
8933,29.7
8934,37.66
8935,36.88
8936,38.84
8937,40.4
8938,39.12
8939,34.92
8940,35.82
8941,34.35
8942,32.84
8943,25.88
8944,30.34
8945,38.94
8946,34.51
8947,44.05
8948,36.01
8949,27.34
8950,23.33
8951,19.47
8952,-5.7
8953,-24.54
8954,-7.02
8955,-13.03
8956,6.55
8957,17.56
8958,18.1
8959,21.7
8960,17.9
8961,23.16
8962,20.82
8963,22.48
8964,8.64
8965,8.94
8966,10.16
8967,11.52
8968,20.62
8969,20.8
8970,22.31
8971,21.2
8972,16.98
8973,12.75
8974,12.7
8975,17.0
8976,7.77
8977,-72.86
8978,1.24
8979,-28.23
8980,16.42
8981,19.06
8982,2.79
8983,18.93
8984,24.1
8985,18.21
8986,19.73
8987,23.07
8988,17.98
8989,10.72
8990,-22.4
8991,20.21
8992,18.48
8993,19.39
8994,26.07
8995,13.65
8996,16.98
8997,13.3
8998,2.83
8999,-9.43
9000,15.38
9001,19.22
9002,10.74
9003,17.66
9004,22.63
9005,18.97
9006,24.92
9007,29.36
9008,31.18
9009,25.56
9010,32.7
9011,25.55
9012,22.94
9013,21.3
9014,16.95
9015,28.5
9016,22.61
9017,30.29
9018,33.8
9019,34.56
9020,28.74
9021,21.25
9022,15.52
9023,12.49
9024,9.94
9025,11.7
9026,-34.56
9027,0.88
9028,11.53
9029,18.67
9030,25.31
9031,19.09
9032,22.23
9033,28.08
9034,15.82
9035,13.25
9036,7.76
9037,13.53
9038,4.44
9039,19.49
9040,22.59
9041,18.76
9042,24.56
9043,20.33
9044,27.43
9045,-9.44
9046,-33.12
9047,-27.33
9048,26.0
9049,16.5
9050,23.57
9051,26.86
9052,35.56
9053,39.5
9054,36.4
9055,36.39
9056,41.95
9057,37.28
9058,35.71
9059,34.54
9060,29.47
9061,41.59
9062,29.91
9063,32.53
9064,35.69
9065,35.53
9066,35.31
9067,33.81
9068,31.87
9069,32.15
9070,26.8
9071,30.03
9072,20.48
9073,19.1
9074,24.09
9075,29.41
9076,25.33
9077,22.11
9078,30.55
9079,33.88
9080,34.22
9081,37.1
9082,24.07
9083,30.69
9084,32.93
9085,30.32
9086,27.26
9087,27.5
9088,29.68
9089,34.07
9090,34.19
9091,29.32
9092,28.48
9093,29.28
9094,12.72
9095,17.3
9096,31.38
9097,27.91
9098,23.18
9099,30.23
9100,30.67
9101,36.21
9102,34.91
9103,34.15
9104,39.47
9105,47.96
9106,42.89
9107,40.75
9108,35.27
9109,33.97
9110,34.1
9111,37.25
9112,38.27
9113,39.01
9114,40.92
9115,36.58
9116,32.89
9117,29.02
9118,39.37
9119,31.13
9120,31.89
9121,27.0
9122,33.79
9123,29.75
9124,28.92
9125,37.5
9126,37.18
9127,50.57
9128,49.42
9129,50.37
9130,43.9
9131,52.68
9132,42.17
9133,33.42
9134,37.82
9135,40.25
9136,43.1
9137,38.73
9138,35.61
9139,36.09
9140,31.29
9141,34.39
9142,32.76
9143,18.8
9144,26.21
9145,30.99
9146,34.76
9147,35.41
9148,36.6
9149,39.96
9150,50.59
9151,49.65
9152,50.94
9153,44.28
9154,40.55
9155,39.48
9156,35.43
9157,36.67
9158,36.45
9159,41.74
9160,47.91
9161,45.97
9162,45.38
9163,43.84
9164,38.88
9165,41.87
9166,39.24
9167,35.4
9168,22.17
9169,12.72
9170,20.9
9171,27.94
9172,25.16
9173,27.22
9174,38.31
9175,39.97
9176,40.26
9177,52.44
9178,44.74
9179,38.6
9180,33.02
9181,31.33
9182,31.91
9183,36.06
9184,37.38
9185,39.59
9186,38.09
9187,33.21
9188,32.93
9189,25.6
9190,30.25
9191,19.06
9192,-5.28
9193,5.63
9194,10.37
9195,20.72
9196,25.29
9197,17.76
9198,28.43
9199,33.39
9200,37.05
9201,28.38
9202,33.47
9203,30.79
9204,27.59
9205,25.05
9206,25.18
9207,25.41
9208,33.15
9209,26.91
9210,28.05
9211,25.36
9212,26.67
9213,15.43
9214,19.94
9215,9.73
9216,32.28
9217,26.0
9218,28.37
9219,29.21
9220,31.32
9221,32.24
9222,43.3
9223,35.01
9224,39.66
9225,43.15
9226,41.88
9227,32.31
9228,26.12
9229,36.52
9230,37.93
9231,38.07
9232,40.29
9233,31.35
9234,40.49
9235,33.83
9236,41.85
9237,27.1
9238,27.02
9239,32.51
9240,23.3
9241,26.85
9242,21.74
9243,26.04
9244,30.37
9245,30.86
9246,42.53
9247,33.76
9248,34.34
9249,38.8
9250,29.35
9251,34.12
9252,33.18
9253,35.76
9254,35.66
9255,23.26
9256,29.03
9257,33.54
9258,34.55
9259,35.62
9260,34.5
9261,31.88
9262,16.16
9263,20.09
9264,6.95
9265,14.5
9266,29.28
9267,35.01
9268,35.74
9269,37.86
9270,34.21
9271,42.09
9272,31.87
9273,37.19
9274,38.4
9275,38.59
9276,33.45
9277,26.77
9278,34.97
9279,31.65
9280,41.79
9281,38.25
9282,48.5
9283,35.59
9284,33.48
9285,34.54
9286,30.68
9287,24.16
9288,25.1
9289,31.52
9290,24.75
9291,30.01
9292,23.07
9293,39.05
9294,39.06
9295,37.34
9296,34.48
9297,34.97
9298,41.49
9299,32.01
9300,27.37
9301,30.83
9302,28.86
9303,31.95
9304,34.38
9305,37.39
9306,36.34
9307,31.77
9308,31.52
9309,29.73
9310,30.62
9311,23.88
9312,30.63
9313,29.0
9314,33.47
9315,38.35
9316,37.2
9317,39.87
9318,52.0
9319,52.27
9320,63.35
9321,61.02
9322,47.03
9323,36.91
9324,42.28
9325,38.76
9326,41.53
9327,42.88
9328,40.52
9329,49.72
9330,43.91
9331,44.53
9332,34.13
9333,37.56
9334,31.2
9335,29.81
9336,42.03
9337,37.92
9338,42.43
9339,41.09
9340,40.46
9341,76.14
9342,49.0
9343,72.52
9344,86.5
9345,117.87
9346,80.21
9347,101.83
9348,49.69
9349,55.29
9350,57.65
9351,46.25
9352,59.15
9353,64.86
9354,53.34
9355,57.12
9356,52.55
9357,51.95
9358,43.91
9359,37.91
9360,32.62
9361,35.35
9362,36.41
9363,36.85
9364,40.63
9365,38.36
9366,49.83
9367,59.01
9368,57.89
9369,54.43
9370,45.43
9371,49.56
9372,45.7
9373,46.97
9374,43.24
9375,41.62
9376,50.01
9377,48.09
9378,48.47
9379,67.54
9380,44.38
9381,43.57
9382,37.81
9383,37.93
9384,34.94
9385,27.42
9386,24.58
9387,35.21
9388,38.08
9389,32.73
9390,34.62
9391,44.59
9392,31.26
9393,50.18
9394,42.95
9395,45.11
9396,35.43
9397,37.23
9398,32.01
9399,40.87
9400,34.59
9401,42.92
9402,40.32
9403,34.58
9404,41.38
9405,37.76
9406,35.92
9407,28.05
9408,39.33
9409,52.61
9410,48.48
9411,52.35
9412,63.01
9413,79.27
9414,83.7
9415,84.01
9416,81.62
9417,91.47
9418,69.72
9419,82.99
9420,62.87
9421,64.34
9422,57.97
9423,67.3
9424,63.96
9425,72.15
9426,82.92
9427,87.16
9428,69.37
9429,58.24
9430,53.41
9431,56.18
9432,37.36
9433,36.47
9434,28.5
9435,28.77
9436,43.64
9437,52.23
9438,49.25
9439,55.76
9440,58.53
9441,53.07
9442,39.56
9443,44.73
9444,53.58
9445,41.69
9446,37.14
9447,34.99
9448,45.37
9449,52.8
9450,47.67
9451,68.09
9452,48.99
9453,45.79
9454,39.07
9455,39.89
9456,36.29
9457,31.21
9458,36.86
9459,34.17
9460,34.99
9461,38.0
9462,54.86
9463,44.91
9464,50.67
9465,41.15
9466,42.91
9467,40.23
9468,37.01
9469,36.3
9470,40.6
9471,39.8
9472,42.49
9473,47.58
9474,43.55
9475,49.71
9476,45.46
9477,36.41
9478,37.17
9479,32.21
9480,36.48
9481,44.11
9482,45.06
9483,48.95
9484,41.34
9485,52.41
9486,61.51
9487,49.92
9488,67.41
9489,56.32
9490,60.76
9491,72.24
9492,70.99
9493,48.89
9494,46.55
9495,43.76
9496,49.12
9497,88.48
9498,61.61
9499,56.4
9500,52.34
9501,40.24
9502,39.41
9503,43.29
9504,46.28
9505,39.87
9506,37.73
9507,52.58
9508,40.46
9509,51.03
9510,70.89
9511,64.74
9512,65.95
9513,88.8
9514,72.57
9515,61.62
9516,49.79
9517,56.5
9518,75.89
9519,53.3
9520,48.95
9521,59.0
9522,55.84
9523,57.77
9524,62.72
9525,50.03
9526,46.79
9527,36.61
9528,35.52
9529,40.9
9530,38.48
9531,38.92
9532,47.4
9533,58.42
9534,66.0
9535,48.58
9536,50.71
9537,84.39
9538,66.4
9539,44.9
9540,45.24
9541,51.49
9542,37.52
9543,43.93
9544,38.47
9545,57.0
9546,93.06
9547,81.23
9548,54.01
9549,45.17
9550,39.87
9551,41.18
9552,34.59
9553,25.68
9554,33.81
9555,32.96
9556,44.21
9557,38.59
9558,41.13
9559,45.58
9560,47.92
9561,53.1
9562,47.36
9563,42.68
9564,38.38
9565,38.65
9566,38.58
9567,40.99
9568,39.36
9569,37.18
9570,55.42
9571,47.7
9572,40.97
9573,31.79
9574,35.88
9575,31.79
9576,14.8
9577,28.14
9578,21.64
9579,28.15
9580,28.42
9581,41.88
9582,41.06
9583,42.0
9584,38.77
9585,38.49
9586,31.68
9587,31.42
9588,38.79
9589,32.62
9590,37.34
9591,31.57
9592,32.06
9593,31.02
9594,41.18
9595,35.35
9596,32.98
9597,25.83
9598,26.34
9599,10.19
9600,27.62
9601,29.46
9602,30.37
9603,35.65
9604,38.06
9605,41.59
9606,40.03
9607,36.58
9608,47.08
9609,43.68
9610,45.51
9611,41.2
9612,37.55
9613,36.28
9614,39.94
9615,45.98
9616,34.79
9617,47.52
9618,47.93
9619,48.03
9620,43.1
9621,34.12
9622,32.84
9623,30.75
9624,47.1
9625,58.48
9626,59.62
9627,44.49
9628,86.23
9629,54.91
9630,78.35
9631,95.91
9632,76.28
9633,125.37
9634,108.65
9635,88.21
9636,82.0
9637,64.65
9638,60.82
9639,65.61
9640,57.71
9641,97.53
9642,68.08
9643,77.46
9644,64.3
9645,59.22
9646,49.14
9647,45.47
9648,44.54
9649,46.71
9650,56.68
9651,55.08
9652,73.71
9653,80.89
9654,68.16
9655,60.27
9656,108.28
9657,73.84
9658,89.33
9659,89.76
9660,59.8
9661,99.99
9662,90.7
9663,71.77
9664,82.58
9665,130.68
9666,76.9
9667,70.22
9668,67.73
9669,69.2
9670,43.41
9671,50.06
9672,30.39
9673,30.89
9674,36.81
9675,44.8
9676,35.62
9677,43.02
9678,47.51
9679,50.93
9680,49.19
9681,50.93
9682,40.3
9683,41.31
9684,48.79
9685,38.65
9686,37.5
9687,36.01
9688,43.58
9689,47.48
9690,46.88
9691,52.91
9692,35.78
9693,42.44
9694,31.48
9695,32.94
9696,39.51
9697,49.85
9698,45.53
9699,45.13
9700,46.25
9701,56.28
9702,65.97
9703,64.86
9704,59.82
9705,68.81
9706,63.64
9707,57.64
9708,59.88
9709,49.31
9710,49.78
9711,53.55
9712,55.02
9713,72.97
9714,58.14
9715,93.59
9716,61.37
9717,56.18
9718,42.68
9719,38.42
9720,52.19
9721,51.19
9722,55.77
9723,65.89
9724,58.61
9725,65.87
9726,84.04
9727,117.47
9728,138.5
9729,122.12
9730,91.65
9731,83.93
9732,71.48
9733,89.81
9734,56.8
9735,73.34
9736,79.87
9737,88.24
9738,95.67
9739,96.98
9740,69.36
9741,63.37
9742,59.32
9743,53.95
9744,30.96
9745,40.61
9746,42.87
9747,41.3
9748,42.28
9749,45.95
9750,51.42
9751,42.42
9752,52.73
9753,52.13
9754,50.78
9755,48.88
9756,54.22
9757,42.93
9758,45.12
9759,44.5
9760,54.05
9761,48.15
9762,56.9
9763,60.66
9764,45.87
9765,37.13
9766,37.9
9767,31.67
9768,53.56
9769,59.0
9770,60.6
9771,78.06
9772,67.82
9773,90.53
9774,107.55
9775,103.81
9776,153.14
9777,74.95
9778,87.98
9779,68.49
9780,67.0
9781,68.6
9782,66.71
9783,70.15
9784,69.31
9785,88.75
9786,84.04
9787,90.41
9788,91.51
9789,55.09
9790,56.54
9791,51.1
9792,58.33
9793,56.67
9794,51.69
9795,66.77
9796,58.77
9797,79.53
9798,81.51
9799,92.81
9800,116.17
9801,104.44
9802,123.77
9803,100.21
9804,75.93
9805,60.62
9806,61.58
9807,49.98
9808,73.18
9809,124.89
9810,129.65
9811,93.01
9812,72.35
9813,70.76
9814,62.77
9815,61.45
9816,32.16
9817,29.91
9818,33.09
9819,38.27
9820,39.02
9821,35.08
9822,43.56
9823,48.29
9824,39.28
9825,56.92
9826,38.7
9827,49.07
9828,36.39
9829,34.17
9830,38.78
9831,44.37
9832,47.88
9833,46.31
9834,46.29
9835,49.27
9836,41.8
9837,40.75
9838,33.06
9839,34.74
9840,28.43
9841,36.2
9842,30.02
9843,38.92
9844,34.49
9845,35.76
9846,48.93
9847,51.57
9848,46.66
9849,44.98
9850,39.14
9851,38.74
9852,38.7
9853,40.7
9854,38.02
9855,36.87
9856,40.85
9857,53.28
9858,48.66
9859,45.61
9860,36.08
9861,39.75
9862,39.99
9863,35.04
9864,19.7
9865,21.71
9866,22.01
9867,22.08
9868,30.77
9869,34.87
9870,39.81
9871,37.47
9872,41.47
9873,34.65
9874,34.04
9875,29.15
9876,27.81
9877,26.37
9878,30.85
9879,29.74
9880,32.32
9881,38.03
9882,38.97
9883,43.39
9884,36.91
9885,30.55
9886,23.58
9887,26.45
9888,30.94
9889,39.81
9890,39.1
9891,45.1
9892,40.97
9893,51.0
9894,63.85
9895,52.4
9896,56.4
9897,90.29
9898,51.45
9899,44.2
9900,41.17
9901,35.96
9902,43.02
9903,39.23
9904,42.64
9905,47.87
9906,49.3
9907,50.79
9908,45.51
9909,43.4
9910,38.72
9911,41.97
9912,56.06
9913,49.35
9914,64.47
9915,54.55
9916,48.52
9917,68.94
9918,89.87
9919,86.01
9920,174.68
9921,98.4
9922,73.99
9923,77.19
9924,53.0
9925,68.1
9926,61.73
9927,68.66
9928,73.74
9929,107.93
9930,84.75
9931,89.91
9932,60.57
9933,61.46
9934,56.31
9935,55.1
9936,49.02
9937,56.99
9938,47.7
9939,61.24
9940,53.14
9941,69.86
9942,71.0
9943,89.29
9944,116.74
9945,82.84
9946,77.26
9947,66.4
9948,70.83
9949,55.97
9950,60.96
9951,57.0
9952,64.05
9953,72.77
9954,86.39
9955,90.28
9956,74.85
9957,51.56
9958,49.03
9959,43.38
9960,45.44
9961,44.71
9962,39.52
9963,44.87
9964,64.19
9965,54.69
9966,59.05
9967,65.25
9968,70.99
9969,79.02
9970,68.4
9971,60.9
9972,72.75
9973,63.35
9974,59.66
9975,51.53
9976,72.73
9977,63.19
9978,68.94
9979,71.47
9980,64.02
9981,49.62
9982,54.27
9983,49.46
9984,49.59
9985,47.04
9986,50.06
9987,79.72
9988,69.14
9989,81.35
9990,62.66
9991,134.89
9992,109.39
9993,173.41
9994,114.0
9995,111.9
9996,53.37
9997,59.4
9998,64.34
9999,66.18
10000,63.15
10001,71.09
10002,92.97
10003,87.44
10004,55.44
10005,58.97
10006,64.73
10007,44.66
10008,44.67
10009,35.98
10010,43.32
10011,43.7
10012,51.52
10013,51.91
10014,61.31
10015,72.43
10016,72.55
10017,80.43
10018,53.48
10019,59.82
10020,53.42
10021,49.57
10022,60.02
10023,45.95
10024,56.91
10025,87.5
10026,70.61
10027,67.87
10028,75.81
10029,50.41
10030,38.77
10031,46.29
10032,45.45
10033,43.23
10034,45.69
10035,43.51
10036,48.28
10037,53.44
10038,68.65
10039,66.46
10040,78.14
10041,96.73
10042,74.77
10043,57.13
10044,52.97
10045,50.77
10046,49.1
10047,62.19
10048,59.05
10049,53.88
10050,54.33
10051,59.82
10052,53.93
10053,44.98
10054,46.71
10055,42.96
10056,51.69
10057,57.06
10058,45.84
10059,63.18
10060,55.04
10061,76.66
10062,96.39
10063,77.5
10064,80.97
10065,75.22
10066,78.04
10067,79.03
10068,57.73
10069,66.22
10070,51.98
10071,63.71
10072,80.58
10073,88.25
10074,170.48
10075,51.91
10076,55.62
10077,54.06
10078,59.07
10079,54.35
10080,54.11
10081,54.88
10082,55.44
10083,60.1
10084,76.22
10085,106.54
10086,89.99
10087,126.2
10088,114.08
10089,121.38
10090,155.48
10091,127.44
10092,77.89
10093,114.86
10094,116.15
10095,64.8
10096,137.35
10097,127.78
10098,118.56
10099,86.23
10100,88.66
10101,89.24
10102,75.02
10103,58.58
10104,53.68
10105,54.53
10106,48.28
10107,59.26
10108,59.98
10109,57.14
10110,100.67
10111,64.54
10112,110.79
10113,75.66
10114,74.82
10115,56.68
10116,67.79
10117,58.84
10118,60.28
10119,53.62
10120,65.25
10121,79.47
10122,170.03
10123,98.44
10124,57.24
10125,60.8
10126,52.84
10127,48.09
10128,40.54
10129,37.85
10130,37.65
10131,44.37
10132,34.93
10133,37.21
10134,46.51
10135,68.44
10136,55.14
10137,50.36
10138,45.62
10139,40.68
10140,38.19
10141,42.35
10142,47.78
10143,56.21
10144,55.58
10145,47.3
10146,57.46
10147,47.0
10148,41.36
10149,40.08
10150,40.38
10151,35.3
10152,-1.98
10153,11.09
10154,26.33
10155,29.99
10156,27.58
10157,26.6
10158,34.45
10159,36.97
10160,39.34
10161,44.17
10162,32.76
10163,31.35
10164,28.75
10165,27.87
10166,29.12
10167,29.61
10168,31.03
10169,38.64
10170,32.22
10171,31.13
10172,27.36
10173,29.08
10174,23.63
10175,18.16
10176,27.08
10177,16.04
10178,20.06
10179,19.14
10180,24.84
10181,28.59
10182,31.91
10183,31.6
10184,32.23
10185,26.51
10186,7.22
10187,31.18
10188,17.13
10189,24.96
10190,22.42
10191,28.95
10192,30.09
10193,29.1
10194,36.84
10195,31.96
10196,28.8
10197,34.32
10198,9.14
10199,26.59
10200,4.75
10201,2.15
10202,23.64
10203,13.87
10204,21.72
10205,34.03
10206,27.46
10207,35.31
10208,34.43
10209,28.73
10210,31.67
10211,24.55
10212,34.05
10213,24.16
10214,24.96
10215,26.0
10216,24.74
10217,35.06
10218,39.08
10219,37.39
10220,36.06
10221,28.21
10222,-5.7
10223,20.81
10224,23.68
10225,24.84
10226,23.21
10227,30.08
10228,29.72
10229,29.37
10230,38.62
10231,46.01
10232,43.18
10233,40.7
10234,35.86
10235,41.16
10236,33.35
10237,28.11
10238,39.46
10239,36.68
10240,39.37
10241,42.48
10242,38.77
10243,33.34
10244,27.39
10245,26.3
10246,24.42
10247,24.14
10248,17.86
10249,23.31
10250,25.24
10251,30.81
10252,33.58
10253,33.32
10254,31.42
10255,40.09
10256,45.78
10257,37.31
10258,39.36
10259,35.99
10260,37.42
10261,22.27
10262,28.62
10263,35.05
10264,34.1
10265,37.68
10266,34.49
10267,38.1
10268,30.66
10269,31.63
10270,24.55
10271,19.25
10272,30.71
10273,24.26
10274,27.95
10275,28.74
10276,26.41
10277,31.94
10278,38.34
10279,32.31
10280,38.52
10281,37.41
10282,39.43
10283,27.3
10284,30.04
10285,31.93
10286,22.71
10287,36.87
10288,33.67
10289,30.15
10290,37.2
10291,34.43
10292,30.99
10293,30.4
10294,22.15
10295,23.0
10296,11.25
10297,6.87
10298,13.68
10299,16.73
10300,26.49
10301,25.87
10302,37.72
10303,25.11
10304,38.81
10305,34.86
10306,34.7
10307,28.95
10308,28.56
10309,24.85
10310,28.53
10311,23.6
10312,25.3
10313,32.27
10314,36.5
10315,27.65
10316,21.92
10317,12.82
10318,20.14
10319,-31.84
10320,16.63
10321,19.46
10322,14.96
10323,25.68
10324,31.55
10325,29.61
10326,29.87
10327,32.05
10328,35.12
10329,35.86
10330,28.16
10331,33.41
10332,35.55
10333,18.98
10334,23.49
10335,25.68
10336,30.14
10337,37.0
10338,43.24
10339,30.81
10340,32.26
10341,28.44
10342,3.4
10343,21.73
10344,31.61
10345,22.91
10346,37.08
10347,31.92
10348,38.68
10349,41.07
10350,40.36
10351,39.52
10352,46.41
10353,42.0
10354,43.06
10355,42.85
10356,35.55
10357,40.27
10358,32.7
10359,30.28
10360,36.86
10361,42.78
10362,43.41
10363,44.01
10364,38.22
10365,32.25
10366,36.99
10367,24.36
10368,16.06
10369,25.74
10370,25.31
10371,21.52
10372,26.1
10373,35.61
10374,42.29
10375,43.51
10376,35.9
10377,35.67
10378,35.44
10379,26.76
10380,32.87
10381,39.02
10382,16.39
10383,24.83
10384,27.16
10385,38.54
10386,39.98
10387,33.73
10388,30.96
10389,20.59
10390,21.33
10391,21.8
10392,8.37
10393,19.96
10394,25.43
10395,21.03
10396,24.2
10397,30.68
10398,32.95
10399,34.12
10400,33.29
10401,37.91
10402,37.28
10403,26.76
10404,33.71
10405,24.24
10406,31.43
10407,25.96
10408,25.66
10409,36.05
10410,30.08
10411,35.24
10412,32.23
10413,27.87
10414,30.99
10415,29.06
10416,7.96
10417,22.91
10418,17.34
10419,21.03
10420,27.94
10421,34.67
10422,32.66
10423,37.24
10424,34.56
10425,30.84
10426,37.85
10427,30.79
10428,25.16
10429,24.72
10430,27.57
10431,22.08
10432,28.84
10433,27.5
10434,29.18
10435,39.89
10436,32.33
10437,31.86
10438,19.33
10439,19.91
10440,28.45
10441,28.94
10442,36.95
10443,25.01
10444,28.31
10445,38.67
10446,41.07
10447,38.49
10448,43.62
10449,36.8
10450,34.28
10451,36.17
10452,32.65
10453,25.52
10454,28.85
10455,26.97
10456,30.82
10457,45.29
10458,41.25
10459,41.66
10460,29.94
10461,28.11
10462,29.2
10463,30.13
10464,35.62
10465,43.51
10466,39.66
10467,37.27
10468,36.92
10469,50.45
10470,50.58
10471,62.64
10472,69.0
10473,54.53
10474,61.48
10475,47.95
10476,53.15
10477,40.48
10478,48.14
10479,64.35
10480,48.79
10481,57.06
10482,51.59
10483,64.21
10484,72.95
10485,48.66
10486,45.37
10487,36.91
10488,-67.93
10489,-94.36
10490,-2.84
10491,-46.3
10492,22.37
10493,18.07
10494,26.33
10495,22.44
10496,25.11
10497,21.73
10498,26.62
10499,15.44
10500,6.56
10501,18.47
10502,-12.36
10503,12.34
10504,20.4
10505,4.24
10506,18.94
10507,6.92
10508,-16.78
10509,7.2
10510,9.28
10511,-37.91
10512,12.77
10513,10.5
10514,13.57
10515,17.49
10516,23.11
10517,27.32
10518,34.86
10519,33.9
10520,33.69
10521,32.62
10522,37.31
10523,20.18
10524,15.9
10525,28.58
10526,28.45
10527,27.46
10528,33.58
10529,27.82
10530,26.47
10531,27.66
10532,34.56
10533,26.58
10534,14.73
10535,2.2
10536,20.14
10537,19.85
10538,16.05
10539,19.46
10540,37.61
10541,33.82
10542,34.48
10543,40.24
10544,44.46
10545,36.66
10546,31.01
10547,28.39
10548,24.33
10549,34.28
10550,17.84
10551,23.94
10552,35.66
10553,32.31
10554,31.62
10555,34.32
10556,28.48
10557,30.7
10558,22.83
10559,0.57
10560,-94.3
10561,-79.01
10562,-75.35
10563,-83.1
10564,-13.24
10565,13.52
10566,20.1
10567,-7.76
10568,19.84
10569,-2.29
10570,19.26
10571,-25.13
10572,-53.26
10573,16.72
10574,-80.13
10575,10.74
10576,-4.63
10577,9.91
10578,23.79
10579,17.52
10580,-16.51
10581,-58.02
10582,-99.86
10583,-69.45
10584,-122.4
10585,-123.23
10586,-93.56
10587,-61.41
10588,-37.1
10589,-82.08
10590,12.81
10591,5.35
10592,14.0
10593,-4.32
10594,-96.85
10595,-46.01
10596,-53.51
10597,-113.62
10598,-61.01
10599,-37.26
10600,-54.13
10601,-36.12
10602,-9.43
10603,-0.25
10604,-1.12
10605,-95.16
10606,-100.5
10607,-116.97
10608,-111.85
10609,-84.44
10610,-9.68
10611,-50.24
10612,12.63
10613,11.73
10614,27.58
10615,26.55
10616,21.58
10617,25.97
10618,6.39
10619,6.84
10620,12.59
10621,-16.72
10622,-0.55
10623,16.67
10624,1.84
10625,11.11
10626,27.8
10627,24.11
10628,-0.71
10629,-4.02
10630,-29.1
10631,-53.56
10632,22.68
10633,29.68
10634,33.26
10635,31.78
10636,30.46
10637,33.81
10638,29.68
10639,52.34
10640,35.72
10641,39.49
10642,36.68
10643,29.95
10644,37.35
10645,21.28
10646,25.83
10647,32.75
10648,32.31
10649,39.59
10650,41.61
10651,43.37
10652,34.88
10653,35.41
10654,28.33
10655,29.85
10656,32.79
10657,33.45
10658,34.2
10659,28.02
10660,38.64
10661,39.16
10662,45.58
10663,57.3
10664,53.71
10665,51.11
10666,43.44
10667,43.69
10668,51.6
10669,40.56
10670,46.33
10671,36.45
10672,47.91
10673,47.02
10674,45.56
10675,39.9
10676,41.15
10677,37.26
10678,35.67
10679,32.96
10680,31.16
10681,21.35
10682,34.92
10683,25.4
10684,28.46
10685,35.33
10686,48.06
10687,40.73
10688,41.06
10689,39.38
10690,40.22
10691,30.55
10692,36.22
10693,40.23
10694,31.72
10695,39.58
10696,38.68
10697,37.52
10698,39.1
10699,40.44
10700,34.8
10701,34.26
10702,30.7
10703,26.83
10704,34.5
10705,38.75
10706,44.89
10707,39.47
10708,40.07
10709,45.15
10710,51.78
10711,54.68
10712,54.52
10713,46.91
10714,52.24
10715,52.7
10716,42.13
10717,51.8
10718,43.5
10719,48.54
10720,45.99
10721,43.16
10722,48.69
10723,47.06
10724,44.26
10725,47.67
10726,35.77
10727,38.05
10728,35.77
10729,37.91
10730,34.83
10731,43.52
10732,39.7
10733,43.42
10734,56.84
10735,48.27
10736,54.44
10737,51.72
10738,56.99
10739,43.35
10740,43.23
10741,42.58
10742,35.09
10743,43.53
10744,53.73
10745,44.17
10746,63.18
10747,50.5
10748,45.92
10749,48.8
10750,41.84
10751,41.24
10752,44.23
10753,39.16
10754,46.06
10755,41.56
10756,48.88
10757,59.67
10758,63.07
10759,107.57
10760,65.71
10761,69.75
10762,71.11
10763,51.6
10764,53.45
10765,52.81
10766,46.76
10767,48.35
10768,48.64
10769,57.74
10770,59.72
10771,53.03
10772,59.62
10773,51.51
10774,47.41
10775,38.37
10776,44.5
10777,46.95
10778,49.73
10779,50.01
10780,56.75
10781,51.93
10782,79.13
10783,45.13
10784,54.8
10785,65.18
10786,58.29
10787,51.42
10788,58.55
10789,43.35
10790,35.73
10791,45.01
10792,64.21
10793,53.74
10794,50.44
10795,58.55
10796,50.48
10797,51.9
10798,39.95
10799,42.99
10800,30.65
10801,47.02
10802,41.71
10803,44.41
10804,40.74
10805,44.61
10806,47.91
10807,50.33
10808,49.65
10809,50.78
10810,58.56
10811,43.19
10812,57.63
10813,35.5
10814,41.21
10815,46.27
10816,45.9
10817,55.3
10818,55.02
10819,50.99
10820,48.75
10821,41.69
10822,41.93
10823,31.78
10824,39.79
10825,39.6
10826,42.76
10827,40.48
10828,37.43
10829,46.8
10830,50.68
10831,59.75
10832,65.18
10833,58.55
10834,52.01
10835,56.31
10836,36.33
10837,48.59
10838,41.71
10839,52.58
10840,45.12
10841,56.98
10842,65.81
10843,55.52
10844,50.09
10845,41.62
10846,41.22
10847,44.81
10848,53.06
10849,56.08
10850,57.06
10851,67.35
10852,74.37
10853,86.96
10854,67.88
10855,104.16
10856,148.27
10857,69.26
10858,77.09
10859,63.52
10860,64.39
10861,60.79
10862,59.66
10863,69.37
10864,69.29
10865,101.38
10866,130.87
10867,96.73
10868,80.86
10869,65.43
10870,62.15
10871,52.16
10872,28.97
10873,29.51
10874,29.59
10875,25.67
10876,29.91
10877,39.87
10878,42.08
10879,49.01
10880,49.4
10881,42.1
10882,44.34
10883,40.68
10884,37.13
10885,39.93
10886,46.63
10887,50.36
10888,34.17
10889,42.16
10890,49.04
10891,44.17
10892,36.57
10893,36.8
10894,33.77
10895,30.85
10896,28.24
10897,30.6
10898,34.54
10899,34.15
10900,39.13
10901,34.17
10902,53.84
10903,47.29
10904,50.03
10905,56.2
10906,46.29
10907,47.52
10908,37.33
10909,38.92
10910,45.05
10911,45.22
10912,41.15
10913,44.17
10914,39.81
10915,36.11
10916,34.7
10917,42.78
10918,32.97
10919,35.12
10920,30.37
10921,36.18
10922,34.76
10923,37.8
10924,44.52
10925,44.74
10926,49.0
10927,50.85
10928,53.04
10929,51.48
10930,56.45
10931,56.48
10932,52.91
10933,53.9
10934,48.98
10935,44.2
10936,47.8
10937,48.88
10938,49.71
10939,56.95
10940,42.48
10941,42.95
10942,33.39
10943,44.37
10944,47.59
10945,43.9
10946,43.9
10947,47.92
10948,50.89
10949,53.26
10950,67.02
10951,74.56
10952,93.67
10953,68.86
10954,60.29
10955,49.28
10956,51.08
10957,52.73
10958,49.77
10959,52.21
10960,63.18
10961,64.93
10962,61.02
10963,54.47
10964,58.44
10965,43.82
10966,42.72
10967,41.13
10968,37.67
10969,35.51
10970,34.8
10971,34.62
10972,33.83
10973,42.28
10974,51.14
10975,44.71
10976,44.98
10977,41.81
10978,40.74
10979,40.07
10980,35.13
10981,37.09
10982,40.35
10983,36.79
10984,37.54
10985,42.57
10986,57.05
10987,50.66
10988,44.02
10989,43.58
10990,28.65
10991,33.86
10992,29.71
10993,38.1
10994,31.38
10995,39.7
10996,40.51
10997,47.01
10998,49.29
10999,43.67
11000,56.51
11001,44.22
11002,35.95
11003,39.23
11004,39.12
11005,33.19
11006,32.04
11007,41.59
11008,43.26
11009,46.33
11010,45.59
11011,44.96
11012,53.73
11013,36.21
11014,37.87
11015,41.18
11016,35.93
11017,38.43
11018,39.52
11019,36.01
11020,39.75
11021,40.84
11022,47.1
11023,49.26
11024,50.14
11025,50.39
11026,45.02
11027,43.06
11028,31.21
11029,36.31
11030,43.47
11031,46.93
11032,42.97
11033,47.51
11034,47.78
11035,51.05
11036,46.16
11037,40.13
11038,37.34
11039,37.5
11040,29.1
11041,30.53
11042,29.92
11043,28.71
11044,30.83
11045,33.96
11046,32.98
11047,49.32
11048,39.53
11049,49.39
11050,35.39
11051,38.64
11052,36.92
11053,35.38
11054,34.93
11055,34.34
11056,40.37
11057,31.83
11058,41.47
11059,28.94
11060,32.97
11061,33.59
11062,35.63
11063,19.92
11064,-27.26
11065,17.59
11066,-0.15
11067,-4.25
11068,6.02
11069,24.69
11070,24.19
11071,24.49
11072,19.09
11073,20.16
11074,8.72
11075,-18.98
11076,-47.51
11077,-62.82
11078,-116.26
11079,-66.61
11080,9.72
11081,16.04
11082,25.54
11083,22.75
11084,18.84
11085,18.43
11086,-20.84
11087,1.24
11088,31.48
11089,22.71
11090,26.57
11091,32.35
11092,32.74
11093,38.76
11094,33.16
11095,37.57
11096,37.54
11097,42.74
11098,35.71
11099,25.36
11100,21.23
11101,23.58
11102,23.62
11103,17.52
11104,35.34
11105,39.13
11106,33.41
11107,40.47
11108,31.6
11109,26.36
11110,27.65
11111,21.04
11112,12.37
11113,-14.88
11114,28.55
11115,21.82
11116,34.49
11117,34.94
11118,34.6
11119,37.28
11120,36.76
11121,37.16
11122,27.0
11123,28.02
11124,13.58
11125,25.84
11126,18.59
11127,22.04
11128,33.71
11129,25.36
11130,35.84
11131,30.37
11132,28.02
11133,28.26
11134,11.37
11135,14.53
11136,48.83
11137,38.37
11138,44.39
11139,43.19
11140,49.48
11141,53.83
11142,52.89
11143,79.36
11144,72.66
11145,69.64
11146,86.71
11147,50.5
11148,45.81
11149,52.96
11150,46.5
11151,55.79
11152,63.15
11153,54.29
11154,59.14
11155,58.16
11156,65.62
11157,56.76
11158,46.66
11159,44.54
11160,31.64
11161,39.07
11162,32.82
11163,41.32
11164,41.73
11165,50.46
11166,51.91
11167,56.79
11168,49.17
11169,60.45
11170,52.21
11171,42.74
11172,34.68
11173,44.43
11174,43.47
11175,42.03
11176,46.64
11177,40.84
11178,48.72
11179,49.18
11180,42.83
11181,43.75
11182,38.33
11183,39.18
11184,32.92
11185,27.63
11186,28.32
11187,34.65
11188,33.94
11189,32.03
11190,49.78
11191,42.53
11192,37.07
11193,42.19
11194,35.63
11195,34.02
11196,36.56
11197,35.7
11198,33.16
11199,32.81
11200,31.42
11201,40.2
11202,42.1
11203,42.3
11204,35.2
11205,31.66
11206,31.87
11207,30.12
11208,1.14
11209,10.45
11210,11.1
11211,25.67
11212,19.36
11213,28.49
11214,30.25
11215,34.06
11216,31.88
11217,28.11
11218,26.19
11219,36.56
11220,27.82
11221,25.73
11222,27.62
11223,21.54
11224,19.87
11225,20.93
11226,33.01
11227,33.34
11228,27.54
11229,23.93
11230,10.33
11231,15.27
11232,-0.34
11233,-23.63
11234,-3.09
11235,-13.66
11236,-66.84
11237,6.39
11238,21.18
11239,24.87
11240,29.13
11241,30.77
11242,24.68
11243,23.51
11244,26.13
11245,23.19
11246,21.25
11247,24.45
11248,20.07
11249,22.37
11250,31.47
11251,25.68
11252,20.46
11253,26.04
11254,2.97
11255,-32.62
11256,8.51
11257,20.03
11258,23.61
11259,19.84
11260,26.87
11261,24.29
11262,33.72
11263,31.3
11264,39.66
11265,36.34
11266,31.99
11267,33.38
11268,32.56
11269,27.65
11270,32.72
11271,34.02
11272,30.01
11273,28.02
11274,39.55
11275,32.54
11276,26.63
11277,18.81
11278,6.49
11279,18.98
11280,34.63
11281,36.99
11282,41.41
11283,39.19
11284,36.73
11285,47.45
11286,60.22
11287,56.95
11288,44.5
11289,61.87
11290,51.22
11291,42.81
11292,43.47
11293,40.42
11294,38.88
11295,40.47
11296,42.53
11297,61.08
11298,51.87
11299,45.11
11300,42.67
11301,44.09
11302,40.34
11303,42.93
11304,29.56
11305,24.77
11306,24.58
11307,29.16
11308,41.98
11309,41.72
11310,44.22
11311,48.94
11312,50.83
11313,43.89
11314,33.61
11315,35.51
11316,30.42
11317,30.45
11318,35.55
11319,32.68
11320,38.49
11321,45.93
11322,44.47
11323,48.95
11324,37.86
11325,37.29
11326,36.05
11327,27.93
11328,31.81
11329,32.17
11330,36.27
11331,39.96
11332,46.81
11333,40.11
11334,51.54
11335,50.61
11336,55.79
11337,53.34
11338,55.5
11339,47.59
11340,38.14
11341,42.01
11342,43.5
11343,43.84
11344,45.06
11345,46.52
11346,47.66
11347,48.09
11348,42.72
11349,37.64
11350,34.2
11351,33.74
11352,39.7
11353,42.08
11354,35.59
11355,39.65
11356,40.87
11357,46.28
11358,58.94
11359,51.84
11360,40.8
11361,49.17
11362,44.6
11363,38.45
11364,38.35
11365,33.52
11366,36.32
11367,35.4
11368,43.02
11369,44.09
11370,56.41
11371,47.55
11372,52.65
11373,44.85
11374,44.84
11375,38.04
11376,26.59
11377,28.94
11378,35.83
11379,32.63
11380,39.13
11381,49.13
11382,41.73
11383,38.27
11384,40.49
11385,38.99
11386,20.87
11387,29.82
11388,29.49
11389,-5.05
11390,32.99
11391,25.37
11392,27.0
11393,35.02
11394,54.24
11395,34.72
11396,35.87
11397,37.71
11398,33.49
11399,32.0
11400,31.09
11401,30.76
11402,23.07
11403,28.92
11404,34.75
11405,37.86
11406,35.75
11407,42.4
11408,45.98
11409,50.01
11410,46.33
11411,42.38
11412,37.24
11413,36.81
11414,31.17
11415,40.58
11416,31.33
11417,39.52
11418,38.58
11419,39.31
11420,39.62
11421,27.74
11422,28.01
11423,32.75
11424,31.27
11425,34.0
11426,31.9
11427,33.33
11428,41.76
11429,40.48
11430,53.81
11431,50.99
11432,49.25
11433,51.77
11434,50.63
11435,45.15
11436,39.3
11437,40.07
11438,43.48
11439,37.64
11440,40.55
11441,49.03
11442,58.13
11443,59.22
11444,33.17
11445,37.27
11446,27.23
11447,37.48
11448,37.95
11449,32.04
11450,32.73
11451,41.81
11452,47.47
11453,43.12
11454,40.41
11455,44.92
11456,50.77
11457,43.1
11458,30.83
11459,33.26
11460,35.21
11461,32.2
11462,33.95
11463,32.23
11464,34.49
11465,39.84
11466,50.27
11467,47.45
11468,47.16
11469,37.94
11470,35.53
11471,37.46
11472,30.6
11473,27.21
11474,29.73
11475,36.06
11476,36.55
11477,53.02
11478,41.77
11479,40.54
11480,45.4
11481,39.8
11482,37.48
11483,32.48
11484,37.24
11485,22.16
11486,36.14
11487,27.19
11488,42.58
11489,35.71
11490,43.79
11491,33.88
11492,37.94
11493,37.94
11494,29.44
11495,29.59
11496,34.88
11497,38.04
11498,35.5
11499,39.1
11500,34.33
11501,43.79
11502,51.67
11503,45.5
11504,46.9
11505,54.57
11506,44.64
11507,44.3
11508,37.63
11509,40.39
11510,30.57
11511,39.01
11512,48.71
11513,45.38
11514,45.26
11515,44.89
11516,53.11
11517,40.33
11518,36.71
11519,30.28
11520,34.77
11521,43.85
11522,36.59
11523,42.42
11524,35.57
11525,36.54
11526,74.95
11527,64.02
11528,44.41
11529,50.18
11530,40.77
11531,45.13
11532,31.54
11533,34.44
11534,33.8
11535,34.38
11536,38.23
11537,50.72
11538,54.79
11539,46.5
11540,52.16
11541,44.02
11542,37.87
11543,38.9
11544,-4.16
11545,-4.24
11546,6.07
11547,19.04
11548,-4.92
11549,25.16
11550,23.8
11551,10.33
11552,22.37
11553,15.24
11554,-5.88
11555,-57.54
11556,-92.91
11557,-94.33
11558,-117.44
11559,-104.4
11560,0.11
11561,23.0
11562,25.34
11563,26.4
11564,28.51
11565,-3.7
11566,-8.14
11567,9.77
11568,-28.69
11569,-34.94
11570,-64.37
11571,-27.11
11572,11.21
11573,3.21
11574,26.72
11575,29.9
11576,26.65
11577,28.54
11578,-3.41
11579,4.59
11580,-31.85
11581,-18.77
11582,-82.15
11583,-7.83
11584,16.1
11585,14.49
11586,21.4
11587,22.82
11588,22.83
11589,9.34
11590,-46.42
11591,-61.52
11592,9.11
11593,23.23
11594,20.5
11595,32.19
11596,33.67
11597,31.33
11598,38.51
11599,36.06
11600,32.19
11601,30.13
11602,21.04
11603,-29.86
11604,-41.7
11605,-24.99
11606,17.4
11607,7.71
11608,19.81
11609,27.56
11610,37.82
11611,37.18
11612,29.94
11613,17.06
11614,23.33
11615,20.67
11616,32.45
11617,30.19
11618,25.62
11619,24.13
11620,29.52
11621,39.44
11622,39.73
11623,42.68
11624,30.53
11625,39.74
11626,31.53
11627,27.42
11628,22.68
11629,23.96
11630,30.12
11631,27.74
11632,27.36
11633,34.09
11634,41.34
11635,40.62
11636,39.53
11637,34.33
11638,30.15
11639,27.63
11640,43.68
11641,44.11
11642,39.74
11643,47.79
11644,59.24
11645,50.79
11646,66.01
11647,64.33
11648,66.41
11649,59.71
11650,64.98
11651,62.85
11652,56.41
11653,43.0
11654,50.07
11655,38.59
11656,55.91
11657,58.44
11658,62.03
11659,55.5
11660,50.1
11661,46.33
11662,47.71
11663,36.02
11664,37.44
11665,32.45
11666,39.08
11667,38.06
11668,42.72
11669,40.85
11670,49.27
11671,45.9
11672,44.73
11673,41.63
11674,49.78
11675,37.18
11676,37.14
11677,29.05
11678,39.26
11679,33.73
11680,40.81
11681,49.26
11682,45.09
11683,49.13
11684,51.77
11685,37.42
11686,38.84
11687,31.81
11688,47.01
11689,42.05
11690,45.34
11691,47.74
11692,43.24
11693,54.99
11694,53.94
11695,58.31
11696,59.96
11697,56.63
11698,49.41
11699,49.71
11700,38.42
11701,42.45
11702,32.63
11703,41.95
11704,49.51
11705,61.42
11706,67.92
11707,66.32
11708,57.62
11709,53.15
11710,45.06
11711,50.23
11712,33.6
11713,37.12
11714,38.1
11715,39.19
11716,40.48
11717,39.16
11718,46.74
11719,55.4
11720,60.77
11721,51.42
11722,65.21
11723,40.7
11724,44.59
11725,55.34
11726,40.47
11727,48.75
11728,48.5
11729,47.07
11730,42.48
11731,53.6
11732,46.37
11733,40.87
11734,40.45
11735,30.82
11736,42.02
11737,38.08
11738,45.94
11739,38.03
11740,42.61
11741,47.15
11742,48.52
11743,53.45
11744,49.32
11745,48.28
11746,48.6
11747,38.35
11748,40.0
11749,33.28
11750,37.73
11751,44.29
11752,47.12
11753,55.96
11754,52.08
11755,54.5
11756,41.37
11757,43.7
11758,41.29
11759,37.66
11760,42.25
11761,47.08
11762,52.16
11763,49.14
11764,51.4
11765,62.45
11766,76.23
11767,89.75
11768,70.55
11769,94.63
11770,64.79
11771,81.12
11772,61.51
11773,59.61
11774,54.86
11775,58.26
11776,59.84
11777,67.14
11778,67.48
11779,63.86
11780,68.43
11781,52.78
11782,47.99
11783,50.85
11784,54.22
11785,48.59
11786,49.88
11787,47.03
11788,55.74
11789,65.94
11790,58.14
11791,70.8
11792,93.51
11793,66.17
11794,86.93
11795,56.62
11796,50.81
11797,53.12
11798,49.73
11799,55.72
11800,73.07
11801,86.34
11802,76.49
11803,77.16
11804,81.3
11805,56.71
11806,49.89
11807,46.23
11808,41.08
11809,49.12
11810,47.77
11811,41.99
11812,46.68
11813,44.73
11814,64.54
11815,55.82
11816,85.59
11817,67.6
11818,46.26
11819,57.12
11820,44.41
11821,42.72
11822,43.69
11823,46.17
11824,46.86
11825,60.54
11826,71.0
11827,59.5
11828,48.03
11829,50.17
11830,46.27
11831,42.65
11832,37.95
11833,40.15
11834,44.68
11835,44.4
11836,47.94
11837,46.84
11838,58.4
11839,58.36
11840,49.22
11841,52.51
11842,44.64
11843,43.35
11844,50.99
11845,39.86
11846,32.13
11847,38.0
11848,46.62
11849,61.28
11850,58.41
11851,64.32
11852,52.35
11853,42.91
11854,43.11
11855,39.69
11856,41.51
11857,49.0
11858,50.3
11859,48.99
11860,54.92
11861,67.2
11862,87.41
11863,76.22
11864,80.02
11865,69.1
11866,70.18
11867,69.72
11868,53.35
11869,56.59
11870,54.08
11871,53.84
11872,49.01
11873,66.23
11874,58.95
11875,61.31
11876,81.98
11877,53.54
11878,47.15
11879,48.11
11880,36.01
11881,36.5
11882,38.76
11883,38.27
11884,43.69
11885,44.58
11886,44.86
11887,55.45
11888,52.79
11889,45.53
11890,46.24
11891,41.29
11892,30.67
11893,42.75
11894,31.65
11895,33.05
11896,35.08
11897,52.59
11898,45.84
11899,55.1
11900,47.89
11901,40.37
11902,43.88
11903,37.67
11904,31.75
11905,30.23
11906,38.19
11907,35.71
11908,41.53
11909,39.76
11910,44.14
11911,52.06
11912,41.27
11913,33.52
11914,33.95
11915,35.3
11916,33.97
11917,30.63
11918,26.14
11919,32.08
11920,34.15
11921,31.84
11922,40.08
11923,45.0
11924,48.31
11925,36.19
11926,35.33
11927,37.26
11928,29.66
11929,31.52
11930,28.75
11931,35.36
11932,35.9
11933,36.54
11934,39.4
11935,34.76
11936,29.58
11937,27.16
11938,14.43
11939,21.71
11940,-8.55
11941,-19.95
11942,26.75
11943,26.46
11944,26.68
11945,33.55
11946,44.86
11947,40.35
11948,33.17
11949,39.42
11950,35.13
11951,28.13
11952,35.26
11953,32.12
11954,41.76
11955,35.85
11956,41.57
11957,40.15
11958,34.72
11959,40.97
11960,44.26
11961,32.46
11962,27.35
11963,30.73
11964,29.6
11965,26.1
11966,25.46
11967,28.55
11968,32.7
11969,46.31
11970,44.9
11971,45.56
11972,43.49
11973,40.31
11974,34.78
11975,35.46
11976,42.5
11977,41.85
11978,46.09
11979,46.78
11980,48.65
11981,53.36
11982,56.87
11983,61.64
11984,62.06
11985,52.2
11986,68.8
11987,54.85
11988,51.82
11989,43.54
11990,49.62
11991,52.85
11992,64.72
11993,50.54
11994,63.27
11995,58.32
11996,50.43
11997,45.75
11998,46.47
11999,40.13
12000,45.55
12001,41.23
12002,50.21
12003,51.4
12004,51.03
12005,53.82
12006,65.37
12007,55.96
12008,60.29
12009,55.59
12010,48.67
12011,41.42
12012,42.24
12013,45.04
12014,40.26
12015,44.78
12016,46.44
12017,59.65
12018,69.49
12019,69.27
12020,54.92
12021,50.28
12022,50.77
12023,42.14
12024,38.19
12025,47.21
12026,45.4
12027,49.47
12028,54.24
12029,45.31
12030,57.23
12031,62.84
12032,54.83
12033,50.4
12034,41.91
12035,48.03
12036,42.99
12037,39.63
12038,37.11
12039,44.58
12040,45.99
12041,56.36
12042,61.43
12043,55.39
12044,51.07
12045,46.79
12046,48.71
12047,38.59
12048,25.08
12049,30.96
12050,30.96
12051,30.9
12052,36.21
12053,36.0
12054,43.07
12055,34.35
12056,43.27
12057,28.8
12058,32.17
12059,28.26
12060,24.3
12061,10.1
12062,17.98
12063,26.05
12064,33.14
12065,38.72
12066,45.51
12067,45.25
12068,36.81
12069,35.21
12070,33.81
12071,30.19
12072,39.46
12073,35.45
12074,36.64
12075,39.06
12076,48.46
12077,50.71
12078,47.03
12079,53.9
12080,53.28
12081,44.82
12082,41.86
12083,47.82
12084,46.49
12085,44.01
12086,43.56
12087,48.35
12088,43.12
12089,49.45
12090,67.05
12091,47.72
12092,47.55
12093,44.66
12094,42.47
12095,40.18
12096,33.53
12097,31.71
12098,32.1
12099,30.72
12100,38.28
12101,42.13
12102,41.23
12103,41.15
12104,40.51
12105,36.15
12106,45.23
12107,34.44
12108,33.0
12109,28.06
12110,32.92
12111,34.06
12112,37.04
12113,42.33
12114,53.27
12115,40.39
12116,47.6
12117,39.14
12118,31.58
12119,29.25
12120,35.36
12121,33.45
12122,36.36
12123,40.6
12124,38.15
12125,45.04
12126,61.33
12127,35.99
12128,40.08
12129,36.95
12130,34.08
12131,29.25
12132,1.53
12133,22.88
12134,34.66
12135,30.43
12136,36.87
12137,45.35
12138,51.16
12139,47.38
12140,40.38
12141,40.73
12142,37.1
12143,42.51
12144,29.36
12145,35.16
12146,26.26
12147,33.34
12148,36.79
12149,35.84
12150,46.2
12151,38.99
12152,31.0
12153,29.26
12154,32.86
12155,38.17
12156,23.01
12157,9.84
12158,19.1
12159,27.39
12160,29.79
12161,37.49
12162,48.84
12163,38.36
12164,44.57
12165,34.48
12166,28.79
12167,38.15
12168,41.44
12169,42.4
12170,48.56
12171,43.16
12172,44.66
12173,44.7
12174,54.63
12175,52.48
12176,45.97
12177,42.68
12178,43.67
12179,38.14
12180,39.28
12181,33.8
12182,37.53
12183,38.6
12184,33.84
12185,45.09
12186,60.02
12187,57.86
12188,49.74
12189,47.26
12190,43.06
12191,39.48
12192,5.88
12193,11.43
12194,16.47
12195,4.55
12196,29.11
12197,26.9
12198,35.85
12199,40.68
12200,28.02
12201,29.44
12202,21.6
12203,29.11
12204,3.41
12205,-44.36
12206,25.49
12207,14.26
12208,20.68
12209,30.67
12210,36.43
12211,38.21
12212,22.21
12213,18.64
12214,28.66
12215,23.82
12216,8.0
12217,-5.78
12218,20.47
12219,-4.63
12220,21.29
12221,26.06
12222,25.22
12223,31.49
12224,24.76
12225,14.87
12226,-27.43
12227,-10.05
12228,-111.37
12229,-44.0
12230,-89.46
12231,-56.47
12232,-39.02
12233,5.55
12234,32.24
12235,25.49
12236,20.23
12237,-0.35
12238,16.02
12239,-19.22
12240,31.42
12241,31.32
12242,32.05
12243,32.87
12244,36.69
12245,43.17
12246,45.58
12247,44.37
12248,49.37
12249,37.92
12250,42.3
12251,40.52
12252,42.33
12253,38.13
12254,36.78
12255,38.13
12256,38.81
12257,41.75
12258,46.22
12259,51.33
12260,36.33
12261,36.45
12262,35.61
12263,35.54
12264,-17.32
12265,24.2
12266,25.46
12267,21.16
12268,24.67
12269,23.56
12270,36.97
12271,36.11
12272,34.99
12273,35.94
12274,18.83
12275,39.36
12276,34.78
12277,16.74
12278,25.98
12279,25.08
12280,26.12
12281,38.08
12282,40.99
12283,34.51
12284,26.1
12285,28.91
12286,9.03
12287,25.64
12288,13.66
12289,4.26
12290,3.13
12291,21.47
12292,30.42
12293,29.15
12294,36.53
12295,29.63
12296,29.92
12297,21.63
12298,6.92
12299,-2.06
12300,-106.19
12301,-62.94
12302,-8.95
12303,18.67
12304,19.05
12305,19.37
12306,34.14
12307,35.8
12308,29.78
12309,23.19
12310,3.39
12311,20.35
12312,-51.83
12313,-11.18
12314,-82.24
12315,17.59
12316,17.52
12317,10.3
12318,24.9
12319,26.1
12320,-2.12
12321,25.09
12322,-74.39
12323,-110.47
12324,-114.74
12325,-50.31
12326,-113.84
12327,-96.53
12328,-28.56
12329,24.6
12330,22.73
12331,24.43
12332,-13.7
12333,18.69
12334,-50.55
12335,-18.34
12336,29.59
12337,28.78
12338,35.09
12339,29.61
12340,34.2
12341,32.32
12342,41.25
12343,36.19
12344,46.63
12345,37.46
12346,44.16
12347,30.46
12348,18.99
12349,27.5
12350,20.91
12351,20.44
12352,26.5
12353,36.37
12354,39.73
12355,27.13
12356,36.24
12357,33.85
12358,35.29
12359,28.1
12360,-0.64
12361,10.54
12362,23.79
12363,18.41
12364,25.9
12365,29.18
12366,34.59
12367,39.78
12368,28.01
12369,32.96
12370,22.28
12371,27.15
12372,19.8
12373,30.4
12374,24.23
12375,23.08
12376,15.11
12377,37.44
12378,30.8
12379,29.76
12380,29.67
12381,22.2
12382,24.8
12383,24.45
12384,23.05
12385,27.13
12386,20.58
12387,29.56
12388,20.96
12389,36.71
12390,37.52
12391,23.76
12392,28.84
12393,14.66
12394,-41.23
12395,-98.9
12396,-106.81
12397,-127.16
12398,-48.52
12399,-76.61
12400,4.08
12401,-7.56
12402,32.21
12403,26.57
12404,34.27
12405,24.96
12406,27.48
12407,23.26
12408,34.55
12409,37.79
12410,33.62
12411,40.36
12412,37.39
12413,49.65
12414,46.07
12415,41.9
12416,47.27
12417,44.22
12418,38.09
12419,30.19
12420,32.26
12421,29.76
12422,27.52
12423,33.36
12424,36.52
12425,44.68
12426,52.31
12427,50.48
12428,45.02
12429,35.9
12430,41.51
12431,39.32
12432,31.46
12433,35.62
12434,30.03
12435,37.9
12436,35.83
12437,43.64
12438,44.48
12439,41.15
12440,55.03
12441,48.09
12442,46.75
12443,45.27
12444,41.6
12445,49.77
12446,39.33
12447,33.28
12448,44.55
12449,38.64
12450,54.42
12451,41.34
12452,45.77
12453,35.09
12454,37.36
12455,34.1
12456,42.86
12457,42.04
12458,40.71
12459,49.32
12460,49.06
12461,46.47
12462,63.41
12463,49.63
12464,63.0
12465,49.64
12466,51.31
12467,40.03
12468,40.37
12469,43.05
12470,43.9
12471,33.95
12472,44.38
12473,44.79
12474,51.27
12475,54.07
12476,51.28
12477,42.81
12478,40.71
12479,46.25
12480,42.03
12481,41.8
12482,45.14
12483,44.96
12484,48.93
12485,60.64
12486,55.92
12487,52.59
12488,42.77
12489,40.86
12490,38.3
12491,35.21
12492,27.74
12493,24.73
12494,32.76
12495,35.73
12496,41.66
12497,45.73
12498,57.54
12499,49.31
12500,43.41
12501,42.68
12502,39.59
12503,41.46
12504,39.96
12505,44.41
12506,37.99
12507,36.64
12508,43.25
12509,44.27
12510,50.53
12511,51.71
12512,39.97
12513,46.31
12514,42.19
12515,31.34
12516,40.58
12517,28.67
12518,26.72
12519,35.44
12520,34.22
12521,51.01
12522,44.12
12523,53.59
12524,46.47
12525,45.6
12526,39.73
12527,35.93
12528,32.92
12529,36.79
12530,36.97
12531,45.25
12532,42.04
12533,43.19
12534,54.95
12535,41.86
12536,47.55
12537,37.78
12538,38.38
12539,29.34
12540,28.01
12541,34.09
12542,35.5
12543,28.15
12544,36.48
12545,43.47
12546,43.09
12547,45.67
12548,41.53
12549,34.11
12550,38.69
12551,37.41
12552,37.47
12553,42.03
12554,34.38
12555,36.1
12556,42.62
12557,44.28
12558,47.43
12559,44.11
12560,41.34
12561,40.21
12562,33.79
12563,31.57
12564,28.09
12565,41.69
12566,30.37
12567,34.77
12568,40.17
12569,44.88
12570,51.29
12571,43.64
12572,45.45
12573,38.32
12574,38.88
12575,37.09
12576,26.28
12577,29.41
12578,32.3
12579,33.35
12580,31.86
12581,40.06
12582,38.46
12583,35.44
12584,21.21
12585,16.26
12586,9.89
12587,-82.74
12588,-31.48
12589,-101.35
12590,-53.56
12591,9.66
12592,25.2
12593,34.52
12594,37.85
12595,42.31
12596,30.42
12597,36.89
12598,28.93
12599,31.35
12600,29.67
12601,30.14
12602,33.59
12603,31.27
12604,35.31
12605,41.96
12606,43.38
12607,41.39
12608,34.19
12609,28.62
12610,23.28
12611,20.03
12612,7.4
12613,-42.27
12614,34.74
12615,27.64
12616,25.61
12617,32.85
12618,40.75
12619,50.88
12620,39.16
12621,37.45
12622,35.04
12623,33.4
12624,42.85
12625,37.1
12626,33.96
12627,42.99
12628,43.07
12629,48.14
12630,50.67
12631,48.24
12632,45.13
12633,38.77
12634,39.0
12635,36.79
12636,30.96
12637,29.99
12638,18.6
12639,20.83
12640,41.15
12641,43.48
12642,52.56
12643,55.8
12644,59.64
12645,46.18
12646,32.93
12647,46.08
12648,35.31
12649,39.15
12650,38.18
12651,49.01
12652,45.94
12653,46.51
12654,53.45
12655,55.23
12656,53.98
12657,46.63
12658,40.7
12659,38.71
12660,20.76
12661,30.43
12662,24.67
12663,41.35
12664,41.0
12665,49.16
12666,54.56
12667,49.03
12668,50.69
12669,43.4
12670,42.24
12671,37.67
12672,39.12
12673,40.79
12674,41.31
12675,45.12
12676,41.95
12677,52.02
12678,57.28
12679,50.89
12680,53.95
12681,43.45
12682,40.83
12683,33.93
12684,38.16
12685,33.43
12686,31.35
12687,41.17
12688,38.88
12689,48.31
12690,55.18
12691,55.58
12692,55.03
12693,44.27
12694,51.11
12695,41.15
12696,45.8
12697,41.69
12698,43.06
12699,47.0
12700,48.82
12701,54.95
12702,65.33
12703,59.7
12704,50.23
12705,41.95
12706,42.58
12707,35.66
12708,32.71
12709,35.03
12710,33.55
12711,40.71
12712,41.77
12713,52.79
12714,62.83
12715,59.48
12716,50.23
12717,45.89
12718,45.71
12719,46.29
12720,27.44
12721,27.51
12722,31.92
12723,19.6
12724,37.97
12725,36.85
12726,43.08
12727,38.21
12728,47.7
12729,49.67
12730,33.84
12731,29.71
12732,27.17
12733,31.8
12734,32.37
12735,32.56
12736,30.3
12737,38.24
12738,41.97
12739,36.35
12740,36.86
12741,34.03
12742,31.87
12743,31.4
12744,26.83
12745,20.06
12746,28.86
12747,27.35
12748,34.88
12749,32.44
12750,34.81
12751,34.14
12752,42.44
12753,36.09
12754,28.42
12755,8.17
12756,26.99
12757,27.31
12758,30.16
12759,29.37
12760,35.94
12761,32.96
12762,34.56
12763,39.38
12764,38.95
12765,29.16
12766,29.59
12767,25.54
12768,-91.86
12769,-56.73
12770,-113.36
12771,-55.18
12772,-50.01
12773,-30.1
12774,10.62
12775,-1.21
12776,19.52
12777,-3.34
12778,10.74
12779,-98.53
12780,-91.62
12781,-125.75
12782,-124.59
12783,-78.85
12784,-27.45
12785,-10.21
12786,20.33
12787,-11.15
12788,7.82
12789,-60.73
12790,-5.53
12791,-109.01
12792,-113.42
12793,-120.48
12794,-70.45
12795,-114.71
12796,-48.64
12797,-57.26
12798,-86.99
12799,-53.34
12800,-50.76
12801,-20.57
12802,-104.09
12803,-128.76
12804,-98.37
12805,-94.57
12806,-104.51
12807,-29.46
12808,-116.11
12809,-56.03
12810,2.41
12811,-54.66
12812,-21.94
12813,-102.71
12814,-114.81
12815,-116.9
12816,-41.23
12817,-121.15
12818,-73.59
12819,-101.1
12820,-31.17
12821,5.57
12822,5.02
12823,8.76
12824,16.9
12825,-10.17
12826,-94.31
12827,-94.49
12828,2.0
12829,-111.96
12830,-118.94
12831,-47.51
12832,-97.61
12833,0.11
12834,12.13
12835,-12.59
12836,1.45
12837,-55.92
12838,-47.42
12839,-81.17
12840,32.23
12841,27.74
12842,24.37
12843,35.33
12844,36.06
12845,34.77
12846,35.6
12847,42.61
12848,38.57
12849,44.08
12850,37.03
12851,26.22
12852,41.51
12853,45.54
12854,34.95
12855,34.31
12856,40.54
12857,37.27
12858,42.74
12859,45.31
12860,37.93
12861,30.75
12862,34.78
12863,29.31
12864,34.12
12865,31.16
12866,30.66
12867,33.29
12868,41.48
12869,43.66
12870,43.38
12871,48.17
12872,46.88
12873,41.65
12874,41.11
12875,40.92
12876,36.8
12877,45.74
12878,28.6
12879,42.24
12880,41.95
12881,43.26
12882,49.39
12883,39.01
12884,41.73
12885,41.24
12886,35.91
12887,32.76
12888,36.32
12889,38.2
12890,37.49
12891,40.28
12892,43.26
12893,43.2
12894,53.8
12895,50.24
12896,57.75
12897,38.49
12898,38.86
12899,42.32
12900,33.86
12901,35.77
12902,34.61
12903,34.72
12904,47.79
12905,51.74
12906,48.16
12907,51.44
12908,48.11
12909,45.01
12910,42.27
12911,37.18
12912,16.2
12913,22.85
12914,17.68
12915,24.81
12916,21.65
12917,26.83
12918,21.49
12919,25.24
12920,17.8
12921,25.12
12922,28.86
12923,-45.73
12924,13.91
12925,-32.0
12926,0.42
12927,-27.63
12928,22.67
12929,25.69
12930,39.44
12931,30.99
12932,25.45
12933,33.06
12934,21.12
12935,1.74
12936,23.75
12937,29.24
12938,25.7
12939,23.81
12940,26.58
12941,28.12
12942,38.84
12943,32.41
12944,33.28
12945,14.25
12946,17.76
12947,7.63
12948,-2.5
12949,11.36
12950,9.33
12951,15.34
12952,0.93
12953,33.83
12954,35.63
12955,34.54
12956,26.28
12957,29.22
12958,25.99
12959,26.11
12960,27.61
12961,25.15
12962,24.12
12963,33.12
12964,34.43
12965,37.66
12966,35.72
12967,42.73
12968,34.42
12969,37.04
12970,36.92
12971,24.7
12972,36.21
12973,41.4
12974,34.73
12975,32.63
12976,39.18
12977,36.81
12978,43.47
12979,44.61
12980,39.51
12981,30.48
12982,31.6
12983,32.06
12984,30.58
12985,34.82
12986,34.14
12987,29.53
12988,32.2
12989,44.09
12990,38.52
12991,45.95
12992,44.64
12993,49.02
12994,56.26
12995,47.3
12996,50.22
12997,40.89
12998,39.82
12999,41.04
13000,49.25
13001,44.75
13002,53.58
13003,42.96
13004,40.32
13005,38.39
13006,39.02
13007,42.49
13008,30.51
13009,32.61
13010,30.23
13011,27.69
13012,30.74
13013,38.63
13014,38.43
13015,47.12
13016,37.04
13017,29.09
13018,33.67
13019,33.26
13020,27.66
13021,28.25
13022,21.11
13023,28.74
13024,29.8
13025,35.46
13026,40.59
13027,36.66
13028,36.91
13029,31.37
13030,34.89
13031,29.75
13032,28.89
13033,27.69
13034,37.06
13035,32.22
13036,37.08
13037,43.63
13038,42.17
13039,56.44
13040,37.64
13041,51.6
13042,41.63
13043,44.12
13044,38.61
13045,28.38
13046,22.13
13047,34.58
13048,36.74
13049,46.1
13050,48.57
13051,41.2
13052,52.09
13053,40.13
13054,30.04
13055,34.45
13056,22.38
13057,27.54
13058,30.13
13059,30.12
13060,31.6
13061,40.27
13062,38.74
13063,35.62
13064,47.81
13065,45.45
13066,40.98
13067,40.87
13068,41.77
13069,29.8
13070,43.97
13071,32.91
13072,40.15
13073,37.59
13074,45.1
13075,43.63
13076,40.01
13077,34.75
13078,31.67
13079,29.32
13080,34.84
13081,34.7
13082,30.08
13083,39.08
13084,42.47
13085,44.51
13086,47.6
13087,52.43
13088,43.06
13089,41.39
13090,34.72
13091,31.9
13092,32.64
13093,15.68
13094,22.85
13095,38.24
13096,35.14
13097,36.92
13098,52.02
13099,45.34
13100,40.89
13101,35.91
13102,40.15
13103,34.61
