product_id,zone,delivery_start,delivery_end,resolution
0,ZONE1,2025-01-01 00:00:00+00:00,2025-01-01 01:00:00+00:00,H
1,ZONE1,2025-01-01 01:00:00+00:00,2025-01-01 02:00:00+00:00,H
2,ZONE1,2025-01-01 02:00:00+00:00,2025-01-01 03:00:00+00:00,H
3,ZONE1,2025-01-01 03:00:00+00:00,2025-01-01 04:00:00+00:00,H
4,ZONE1,2025-01-01 04:00:00+00:00,2025-01-01 05:00:00+00:00,H
5,ZONE1,2025-01-01 05:00:00+00:00,2025-01-01 06:00:00+00:00,H
6,ZONE1,2025-01-01 06:00:00+00:00,2025-01-01 07:00:00+00:00,H
7,ZONE1,2025-01-01 07:00:00+00:00,2025-01-01 08:00:00+00:00,H
8,ZONE1,2025-01-01 08:00:00+00:00,2025-01-01 09:00:00+00:00,H
9,ZONE1,2025-01-01 09:00:00+00:00,2025-01-01 10:00:00+00:00,H
10,ZONE1,2025-01-01 10:00:00+00:00,2025-01-01 11:00:00+00:00,H
11,ZONE1,2025-01-01 11:00:00+00:00,2025-01-01 12:00:00+00:00,H
12,ZONE1,2025-01-01 12:00:00+00:00,2025-01-01 13:00:00+00:00,H
13,ZONE1,2025-01-01 13:00:00+00:00,2025-01-01 14:00:00+00:00,H
14,ZONE1,2025-01-01 14:00:00+00:00,2025-01-01 15:00:00+00:00,H
15,ZONE1,2025-01-01 15:00:00+00:00,2025-01-01 16:00:00+00:00,H
16,ZONE1,2025-01-01 16:00:00+00:00,2025-01-01 17:00:00+00:00,H
17,ZONE1,2025-01-01 17:00:00+00:00,2025-01-01 18:00:00+00:00,H
18,ZONE1,2025-01-01 18:00:00+00:00,2025-01-01 19:00:00+00:00,H
19,ZONE1,2025-01-01 19:00:00+00:00,2025-01-01 20:00:00+00:00,H
20,ZONE1,2025-01-01 20:00:00+00:00,2025-01-01 21:00:00+00:00,H
21,ZONE1,2025-01-01 21:00:00+00:00,2025-01-01 22:00:00+00:00,H
22,ZONE1,2025-01-01 22:00:00+00:00,2025-01-01 23:00:00+00:00,H
23,ZONE1,2025-01-01 23:00:00+00:00,2025-01-02 00:00:00+00:00,H
24,ZONE1,2025-01-02 00:00:00+00:00,2025-01-02 01:00:00+00:00,H
25,ZONE1,2025-01-02 01:00:00+00:00,2025-01-02 02:00:00+00:00,H
26,ZONE1,2025-01-02 02:00:00+00:00,2025-01-02 03:00:00+00:00,H
27,ZONE1,2025-01-02 03:00:00+00:00,2025-01-02 04:00:00+00:00,H
28,ZONE1,2025-01-02 04:00:00+00:00,2025-01-02 05:00:00+00:00,H
29,ZONE1,2025-01-02 05:00:00+00:00,2025-01-02 06:00:00+00:00,H
30,ZONE1,2025-01-02 06:00:00+00:00,2025-01-02 07:00:00+00:00,H
31,ZONE1,2025-01-02 07:00:00+00:00,2025-01-02 08:00:00+00:00,H
32,ZONE1,2025-01-02 08:00:00+00:00,2025-01-02 09:00:00+00:00,H
33,ZONE1,2025-01-02 09:00:00+00:00,2025-01-02 10:00:00+00:00,H
34,ZONE1,2025-01-02 10:00:00+00:00,2025-01-02 11:00:00+00:00,H
35,ZONE1,2025-01-02 11:00:00+00:00,2025-01-02 12:00:00+00:00,H
36,ZONE1,2025-01-02 12:00:00+00:00,2025-01-02 13:00:00+00:00,H
37,ZONE1,2025-01-02 13:00:00+00:00,2025-01-02 14:00:00+00:00,H
38,ZONE1,2025-01-02 14:00:00+00:00,2025-01-02 15:00:00+00:00,H
39,ZONE1,2025-01-02 15:00:00+00:00,2025-01-02 16:00:00+00:00,H
40,ZONE1,2025-01-02 16:00:00+00:00,2025-01-02 17:00:00+00:00,H
41,ZONE1,2025-01-02 17:00:00+00:00,2025-01-02 18:00:00+00:00,H
42,ZONE1,2025-01-02 18:00:00+00:00,2025-01-02 19:00:00+00:00,H
43,ZONE1,2025-01-02 19:00:00+00:00,2025-01-02 20:00:00+00:00,H
44,ZONE1,2025-01-02 20:00:00+00:00,2025-01-02 21:00:00+00:00,H
45,ZONE1,2025-01-02 21:00:00+00:00,2025-01-02 22:00:00+00:00,H
46,ZONE1,2025-01-02 22:00:00+00:00,2025-01-02 23:00:00+00:00,H
47,ZONE1,2025-01-02 23:00:00+00:00,2025-01-03 00:00:00+00:00,H
48,ZONE1,2025-01-03 00:00:00+00:00,2025-01-03 01:00:00+00:00,H
49,ZONE1,2025-01-03 01:00:00+00:00,2025-01-03 02:00:00+00:00,H
50,ZONE1,2025-01-03 02:00:00+00:00,2025-01-03 03:00:00+00:00,H
51,ZONE1,2025-01-03 03:00:00+00:00,2025-01-03 04:00:00+00:00,H
52,ZONE1,2025-01-03 04:00:00+00:00,2025-01-03 05:00:00+00:00,H
53,ZONE1,2025-01-03 05:00:00+00:00,2025-01-03 06:00:00+00:00,H
54,ZONE1,2025-01-03 06:00:00+00:00,2025-01-03 07:00:00+00:00,H
55,ZONE1,2025-01-03 07:00:00+00:00,2025-01-03 08:00:00+00:00,H
56,ZONE1,2025-01-03 08:00:00+00:00,2025-01-03 09:00:00+00:00,H
57,ZONE1,2025-01-03 09:00:00+00:00,2025-01-03 10:00:00+00:00,H
58,ZONE1,2025-01-03 10:00:00+00:00,2025-01-03 11:00:00+00:00,H
59,ZONE1,2025-01-03 11:00:00+00:00,2025-01-03 12:00:00+00:00,H
60,ZONE1,2025-01-03 12:00:00+00:00,2025-01-03 13:00:00+00:00,H
61,ZONE1,2025-01-03 13:00:00+00:00,2025-01-03 14:00:00+00:00,H
62,ZONE1,2025-01-03 14:00:00+00:00,2025-01-03 15:00:00+00:00,H
63,ZONE1,2025-01-03 15:00:00+00:00,2025-01-03 16:00:00+00:00,H
64,ZONE1,2025-01-03 16:00:00+00:00,2025-01-03 17:00:00+00:00,H
65,ZONE1,2025-01-03 17:00:00+00:00,2025-01-03 18:00:00+00:00,H
66,ZONE1,2025-01-03 18:00:00+00:00,2025-01-03 19:00:00+00:00,H
67,ZONE1,2025-01-03 19:00:00+00:00,2025-01-03 20:00:00+00:00,H
68,ZONE1,2025-01-03 20:00:00+00:00,2025-01-03 21:00:00+00:00,H
69,ZONE1,2025-01-03 21:00:00+00:00,2025-01-03 22:00:00+00:00,H
70,ZONE1,2025-01-03 22:00:00+00:00,2025-01-03 23:00:00+00:00,H
71,ZONE1,2025-01-03 23:00:00+00:00,2025-01-04 00:00:00+00:00,H
72,ZONE1,2025-01-04 00:00:00+00:00,2025-01-04 01:00:00+00:00,H
73,ZONE1,2025-01-04 01:00:00+00:00,2025-01-04 02:00:00+00:00,H
74,ZONE1,2025-01-04 02:00:00+00:00,2025-01-04 03:00:00+00:00,H
75,ZONE1,2025-01-04 03:00:00+00:00,2025-01-04 04:00:00+00:00,H
76,ZONE1,2025-01-04 04:00:00+00:00,2025-01-04 05:00:00+00:00,H
77,ZONE1,2025-01-04 05:00:00+00:00,2025-01-04 06:00:00+00:00,H
78,ZONE1,2025-01-04 06:00:00+00:00,2025-01-04 07:00:00+00:00,H
79,ZONE1,2025-01-04 07:00:00+00:00,2025-01-04 08:00:00+00:00,H
80,ZONE1,2025-01-04 08:00:00+00:00,2025-01-04 09:00:00+00:00,H
81,ZONE1,2025-01-04 09:00:00+00:00,2025-01-04 10:00:00+00:00,H
82,ZONE1,2025-01-04 10:00:00+00:00,2025-01-04 11:00:00+00:00,H
83,ZONE1,2025-01-04 11:00:00+00:00,2025-01-04 12:00:00+00:00,H
84,ZONE1,2025-01-04 12:00:00+00:00,2025-01-04 13:00:00+00:00,H
85,ZONE1,2025-01-04 13:00:00+00:00,2025-01-04 14:00:00+00:00,H
86,ZONE1,2025-01-04 14:00:00+00:00,2025-01-04 15:00:00+00:00,H
87,ZONE1,2025-01-04 15:00:00+00:00,2025-01-04 16:00:00+00:00,H
88,ZONE1,2025-01-04 16:00:00+00:00,2025-01-04 17:00:00+00:00,H
89,ZONE1,2025-01-04 17:00:00+00:00,2025-01-04 18:00:00+00:00,H
90,ZONE1,2025-01-04 18:00:00+00:00,2025-01-04 19:00:00+00:00,H
91,ZONE1,2025-01-04 19:00:00+00:00,2025-01-04 20:00:00+00:00,H
92,ZONE1,2025-01-04 20:00:00+00:00,2025-01-04 21:00:00+00:00,H
93,ZONE1,2025-01-04 21:00:00+00:00,2025-01-04 22:00:00+00:00,H
94,ZONE1,2025-01-04 22:00:00+00:00,2025-01-04 23:00:00+00:00,H
95,ZONE1,2025-01-04 23:00:00+00:00,2025-01-05 00:00:00+00:00,H
96,ZONE1,2025-01-05 00:00:00+00:00,2025-01-05 01:00:00+00:00,H
97,ZONE1,2025-01-05 01:00:00+00:00,2025-01-05 02:00:00+00:00,H
98,ZONE1,2025-01-05 02:00:00+00:00,2025-01-05 03:00:00+00:00,H
99,ZONE1,2025-01-05 03:00:00+00:00,2025-01-05 04:00:00+00:00,H
100,ZONE1,2025-01-05 04:00:00+00:00,2025-01-05 05:00:00+00:00,H
101,ZONE1,2025-01-05 05:00:00+00:00,2025-01-05 06:00:00+00:00,H
102,ZONE1,2025-01-05 06:00:00+00:00,2025-01-05 07:00:00+00:00,H
103,ZONE1,2025-01-05 07:00:00+00:00,2025-01-05 08:00:00+00:00,H
104,ZONE1,2025-01-05 08:00:00+00:00,2025-01-05 09:00:00+00:00,H
105,ZONE1,2025-01-05 09:00:00+00:00,2025-01-05 10:00:00+00:00,H
106,ZONE1,2025-01-05 10:00:00+00:00,2025-01-05 11:00:00+00:00,H
107,ZONE1,2025-01-05 11:00:00+00:00,2025-01-05 12:00:00+00:00,H
108,ZONE1,2025-01-05 12:00:00+00:00,2025-01-05 13:00:00+00:00,H
109,ZONE1,2025-01-05 13:00:00+00:00,2025-01-05 14:00:00+00:00,H
110,ZONE1,2025-01-05 14:00:00+00:00,2025-01-05 15:00:00+00:00,H
111,ZONE1,2025-01-05 15:00:00+00:00,2025-01-05 16:00:00+00:00,H
112,ZONE1,2025-01-05 16:00:00+00:00,2025-01-05 17:00:00+00:00,H
113,ZONE1,2025-01-05 17:00:00+00:00,2025-01-05 18:00:00+00:00,H
114,ZONE1,2025-01-05 18:00:00+00:00,2025-01-05 19:00:00+00:00,H
115,ZONE1,2025-01-05 19:00:00+00:00,2025-01-05 20:00:00+00:00,H
116,ZONE1,2025-01-05 20:00:00+00:00,2025-01-05 21:00:00+00:00,H
117,ZONE1,2025-01-05 21:00:00+00:00,2025-01-05 22:00:00+00:00,H
118,ZONE1,2025-01-05 22:00:00+00:00,2025-01-05 23:00:00+00:00,H
119,ZONE1,2025-01-05 23:00:00+00:00,2025-01-06 00:00:00+00:00,H
120,ZONE1,2025-01-06 00:00:00+00:00,2025-01-06 01:00:00+00:00,H
121,ZONE1,2025-01-06 01:00:00+00:00,2025-01-06 02:00:00+00:00,H
122,ZONE1,2025-01-06 02:00:00+00:00,2025-01-06 03:00:00+00:00,H
123,ZONE1,2025-01-06 03:00:00+00:00,2025-01-06 04:00:00+00:00,H
124,ZONE1,2025-01-06 04:00:00+00:00,2025-01-06 05:00:00+00:00,H
125,ZONE1,2025-01-06 05:00:00+00:00,2025-01-06 06:00:00+00:00,H
126,ZONE1,2025-01-06 06:00:00+00:00,2025-01-06 07:00:00+00:00,H
127,ZONE1,2025-01-06 07:00:00+00:00,2025-01-06 08:00:00+00:00,H
128,ZONE1,2025-01-06 08:00:00+00:00,2025-01-06 09:00:00+00:00,H
129,ZONE1,2025-01-06 09:00:00+00:00,2025-01-06 10:00:00+00:00,H
130,ZONE1,2025-01-06 10:00:00+00:00,2025-01-06 11:00:00+00:00,H
131,ZONE1,2025-01-06 11:00:00+00:00,2025-01-06 12:00:00+00:00,H
132,ZONE1,2025-01-06 12:00:00+00:00,2025-01-06 13:00:00+00:00,H
133,ZONE1,2025-01-06 13:00:00+00:00,2025-01-06 14:00:00+00:00,H
134,ZONE1,2025-01-06 14:00:00+00:00,2025-01-06 15:00:00+00:00,H
135,ZONE1,2025-01-06 15:00:00+00:00,2025-01-06 16:00:00+00:00,H
136,ZONE1,2025-01-06 16:00:00+00:00,2025-01-06 17:00:00+00:00,H
137,ZONE1,2025-01-06 17:00:00+00:00,2025-01-06 18:00:00+00:00,H
138,ZONE1,2025-01-06 18:00:00+00:00,2025-01-06 19:00:00+00:00,H
139,ZONE1,2025-01-06 19:00:00+00:00,2025-01-06 20:00:00+00:00,H
140,ZONE1,2025-01-06 20:00:00+00:00,2025-01-06 21:00:00+00:00,H
141,ZONE1,2025-01-06 21:00:00+00:00,2025-01-06 22:00:00+00:00,H
142,ZONE1,2025-01-06 22:00:00+00:00,2025-01-06 23:00:00+00:00,H
143,ZONE1,2025-01-06 23:00:00+00:00,2025-01-07 00:00:00+00:00,H
144,ZONE1,2025-01-07 00:00:00+00:00,2025-01-07 01:00:00+00:00,H
145,ZONE1,2025-01-07 01:00:00+00:00,2025-01-07 02:00:00+00:00,H
146,ZONE1,2025-01-07 02:00:00+00:00,2025-01-07 03:00:00+00:00,H
147,ZONE1,2025-01-07 03:00:00+00:00,2025-01-07 04:00:00+00:00,H
148,ZONE1,2025-01-07 04:00:00+00:00,2025-01-07 05:00:00+00:00,H
149,ZONE1,2025-01-07 05:00:00+00:00,2025-01-07 06:00:00+00:00,H
150,ZONE1,2025-01-07 06:00:00+00:00,2025-01-07 07:00:00+00:00,H
151,ZONE1,2025-01-07 07:00:00+00:00,2025-01-07 08:00:00+00:00,H
152,ZONE1,2025-01-07 08:00:00+00:00,2025-01-07 09:00:00+00:00,H
153,ZONE1,2025-01-07 09:00:00+00:00,2025-01-07 10:00:00+00:00,H
154,ZONE1,2025-01-07 10:00:00+00:00,2025-01-07 11:00:00+00:00,H
155,ZONE1,2025-01-07 11:00:00+00:00,2025-01-07 12:00:00+00:00,H
156,ZONE1,2025-01-07 12:00:00+00:00,2025-01-07 13:00:00+00:00,H
157,ZONE1,2025-01-07 13:00:00+00:00,2025-01-07 14:00:00+00:00,H
158,ZONE1,2025-01-07 14:00:00+00:00,2025-01-07 15:00:00+00:00,H
159,ZONE1,2025-01-07 15:00:00+00:00,2025-01-07 16:00:00+00:00,H
160,ZONE1,2025-01-07 16:00:00+00:00,2025-01-07 17:00:00+00:00,H
161,ZONE1,2025-01-07 17:00:00+00:00,2025-01-07 18:00:00+00:00,H
162,ZONE1,2025-01-07 18:00:00+00:00,2025-01-07 19:00:00+00:00,H
163,ZONE1,2025-01-07 19:00:00+00:00,2025-01-07 20:00:00+00:00,H
164,ZONE1,2025-01-07 20:00:00+00:00,2025-01-07 21:00:00+00:00,H
165,ZONE1,2025-01-07 21:00:00+00:00,2025-01-07 22:00:00+00:00,H
166,ZONE1,2025-01-07 22:00:00+00:00,2025-01-07 23:00:00+00:00,H
167,ZONE1,2025-01-07 23:00:00+00:00,2025-01-08 00:00:00+00:00,H
168,ZONE1,2025-01-08 00:00:00+00:00,2025-01-08 01:00:00+00:00,H
169,ZONE1,2025-01-08 01:00:00+00:00,2025-01-08 02:00:00+00:00,H
170,ZONE1,2025-01-08 02:00:00+00:00,2025-01-08 03:00:00+00:00,H
171,ZONE1,2025-01-08 03:00:00+00:00,2025-01-08 04:00:00+00:00,H
172,ZONE1,2025-01-08 04:00:00+00:00,2025-01-08 05:00:00+00:00,H
173,ZONE1,2025-01-08 05:00:00+00:00,2025-01-08 06:00:00+00:00,H
174,ZONE1,2025-01-08 06:00:00+00:00,2025-01-08 07:00:00+00:00,H
175,ZONE1,2025-01-08 07:00:00+00:00,2025-01-08 08:00:00+00:00,H
176,ZONE1,2025-01-08 08:00:00+00:00,2025-01-08 09:00:00+00:00,H
177,ZONE1,2025-01-08 09:00:00+00:00,2025-01-08 10:00:00+00:00,H
178,ZONE1,2025-01-08 10:00:00+00:00,2025-01-08 11:00:00+00:00,H
179,ZONE1,2025-01-08 11:00:00+00:00,2025-01-08 12:00:00+00:00,H
180,ZONE1,2025-01-08 12:00:00+00:00,2025-01-08 13:00:00+00:00,H
181,ZONE1,2025-01-08 13:00:00+00:00,2025-01-08 14:00:00+00:00,H
182,ZONE1,2025-01-08 14:00:00+00:00,2025-01-08 15:00:00+00:00,H
183,ZONE1,2025-01-08 15:00:00+00:00,2025-01-08 16:00:00+00:00,H
184,ZONE1,2025-01-08 16:00:00+00:00,2025-01-08 17:00:00+00:00,H
185,ZONE1,2025-01-08 17:00:00+00:00,2025-01-08 18:00:00+00:00,H
186,ZONE1,2025-01-08 18:00:00+00:00,2025-01-08 19:00:00+00:00,H
187,ZONE1,2025-01-08 19:00:00+00:00,2025-01-08 20:00:00+00:00,H
188,ZONE1,2025-01-08 20:00:00+00:00,2025-01-08 21:00:00+00:00,H
189,ZONE1,2025-01-08 21:00:00+00:00,2025-01-08 22:00:00+00:00,H
190,ZONE1,2025-01-08 22:00:00+00:00,2025-01-08 23:00:00+00:00,H
191,ZONE1,2025-01-08 23:00:00+00:00,2025-01-09 00:00:00+00:00,H
192,ZONE1,2025-01-09 00:00:00+00:00,2025-01-09 01:00:00+00:00,H
193,ZONE1,2025-01-09 01:00:00+00:00,2025-01-09 02:00:00+00:00,H
194,ZONE1,2025-01-09 02:00:00+00:00,2025-01-09 03:00:00+00:00,H
195,ZONE1,2025-01-09 03:00:00+00:00,2025-01-09 04:00:00+00:00,H
196,ZONE1,2025-01-09 04:00:00+00:00,2025-01-09 05:00:00+00:00,H
197,ZONE1,2025-01-09 05:00:00+00:00,2025-01-09 06:00:00+00:00,H
198,ZONE1,2025-01-09 06:00:00+00:00,2025-01-09 07:00:00+00:00,H
199,ZONE1,2025-01-09 07:00:00+00:00,2025-01-09 08:00:00+00:00,H
200,ZONE1,2025-01-09 08:00:00+00:00,2025-01-09 09:00:00+00:00,H
201,ZONE1,2025-01-09 09:00:00+00:00,2025-01-09 10:00:00+00:00,H
202,ZONE1,2025-01-09 10:00:00+00:00,2025-01-09 11:00:00+00:00,H
203,ZONE1,2025-01-09 11:00:00+00:00,2025-01-09 12:00:00+00:00,H
204,ZONE1,2025-01-09 12:00:00+00:00,2025-01-09 13:00:00+00:00,H
205,ZONE1,2025-01-09 13:00:00+00:00,2025-01-09 14:00:00+00:00,H
206,ZONE1,2025-01-09 14:00:00+00:00,2025-01-09 15:00:00+00:00,H
207,ZONE1,2025-01-09 15:00:00+00:00,2025-01-09 16:00:00+00:00,H
208,ZONE1,2025-01-09 16:00:00+00:00,2025-01-09 17:00:00+00:00,H
209,ZONE1,2025-01-09 17:00:00+00:00,2025-01-09 18:00:00+00:00,H
210,ZONE1,2025-01-09 18:00:00+00:00,2025-01-09 19:00:00+00:00,H
211,ZONE1,2025-01-09 19:00:00+00:00,2025-01-09 20:00:00+00:00,H
212,ZONE1,2025-01-09 20:00:00+00:00,2025-01-09 21:00:00+00:00,H
213,ZONE1,2025-01-09 21:00:00+00:00,2025-01-09 22:00:00+00:00,H
214,ZONE1,2025-01-09 22:00:00+00:00,2025-01-09 23:00:00+00:00,H
215,ZONE1,2025-01-09 23:00:00+00:00,2025-01-10 00:00:00+00:00,H
216,ZONE1,2025-01-10 00:00:00+00:00,2025-01-10 01:00:00+00:00,H
217,ZONE1,2025-01-10 01:00:00+00:00,2025-01-10 02:00:00+00:00,H
218,ZONE1,2025-01-10 02:00:00+00:00,2025-01-10 03:00:00+00:00,H
219,ZONE1,2025-01-10 03:00:00+00:00,2025-01-10 04:00:00+00:00,H
220,ZONE1,2025-01-10 04:00:00+00:00,2025-01-10 05:00:00+00:00,H
221,ZONE1,2025-01-10 05:00:00+00:00,2025-01-10 06:00:00+00:00,H
222,ZONE1,2025-01-10 06:00:00+00:00,2025-01-10 07:00:00+00:00,H
223,ZONE1,2025-01-10 07:00:00+00:00,2025-01-10 08:00:00+00:00,H
224,ZONE1,2025-01-10 08:00:00+00:00,2025-01-10 09:00:00+00:00,H
225,ZONE1,2025-01-10 09:00:00+00:00,2025-01-10 10:00:00+00:00,H
226,ZONE1,2025-01-10 10:00:00+00:00,2025-01-10 11:00:00+00:00,H
227,ZONE1,2025-01-10 11:00:00+00:00,2025-01-10 12:00:00+00:00,H
228,ZONE1,2025-01-10 12:00:00+00:00,2025-01-10 13:00:00+00:00,H
229,ZONE1,2025-01-10 13:00:00+00:00,2025-01-10 14:00:00+00:00,H
230,ZONE1,2025-01-10 14:00:00+00:00,2025-01-10 15:00:00+00:00,H
231,ZONE1,2025-01-10 15:00:00+00:00,2025-01-10 16:00:00+00:00,H
232,ZONE1,2025-01-10 16:00:00+00:00,2025-01-10 17:00:00+00:00,H
233,ZONE1,2025-01-10 17:00:00+00:00,2025-01-10 18:00:00+00:00,H
234,ZONE1,2025-01-10 18:00:00+00:00,2025-01-10 19:00:00+00:00,H
235,ZONE1,2025-01-10 19:00:00+00:00,2025-01-10 20:00:00+00:00,H
236,ZONE1,2025-01-10 20:00:00+00:00,2025-01-10 21:00:00+00:00,H
237,ZONE1,2025-01-10 21:00:00+00:00,2025-01-10 22:00:00+00:00,H
238,ZONE1,2025-01-10 22:00:00+00:00,2025-01-10 23:00:00+00:00,H
239,ZONE1,2025-01-10 23:00:00+00:00,2025-01-11 00:00:00+00:00,H
240,ZONE1,2025-01-11 00:00:00+00:00,2025-01-11 01:00:00+00:00,H
241,ZONE1,2025-01-11 01:00:00+00:00,2025-01-11 02:00:00+00:00,H
242,ZONE1,2025-01-11 02:00:00+00:00,2025-01-11 03:00:00+00:00,H
243,ZONE1,2025-01-11 03:00:00+00:00,2025-01-11 04:00:00+00:00,H
244,ZONE1,2025-01-11 04:00:00+00:00,2025-01-11 05:00:00+00:00,H
245,ZONE1,2025-01-11 05:00:00+00:00,2025-01-11 06:00:00+00:00,H
246,ZONE1,2025-01-11 06:00:00+00:00,2025-01-11 07:00:00+00:00,H
247,ZONE1,2025-01-11 07:00:00+00:00,2025-01-11 08:00:00+00:00,H
248,ZONE1,2025-01-11 08:00:00+00:00,2025-01-11 09:00:00+00:00,H
249,ZONE1,2025-01-11 09:00:00+00:00,2025-01-11 10:00:00+00:00,H
250,ZONE1,2025-01-11 10:00:00+00:00,2025-01-11 11:00:00+00:00,H
251,ZONE1,2025-01-11 11:00:00+00:00,2025-01-11 12:00:00+00:00,H
252,ZONE1,2025-01-11 12:00:00+00:00,2025-01-11 13:00:00+00:00,H
253,ZONE1,2025-01-11 13:00:00+00:00,2025-01-11 14:00:00+00:00,H
254,ZONE1,2025-01-11 14:00:00+00:00,2025-01-11 15:00:00+00:00,H
255,ZONE1,2025-01-11 15:00:00+00:00,2025-01-11 16:00:00+00:00,H
256,ZONE1,2025-01-11 16:00:00+00:00,2025-01-11 17:00:00+00:00,H
257,ZONE1,2025-01-11 17:00:00+00:00,2025-01-11 18:00:00+00:00,H
258,ZONE1,2025-01-11 18:00:00+00:00,2025-01-11 19:00:00+00:00,H
259,ZONE1,2025-01-11 19:00:00+00:00,2025-01-11 20:00:00+00:00,H
260,ZONE1,2025-01-11 20:00:00+00:00,2025-01-11 21:00:00+00:00,H
261,ZONE1,2025-01-11 21:00:00+00:00,2025-01-11 22:00:00+00:00,H
262,ZONE1,2025-01-11 22:00:00+00:00,2025-01-11 23:00:00+00:00,H
263,ZONE1,2025-01-11 23:00:00+00:00,2025-01-12 00:00:00+00:00,H
264,ZONE1,2025-01-12 00:00:00+00:00,2025-01-12 01:00:00+00:00,H
265,ZONE1,2025-01-12 01:00:00+00:00,2025-01-12 02:00:00+00:00,H
266,ZONE1,2025-01-12 02:00:00+00:00,2025-01-12 03:00:00+00:00,H
267,ZONE1,2025-01-12 03:00:00+00:00,2025-01-12 04:00:00+00:00,H
268,ZONE1,2025-01-12 04:00:00+00:00,2025-01-12 05:00:00+00:00,H
269,ZONE1,2025-01-12 05:00:00+00:00,2025-01-12 06:00:00+00:00,H
270,ZONE1,2025-01-12 06:00:00+00:00,2025-01-12 07:00:00+00:00,H
271,ZONE1,2025-01-12 07:00:00+00:00,2025-01-12 08:00:00+00:00,H
272,ZONE1,2025-01-12 08:00:00+00:00,2025-01-12 09:00:00+00:00,H
273,ZONE1,2025-01-12 09:00:00+00:00,2025-01-12 10:00:00+00:00,H
274,ZONE1,2025-01-12 10:00:00+00:00,2025-01-12 11:00:00+00:00,H
275,ZONE1,2025-01-12 11:00:00+00:00,2025-01-12 12:00:00+00:00,H
276,ZONE1,2025-01-12 12:00:00+00:00,2025-01-12 13:00:00+00:00,H
277,ZONE1,2025-01-12 13:00:00+00:00,2025-01-12 14:00:00+00:00,H
278,ZONE1,2025-01-12 14:00:00+00:00,2025-01-12 15:00:00+00:00,H
279,ZONE1,2025-01-12 15:00:00+00:00,2025-01-12 16:00:00+00:00,H
280,ZONE1,2025-01-12 16:00:00+00:00,2025-01-12 17:00:00+00:00,H
281,ZONE1,2025-01-12 17:00:00+00:00,2025-01-12 18:00:00+00:00,H
282,ZONE1,2025-01-12 18:00:00+00:00,2025-01-12 19:00:00+00:00,H
283,ZONE1,2025-01-12 19:00:00+00:00,2025-01-12 20:00:00+00:00,H
284,ZONE1,2025-01-12 20:00:00+00:00,2025-01-12 21:00:00+00:00,H
285,ZONE1,2025-01-12 21:00:00+00:00,2025-01-12 22:00:00+00:00,H
286,ZONE1,2025-01-12 22:00:00+00:00,2025-01-12 23:00:00+00:00,H
287,ZONE1,2025-01-12 23:00:00+00:00,2025-01-13 00:00:00+00:00,H
288,ZONE1,2025-01-13 00:00:00+00:00,2025-01-13 01:00:00+00:00,H
289,ZONE1,2025-01-13 01:00:00+00:00,2025-01-13 02:00:00+00:00,H
290,ZONE1,2025-01-13 02:00:00+00:00,2025-01-13 03:00:00+00:00,H
291,ZONE1,2025-01-13 03:00:00+00:00,2025-01-13 04:00:00+00:00,H
292,ZONE1,2025-01-13 04:00:00+00:00,2025-01-13 05:00:00+00:00,H
293,ZONE1,2025-01-13 05:00:00+00:00,2025-01-13 06:00:00+00:00,H
294,ZONE1,2025-01-13 06:00:00+00:00,2025-01-13 07:00:00+00:00,H
295,ZONE1,2025-01-13 07:00:00+00:00,2025-01-13 08:00:00+00:00,H
296,ZONE1,2025-01-13 08:00:00+00:00,2025-01-13 09:00:00+00:00,H
297,ZONE1,2025-01-13 09:00:00+00:00,2025-01-13 10:00:00+00:00,H
298,ZONE1,2025-01-13 10:00:00+00:00,2025-01-13 11:00:00+00:00,H
299,ZONE1,2025-01-13 11:00:00+00:00,2025-01-13 12:00:00+00:00,H
300,ZONE1,2025-01-13 12:00:00+00:00,2025-01-13 13:00:00+00:00,H
301,ZONE1,2025-01-13 13:00:00+00:00,2025-01-13 14:00:00+00:00,H
302,ZONE1,2025-01-13 14:00:00+00:00,2025-01-13 15:00:00+00:00,H
303,ZONE1,2025-01-13 15:00:00+00:00,2025-01-13 16:00:00+00:00,H
304,ZONE1,2025-01-13 16:00:00+00:00,2025-01-13 17:00:00+00:00,H
305,ZONE1,2025-01-13 17:00:00+00:00,2025-01-13 18:00:00+00:00,H
306,ZONE1,2025-01-13 18:00:00+00:00,2025-01-13 19:00:00+00:00,H
307,ZONE1,2025-01-13 19:00:00+00:00,2025-01-13 20:00:00+00:00,H
308,ZONE1,2025-01-13 20:00:00+00:00,2025-01-13 21:00:00+00:00,H
309,ZONE1,2025-01-13 21:00:00+00:00,2025-01-13 22:00:00+00:00,H
310,ZONE1,2025-01-13 22:00:00+00:00,2025-01-13 23:00:00+00:00,H
311,ZONE1,2025-01-13 23:00:00+00:00,2025-01-14 00:00:00+00:00,H
312,ZONE1,2025-01-14 00:00:00+00:00,2025-01-14 01:00:00+00:00,H
313,ZONE1,2025-01-14 01:00:00+00:00,2025-01-14 02:00:00+00:00,H
314,ZONE1,2025-01-14 02:00:00+00:00,2025-01-14 03:00:00+00:00,H
315,ZONE1,2025-01-14 03:00:00+00:00,2025-01-14 04:00:00+00:00,H
316,ZONE1,2025-01-14 04:00:00+00:00,2025-01-14 05:00:00+00:00,H
317,ZONE1,2025-01-14 05:00:00+00:00,2025-01-14 06:00:00+00:00,H
318,ZONE1,2025-01-14 06:00:00+00:00,2025-01-14 07:00:00+00:00,H
319,ZONE1,2025-01-14 07:00:00+00:00,2025-01-14 08:00:00+00:00,H
320,ZONE1,2025-01-14 08:00:00+00:00,2025-01-14 09:00:00+00:00,H
321,ZONE1,2025-01-14 09:00:00+00:00,2025-01-14 10:00:00+00:00,H
322,ZONE1,2025-01-14 10:00:00+00:00,2025-01-14 11:00:00+00:00,H
323,ZONE1,2025-01-14 11:00:00+00:00,2025-01-14 12:00:00+00:00,H
324,ZONE1,2025-01-14 12:00:00+00:00,2025-01-14 13:00:00+00:00,H
325,ZONE1,2025-01-14 13:00:00+00:00,2025-01-14 14:00:00+00:00,H
326,ZONE1,2025-01-14 14:00:00+00:00,2025-01-14 15:00:00+00:00,H
327,ZONE1,2025-01-14 15:00:00+00:00,2025-01-14 16:00:00+00:00,H
328,ZONE1,2025-01-14 16:00:00+00:00,2025-01-14 17:00:00+00:00,H
329,ZONE1,2025-01-14 17:00:00+00:00,2025-01-14 18:00:00+00:00,H
330,ZONE1,2025-01-14 18:00:00+00:00,2025-01-14 19:00:00+00:00,H
331,ZONE1,2025-01-14 19:00:00+00:00,2025-01-14 20:00:00+00:00,H
332,ZONE1,2025-01-14 20:00:00+00:00,2025-01-14 21:00:00+00:00,H
333,ZONE1,2025-01-14 21:00:00+00:00,2025-01-14 22:00:00+00:00,H
334,ZONE1,2025-01-14 22:00:00+00:00,2025-01-14 23:00:00+00:00,H
335,ZONE1,2025-01-14 23:00:00+00:00,2025-01-15 00:00:00+00:00,H
336,ZONE1,2025-01-15 00:00:00+00:00,2025-01-15 01:00:00+00:00,H
337,ZONE1,2025-01-15 01:00:00+00:00,2025-01-15 02:00:00+00:00,H
338,ZONE1,2025-01-15 02:00:00+00:00,2025-01-15 03:00:00+00:00,H
339,ZONE1,2025-01-15 03:00:00+00:00,2025-01-15 04:00:00+00:00,H
340,ZONE1,2025-01-15 04:00:00+00:00,2025-01-15 05:00:00+00:00,H
341,ZONE1,2025-01-15 05:00:00+00:00,2025-01-15 06:00:00+00:00,H
342,ZONE1,2025-01-15 06:00:00+00:00,2025-01-15 07:00:00+00:00,H
343,ZONE1,2025-01-15 07:00:00+00:00,2025-01-15 08:00:00+00:00,H
344,ZONE1,2025-01-15 08:00:00+00:00,2025-01-15 09:00:00+00:00,H
345,ZONE1,2025-01-15 09:00:00+00:00,2025-01-15 10:00:00+00:00,H
346,ZONE1,2025-01-15 10:00:00+00:00,2025-01-15 11:00:00+00:00,H
347,ZONE1,2025-01-15 11:00:00+00:00,2025-01-15 12:00:00+00:00,H
348,ZONE1,2025-01-15 12:00:00+00:00,2025-01-15 13:00:00+00:00,H
349,ZONE1,2025-01-15 13:00:00+00:00,2025-01-15 14:00:00+00:00,H
350,ZONE1,2025-01-15 14:00:00+00:00,2025-01-15 15:00:00+00:00,H
351,ZONE1,2025-01-15 15:00:00+00:00,2025-01-15 16:00:00+00:00,H
352,ZONE1,2025-01-15 16:00:00+00:00,2025-01-15 17:00:00+00:00,H
353,ZONE1,2025-01-15 17:00:00+00:00,2025-01-15 18:00:00+00:00,H
354,ZONE1,2025-01-15 18:00:00+00:00,2025-01-15 19:00:00+00:00,H
355,ZONE1,2025-01-15 19:00:00+00:00,2025-01-15 20:00:00+00:00,H
356,ZONE1,2025-01-15 20:00:00+00:00,2025-01-15 21:00:00+00:00,H
357,ZONE1,2025-01-15 21:00:00+00:00,2025-01-15 22:00:00+00:00,H
358,ZONE1,2025-01-15 22:00:00+00:00,2025-01-15 23:00:00+00:00,H
359,ZONE1,2025-01-15 23:00:00+00:00,2025-01-16 00:00:00+00:00,H
360,ZONE1,2025-01-16 00:00:00+00:00,2025-01-16 01:00:00+00:00,H
361,ZONE1,2025-01-16 01:00:00+00:00,2025-01-16 02:00:00+00:00,H
362,ZONE1,2025-01-16 02:00:00+00:00,2025-01-16 03:00:00+00:00,H
363,ZONE1,2025-01-16 03:00:00+00:00,2025-01-16 04:00:00+00:00,H
364,ZONE1,2025-01-16 04:00:00+00:00,2025-01-16 05:00:00+00:00,H
365,ZONE1,2025-01-16 05:00:00+00:00,2025-01-16 06:00:00+00:00,H
366,ZONE1,2025-01-16 06:00:00+00:00,2025-01-16 07:00:00+00:00,H
367,ZONE1,2025-01-16 07:00:00+00:00,2025-01-16 08:00:00+00:00,H
368,ZONE1,2025-01-16 08:00:00+00:00,2025-01-16 09:00:00+00:00,H
369,ZONE1,2025-01-16 09:00:00+00:00,2025-01-16 10:00:00+00:00,H
370,ZONE1,2025-01-16 10:00:00+00:00,2025-01-16 11:00:00+00:00,H
371,ZONE1,2025-01-16 11:00:00+00:00,2025-01-16 12:00:00+00:00,H
372,ZONE1,2025-01-16 12:00:00+00:00,2025-01-16 13:00:00+00:00,H
373,ZONE1,2025-01-16 13:00:00+00:00,2025-01-16 14:00:00+00:00,H
374,ZONE1,2025-01-16 14:00:00+00:00,2025-01-16 15:00:00+00:00,H
375,ZONE1,2025-01-16 15:00:00+00:00,2025-01-16 16:00:00+00:00,H
376,ZONE1,2025-01-16 16:00:00+00:00,2025-01-16 17:00:00+00:00,H
377,ZONE1,2025-01-16 17:00:00+00:00,2025-01-16 18:00:00+00:00,H
378,ZONE1,2025-01-16 18:00:00+00:00,2025-01-16 19:00:00+00:00,H
379,ZONE1,2025-01-16 19:00:00+00:00,2025-01-16 20:00:00+00:00,H
380,ZONE1,2025-01-16 20:00:00+00:00,2025-01-16 21:00:00+00:00,H
381,ZONE1,2025-01-16 21:00:00+00:00,2025-01-16 22:00:00+00:00,H
382,ZONE1,2025-01-16 22:00:00+00:00,2025-01-16 23:00:00+00:00,H
383,ZONE1,2025-01-16 23:00:00+00:00,2025-01-17 00:00:00+00:00,H
384,ZONE1,2025-01-17 00:00:00+00:00,2025-01-17 01:00:00+00:00,H
385,ZONE1,2025-01-17 01:00:00+00:00,2025-01-17 02:00:00+00:00,H
386,ZONE1,2025-01-17 02:00:00+00:00,2025-01-17 03:00:00+00:00,H
387,ZONE1,2025-01-17 03:00:00+00:00,2025-01-17 04:00:00+00:00,H
388,ZONE1,2025-01-17 04:00:00+00:00,2025-01-17 05:00:00+00:00,H
389,ZONE1,2025-01-17 05:00:00+00:00,2025-01-17 06:00:00+00:00,H
390,ZONE1,2025-01-17 06:00:00+00:00,2025-01-17 07:00:00+00:00,H
391,ZONE1,2025-01-17 07:00:00+00:00,2025-01-17 08:00:00+00:00,H
392,ZONE1,2025-01-17 08:00:00+00:00,2025-01-17 09:00:00+00:00,H
393,ZONE1,2025-01-17 09:00:00+00:00,2025-01-17 10:00:00+00:00,H
394,ZONE1,2025-01-17 10:00:00+00:00,2025-01-17 11:00:00+00:00,H
395,ZONE1,2025-01-17 11:00:00+00:00,2025-01-17 12:00:00+00:00,H
396,ZONE1,2025-01-17 12:00:00+00:00,2025-01-17 13:00:00+00:00,H
397,ZONE1,2025-01-17 13:00:00+00:00,2025-01-17 14:00:00+00:00,H
398,ZONE1,2025-01-17 14:00:00+00:00,2025-01-17 15:00:00+00:00,H
399,ZONE1,2025-01-17 15:00:00+00:00,2025-01-17 16:00:00+00:00,H
400,ZONE1,2025-01-17 16:00:00+00:00,2025-01-17 17:00:00+00:00,H
401,ZONE1,2025-01-17 17:00:00+00:00,2025-01-17 18:00:00+00:00,H
402,ZONE1,2025-01-17 18:00:00+00:00,2025-01-17 19:00:00+00:00,H
403,ZONE1,2025-01-17 19:00:00+00:00,2025-01-17 20:00:00+00:00,H
404,ZONE1,2025-01-17 20:00:00+00:00,2025-01-17 21:00:00+00:00,H
405,ZONE1,2025-01-17 21:00:00+00:00,2025-01-17 22:00:00+00:00,H
406,ZONE1,2025-01-17 22:00:00+00:00,2025-01-17 23:00:00+00:00,H
407,ZONE1,2025-01-17 23:00:00+00:00,2025-01-18 00:00:00+00:00,H
408,ZONE1,2025-01-18 00:00:00+00:00,2025-01-18 01:00:00+00:00,H
409,ZONE1,2025-01-18 01:00:00+00:00,2025-01-18 02:00:00+00:00,H
410,ZONE1,2025-01-18 02:00:00+00:00,2025-01-18 03:00:00+00:00,H
411,ZONE1,2025-01-18 03:00:00+00:00,2025-01-18 04:00:00+00:00,H
412,ZONE1,2025-01-18 04:00:00+00:00,2025-01-18 05:00:00+00:00,H
413,ZONE1,2025-01-18 05:00:00+00:00,2025-01-18 06:00:00+00:00,H
414,ZONE1,2025-01-18 06:00:00+00:00,2025-01-18 07:00:00+00:00,H
415,ZONE1,2025-01-18 07:00:00+00:00,2025-01-18 08:00:00+00:00,H
416,ZONE1,2025-01-18 08:00:00+00:00,2025-01-18 09:00:00+00:00,H
417,ZONE1,2025-01-18 09:00:00+00:00,2025-01-18 10:00:00+00:00,H
418,ZONE1,2025-01-18 10:00:00+00:00,2025-01-18 11:00:00+00:00,H
419,ZONE1,2025-01-18 11:00:00+00:00,2025-01-18 12:00:00+00:00,H
420,ZONE1,2025-01-18 12:00:00+00:00,2025-01-18 13:00:00+00:00,H
421,ZONE1,2025-01-18 13:00:00+00:00,2025-01-18 14:00:00+00:00,H
422,ZONE1,2025-01-18 14:00:00+00:00,2025-01-18 15:00:00+00:00,H
423,ZONE1,2025-01-18 15:00:00+00:00,2025-01-18 16:00:00+00:00,H
424,ZONE1,2025-01-18 16:00:00+00:00,2025-01-18 17:00:00+00:00,H
425,ZONE1,2025-01-18 17:00:00+00:00,2025-01-18 18:00:00+00:00,H
426,ZONE1,2025-01-18 18:00:00+00:00,2025-01-18 19:00:00+00:00,H
427,ZONE1,2025-01-18 19:00:00+00:00,2025-01-18 20:00:00+00:00,H
428,ZONE1,2025-01-18 20:00:00+00:00,2025-01-18 21:00:00+00:00,H
429,ZONE1,2025-01-18 21:00:00+00:00,2025-01-18 22:00:00+00:00,H
430,ZONE1,2025-01-18 22:00:00+00:00,2025-01-18 23:00:00+00:00,H
431,ZONE1,2025-01-18 23:00:00+00:00,2025-01-19 00:00:00+00:00,H
432,ZONE1,2025-01-19 00:00:00+00:00,2025-01-19 01:00:00+00:00,H
433,ZONE1,2025-01-19 01:00:00+00:00,2025-01-19 02:00:00+00:00,H
434,ZONE1,2025-01-19 02:00:00+00:00,2025-01-19 03:00:00+00:00,H
435,ZONE1,2025-01-19 03:00:00+00:00,2025-01-19 04:00:00+00:00,H
436,ZONE1,2025-01-19 04:00:00+00:00,2025-01-19 05:00:00+00:00,H
437,ZONE1,2025-01-19 05:00:00+00:00,2025-01-19 06:00:00+00:00,H
438,ZONE1,2025-01-19 06:00:00+00:00,2025-01-19 07:00:00+00:00,H
439,ZONE1,2025-01-19 07:00:00+00:00,2025-01-19 08:00:00+00:00,H
440,ZONE1,2025-01-19 08:00:00+00:00,2025-01-19 09:00:00+00:00,H
441,ZONE1,2025-01-19 09:00:00+00:00,2025-01-19 10:00:00+00:00,H
442,ZONE1,2025-01-19 10:00:00+00:00,2025-01-19 11:00:00+00:00,H
443,ZONE1,2025-01-19 11:00:00+00:00,2025-01-19 12:00:00+00:00,H
444,ZONE1,2025-01-19 12:00:00+00:00,2025-01-19 13:00:00+00:00,H
445,ZONE1,2025-01-19 13:00:00+00:00,2025-01-19 14:00:00+00:00,H
446,ZONE1,2025-01-19 14:00:00+00:00,2025-01-19 15:00:00+00:00,H
447,ZONE1,2025-01-19 15:00:00+00:00,2025-01-19 16:00:00+00:00,H
448,ZONE1,2025-01-19 16:00:00+00:00,2025-01-19 17:00:00+00:00,H
449,ZONE1,2025-01-19 17:00:00+00:00,2025-01-19 18:00:00+00:00,H
450,ZONE1,2025-01-19 18:00:00+00:00,2025-01-19 19:00:00+00:00,H
451,ZONE1,2025-01-19 19:00:00+00:00,2025-01-19 20:00:00+00:00,H
452,ZONE1,2025-01-19 20:00:00+00:00,2025-01-19 21:00:00+00:00,H
453,ZONE1,2025-01-19 21:00:00+00:00,2025-01-19 22:00:00+00:00,H
454,ZONE1,2025-01-19 22:00:00+00:00,2025-01-19 23:00:00+00:00,H
455,ZONE1,2025-01-19 23:00:00+00:00,2025-01-20 00:00:00+00:00,H
456,ZONE1,2025-01-20 00:00:00+00:00,2025-01-20 01:00:00+00:00,H
457,ZONE1,2025-01-20 01:00:00+00:00,2025-01-20 02:00:00+00:00,H
458,ZONE1,2025-01-20 02:00:00+00:00,2025-01-20 03:00:00+00:00,H
459,ZONE1,2025-01-20 03:00:00+00:00,2025-01-20 04:00:00+00:00,H
460,ZONE1,2025-01-20 04:00:00+00:00,2025-01-20 05:00:00+00:00,H
461,ZONE1,2025-01-20 05:00:00+00:00,2025-01-20 06:00:00+00:00,H
462,ZONE1,2025-01-20 06:00:00+00:00,2025-01-20 07:00:00+00:00,H
463,ZONE1,2025-01-20 07:00:00+00:00,2025-01-20 08:00:00+00:00,H
464,ZONE1,2025-01-20 08:00:00+00:00,2025-01-20 09:00:00+00:00,H
465,ZONE1,2025-01-20 09:00:00+00:00,2025-01-20 10:00:00+00:00,H
466,ZONE1,2025-01-20 10:00:00+00:00,2025-01-20 11:00:00+00:00,H
467,ZONE1,2025-01-20 11:00:00+00:00,2025-01-20 12:00:00+00:00,H
468,ZONE1,2025-01-20 12:00:00+00:00,2025-01-20 13:00:00+00:00,H
469,ZONE1,2025-01-20 13:00:00+00:00,2025-01-20 14:00:00+00:00,H
470,ZONE1,2025-01-20 14:00:00+00:00,2025-01-20 15:00:00+00:00,H
471,ZONE1,2025-01-20 15:00:00+00:00,2025-01-20 16:00:00+00:00,H
472,ZONE1,2025-01-20 16:00:00+00:00,2025-01-20 17:00:00+00:00,H
473,ZONE1,2025-01-20 17:00:00+00:00,2025-01-20 18:00:00+00:00,H
474,ZONE1,2025-01-20 18:00:00+00:00,2025-01-20 19:00:00+00:00,H
475,ZONE1,2025-01-20 19:00:00+00:00,2025-01-20 20:00:00+00:00,H
476,ZONE1,2025-01-20 20:00:00+00:00,2025-01-20 21:00:00+00:00,H
477,ZONE1,2025-01-20 21:00:00+00:00,2025-01-20 22:00:00+00:00,H
478,ZONE1,2025-01-20 22:00:00+00:00,2025-01-20 23:00:00+00:00,H
479,ZONE1,2025-01-20 23:00:00+00:00,2025-01-21 00:00:00+00:00,H
480,ZONE1,2025-01-21 00:00:00+00:00,2025-01-21 01:00:00+00:00,H
481,ZONE1,2025-01-21 01:00:00+00:00,2025-01-21 02:00:00+00:00,H
482,ZONE1,2025-01-21 02:00:00+00:00,2025-01-21 03:00:00+00:00,H
483,ZONE1,2025-01-21 03:00:00+00:00,2025-01-21 04:00:00+00:00,H
484,ZONE1,2025-01-21 04:00:00+00:00,2025-01-21 05:00:00+00:00,H
485,ZONE1,2025-01-21 05:00:00+00:00,2025-01-21 06:00:00+00:00,H
486,ZONE1,2025-01-21 06:00:00+00:00,2025-01-21 07:00:00+00:00,H
487,ZONE1,2025-01-21 07:00:00+00:00,2025-01-21 08:00:00+00:00,H
488,ZONE1,2025-01-21 08:00:00+00:00,2025-01-21 09:00:00+00:00,H
489,ZONE1,2025-01-21 09:00:00+00:00,2025-01-21 10:00:00+00:00,H
490,ZONE1,2025-01-21 10:00:00+00:00,2025-01-21 11:00:00+00:00,H
491,ZONE1,2025-01-21 11:00:00+00:00,2025-01-21 12:00:00+00:00,H
492,ZONE1,2025-01-21 12:00:00+00:00,2025-01-21 13:00:00+00:00,H
493,ZONE1,2025-01-21 13:00:00+00:00,2025-01-21 14:00:00+00:00,H
494,ZONE1,2025-01-21 14:00:00+00:00,2025-01-21 15:00:00+00:00,H
495,ZONE1,2025-01-21 15:00:00+00:00,2025-01-21 16:00:00+00:00,H
496,ZONE1,2025-01-21 16:00:00+00:00,2025-01-21 17:00:00+00:00,H
497,ZONE1,2025-01-21 17:00:00+00:00,2025-01-21 18:00:00+00:00,H
498,ZONE1,2025-01-21 18:00:00+00:00,2025-01-21 19:00:00+00:00,H
499,ZONE1,2025-01-21 19:00:00+00:00,2025-01-21 20:00:00+00:00,H
500,ZONE1,2025-01-21 20:00:00+00:00,2025-01-21 21:00:00+00:00,H
501,ZONE1,2025-01-21 21:00:00+00:00,2025-01-21 22:00:00+00:00,H
502,ZONE1,2025-01-21 22:00:00+00:00,2025-01-21 23:00:00+00:00,H
503,ZONE1,2025-01-21 23:00:00+00:00,2025-01-22 00:00:00+00:00,H
504,ZONE1,2025-01-22 00:00:00+00:00,2025-01-22 01:00:00+00:00,H
505,ZONE1,2025-01-22 01:00:00+00:00,2025-01-22 02:00:00+00:00,H
506,ZONE1,2025-01-22 02:00:00+00:00,2025-01-22 03:00:00+00:00,H
507,ZONE1,2025-01-22 03:00:00+00:00,2025-01-22 04:00:00+00:00,H
508,ZONE1,2025-01-22 04:00:00+00:00,2025-01-22 05:00:00+00:00,H
509,ZONE1,2025-01-22 05:00:00+00:00,2025-01-22 06:00:00+00:00,H
510,ZONE1,2025-01-22 06:00:00+00:00,2025-01-22 07:00:00+00:00,H
511,ZONE1,2025-01-22 07:00:00+00:00,2025-01-22 08:00:00+00:00,H
512,ZONE1,2025-01-22 08:00:00+00:00,2025-01-22 09:00:00+00:00,H
513,ZONE1,2025-01-22 09:00:00+00:00,2025-01-22 10:00:00+00:00,H
514,ZONE1,2025-01-22 10:00:00+00:00,2025-01-22 11:00:00+00:00,H
515,ZONE1,2025-01-22 11:00:00+00:00,2025-01-22 12:00:00+00:00,H
516,ZONE1,2025-01-22 12:00:00+00:00,2025-01-22 13:00:00+00:00,H
517,ZONE1,2025-01-22 13:00:00+00:00,2025-01-22 14:00:00+00:00,H
518,ZONE1,2025-01-22 14:00:00+00:00,2025-01-22 15:00:00+00:00,H
519,ZONE1,2025-01-22 15:00:00+00:00,2025-01-22 16:00:00+00:00,H
520,ZONE1,2025-01-22 16:00:00+00:00,2025-01-22 17:00:00+00:00,H
521,ZONE1,2025-01-22 17:00:00+00:00,2025-01-22 18:00:00+00:00,H
522,ZONE1,2025-01-22 18:00:00+00:00,2025-01-22 19:00:00+00:00,H
523,ZONE1,2025-01-22 19:00:00+00:00,2025-01-22 20:00:00+00:00,H
524,ZONE1,2025-01-22 20:00:00+00:00,2025-01-22 21:00:00+00:00,H
525,ZONE1,2025-01-22 21:00:00+00:00,2025-01-22 22:00:00+00:00,H
526,ZONE1,2025-01-22 22:00:00+00:00,2025-01-22 23:00:00+00:00,H
527,ZONE1,2025-01-22 23:00:00+00:00,2025-01-23 00:00:00+00:00,H
528,ZONE1,2025-01-23 00:00:00+00:00,2025-01-23 01:00:00+00:00,H
529,ZONE1,2025-01-23 01:00:00+00:00,2025-01-23 02:00:00+00:00,H
530,ZONE1,2025-01-23 02:00:00+00:00,2025-01-23 03:00:00+00:00,H
531,ZONE1,2025-01-23 03:00:00+00:00,2025-01-23 04:00:00+00:00,H
532,ZONE1,2025-01-23 04:00:00+00:00,2025-01-23 05:00:00+00:00,H
533,ZONE1,2025-01-23 05:00:00+00:00,2025-01-23 06:00:00+00:00,H
534,ZONE1,2025-01-23 06:00:00+00:00,2025-01-23 07:00:00+00:00,H
535,ZONE1,2025-01-23 07:00:00+00:00,2025-01-23 08:00:00+00:00,H
536,ZONE1,2025-01-23 08:00:00+00:00,2025-01-23 09:00:00+00:00,H
537,ZONE1,2025-01-23 09:00:00+00:00,2025-01-23 10:00:00+00:00,H
538,ZONE1,2025-01-23 10:00:00+00:00,2025-01-23 11:00:00+00:00,H
539,ZONE1,2025-01-23 11:00:00+00:00,2025-01-23 12:00:00+00:00,H
540,ZONE1,2025-01-23 12:00:00+00:00,2025-01-23 13:00:00+00:00,H
541,ZONE1,2025-01-23 13:00:00+00:00,2025-01-23 14:00:00+00:00,H
542,ZONE1,2025-01-23 14:00:00+00:00,2025-01-23 15:00:00+00:00,H
543,ZONE1,2025-01-23 15:00:00+00:00,2025-01-23 16:00:00+00:00,H
544,ZONE1,2025-01-23 16:00:00+00:00,2025-01-23 17:00:00+00:00,H
545,ZONE1,2025-01-23 17:00:00+00:00,2025-01-23 18:00:00+00:00,H
546,ZONE1,2025-01-23 18:00:00+00:00,2025-01-23 19:00:00+00:00,H
547,ZONE1,2025-01-23 19:00:00+00:00,2025-01-23 20:00:00+00:00,H
548,ZONE1,2025-01-23 20:00:00+00:00,2025-01-23 21:00:00+00:00,H
549,ZONE1,2025-01-23 21:00:00+00:00,2025-01-23 22:00:00+00:00,H
550,ZONE1,2025-01-23 22:00:00+00:00,2025-01-23 23:00:00+00:00,H
551,ZONE1,2025-01-23 23:00:00+00:00,2025-01-24 00:00:00+00:00,H
552,ZONE1,2025-01-24 00:00:00+00:00,2025-01-24 01:00:00+00:00,H
553,ZONE1,2025-01-24 01:00:00+00:00,2025-01-24 02:00:00+00:00,H
554,ZONE1,2025-01-24 02:00:00+00:00,2025-01-24 03:00:00+00:00,H
555,ZONE1,2025-01-24 03:00:00+00:00,2025-01-24 04:00:00+00:00,H
556,ZONE1,2025-01-24 04:00:00+00:00,2025-01-24 05:00:00+00:00,H
557,ZONE1,2025-01-24 05:00:00+00:00,2025-01-24 06:00:00+00:00,H
558,ZONE1,2025-01-24 06:00:00+00:00,2025-01-24 07:00:00+00:00,H
559,ZONE1,2025-01-24 07:00:00+00:00,2025-01-24 08:00:00+00:00,H
560,ZONE1,2025-01-24 08:00:00+00:00,2025-01-24 09:00:00+00:00,H
561,ZONE1,2025-01-24 09:00:00+00:00,2025-01-24 10:00:00+00:00,H
562,ZONE1,2025-01-24 10:00:00+00:00,2025-01-24 11:00:00+00:00,H
563,ZONE1,2025-01-24 11:00:00+00:00,2025-01-24 12:00:00+00:00,H
564,ZONE1,2025-01-24 12:00:00+00:00,2025-01-24 13:00:00+00:00,H
565,ZONE1,2025-01-24 13:00:00+00:00,2025-01-24 14:00:00+00:00,H
566,ZONE1,2025-01-24 14:00:00+00:00,2025-01-24 15:00:00+00:00,H
567,ZONE1,2025-01-24 15:00:00+00:00,2025-01-24 16:00:00+00:00,H
568,ZONE1,2025-01-24 16:00:00+00:00,2025-01-24 17:00:00+00:00,H
569,ZONE1,2025-01-24 17:00:00+00:00,2025-01-24 18:00:00+00:00,H
570,ZONE1,2025-01-24 18:00:00+00:00,2025-01-24 19:00:00+00:00,H
571,ZONE1,2025-01-24 19:00:00+00:00,2025-01-24 20:00:00+00:00,H
572,ZONE1,2025-01-24 20:00:00+00:00,2025-01-24 21:00:00+00:00,H
573,ZONE1,2025-01-24 21:00:00+00:00,2025-01-24 22:00:00+00:00,H
574,ZONE1,2025-01-24 22:00:00+00:00,2025-01-24 23:00:00+00:00,H
575,ZONE1,2025-01-24 23:00:00+00:00,2025-01-25 00:00:00+00:00,H
576,ZONE1,2025-01-25 00:00:00+00:00,2025-01-25 01:00:00+00:00,H
577,ZONE1,2025-01-25 01:00:00+00:00,2025-01-25 02:00:00+00:00,H
578,ZONE1,2025-01-25 02:00:00+00:00,2025-01-25 03:00:00+00:00,H
579,ZONE1,2025-01-25 03:00:00+00:00,2025-01-25 04:00:00+00:00,H
580,ZONE1,2025-01-25 04:00:00+00:00,2025-01-25 05:00:00+00:00,H
581,ZONE1,2025-01-25 05:00:00+00:00,2025-01-25 06:00:00+00:00,H
582,ZONE1,2025-01-25 06:00:00+00:00,2025-01-25 07:00:00+00:00,H
583,ZONE1,2025-01-25 07:00:00+00:00,2025-01-25 08:00:00+00:00,H
584,ZONE1,2025-01-25 08:00:00+00:00,2025-01-25 09:00:00+00:00,H
585,ZONE1,2025-01-25 09:00:00+00:00,2025-01-25 10:00:00+00:00,H
586,ZONE1,2025-01-25 10:00:00+00:00,2025-01-25 11:00:00+00:00,H
587,ZONE1,2025-01-25 11:00:00+00:00,2025-01-25 12:00:00+00:00,H
588,ZONE1,2025-01-25 12:00:00+00:00,2025-01-25 13:00:00+00:00,H
589,ZONE1,2025-01-25 13:00:00+00:00,2025-01-25 14:00:00+00:00,H
590,ZONE1,2025-01-25 14:00:00+00:00,2025-01-25 15:00:00+00:00,H
591,ZONE1,2025-01-25 15:00:00+00:00,2025-01-25 16:00:00+00:00,H
592,ZONE1,2025-01-25 16:00:00+00:00,2025-01-25 17:00:00+00:00,H
593,ZONE1,2025-01-25 17:00:00+00:00,2025-01-25 18:00:00+00:00,H
594,ZONE1,2025-01-25 18:00:00+00:00,2025-01-25 19:00:00+00:00,H
595,ZONE1,2025-01-25 19:00:00+00:00,2025-01-25 20:00:00+00:00,H
596,ZONE1,2025-01-25 20:00:00+00:00,2025-01-25 21:00:00+00:00,H
597,ZONE1,2025-01-25 21:00:00+00:00,2025-01-25 22:00:00+00:00,H
598,ZONE1,2025-01-25 22:00:00+00:00,2025-01-25 23:00:00+00:00,H
599,ZONE1,2025-01-25 23:00:00+00:00,2025-01-26 00:00:00+00:00,H
600,ZONE1,2025-01-26 00:00:00+00:00,2025-01-26 01:00:00+00:00,H
601,ZONE1,2025-01-26 01:00:00+00:00,2025-01-26 02:00:00+00:00,H
602,ZONE1,2025-01-26 02:00:00+00:00,2025-01-26 03:00:00+00:00,H
603,ZONE1,2025-01-26 03:00:00+00:00,2025-01-26 04:00:00+00:00,H
604,ZONE1,2025-01-26 04:00:00+00:00,2025-01-26 05:00:00+00:00,H
605,ZONE1,2025-01-26 05:00:00+00:00,2025-01-26 06:00:00+00:00,H
606,ZONE1,2025-01-26 06:00:00+00:00,2025-01-26 07:00:00+00:00,H
607,ZONE1,2025-01-26 07:00:00+00:00,2025-01-26 08:00:00+00:00,H
608,ZONE1,2025-01-26 08:00:00+00:00,2025-01-26 09:00:00+00:00,H
609,ZONE1,2025-01-26 09:00:00+00:00,2025-01-26 10:00:00+00:00,H
610,ZONE1,2025-01-26 10:00:00+00:00,2025-01-26 11:00:00+00:00,H
611,ZONE1,2025-01-26 11:00:00+00:00,2025-01-26 12:00:00+00:00,H
612,ZONE1,2025-01-26 12:00:00+00:00,2025-01-26 13:00:00+00:00,H
613,ZONE1,2025-01-26 13:00:00+00:00,2025-01-26 14:00:00+00:00,H
614,ZONE1,2025-01-26 14:00:00+00:00,2025-01-26 15:00:00+00:00,H
615,ZONE1,2025-01-26 15:00:00+00:00,2025-01-26 16:00:00+00:00,H
616,ZONE1,2025-01-26 16:00:00+00:00,2025-01-26 17:00:00+00:00,H
617,ZONE1,2025-01-26 17:00:00+00:00,2025-01-26 18:00:00+00:00,H
618,ZONE1,2025-01-26 18:00:00+00:00,2025-01-26 19:00:00+00:00,H
619,ZONE1,2025-01-26 19:00:00+00:00,2025-01-26 20:00:00+00:00,H
620,ZONE1,2025-01-26 20:00:00+00:00,2025-01-26 21:00:00+00:00,H
621,ZONE1,2025-01-26 21:00:00+00:00,2025-01-26 22:00:00+00:00,H
622,ZONE1,2025-01-26 22:00:00+00:00,2025-01-26 23:00:00+00:00,H
623,ZONE1,2025-01-26 23:00:00+00:00,2025-01-27 00:00:00+00:00,H
624,ZONE1,2025-01-27 00:00:00+00:00,2025-01-27 01:00:00+00:00,H
625,ZONE1,2025-01-27 01:00:00+00:00,2025-01-27 02:00:00+00:00,H
626,ZONE1,2025-01-27 02:00:00+00:00,2025-01-27 03:00:00+00:00,H
627,ZONE1,2025-01-27 03:00:00+00:00,2025-01-27 04:00:00+00:00,H
628,ZONE1,2025-01-27 04:00:00+00:00,2025-01-27 05:00:00+00:00,H
629,ZONE1,2025-01-27 05:00:00+00:00,2025-01-27 06:00:00+00:00,H
630,ZONE1,2025-01-27 06:00:00+00:00,2025-01-27 07:00:00+00:00,H
631,ZONE1,2025-01-27 07:00:00+00:00,2025-01-27 08:00:00+00:00,H
632,ZONE1,2025-01-27 08:00:00+00:00,2025-01-27 09:00:00+00:00,H
633,ZONE1,2025-01-27 09:00:00+00:00,2025-01-27 10:00:00+00:00,H
634,ZONE1,2025-01-27 10:00:00+00:00,2025-01-27 11:00:00+00:00,H
635,ZONE1,2025-01-27 11:00:00+00:00,2025-01-27 12:00:00+00:00,H
636,ZONE1,2025-01-27 12:00:00+00:00,2025-01-27 13:00:00+00:00,H
637,ZONE1,2025-01-27 13:00:00+00:00,2025-01-27 14:00:00+00:00,H
638,ZONE1,2025-01-27 14:00:00+00:00,2025-01-27 15:00:00+00:00,H
639,ZONE1,2025-01-27 15:00:00+00:00,2025-01-27 16:00:00+00:00,H
640,ZONE1,2025-01-27 16:00:00+00:00,2025-01-27 17:00:00+00:00,H
641,ZONE1,2025-01-27 17:00:00+00:00,2025-01-27 18:00:00+00:00,H
642,ZONE1,2025-01-27 18:00:00+00:00,2025-01-27 19:00:00+00:00,H
643,ZONE1,2025-01-27 19:00:00+00:00,2025-01-27 20:00:00+00:00,H
644,ZONE1,2025-01-27 20:00:00+00:00,2025-01-27 21:00:00+00:00,H
645,ZONE1,2025-01-27 21:00:00+00:00,2025-01-27 22:00:00+00:00,H
646,ZONE1,2025-01-27 22:00:00+00:00,2025-01-27 23:00:00+00:00,H
647,ZONE1,2025-01-27 23:00:00+00:00,2025-01-28 00:00:00+00:00,H
648,ZONE1,2025-01-28 00:00:00+00:00,2025-01-28 01:00:00+00:00,H
649,ZONE1,2025-01-28 01:00:00+00:00,2025-01-28 02:00:00+00:00,H
650,ZONE1,2025-01-28 02:00:00+00:00,2025-01-28 03:00:00+00:00,H
651,ZONE1,2025-01-28 03:00:00+00:00,2025-01-28 04:00:00+00:00,H
652,ZONE1,2025-01-28 04:00:00+00:00,2025-01-28 05:00:00+00:00,H
653,ZONE1,2025-01-28 05:00:00+00:00,2025-01-28 06:00:00+00:00,H
654,ZONE1,2025-01-28 06:00:00+00:00,2025-01-28 07:00:00+00:00,H
655,ZONE1,2025-01-28 07:00:00+00:00,2025-01-28 08:00:00+00:00,H
656,ZONE1,2025-01-28 08:00:00+00:00,2025-01-28 09:00:00+00:00,H
657,ZONE1,2025-01-28 09:00:00+00:00,2025-01-28 10:00:00+00:00,H
658,ZONE1,2025-01-28 10:00:00+00:00,2025-01-28 11:00:00+00:00,H
659,ZONE1,2025-01-28 11:00:00+00:00,2025-01-28 12:00:00+00:00,H
660,ZONE1,2025-01-28 12:00:00+00:00,2025-01-28 13:00:00+00:00,H
661,ZONE1,2025-01-28 13:00:00+00:00,2025-01-28 14:00:00+00:00,H
662,ZONE1,2025-01-28 14:00:00+00:00,2025-01-28 15:00:00+00:00,H
663,ZONE1,2025-01-28 15:00:00+00:00,2025-01-28 16:00:00+00:00,H
664,ZONE1,2025-01-28 16:00:00+00:00,2025-01-28 17:00:00+00:00,H
665,ZONE1,2025-01-28 17:00:00+00:00,2025-01-28 18:00:00+00:00,H
666,ZONE1,2025-01-28 18:00:00+00:00,2025-01-28 19:00:00+00:00,H
667,ZONE1,2025-01-28 19:00:00+00:00,2025-01-28 20:00:00+00:00,H
668,ZONE1,2025-01-28 20:00:00+00:00,2025-01-28 21:00:00+00:00,H
669,ZONE1,2025-01-28 21:00:00+00:00,2025-01-28 22:00:00+00:00,H
670,ZONE1,2025-01-28 22:00:00+00:00,2025-01-28 23:00:00+00:00,H
671,ZONE1,2025-01-28 23:00:00+00:00,2025-01-29 00:00:00+00:00,H
672,ZONE1,2025-01-29 00:00:00+00:00,2025-01-29 01:00:00+00:00,H
673,ZONE1,2025-01-29 01:00:00+00:00,2025-01-29 02:00:00+00:00,H
674,ZONE1,2025-01-29 02:00:00+00:00,2025-01-29 03:00:00+00:00,H
675,ZONE1,2025-01-29 03:00:00+00:00,2025-01-29 04:00:00+00:00,H
676,ZONE1,2025-01-29 04:00:00+00:00,2025-01-29 05:00:00+00:00,H
677,ZONE1,2025-01-29 05:00:00+00:00,2025-01-29 06:00:00+00:00,H
678,ZONE1,2025-01-29 06:00:00+00:00,2025-01-29 07:00:00+00:00,H
679,ZONE1,2025-01-29 07:00:00+00:00,2025-01-29 08:00:00+00:00,H
680,ZONE1,2025-01-29 08:00:00+00:00,2025-01-29 09:00:00+00:00,H
681,ZONE1,2025-01-29 09:00:00+00:00,2025-01-29 10:00:00+00:00,H
682,ZONE1,2025-01-29 10:00:00+00:00,2025-01-29 11:00:00+00:00,H
683,ZONE1,2025-01-29 11:00:00+00:00,2025-01-29 12:00:00+00:00,H
684,ZONE1,2025-01-29 12:00:00+00:00,2025-01-29 13:00:00+00:00,H
685,ZONE1,2025-01-29 13:00:00+00:00,2025-01-29 14:00:00+00:00,H
686,ZONE1,2025-01-29 14:00:00+00:00,2025-01-29 15:00:00+00:00,H
687,ZONE1,2025-01-29 15:00:00+00:00,2025-01-29 16:00:00+00:00,H
688,ZONE1,2025-01-29 16:00:00+00:00,2025-01-29 17:00:00+00:00,H
689,ZONE1,2025-01-29 17:00:00+00:00,2025-01-29 18:00:00+00:00,H
690,ZONE1,2025-01-29 18:00:00+00:00,2025-01-29 19:00:00+00:00,H
691,ZONE1,2025-01-29 19:00:00+00:00,2025-01-29 20:00:00+00:00,H
692,ZONE1,2025-01-29 20:00:00+00:00,2025-01-29 21:00:00+00:00,H
693,ZONE1,2025-01-29 21:00:00+00:00,2025-01-29 22:00:00+00:00,H
694,ZONE1,2025-01-29 22:00:00+00:00,2025-01-29 23:00:00+00:00,H
695,ZONE1,2025-01-29 23:00:00+00:00,2025-01-30 00:00:00+00:00,H
696,ZONE1,2025-01-30 00:00:00+00:00,2025-01-30 01:00:00+00:00,H
697,ZONE1,2025-01-30 01:00:00+00:00,2025-01-30 02:00:00+00:00,H
698,ZONE1,2025-01-30 02:00:00+00:00,2025-01-30 03:00:00+00:00,H
699,ZONE1,2025-01-30 03:00:00+00:00,2025-01-30 04:00:00+00:00,H
700,ZONE1,2025-01-30 04:00:00+00:00,2025-01-30 05:00:00+00:00,H
701,ZONE1,2025-01-30 05:00:00+00:00,2025-01-30 06:00:00+00:00,H
702,ZONE1,2025-01-30 06:00:00+00:00,2025-01-30 07:00:00+00:00,H
703,ZONE1,2025-01-30 07:00:00+00:00,2025-01-30 08:00:00+00:00,H
704,ZONE1,2025-01-30 08:00:00+00:00,2025-01-30 09:00:00+00:00,H
705,ZONE1,2025-01-30 09:00:00+00:00,2025-01-30 10:00:00+00:00,H
706,ZONE1,2025-01-30 10:00:00+00:00,2025-01-30 11:00:00+00:00,H
707,ZONE1,2025-01-30 11:00:00+00:00,2025-01-30 12:00:00+00:00,H
708,ZONE1,2025-01-30 12:00:00+00:00,2025-01-30 13:00:00+00:00,H
709,ZONE1,2025-01-30 13:00:00+00:00,2025-01-30 14:00:00+00:00,H
710,ZONE1,2025-01-30 14:00:00+00:00,2025-01-30 15:00:00+00:00,H
711,ZONE1,2025-01-30 15:00:00+00:00,2025-01-30 16:00:00+00:00,H
712,ZONE1,2025-01-30 16:00:00+00:00,2025-01-30 17:00:00+00:00,H
713,ZONE1,2025-01-30 17:00:00+00:00,2025-01-30 18:00:00+00:00,H
714,ZONE1,2025-01-30 18:00:00+00:00,2025-01-30 19:00:00+00:00,H
715,ZONE1,2025-01-30 19:00:00+00:00,2025-01-30 20:00:00+00:00,H
716,ZONE1,2025-01-30 20:00:00+00:00,2025-01-30 21:00:00+00:00,H
717,ZONE1,2025-01-30 21:00:00+00:00,2025-01-30 22:00:00+00:00,H
718,ZONE1,2025-01-30 22:00:00+00:00,2025-01-30 23:00:00+00:00,H
719,ZONE1,2025-01-30 23:00:00+00:00,2025-01-31 00:00:00+00:00,H
720,ZONE1,2025-01-31 00:00:00+00:00,2025-01-31 01:00:00+00:00,H
721,ZONE1,2025-01-31 01:00:00+00:00,2025-01-31 02:00:00+00:00,H
722,ZONE1,2025-01-31 02:00:00+00:00,2025-01-31 03:00:00+00:00,H
723,ZONE1,2025-01-31 03:00:00+00:00,2025-01-31 04:00:00+00:00,H
724,ZONE1,2025-01-31 04:00:00+00:00,2025-01-31 05:00:00+00:00,H
725,ZONE1,2025-01-31 05:00:00+00:00,2025-01-31 06:00:00+00:00,H
726,ZONE1,2025-01-31 06:00:00+00:00,2025-01-31 07:00:00+00:00,H
727,ZONE1,2025-01-31 07:00:00+00:00,2025-01-31 08:00:00+00:00,H
728,ZONE1,2025-01-31 08:00:00+00:00,2025-01-31 09:00:00+00:00,H
729,ZONE1,2025-01-31 09:00:00+00:00,2025-01-31 10:00:00+00:00,H
730,ZONE1,2025-01-31 10:00:00+00:00,2025-01-31 11:00:00+00:00,H
731,ZONE1,2025-01-31 11:00:00+00:00,2025-01-31 12:00:00+00:00,H
732,ZONE1,2025-01-31 12:00:00+00:00,2025-01-31 13:00:00+00:00,H
733,ZONE1,2025-01-31 13:00:00+00:00,2025-01-31 14:00:00+00:00,H
734,ZONE1,2025-01-31 14:00:00+00:00,2025-01-31 15:00:00+00:00,H
735,ZONE1,2025-01-31 15:00:00+00:00,2025-01-31 16:00:00+00:00,H
736,ZONE1,2025-01-31 16:00:00+00:00,2025-01-31 17:00:00+00:00,H
737,ZONE1,2025-01-31 17:00:00+00:00,2025-01-31 18:00:00+00:00,H
738,ZONE1,2025-01-31 18:00:00+00:00,2025-01-31 19:00:00+00:00,H
739,ZONE1,2025-01-31 19:00:00+00:00,2025-01-31 20:00:00+00:00,H
740,ZONE1,2025-01-31 20:00:00+00:00,2025-01-31 21:00:00+00:00,H
741,ZONE1,2025-01-31 21:00:00+00:00,2025-01-31 22:00:00+00:00,H
742,ZONE1,2025-01-31 22:00:00+00:00,2025-01-31 23:00:00+00:00,H
743,ZONE1,2025-01-31 23:00:00+00:00,2025-02-01 00:00:00+00:00,H
744,ZONE1,2025-02-01 00:00:00+00:00,2025-02-01 01:00:00+00:00,H
745,ZONE1,2025-02-01 01:00:00+00:00,2025-02-01 02:00:00+00:00,H
746,ZONE1,2025-02-01 02:00:00+00:00,2025-02-01 03:00:00+00:00,H
747,ZONE1,2025-02-01 03:00:00+00:00,2025-02-01 04:00:00+00:00,H
748,ZONE1,2025-02-01 04:00:00+00:00,2025-02-01 05:00:00+00:00,H
749,ZONE1,2025-02-01 05:00:00+00:00,2025-02-01 06:00:00+00:00,H
750,ZONE1,2025-02-01 06:00:00+00:00,2025-02-01 07:00:00+00:00,H
751,ZONE1,2025-02-01 07:00:00+00:00,2025-02-01 08:00:00+00:00,H
752,ZONE1,2025-02-01 08:00:00+00:00,2025-02-01 09:00:00+00:00,H
753,ZONE1,2025-02-01 09:00:00+00:00,2025-02-01 10:00:00+00:00,H
754,ZONE1,2025-02-01 10:00:00+00:00,2025-02-01 11:00:00+00:00,H
755,ZONE1,2025-02-01 11:00:00+00:00,2025-02-01 12:00:00+00:00,H
756,ZONE1,2025-02-01 12:00:00+00:00,2025-02-01 13:00:00+00:00,H
757,ZONE1,2025-02-01 13:00:00+00:00,2025-02-01 14:00:00+00:00,H
758,ZONE1,2025-02-01 14:00:00+00:00,2025-02-01 15:00:00+00:00,H
759,ZONE1,2025-02-01 15:00:00+00:00,2025-02-01 16:00:00+00:00,H
760,ZONE1,2025-02-01 16:00:00+00:00,2025-02-01 17:00:00+00:00,H
761,ZONE1,2025-02-01 17:00:00+00:00,2025-02-01 18:00:00+00:00,H
762,ZONE1,2025-02-01 18:00:00+00:00,2025-02-01 19:00:00+00:00,H
763,ZONE1,2025-02-01 19:00:00+00:00,2025-02-01 20:00:00+00:00,H
764,ZONE1,2025-02-01 20:00:00+00:00,2025-02-01 21:00:00+00:00,H
765,ZONE1,2025-02-01 21:00:00+00:00,2025-02-01 22:00:00+00:00,H
766,ZONE1,2025-02-01 22:00:00+00:00,2025-02-01 23:00:00+00:00,H
767,ZONE1,2025-02-01 23:00:00+00:00,2025-02-02 00:00:00+00:00,H
768,ZONE1,2025-02-02 00:00:00+00:00,2025-02-02 01:00:00+00:00,H
769,ZONE1,2025-02-02 01:00:00+00:00,2025-02-02 02:00:00+00:00,H
770,ZONE1,2025-02-02 02:00:00+00:00,2025-02-02 03:00:00+00:00,H
771,ZONE1,2025-02-02 03:00:00+00:00,2025-02-02 04:00:00+00:00,H
772,ZONE1,2025-02-02 04:00:00+00:00,2025-02-02 05:00:00+00:00,H
773,ZONE1,2025-02-02 05:00:00+00:00,2025-02-02 06:00:00+00:00,H
774,ZONE1,2025-02-02 06:00:00+00:00,2025-02-02 07:00:00+00:00,H
775,ZONE1,2025-02-02 07:00:00+00:00,2025-02-02 08:00:00+00:00,H
776,ZONE1,2025-02-02 08:00:00+00:00,2025-02-02 09:00:00+00:00,H
777,ZONE1,2025-02-02 09:00:00+00:00,2025-02-02 10:00:00+00:00,H
778,ZONE1,2025-02-02 10:00:00+00:00,2025-02-02 11:00:00+00:00,H
779,ZONE1,2025-02-02 11:00:00+00:00,2025-02-02 12:00:00+00:00,H
780,ZONE1,2025-02-02 12:00:00+00:00,2025-02-02 13:00:00+00:00,H
781,ZONE1,2025-02-02 13:00:00+00:00,2025-02-02 14:00:00+00:00,H
782,ZONE1,2025-02-02 14:00:00+00:00,2025-02-02 15:00:00+00:00,H
783,ZONE1,2025-02-02 15:00:00+00:00,2025-02-02 16:00:00+00:00,H
784,ZONE1,2025-02-02 16:00:00+00:00,2025-02-02 17:00:00+00:00,H
785,ZONE1,2025-02-02 17:00:00+00:00,2025-02-02 18:00:00+00:00,H
786,ZONE1,2025-02-02 18:00:00+00:00,2025-02-02 19:00:00+00:00,H
787,ZONE1,2025-02-02 19:00:00+00:00,2025-02-02 20:00:00+00:00,H
788,ZONE1,2025-02-02 20:00:00+00:00,2025-02-02 21:00:00+00:00,H
789,ZONE1,2025-02-02 21:00:00+00:00,2025-02-02 22:00:00+00:00,H
790,ZONE1,2025-02-02 22:00:00+00:00,2025-02-02 23:00:00+00:00,H
791,ZONE1,2025-02-02 23:00:00+00:00,2025-02-03 00:00:00+00:00,H
792,ZONE1,2025-02-03 00:00:00+00:00,2025-02-03 01:00:00+00:00,H
793,ZONE1,2025-02-03 01:00:00+00:00,2025-02-03 02:00:00+00:00,H
794,ZONE1,2025-02-03 02:00:00+00:00,2025-02-03 03:00:00+00:00,H
795,ZONE1,2025-02-03 03:00:00+00:00,2025-02-03 04:00:00+00:00,H
796,ZONE1,2025-02-03 04:00:00+00:00,2025-02-03 05:00:00+00:00,H
797,ZONE1,2025-02-03 05:00:00+00:00,2025-02-03 06:00:00+00:00,H
798,ZONE1,2025-02-03 06:00:00+00:00,2025-02-03 07:00:00+00:00,H
799,ZONE1,2025-02-03 07:00:00+00:00,2025-02-03 08:00:00+00:00,H
800,ZONE1,2025-02-03 08:00:00+00:00,2025-02-03 09:00:00+00:00,H
801,ZONE1,2025-02-03 09:00:00+00:00,2025-02-03 10:00:00+00:00,H
802,ZONE1,2025-02-03 10:00:00+00:00,2025-02-03 11:00:00+00:00,H
803,ZONE1,2025-02-03 11:00:00+00:00,2025-02-03 12:00:00+00:00,H
804,ZONE1,2025-02-03 12:00:00+00:00,2025-02-03 13:00:00+00:00,H
805,ZONE1,2025-02-03 13:00:00+00:00,2025-02-03 14:00:00+00:00,H
806,ZONE1,2025-02-03 14:00:00+00:00,2025-02-03 15:00:00+00:00,H
807,ZONE1,2025-02-03 15:00:00+00:00,2025-02-03 16:00:00+00:00,H
808,ZONE1,2025-02-03 16:00:00+00:00,2025-02-03 17:00:00+00:00,H
809,ZONE1,2025-02-03 17:00:00+00:00,2025-02-03 18:00:00+00:00,H
810,ZONE1,2025-02-03 18:00:00+00:00,2025-02-03 19:00:00+00:00,H
811,ZONE1,2025-02-03 19:00:00+00:00,2025-02-03 20:00:00+00:00,H
812,ZONE1,2025-02-03 20:00:00+00:00,2025-02-03 21:00:00+00:00,H
813,ZONE1,2025-02-03 21:00:00+00:00,2025-02-03 22:00:00+00:00,H
814,ZONE1,2025-02-03 22:00:00+00:00,2025-02-03 23:00:00+00:00,H
815,ZONE1,2025-02-03 23:00:00+00:00,2025-02-04 00:00:00+00:00,H
816,ZONE1,2025-02-04 00:00:00+00:00,2025-02-04 01:00:00+00:00,H
817,ZONE1,2025-02-04 01:00:00+00:00,2025-02-04 02:00:00+00:00,H
818,ZONE1,2025-02-04 02:00:00+00:00,2025-02-04 03:00:00+00:00,H
819,ZONE1,2025-02-04 03:00:00+00:00,2025-02-04 04:00:00+00:00,H
820,ZONE1,2025-02-04 04:00:00+00:00,2025-02-04 05:00:00+00:00,H
821,ZONE1,2025-02-04 05:00:00+00:00,2025-02-04 06:00:00+00:00,H
822,ZONE1,2025-02-04 06:00:00+00:00,2025-02-04 07:00:00+00:00,H
823,ZONE1,2025-02-04 07:00:00+00:00,2025-02-04 08:00:00+00:00,H
824,ZONE1,2025-02-04 08:00:00+00:00,2025-02-04 09:00:00+00:00,H
825,ZONE1,2025-02-04 09:00:00+00:00,2025-02-04 10:00:00+00:00,H
826,ZONE1,2025-02-04 10:00:00+00:00,2025-02-04 11:00:00+00:00,H
827,ZONE1,2025-02-04 11:00:00+00:00,2025-02-04 12:00:00+00:00,H
828,ZONE1,2025-02-04 12:00:00+00:00,2025-02-04 13:00:00+00:00,H
829,ZONE1,2025-02-04 13:00:00+00:00,2025-02-04 14:00:00+00:00,H
830,ZONE1,2025-02-04 14:00:00+00:00,2025-02-04 15:00:00+00:00,H
831,ZONE1,2025-02-04 15:00:00+00:00,2025-02-04 16:00:00+00:00,H
832,ZONE1,2025-02-04 16:00:00+00:00,2025-02-04 17:00:00+00:00,H
833,ZONE1,2025-02-04 17:00:00+00:00,2025-02-04 18:00:00+00:00,H
834,ZONE1,2025-02-04 18:00:00+00:00,2025-02-04 19:00:00+00:00,H
835,ZONE1,2025-02-04 19:00:00+00:00,2025-02-04 20:00:00+00:00,H
836,ZONE1,2025-02-04 20:00:00+00:00,2025-02-04 21:00:00+00:00,H
837,ZONE1,2025-02-04 21:00:00+00:00,2025-02-04 22:00:00+00:00,H
838,ZONE1,2025-02-04 22:00:00+00:00,2025-02-04 23:00:00+00:00,H
839,ZONE1,2025-02-04 23:00:00+00:00,2025-02-05 00:00:00+00:00,H
840,ZONE1,2025-02-05 00:00:00+00:00,2025-02-05 01:00:00+00:00,H
841,ZONE1,2025-02-05 01:00:00+00:00,2025-02-05 02:00:00+00:00,H
842,ZONE1,2025-02-05 02:00:00+00:00,2025-02-05 03:00:00+00:00,H
843,ZONE1,2025-02-05 03:00:00+00:00,2025-02-05 04:00:00+00:00,H
844,ZONE1,2025-02-05 04:00:00+00:00,2025-02-05 05:00:00+00:00,H
845,ZONE1,2025-02-05 05:00:00+00:00,2025-02-05 06:00:00+00:00,H
846,ZONE1,2025-02-05 06:00:00+00:00,2025-02-05 07:00:00+00:00,H
847,ZONE1,2025-02-05 07:00:00+00:00,2025-02-05 08:00:00+00:00,H
848,ZONE1,2025-02-05 08:00:00+00:00,2025-02-05 09:00:00+00:00,H
849,ZONE1,2025-02-05 09:00:00+00:00,2025-02-05 10:00:00+00:00,H
850,ZONE1,2025-02-05 10:00:00+00:00,2025-02-05 11:00:00+00:00,H
851,ZONE1,2025-02-05 11:00:00+00:00,2025-02-05 12:00:00+00:00,H
852,ZONE1,2025-02-05 12:00:00+00:00,2025-02-05 13:00:00+00:00,H
853,ZONE1,2025-02-05 13:00:00+00:00,2025-02-05 14:00:00+00:00,H
854,ZONE1,2025-02-05 14:00:00+00:00,2025-02-05 15:00:00+00:00,H
855,ZONE1,2025-02-05 15:00:00+00:00,2025-02-05 16:00:00+00:00,H
856,ZONE1,2025-02-05 16:00:00+00:00,2025-02-05 17:00:00+00:00,H
857,ZONE1,2025-02-05 17:00:00+00:00,2025-02-05 18:00:00+00:00,H
858,ZONE1,2025-02-05 18:00:00+00:00,2025-02-05 19:00:00+00:00,H
859,ZONE1,2025-02-05 19:00:00+00:00,2025-02-05 20:00:00+00:00,H
860,ZONE1,2025-02-05 20:00:00+00:00,2025-02-05 21:00:00+00:00,H
861,ZONE1,2025-02-05 21:00:00+00:00,2025-02-05 22:00:00+00:00,H
862,ZONE1,2025-02-05 22:00:00+00:00,2025-02-05 23:00:00+00:00,H
863,ZONE1,2025-02-05 23:00:00+00:00,2025-02-06 00:00:00+00:00,H
864,ZONE1,2025-02-06 00:00:00+00:00,2025-02-06 01:00:00+00:00,H
865,ZONE1,2025-02-06 01:00:00+00:00,2025-02-06 02:00:00+00:00,H
866,ZONE1,2025-02-06 02:00:00+00:00,2025-02-06 03:00:00+00:00,H
867,ZONE1,2025-02-06 03:00:00+00:00,2025-02-06 04:00:00+00:00,H
868,ZONE1,2025-02-06 04:00:00+00:00,2025-02-06 05:00:00+00:00,H
869,ZONE1,2025-02-06 05:00:00+00:00,2025-02-06 06:00:00+00:00,H
870,ZONE1,2025-02-06 06:00:00+00:00,2025-02-06 07:00:00+00:00,H
871,ZONE1,2025-02-06 07:00:00+00:00,2025-02-06 08:00:00+00:00,H
872,ZONE1,2025-02-06 08:00:00+00:00,2025-02-06 09:00:00+00:00,H
873,ZONE1,2025-02-06 09:00:00+00:00,2025-02-06 10:00:00+00:00,H
874,ZONE1,2025-02-06 10:00:00+00:00,2025-02-06 11:00:00+00:00,H
875,ZONE1,2025-02-06 11:00:00+00:00,2025-02-06 12:00:00+00:00,H
876,ZONE1,2025-02-06 12:00:00+00:00,2025-02-06 13:00:00+00:00,H
877,ZONE1,2025-02-06 13:00:00+00:00,2025-02-06 14:00:00+00:00,H
878,ZONE1,2025-02-06 14:00:00+00:00,2025-02-06 15:00:00+00:00,H
879,ZONE1,2025-02-06 15:00:00+00:00,2025-02-06 16:00:00+00:00,H
880,ZONE1,2025-02-06 16:00:00+00:00,2025-02-06 17:00:00+00:00,H
881,ZONE1,2025-02-06 17:00:00+00:00,2025-02-06 18:00:00+00:00,H
882,ZONE1,2025-02-06 18:00:00+00:00,2025-02-06 19:00:00+00:00,H
883,ZONE1,2025-02-06 19:00:00+00:00,2025-02-06 20:00:00+00:00,H
884,ZONE1,2025-02-06 20:00:00+00:00,2025-02-06 21:00:00+00:00,H
885,ZONE1,2025-02-06 21:00:00+00:00,2025-02-06 22:00:00+00:00,H
886,ZONE1,2025-02-06 22:00:00+00:00,2025-02-06 23:00:00+00:00,H
887,ZONE1,2025-02-06 23:00:00+00:00,2025-02-07 00:00:00+00:00,H
888,ZONE1,2025-02-07 00:00:00+00:00,2025-02-07 01:00:00+00:00,H
889,ZONE1,2025-02-07 01:00:00+00:00,2025-02-07 02:00:00+00:00,H
890,ZONE1,2025-02-07 02:00:00+00:00,2025-02-07 03:00:00+00:00,H
891,ZONE1,2025-02-07 03:00:00+00:00,2025-02-07 04:00:00+00:00,H
892,ZONE1,2025-02-07 04:00:00+00:00,2025-02-07 05:00:00+00:00,H
893,ZONE1,2025-02-07 05:00:00+00:00,2025-02-07 06:00:00+00:00,H
894,ZONE1,2025-02-07 06:00:00+00:00,2025-02-07 07:00:00+00:00,H
895,ZONE1,2025-02-07 07:00:00+00:00,2025-02-07 08:00:00+00:00,H
896,ZONE1,2025-02-07 08:00:00+00:00,2025-02-07 09:00:00+00:00,H
897,ZONE1,2025-02-07 09:00:00+00:00,2025-02-07 10:00:00+00:00,H
898,ZONE1,2025-02-07 10:00:00+00:00,2025-02-07 11:00:00+00:00,H
899,ZONE1,2025-02-07 11:00:00+00:00,2025-02-07 12:00:00+00:00,H
900,ZONE1,2025-02-07 12:00:00+00:00,2025-02-07 13:00:00+00:00,H
901,ZONE1,2025-02-07 13:00:00+00:00,2025-02-07 14:00:00+00:00,H
902,ZONE1,2025-02-07 14:00:00+00:00,2025-02-07 15:00:00+00:00,H
903,ZONE1,2025-02-07 15:00:00+00:00,2025-02-07 16:00:00+00:00,H
904,ZONE1,2025-02-07 16:00:00+00:00,2025-02-07 17:00:00+00:00,H
905,ZONE1,2025-02-07 17:00:00+00:00,2025-02-07 18:00:00+00:00,H
906,ZONE1,2025-02-07 18:00:00+00:00,2025-02-07 19:00:00+00:00,H
907,ZONE1,2025-02-07 19:00:00+00:00,2025-02-07 20:00:00+00:00,H
908,ZONE1,2025-02-07 20:00:00+00:00,2025-02-07 21:00:00+00:00,H
909,ZONE1,2025-02-07 21:00:00+00:00,2025-02-07 22:00:00+00:00,H
910,ZONE1,2025-02-07 22:00:00+00:00,2025-02-07 23:00:00+00:00,H
911,ZONE1,2025-02-07 23:00:00+00:00,2025-02-08 00:00:00+00:00,H
912,ZONE1,2025-02-08 00:00:00+00:00,2025-02-08 01:00:00+00:00,H
913,ZONE1,2025-02-08 01:00:00+00:00,2025-02-08 02:00:00+00:00,H
914,ZONE1,2025-02-08 02:00:00+00:00,2025-02-08 03:00:00+00:00,H
915,ZONE1,2025-02-08 03:00:00+00:00,2025-02-08 04:00:00+00:00,H
916,ZONE1,2025-02-08 04:00:00+00:00,2025-02-08 05:00:00+00:00,H
917,ZONE1,2025-02-08 05:00:00+00:00,2025-02-08 06:00:00+00:00,H
918,ZONE1,2025-02-08 06:00:00+00:00,2025-02-08 07:00:00+00:00,H
919,ZONE1,2025-02-08 07:00:00+00:00,2025-02-08 08:00:00+00:00,H
920,ZONE1,2025-02-08 08:00:00+00:00,2025-02-08 09:00:00+00:00,H
921,ZONE1,2025-02-08 09:00:00+00:00,2025-02-08 10:00:00+00:00,H
922,ZONE1,2025-02-08 10:00:00+00:00,2025-02-08 11:00:00+00:00,H
923,ZONE1,2025-02-08 11:00:00+00:00,2025-02-08 12:00:00+00:00,H
924,ZONE1,2025-02-08 12:00:00+00:00,2025-02-08 13:00:00+00:00,H
925,ZONE1,2025-02-08 13:00:00+00:00,2025-02-08 14:00:00+00:00,H
926,ZONE1,2025-02-08 14:00:00+00:00,2025-02-08 15:00:00+00:00,H
927,ZONE1,2025-02-08 15:00:00+00:00,2025-02-08 16:00:00+00:00,H
928,ZONE1,2025-02-08 16:00:00+00:00,2025-02-08 17:00:00+00:00,H
929,ZONE1,2025-02-08 17:00:00+00:00,2025-02-08 18:00:00+00:00,H
930,ZONE1,2025-02-08 18:00:00+00:00,2025-02-08 19:00:00+00:00,H
931,ZONE1,2025-02-08 19:00:00+00:00,2025-02-08 20:00:00+00:00,H
932,ZONE1,2025-02-08 20:00:00+00:00,2025-02-08 21:00:00+00:00,H
933,ZONE1,2025-02-08 21:00:00+00:00,2025-02-08 22:00:00+00:00,H
934,ZONE1,2025-02-08 22:00:00+00:00,2025-02-08 23:00:00+00:00,H
935,ZONE1,2025-02-08 23:00:00+00:00,2025-02-09 00:00:00+00:00,H
936,ZONE1,2025-02-09 00:00:00+00:00,2025-02-09 01:00:00+00:00,H
937,ZONE1,2025-02-09 01:00:00+00:00,2025-02-09 02:00:00+00:00,H
938,ZONE1,2025-02-09 02:00:00+00:00,2025-02-09 03:00:00+00:00,H
939,ZONE1,2025-02-09 03:00:00+00:00,2025-02-09 04:00:00+00:00,H
940,ZONE1,2025-02-09 04:00:00+00:00,2025-02-09 05:00:00+00:00,H
941,ZONE1,2025-02-09 05:00:00+00:00,2025-02-09 06:00:00+00:00,H
942,ZONE1,2025-02-09 06:00:00+00:00,2025-02-09 07:00:00+00:00,H
943,ZONE1,2025-02-09 07:00:00+00:00,2025-02-09 08:00:00+00:00,H
944,ZONE1,2025-02-09 08:00:00+00:00,2025-02-09 09:00:00+00:00,H
945,ZONE1,2025-02-09 09:00:00+00:00,2025-02-09 10:00:00+00:00,H
946,ZONE1,2025-02-09 10:00:00+00:00,2025-02-09 11:00:00+00:00,H
947,ZONE1,2025-02-09 11:00:00+00:00,2025-02-09 12:00:00+00:00,H
948,ZONE1,2025-02-09 12:00:00+00:00,2025-02-09 13:00:00+00:00,H
949,ZONE1,2025-02-09 13:00:00+00:00,2025-02-09 14:00:00+00:00,H
950,ZONE1,2025-02-09 14:00:00+00:00,2025-02-09 15:00:00+00:00,H
951,ZONE1,2025-02-09 15:00:00+00:00,2025-02-09 16:00:00+00:00,H
952,ZONE1,2025-02-09 16:00:00+00:00,2025-02-09 17:00:00+00:00,H
953,ZONE1,2025-02-09 17:00:00+00:00,2025-02-09 18:00:00+00:00,H
954,ZONE1,2025-02-09 18:00:00+00:00,2025-02-09 19:00:00+00:00,H
955,ZONE1,2025-02-09 19:00:00+00:00,2025-02-09 20:00:00+00:00,H
956,ZONE1,2025-02-09 20:00:00+00:00,2025-02-09 21:00:00+00:00,H
957,ZONE1,2025-02-09 21:00:00+00:00,2025-02-09 22:00:00+00:00,H
958,ZONE1,2025-02-09 22:00:00+00:00,2025-02-09 23:00:00+00:00,H
959,ZONE1,2025-02-09 23:00:00+00:00,2025-02-10 00:00:00+00:00,H
960,ZONE1,2025-02-10 00:00:00+00:00,2025-02-10 01:00:00+00:00,H
961,ZONE1,2025-02-10 01:00:00+00:00,2025-02-10 02:00:00+00:00,H
962,ZONE1,2025-02-10 02:00:00+00:00,2025-02-10 03:00:00+00:00,H
963,ZONE1,2025-02-10 03:00:00+00:00,2025-02-10 04:00:00+00:00,H
964,ZONE1,2025-02-10 04:00:00+00:00,2025-02-10 05:00:00+00:00,H
965,ZONE1,2025-02-10 05:00:00+00:00,2025-02-10 06:00:00+00:00,H
966,ZONE1,2025-02-10 06:00:00+00:00,2025-02-10 07:00:00+00:00,H
967,ZONE1,2025-02-10 07:00:00+00:00,2025-02-10 08:00:00+00:00,H
968,ZONE1,2025-02-10 08:00:00+00:00,2025-02-10 09:00:00+00:00,H
969,ZONE1,2025-02-10 09:00:00+00:00,2025-02-10 10:00:00+00:00,H
970,ZONE1,2025-02-10 10:00:00+00:00,2025-02-10 11:00:00+00:00,H
971,ZONE1,2025-02-10 11:00:00+00:00,2025-02-10 12:00:00+00:00,H
972,ZONE1,2025-02-10 12:00:00+00:00,2025-02-10 13:00:00+00:00,H
973,ZONE1,2025-02-10 13:00:00+00:00,2025-02-10 14:00:00+00:00,H
974,ZONE1,2025-02-10 14:00:00+00:00,2025-02-10 15:00:00+00:00,H
975,ZONE1,2025-02-10 15:00:00+00:00,2025-02-10 16:00:00+00:00,H
976,ZONE1,2025-02-10 16:00:00+00:00,2025-02-10 17:00:00+00:00,H
977,ZONE1,2025-02-10 17:00:00+00:00,2025-02-10 18:00:00+00:00,H
978,ZONE1,2025-02-10 18:00:00+00:00,2025-02-10 19:00:00+00:00,H
979,ZONE1,2025-02-10 19:00:00+00:00,2025-02-10 20:00:00+00:00,H
980,ZONE1,2025-02-10 20:00:00+00:00,2025-02-10 21:00:00+00:00,H
981,ZONE1,2025-02-10 21:00:00+00:00,2025-02-10 22:00:00+00:00,H
982,ZONE1,2025-02-10 22:00:00+00:00,2025-02-10 23:00:00+00:00,H
983,ZONE1,2025-02-10 23:00:00+00:00,2025-02-11 00:00:00+00:00,H
984,ZONE1,2025-02-11 00:00:00+00:00,2025-02-11 01:00:00+00:00,H
985,ZONE1,2025-02-11 01:00:00+00:00,2025-02-11 02:00:00+00:00,H
986,ZONE1,2025-02-11 02:00:00+00:00,2025-02-11 03:00:00+00:00,H
987,ZONE1,2025-02-11 03:00:00+00:00,2025-02-11 04:00:00+00:00,H
988,ZONE1,2025-02-11 04:00:00+00:00,2025-02-11 05:00:00+00:00,H
989,ZONE1,2025-02-11 05:00:00+00:00,2025-02-11 06:00:00+00:00,H
990,ZONE1,2025-02-11 06:00:00+00:00,2025-02-11 07:00:00+00:00,H
991,ZONE1,2025-02-11 07:00:00+00:00,2025-02-11 08:00:00+00:00,H
992,ZONE1,2025-02-11 08:00:00+00:00,2025-02-11 09:00:00+00:00,H
993,ZONE1,2025-02-11 09:00:00+00:00,2025-02-11 10:00:00+00:00,H
994,ZONE1,2025-02-11 10:00:00+00:00,2025-02-11 11:00:00+00:00,H
995,ZONE1,2025-02-11 11:00:00+00:00,2025-02-11 12:00:00+00:00,H
996,ZONE1,2025-02-11 12:00:00+00:00,2025-02-11 13:00:00+00:00,H
997,ZONE1,2025-02-11 13:00:00+00:00,2025-02-11 14:00:00+00:00,H
998,ZONE1,2025-02-11 14:00:00+00:00,2025-02-11 15:00:00+00:00,H
999,ZONE1,2025-02-11 15:00:00+00:00,2025-02-11 16:00:00+00:00,H
1000,ZONE1,2025-02-11 16:00:00+00:00,2025-02-11 17:00:00+00:00,H
1001,ZONE1,2025-02-11 17:00:00+00:00,2025-02-11 18:00:00+00:00,H
1002,ZONE1,2025-02-11 18:00:00+00:00,2025-02-11 19:00:00+00:00,H
1003,ZONE1,2025-02-11 19:00:00+00:00,2025-02-11 20:00:00+00:00,H
1004,ZONE1,2025-02-11 20:00:00+00:00,2025-02-11 21:00:00+00:00,H
1005,ZONE1,2025-02-11 21:00:00+00:00,2025-02-11 22:00:00+00:00,H
1006,ZONE1,2025-02-11 22:00:00+00:00,2025-02-11 23:00:00+00:00,H
1007,ZONE1,2025-02-11 23:00:00+00:00,2025-02-12 00:00:00+00:00,H
1008,ZONE1,2025-02-12 00:00:00+00:00,2025-02-12 01:00:00+00:00,H
1009,ZONE1,2025-02-12 01:00:00+00:00,2025-02-12 02:00:00+00:00,H
1010,ZONE1,2025-02-12 02:00:00+00:00,2025-02-12 03:00:00+00:00,H
1011,ZONE1,2025-02-12 03:00:00+00:00,2025-02-12 04:00:00+00:00,H
1012,ZONE1,2025-02-12 04:00:00+00:00,2025-02-12 05:00:00+00:00,H
1013,ZONE1,2025-02-12 05:00:00+00:00,2025-02-12 06:00:00+00:00,H
1014,ZONE1,2025-02-12 06:00:00+00:00,2025-02-12 07:00:00+00:00,H
1015,ZONE1,2025-02-12 07:00:00+00:00,2025-02-12 08:00:00+00:00,H
1016,ZONE1,2025-02-12 08:00:00+00:00,2025-02-12 09:00:00+00:00,H
1017,ZONE1,2025-02-12 09:00:00+00:00,2025-02-12 10:00:00+00:00,H
1018,ZONE1,2025-02-12 10:00:00+00:00,2025-02-12 11:00:00+00:00,H
1019,ZONE1,2025-02-12 11:00:00+00:00,2025-02-12 12:00:00+00:00,H
1020,ZONE1,2025-02-12 12:00:00+00:00,2025-02-12 13:00:00+00:00,H
1021,ZONE1,2025-02-12 13:00:00+00:00,2025-02-12 14:00:00+00:00,H
1022,ZONE1,2025-02-12 14:00:00+00:00,2025-02-12 15:00:00+00:00,H
1023,ZONE1,2025-02-12 15:00:00+00:00,2025-02-12 16:00:00+00:00,H
1024,ZONE1,2025-02-12 16:00:00+00:00,2025-02-12 17:00:00+00:00,H
1025,ZONE1,2025-02-12 17:00:00+00:00,2025-02-12 18:00:00+00:00,H
1026,ZONE1,2025-02-12 18:00:00+00:00,2025-02-12 19:00:00+00:00,H
1027,ZONE1,2025-02-12 19:00:00+00:00,2025-02-12 20:00:00+00:00,H
1028,ZONE1,2025-02-12 20:00:00+00:00,2025-02-12 21:00:00+00:00,H
1029,ZONE1,2025-02-12 21:00:00+00:00,2025-02-12 22:00:00+00:00,H
1030,ZONE1,2025-02-12 22:00:00+00:00,2025-02-12 23:00:00+00:00,H
1031,ZONE1,2025-02-12 23:00:00+00:00,2025-02-13 00:00:00+00:00,H
1032,ZONE1,2025-02-13 00:00:00+00:00,2025-02-13 01:00:00+00:00,H
1033,ZONE1,2025-02-13 01:00:00+00:00,2025-02-13 02:00:00+00:00,H
1034,ZONE1,2025-02-13 02:00:00+00:00,2025-02-13 03:00:00+00:00,H
1035,ZONE1,2025-02-13 03:00:00+00:00,2025-02-13 04:00:00+00:00,H
1036,ZONE1,2025-02-13 04:00:00+00:00,2025-02-13 05:00:00+00:00,H
1037,ZONE1,2025-02-13 05:00:00+00:00,2025-02-13 06:00:00+00:00,H
1038,ZONE1,2025-02-13 06:00:00+00:00,2025-02-13 07:00:00+00:00,H
1039,ZONE1,2025-02-13 07:00:00+00:00,2025-02-13 08:00:00+00:00,H
1040,ZONE1,2025-02-13 08:00:00+00:00,2025-02-13 09:00:00+00:00,H
1041,ZONE1,2025-02-13 09:00:00+00:00,2025-02-13 10:00:00+00:00,H
1042,ZONE1,2025-02-13 10:00:00+00:00,2025-02-13 11:00:00+00:00,H
1043,ZONE1,2025-02-13 11:00:00+00:00,2025-02-13 12:00:00+00:00,H
1044,ZONE1,2025-02-13 12:00:00+00:00,2025-02-13 13:00:00+00:00,H
1045,ZONE1,2025-02-13 13:00:00+00:00,2025-02-13 14:00:00+00:00,H
1046,ZONE1,2025-02-13 14:00:00+00:00,2025-02-13 15:00:00+00:00,H
1047,ZONE1,2025-02-13 15:00:00+00:00,2025-02-13 16:00:00+00:00,H
1048,ZONE1,2025-02-13 16:00:00+00:00,2025-02-13 17:00:00+00:00,H
1049,ZONE1,2025-02-13 17:00:00+00:00,2025-02-13 18:00:00+00:00,H
1050,ZONE1,2025-02-13 18:00:00+00:00,2025-02-13 19:00:00+00:00,H
1051,ZONE1,2025-02-13 19:00:00+00:00,2025-02-13 20:00:00+00:00,H
1052,ZONE1,2025-02-13 20:00:00+00:00,2025-02-13 21:00:00+00:00,H
1053,ZONE1,2025-02-13 21:00:00+00:00,2025-02-13 22:00:00+00:00,H
1054,ZONE1,2025-02-13 22:00:00+00:00,2025-02-13 23:00:00+00:00,H
1055,ZONE1,2025-02-13 23:00:00+00:00,2025-02-14 00:00:00+00:00,H
1056,ZONE1,2025-02-14 00:00:00+00:00,2025-02-14 01:00:00+00:00,H
1057,ZONE1,2025-02-14 01:00:00+00:00,2025-02-14 02:00:00+00:00,H
1058,ZONE1,2025-02-14 02:00:00+00:00,2025-02-14 03:00:00+00:00,H
1059,ZONE1,2025-02-14 03:00:00+00:00,2025-02-14 04:00:00+00:00,H
1060,ZONE1,2025-02-14 04:00:00+00:00,2025-02-14 05:00:00+00:00,H
1061,ZONE1,2025-02-14 05:00:00+00:00,2025-02-14 06:00:00+00:00,H
1062,ZONE1,2025-02-14 06:00:00+00:00,2025-02-14 07:00:00+00:00,H
1063,ZONE1,2025-02-14 07:00:00+00:00,2025-02-14 08:00:00+00:00,H
1064,ZONE1,2025-02-14 08:00:00+00:00,2025-02-14 09:00:00+00:00,H
1065,ZONE1,2025-02-14 09:00:00+00:00,2025-02-14 10:00:00+00:00,H
1066,ZONE1,2025-02-14 10:00:00+00:00,2025-02-14 11:00:00+00:00,H
1067,ZONE1,2025-02-14 11:00:00+00:00,2025-02-14 12:00:00+00:00,H
1068,ZONE1,2025-02-14 12:00:00+00:00,2025-02-14 13:00:00+00:00,H
1069,ZONE1,2025-02-14 13:00:00+00:00,2025-02-14 14:00:00+00:00,H
1070,ZONE1,2025-02-14 14:00:00+00:00,2025-02-14 15:00:00+00:00,H
1071,ZONE1,2025-02-14 15:00:00+00:00,2025-02-14 16:00:00+00:00,H
1072,ZONE1,2025-02-14 16:00:00+00:00,2025-02-14 17:00:00+00:00,H
1073,ZONE1,2025-02-14 17:00:00+00:00,2025-02-14 18:00:00+00:00,H
1074,ZONE1,2025-02-14 18:00:00+00:00,2025-02-14 19:00:00+00:00,H
1075,ZONE1,2025-02-14 19:00:00+00:00,2025-02-14 20:00:00+00:00,H
1076,ZONE1,2025-02-14 20:00:00+00:00,2025-02-14 21:00:00+00:00,H
1077,ZONE1,2025-02-14 21:00:00+00:00,2025-02-14 22:00:00+00:00,H
1078,ZONE1,2025-02-14 22:00:00+00:00,2025-02-14 23:00:00+00:00,H
1079,ZONE1,2025-02-14 23:00:00+00:00,2025-02-15 00:00:00+00:00,H
1080,ZONE1,2025-02-15 00:00:00+00:00,2025-02-15 01:00:00+00:00,H
1081,ZONE1,2025-02-15 01:00:00+00:00,2025-02-15 02:00:00+00:00,H
1082,ZONE1,2025-02-15 02:00:00+00:00,2025-02-15 03:00:00+00:00,H
1083,ZONE1,2025-02-15 03:00:00+00:00,2025-02-15 04:00:00+00:00,H
1084,ZONE1,2025-02-15 04:00:00+00:00,2025-02-15 05:00:00+00:00,H
1085,ZONE1,2025-02-15 05:00:00+00:00,2025-02-15 06:00:00+00:00,H
1086,ZONE1,2025-02-15 06:00:00+00:00,2025-02-15 07:00:00+00:00,H
1087,ZONE1,2025-02-15 07:00:00+00:00,2025-02-15 08:00:00+00:00,H
1088,ZONE1,2025-02-15 08:00:00+00:00,2025-02-15 09:00:00+00:00,H
1089,ZONE1,2025-02-15 09:00:00+00:00,2025-02-15 10:00:00+00:00,H
1090,ZONE1,2025-02-15 10:00:00+00:00,2025-02-15 11:00:00+00:00,H
1091,ZONE1,2025-02-15 11:00:00+00:00,2025-02-15 12:00:00+00:00,H
1092,ZONE1,2025-02-15 12:00:00+00:00,2025-02-15 13:00:00+00:00,H
1093,ZONE1,2025-02-15 13:00:00+00:00,2025-02-15 14:00:00+00:00,H
1094,ZONE1,2025-02-15 14:00:00+00:00,2025-02-15 15:00:00+00:00,H
1095,ZONE1,2025-02-15 15:00:00+00:00,2025-02-15 16:00:00+00:00,H
1096,ZONE1,2025-02-15 16:00:00+00:00,2025-02-15 17:00:00+00:00,H
1097,ZONE1,2025-02-15 17:00:00+00:00,2025-02-15 18:00:00+00:00,H
1098,ZONE1,2025-02-15 18:00:00+00:00,2025-02-15 19:00:00+00:00,H
1099,ZONE1,2025-02-15 19:00:00+00:00,2025-02-15 20:00:00+00:00,H
1100,ZONE1,2025-02-15 20:00:00+00:00,2025-02-15 21:00:00+00:00,H
1101,ZONE1,2025-02-15 21:00:00+00:00,2025-02-15 22:00:00+00:00,H
1102,ZONE1,2025-02-15 22:00:00+00:00,2025-02-15 23:00:00+00:00,H
1103,ZONE1,2025-02-15 23:00:00+00:00,2025-02-16 00:00:00+00:00,H
1104,ZONE1,2025-02-16 00:00:00+00:00,2025-02-16 01:00:00+00:00,H
1105,ZONE1,2025-02-16 01:00:00+00:00,2025-02-16 02:00:00+00:00,H
1106,ZONE1,2025-02-16 02:00:00+00:00,2025-02-16 03:00:00+00:00,H
1107,ZONE1,2025-02-16 03:00:00+00:00,2025-02-16 04:00:00+00:00,H
1108,ZONE1,2025-02-16 04:00:00+00:00,2025-02-16 05:00:00+00:00,H
1109,ZONE1,2025-02-16 05:00:00+00:00,2025-02-16 06:00:00+00:00,H
1110,ZONE1,2025-02-16 06:00:00+00:00,2025-02-16 07:00:00+00:00,H
1111,ZONE1,2025-02-16 07:00:00+00:00,2025-02-16 08:00:00+00:00,H
1112,ZONE1,2025-02-16 08:00:00+00:00,2025-02-16 09:00:00+00:00,H
1113,ZONE1,2025-02-16 09:00:00+00:00,2025-02-16 10:00:00+00:00,H
1114,ZONE1,2025-02-16 10:00:00+00:00,2025-02-16 11:00:00+00:00,H
1115,ZONE1,2025-02-16 11:00:00+00:00,2025-02-16 12:00:00+00:00,H
1116,ZONE1,2025-02-16 12:00:00+00:00,2025-02-16 13:00:00+00:00,H
1117,ZONE1,2025-02-16 13:00:00+00:00,2025-02-16 14:00:00+00:00,H
1118,ZONE1,2025-02-16 14:00:00+00:00,2025-02-16 15:00:00+00:00,H
1119,ZONE1,2025-02-16 15:00:00+00:00,2025-02-16 16:00:00+00:00,H
1120,ZONE1,2025-02-16 16:00:00+00:00,2025-02-16 17:00:00+00:00,H
1121,ZONE1,2025-02-16 17:00:00+00:00,2025-02-16 18:00:00+00:00,H
1122,ZONE1,2025-02-16 18:00:00+00:00,2025-02-16 19:00:00+00:00,H
1123,ZONE1,2025-02-16 19:00:00+00:00,2025-02-16 20:00:00+00:00,H
1124,ZONE1,2025-02-16 20:00:00+00:00,2025-02-16 21:00:00+00:00,H
1125,ZONE1,2025-02-16 21:00:00+00:00,2025-02-16 22:00:00+00:00,H
1126,ZONE1,2025-02-16 22:00:00+00:00,2025-02-16 23:00:00+00:00,H
1127,ZONE1,2025-02-16 23:00:00+00:00,2025-02-17 00:00:00+00:00,H
1128,ZONE1,2025-02-17 00:00:00+00:00,2025-02-17 01:00:00+00:00,H
1129,ZONE1,2025-02-17 01:00:00+00:00,2025-02-17 02:00:00+00:00,H
1130,ZONE1,2025-02-17 02:00:00+00:00,2025-02-17 03:00:00+00:00,H
1131,ZONE1,2025-02-17 03:00:00+00:00,2025-02-17 04:00:00+00:00,H
1132,ZONE1,2025-02-17 04:00:00+00:00,2025-02-17 05:00:00+00:00,H
1133,ZONE1,2025-02-17 05:00:00+00:00,2025-02-17 06:00:00+00:00,H
1134,ZONE1,2025-02-17 06:00:00+00:00,2025-02-17 07:00:00+00:00,H
1135,ZONE1,2025-02-17 07:00:00+00:00,2025-02-17 08:00:00+00:00,H
1136,ZONE1,2025-02-17 08:00:00+00:00,2025-02-17 09:00:00+00:00,H
1137,ZONE1,2025-02-17 09:00:00+00:00,2025-02-17 10:00:00+00:00,H
1138,ZONE1,2025-02-17 10:00:00+00:00,2025-02-17 11:00:00+00:00,H
1139,ZONE1,2025-02-17 11:00:00+00:00,2025-02-17 12:00:00+00:00,H
1140,ZONE1,2025-02-17 12:00:00+00:00,2025-02-17 13:00:00+00:00,H
1141,ZONE1,2025-02-17 13:00:00+00:00,2025-02-17 14:00:00+00:00,H
1142,ZONE1,2025-02-17 14:00:00+00:00,2025-02-17 15:00:00+00:00,H
1143,ZONE1,2025-02-17 15:00:00+00:00,2025-02-17 16:00:00+00:00,H
1144,ZONE1,2025-02-17 16:00:00+00:00,2025-02-17 17:00:00+00:00,H
1145,ZONE1,2025-02-17 17:00:00+00:00,2025-02-17 18:00:00+00:00,H
1146,ZONE1,2025-02-17 18:00:00+00:00,2025-02-17 19:00:00+00:00,H
1147,ZONE1,2025-02-17 19:00:00+00:00,2025-02-17 20:00:00+00:00,H
1148,ZONE1,2025-02-17 20:00:00+00:00,2025-02-17 21:00:00+00:00,H
1149,ZONE1,2025-02-17 21:00:00+00:00,2025-02-17 22:00:00+00:00,H
1150,ZONE1,2025-02-17 22:00:00+00:00,2025-02-17 23:00:00+00:00,H
1151,ZONE1,2025-02-17 23:00:00+00:00,2025-02-18 00:00:00+00:00,H
1152,ZONE1,2025-02-18 00:00:00+00:00,2025-02-18 01:00:00+00:00,H
1153,ZONE1,2025-02-18 01:00:00+00:00,2025-02-18 02:00:00+00:00,H
1154,ZONE1,2025-02-18 02:00:00+00:00,2025-02-18 03:00:00+00:00,H
1155,ZONE1,2025-02-18 03:00:00+00:00,2025-02-18 04:00:00+00:00,H
1156,ZONE1,2025-02-18 04:00:00+00:00,2025-02-18 05:00:00+00:00,H
1157,ZONE1,2025-02-18 05:00:00+00:00,2025-02-18 06:00:00+00:00,H
1158,ZONE1,2025-02-18 06:00:00+00:00,2025-02-18 07:00:00+00:00,H
1159,ZONE1,2025-02-18 07:00:00+00:00,2025-02-18 08:00:00+00:00,H
1160,ZONE1,2025-02-18 08:00:00+00:00,2025-02-18 09:00:00+00:00,H
1161,ZONE1,2025-02-18 09:00:00+00:00,2025-02-18 10:00:00+00:00,H
1162,ZONE1,2025-02-18 10:00:00+00:00,2025-02-18 11:00:00+00:00,H
1163,ZONE1,2025-02-18 11:00:00+00:00,2025-02-18 12:00:00+00:00,H
1164,ZONE1,2025-02-18 12:00:00+00:00,2025-02-18 13:00:00+00:00,H
1165,ZONE1,2025-02-18 13:00:00+00:00,2025-02-18 14:00:00+00:00,H
1166,ZONE1,2025-02-18 14:00:00+00:00,2025-02-18 15:00:00+00:00,H
1167,ZONE1,2025-02-18 15:00:00+00:00,2025-02-18 16:00:00+00:00,H
1168,ZONE1,2025-02-18 16:00:00+00:00,2025-02-18 17:00:00+00:00,H
1169,ZONE1,2025-02-18 17:00:00+00:00,2025-02-18 18:00:00+00:00,H
1170,ZONE1,2025-02-18 18:00:00+00:00,2025-02-18 19:00:00+00:00,H
1171,ZONE1,2025-02-18 19:00:00+00:00,2025-02-18 20:00:00+00:00,H
1172,ZONE1,2025-02-18 20:00:00+00:00,2025-02-18 21:00:00+00:00,H
1173,ZONE1,2025-02-18 21:00:00+00:00,2025-02-18 22:00:00+00:00,H
1174,ZONE1,2025-02-18 22:00:00+00:00,2025-02-18 23:00:00+00:00,H
1175,ZONE1,2025-02-18 23:00:00+00:00,2025-02-19 00:00:00+00:00,H
1176,ZONE1,2025-02-19 00:00:00+00:00,2025-02-19 01:00:00+00:00,H
1177,ZONE1,2025-02-19 01:00:00+00:00,2025-02-19 02:00:00+00:00,H
1178,ZONE1,2025-02-19 02:00:00+00:00,2025-02-19 03:00:00+00:00,H
1179,ZONE1,2025-02-19 03:00:00+00:00,2025-02-19 04:00:00+00:00,H
1180,ZONE1,2025-02-19 04:00:00+00:00,2025-02-19 05:00:00+00:00,H
1181,ZONE1,2025-02-19 05:00:00+00:00,2025-02-19 06:00:00+00:00,H
1182,ZONE1,2025-02-19 06:00:00+00:00,2025-02-19 07:00:00+00:00,H
1183,ZONE1,2025-02-19 07:00:00+00:00,2025-02-19 08:00:00+00:00,H
1184,ZONE1,2025-02-19 08:00:00+00:00,2025-02-19 09:00:00+00:00,H
1185,ZONE1,2025-02-19 09:00:00+00:00,2025-02-19 10:00:00+00:00,H
1186,ZONE1,2025-02-19 10:00:00+00:00,2025-02-19 11:00:00+00:00,H
1187,ZONE1,2025-02-19 11:00:00+00:00,2025-02-19 12:00:00+00:00,H
1188,ZONE1,2025-02-19 12:00:00+00:00,2025-02-19 13:00:00+00:00,H
1189,ZONE1,2025-02-19 13:00:00+00:00,2025-02-19 14:00:00+00:00,H
1190,ZONE1,2025-02-19 14:00:00+00:00,2025-02-19 15:00:00+00:00,H
1191,ZONE1,2025-02-19 15:00:00+00:00,2025-02-19 16:00:00+00:00,H
1192,ZONE1,2025-02-19 16:00:00+00:00,2025-02-19 17:00:00+00:00,H
1193,ZONE1,2025-02-19 17:00:00+00:00,2025-02-19 18:00:00+00:00,H
1194,ZONE1,2025-02-19 18:00:00+00:00,2025-02-19 19:00:00+00:00,H
1195,ZONE1,2025-02-19 19:00:00+00:00,2025-02-19 20:00:00+00:00,H
1196,ZONE1,2025-02-19 20:00:00+00:00,2025-02-19 21:00:00+00:00,H
1197,ZONE1,2025-02-19 21:00:00+00:00,2025-02-19 22:00:00+00:00,H
1198,ZONE1,2025-02-19 22:00:00+00:00,2025-02-19 23:00:00+00:00,H
1199,ZONE1,2025-02-19 23:00:00+00:00,2025-02-20 00:00:00+00:00,H
1200,ZONE1,2025-02-20 00:00:00+00:00,2025-02-20 01:00:00+00:00,H
1201,ZONE1,2025-02-20 01:00:00+00:00,2025-02-20 02:00:00+00:00,H
1202,ZONE1,2025-02-20 02:00:00+00:00,2025-02-20 03:00:00+00:00,H
1203,ZONE1,2025-02-20 03:00:00+00:00,2025-02-20 04:00:00+00:00,H
1204,ZONE1,2025-02-20 04:00:00+00:00,2025-02-20 05:00:00+00:00,H
1205,ZONE1,2025-02-20 05:00:00+00:00,2025-02-20 06:00:00+00:00,H
1206,ZONE1,2025-02-20 06:00:00+00:00,2025-02-20 07:00:00+00:00,H
1207,ZONE1,2025-02-20 07:00:00+00:00,2025-02-20 08:00:00+00:00,H
1208,ZONE1,2025-02-20 08:00:00+00:00,2025-02-20 09:00:00+00:00,H
1209,ZONE1,2025-02-20 09:00:00+00:00,2025-02-20 10:00:00+00:00,H
1210,ZONE1,2025-02-20 10:00:00+00:00,2025-02-20 11:00:00+00:00,H
1211,ZONE1,2025-02-20 11:00:00+00:00,2025-02-20 12:00:00+00:00,H
1212,ZONE1,2025-02-20 12:00:00+00:00,2025-02-20 13:00:00+00:00,H
1213,ZONE1,2025-02-20 13:00:00+00:00,2025-02-20 14:00:00+00:00,H
1214,ZONE1,2025-02-20 14:00:00+00:00,2025-02-20 15:00:00+00:00,H
1215,ZONE1,2025-02-20 15:00:00+00:00,2025-02-20 16:00:00+00:00,H
1216,ZONE1,2025-02-20 16:00:00+00:00,2025-02-20 17:00:00+00:00,H
1217,ZONE1,2025-02-20 17:00:00+00:00,2025-02-20 18:00:00+00:00,H
1218,ZONE1,2025-02-20 18:00:00+00:00,2025-02-20 19:00:00+00:00,H
1219,ZONE1,2025-02-20 19:00:00+00:00,2025-02-20 20:00:00+00:00,H
1220,ZONE1,2025-02-20 20:00:00+00:00,2025-02-20 21:00:00+00:00,H
1221,ZONE1,2025-02-20 21:00:00+00:00,2025-02-20 22:00:00+00:00,H
1222,ZONE1,2025-02-20 22:00:00+00:00,2025-02-20 23:00:00+00:00,H
1223,ZONE1,2025-02-20 23:00:00+00:00,2025-02-21 00:00:00+00:00,H
1224,ZONE1,2025-02-21 00:00:00+00:00,2025-02-21 01:00:00+00:00,H
1225,ZONE1,2025-02-21 01:00:00+00:00,2025-02-21 02:00:00+00:00,H
1226,ZONE1,2025-02-21 02:00:00+00:00,2025-02-21 03:00:00+00:00,H
1227,ZONE1,2025-02-21 03:00:00+00:00,2025-02-21 04:00:00+00:00,H
1228,ZONE1,2025-02-21 04:00:00+00:00,2025-02-21 05:00:00+00:00,H
1229,ZONE1,2025-02-21 05:00:00+00:00,2025-02-21 06:00:00+00:00,H
1230,ZONE1,2025-02-21 06:00:00+00:00,2025-02-21 07:00:00+00:00,H
1231,ZONE1,2025-02-21 07:00:00+00:00,2025-02-21 08:00:00+00:00,H
1232,ZONE1,2025-02-21 08:00:00+00:00,2025-02-21 09:00:00+00:00,H
1233,ZONE1,2025-02-21 09:00:00+00:00,2025-02-21 10:00:00+00:00,H
1234,ZONE1,2025-02-21 10:00:00+00:00,2025-02-21 11:00:00+00:00,H
1235,ZONE1,2025-02-21 11:00:00+00:00,2025-02-21 12:00:00+00:00,H
1236,ZONE1,2025-02-21 12:00:00+00:00,2025-02-21 13:00:00+00:00,H
1237,ZONE1,2025-02-21 13:00:00+00:00,2025-02-21 14:00:00+00:00,H
1238,ZONE1,2025-02-21 14:00:00+00:00,2025-02-21 15:00:00+00:00,H
1239,ZONE1,2025-02-21 15:00:00+00:00,2025-02-21 16:00:00+00:00,H
1240,ZONE1,2025-02-21 16:00:00+00:00,2025-02-21 17:00:00+00:00,H
1241,ZONE1,2025-02-21 17:00:00+00:00,2025-02-21 18:00:00+00:00,H
1242,ZONE1,2025-02-21 18:00:00+00:00,2025-02-21 19:00:00+00:00,H
1243,ZONE1,2025-02-21 19:00:00+00:00,2025-02-21 20:00:00+00:00,H
1244,ZONE1,2025-02-21 20:00:00+00:00,2025-02-21 21:00:00+00:00,H
1245,ZONE1,2025-02-21 21:00:00+00:00,2025-02-21 22:00:00+00:00,H
1246,ZONE1,2025-02-21 22:00:00+00:00,2025-02-21 23:00:00+00:00,H
1247,ZONE1,2025-02-21 23:00:00+00:00,2025-02-22 00:00:00+00:00,H
1248,ZONE1,2025-02-22 00:00:00+00:00,2025-02-22 01:00:00+00:00,H
1249,ZONE1,2025-02-22 01:00:00+00:00,2025-02-22 02:00:00+00:00,H
1250,ZONE1,2025-02-22 02:00:00+00:00,2025-02-22 03:00:00+00:00,H
1251,ZONE1,2025-02-22 03:00:00+00:00,2025-02-22 04:00:00+00:00,H
1252,ZONE1,2025-02-22 04:00:00+00:00,2025-02-22 05:00:00+00:00,H
1253,ZONE1,2025-02-22 05:00:00+00:00,2025-02-22 06:00:00+00:00,H
1254,ZONE1,2025-02-22 06:00:00+00:00,2025-02-22 07:00:00+00:00,H
1255,ZONE1,2025-02-22 07:00:00+00:00,2025-02-22 08:00:00+00:00,H
1256,ZONE1,2025-02-22 08:00:00+00:00,2025-02-22 09:00:00+00:00,H
1257,ZONE1,2025-02-22 09:00:00+00:00,2025-02-22 10:00:00+00:00,H
1258,ZONE1,2025-02-22 10:00:00+00:00,2025-02-22 11:00:00+00:00,H
1259,ZONE1,2025-02-22 11:00:00+00:00,2025-02-22 12:00:00+00:00,H
1260,ZONE1,2025-02-22 12:00:00+00:00,2025-02-22 13:00:00+00:00,H
1261,ZONE1,2025-02-22 13:00:00+00:00,2025-02-22 14:00:00+00:00,H
1262,ZONE1,2025-02-22 14:00:00+00:00,2025-02-22 15:00:00+00:00,H
1263,ZONE1,2025-02-22 15:00:00+00:00,2025-02-22 16:00:00+00:00,H
1264,ZONE1,2025-02-22 16:00:00+00:00,2025-02-22 17:00:00+00:00,H
1265,ZONE1,2025-02-22 17:00:00+00:00,2025-02-22 18:00:00+00:00,H
1266,ZONE1,2025-02-22 18:00:00+00:00,2025-02-22 19:00:00+00:00,H
1267,ZONE1,2025-02-22 19:00:00+00:00,2025-02-22 20:00:00+00:00,H
1268,ZONE1,2025-02-22 20:00:00+00:00,2025-02-22 21:00:00+00:00,H
1269,ZONE1,2025-02-22 21:00:00+00:00,2025-02-22 22:00:00+00:00,H
1270,ZONE1,2025-02-22 22:00:00+00:00,2025-02-22 23:00:00+00:00,H
1271,ZONE1,2025-02-22 23:00:00+00:00,2025-02-23 00:00:00+00:00,H
1272,ZONE1,2025-02-23 00:00:00+00:00,2025-02-23 01:00:00+00:00,H
1273,ZONE1,2025-02-23 01:00:00+00:00,2025-02-23 02:00:00+00:00,H
1274,ZONE1,2025-02-23 02:00:00+00:00,2025-02-23 03:00:00+00:00,H
1275,ZONE1,2025-02-23 03:00:00+00:00,2025-02-23 04:00:00+00:00,H
1276,ZONE1,2025-02-23 04:00:00+00:00,2025-02-23 05:00:00+00:00,H
1277,ZONE1,2025-02-23 05:00:00+00:00,2025-02-23 06:00:00+00:00,H
1278,ZONE1,2025-02-23 06:00:00+00:00,2025-02-23 07:00:00+00:00,H
1279,ZONE1,2025-02-23 07:00:00+00:00,2025-02-23 08:00:00+00:00,H
1280,ZONE1,2025-02-23 08:00:00+00:00,2025-02-23 09:00:00+00:00,H
1281,ZONE1,2025-02-23 09:00:00+00:00,2025-02-23 10:00:00+00:00,H
1282,ZONE1,2025-02-23 10:00:00+00:00,2025-02-23 11:00:00+00:00,H
1283,ZONE1,2025-02-23 11:00:00+00:00,2025-02-23 12:00:00+00:00,H
1284,ZONE1,2025-02-23 12:00:00+00:00,2025-02-23 13:00:00+00:00,H
1285,ZONE1,2025-02-23 13:00:00+00:00,2025-02-23 14:00:00+00:00,H
1286,ZONE1,2025-02-23 14:00:00+00:00,2025-02-23 15:00:00+00:00,H
1287,ZONE1,2025-02-23 15:00:00+00:00,2025-02-23 16:00:00+00:00,H
1288,ZONE1,2025-02-23 16:00:00+00:00,2025-02-23 17:00:00+00:00,H
1289,ZONE1,2025-02-23 17:00:00+00:00,2025-02-23 18:00:00+00:00,H
1290,ZONE1,2025-02-23 18:00:00+00:00,2025-02-23 19:00:00+00:00,H
1291,ZONE1,2025-02-23 19:00:00+00:00,2025-02-23 20:00:00+00:00,H
1292,ZONE1,2025-02-23 20:00:00+00:00,2025-02-23 21:00:00+00:00,H
1293,ZONE1,2025-02-23 21:00:00+00:00,2025-02-23 22:00:00+00:00,H
1294,ZONE1,2025-02-23 22:00:00+00:00,2025-02-23 23:00:00+00:00,H
1295,ZONE1,2025-02-23 23:00:00+00:00,2025-02-24 00:00:00+00:00,H
1296,ZONE1,2025-02-24 00:00:00+00:00,2025-02-24 01:00:00+00:00,H
1297,ZONE1,2025-02-24 01:00:00+00:00,2025-02-24 02:00:00+00:00,H
1298,ZONE1,2025-02-24 02:00:00+00:00,2025-02-24 03:00:00+00:00,H
1299,ZONE1,2025-02-24 03:00:00+00:00,2025-02-24 04:00:00+00:00,H
1300,ZONE1,2025-02-24 04:00:00+00:00,2025-02-24 05:00:00+00:00,H
1301,ZONE1,2025-02-24 05:00:00+00:00,2025-02-24 06:00:00+00:00,H
1302,ZONE1,2025-02-24 06:00:00+00:00,2025-02-24 07:00:00+00:00,H
1303,ZONE1,2025-02-24 07:00:00+00:00,2025-02-24 08:00:00+00:00,H
1304,ZONE1,2025-02-24 08:00:00+00:00,2025-02-24 09:00:00+00:00,H
1305,ZONE1,2025-02-24 09:00:00+00:00,2025-02-24 10:00:00+00:00,H
1306,ZONE1,2025-02-24 10:00:00+00:00,2025-02-24 11:00:00+00:00,H
1307,ZONE1,2025-02-24 11:00:00+00:00,2025-02-24 12:00:00+00:00,H
1308,ZONE1,2025-02-24 12:00:00+00:00,2025-02-24 13:00:00+00:00,H
1309,ZONE1,2025-02-24 13:00:00+00:00,2025-02-24 14:00:00+00:00,H
1310,ZONE1,2025-02-24 14:00:00+00:00,2025-02-24 15:00:00+00:00,H
1311,ZONE1,2025-02-24 15:00:00+00:00,2025-02-24 16:00:00+00:00,H
1312,ZONE1,2025-02-24 16:00:00+00:00,2025-02-24 17:00:00+00:00,H
1313,ZONE1,2025-02-24 17:00:00+00:00,2025-02-24 18:00:00+00:00,H
1314,ZONE1,2025-02-24 18:00:00+00:00,2025-02-24 19:00:00+00:00,H
1315,ZONE1,2025-02-24 19:00:00+00:00,2025-02-24 20:00:00+00:00,H
1316,ZONE1,2025-02-24 20:00:00+00:00,2025-02-24 21:00:00+00:00,H
1317,ZONE1,2025-02-24 21:00:00+00:00,2025-02-24 22:00:00+00:00,H
1318,ZONE1,2025-02-24 22:00:00+00:00,2025-02-24 23:00:00+00:00,H
1319,ZONE1,2025-02-24 23:00:00+00:00,2025-02-25 00:00:00+00:00,H
1320,ZONE1,2025-02-25 00:00:00+00:00,2025-02-25 01:00:00+00:00,H
1321,ZONE1,2025-02-25 01:00:00+00:00,2025-02-25 02:00:00+00:00,H
1322,ZONE1,2025-02-25 02:00:00+00:00,2025-02-25 03:00:00+00:00,H
1323,ZONE1,2025-02-25 03:00:00+00:00,2025-02-25 04:00:00+00:00,H
1324,ZONE1,2025-02-25 04:00:00+00:00,2025-02-25 05:00:00+00:00,H
1325,ZONE1,2025-02-25 05:00:00+00:00,2025-02-25 06:00:00+00:00,H
1326,ZONE1,2025-02-25 06:00:00+00:00,2025-02-25 07:00:00+00:00,H
1327,ZONE1,2025-02-25 07:00:00+00:00,2025-02-25 08:00:00+00:00,H
1328,ZONE1,2025-02-25 08:00:00+00:00,2025-02-25 09:00:00+00:00,H
1329,ZONE1,2025-02-25 09:00:00+00:00,2025-02-25 10:00:00+00:00,H
1330,ZONE1,2025-02-25 10:00:00+00:00,2025-02-25 11:00:00+00:00,H
1331,ZONE1,2025-02-25 11:00:00+00:00,2025-02-25 12:00:00+00:00,H
1332,ZONE1,2025-02-25 12:00:00+00:00,2025-02-25 13:00:00+00:00,H
1333,ZONE1,2025-02-25 13:00:00+00:00,2025-02-25 14:00:00+00:00,H
1334,ZONE1,2025-02-25 14:00:00+00:00,2025-02-25 15:00:00+00:00,H
1335,ZONE1,2025-02-25 15:00:00+00:00,2025-02-25 16:00:00+00:00,H
1336,ZONE1,2025-02-25 16:00:00+00:00,2025-02-25 17:00:00+00:00,H
1337,ZONE1,2025-02-25 17:00:00+00:00,2025-02-25 18:00:00+00:00,H
1338,ZONE1,2025-02-25 18:00:00+00:00,2025-02-25 19:00:00+00:00,H
1339,ZONE1,2025-02-25 19:00:00+00:00,2025-02-25 20:00:00+00:00,H
1340,ZONE1,2025-02-25 20:00:00+00:00,2025-02-25 21:00:00+00:00,H
1341,ZONE1,2025-02-25 21:00:00+00:00,2025-02-25 22:00:00+00:00,H
1342,ZONE1,2025-02-25 22:00:00+00:00,2025-02-25 23:00:00+00:00,H
1343,ZONE1,2025-02-25 23:00:00+00:00,2025-02-26 00:00:00+00:00,H
1344,ZONE1,2025-02-26 00:00:00+00:00,2025-02-26 01:00:00+00:00,H
1345,ZONE1,2025-02-26 01:00:00+00:00,2025-02-26 02:00:00+00:00,H
1346,ZONE1,2025-02-26 02:00:00+00:00,2025-02-26 03:00:00+00:00,H
1347,ZONE1,2025-02-26 03:00:00+00:00,2025-02-26 04:00:00+00:00,H
1348,ZONE1,2025-02-26 04:00:00+00:00,2025-02-26 05:00:00+00:00,H
1349,ZONE1,2025-02-26 05:00:00+00:00,2025-02-26 06:00:00+00:00,H
1350,ZONE1,2025-02-26 06:00:00+00:00,2025-02-26 07:00:00+00:00,H
1351,ZONE1,2025-02-26 07:00:00+00:00,2025-02-26 08:00:00+00:00,H
1352,ZONE1,2025-02-26 08:00:00+00:00,2025-02-26 09:00:00+00:00,H
1353,ZONE1,2025-02-26 09:00:00+00:00,2025-02-26 10:00:00+00:00,H
1354,ZONE1,2025-02-26 10:00:00+00:00,2025-02-26 11:00:00+00:00,H
1355,ZONE1,2025-02-26 11:00:00+00:00,2025-02-26 12:00:00+00:00,H
1356,ZONE1,2025-02-26 12:00:00+00:00,2025-02-26 13:00:00+00:00,H
1357,ZONE1,2025-02-26 13:00:00+00:00,2025-02-26 14:00:00+00:00,H
1358,ZONE1,2025-02-26 14:00:00+00:00,2025-02-26 15:00:00+00:00,H
1359,ZONE1,2025-02-26 15:00:00+00:00,2025-02-26 16:00:00+00:00,H
1360,ZONE1,2025-02-26 16:00:00+00:00,2025-02-26 17:00:00+00:00,H
1361,ZONE1,2025-02-26 17:00:00+00:00,2025-02-26 18:00:00+00:00,H
1362,ZONE1,2025-02-26 18:00:00+00:00,2025-02-26 19:00:00+00:00,H
1363,ZONE1,2025-02-26 19:00:00+00:00,2025-02-26 20:00:00+00:00,H
1364,ZONE1,2025-02-26 20:00:00+00:00,2025-02-26 21:00:00+00:00,H
1365,ZONE1,2025-02-26 21:00:00+00:00,2025-02-26 22:00:00+00:00,H
1366,ZONE1,2025-02-26 22:00:00+00:00,2025-02-26 23:00:00+00:00,H
1367,ZONE1,2025-02-26 23:00:00+00:00,2025-02-27 00:00:00+00:00,H
1368,ZONE1,2025-02-27 00:00:00+00:00,2025-02-27 01:00:00+00:00,H
1369,ZONE1,2025-02-27 01:00:00+00:00,2025-02-27 02:00:00+00:00,H
1370,ZONE1,2025-02-27 02:00:00+00:00,2025-02-27 03:00:00+00:00,H
1371,ZONE1,2025-02-27 03:00:00+00:00,2025-02-27 04:00:00+00:00,H
1372,ZONE1,2025-02-27 04:00:00+00:00,2025-02-27 05:00:00+00:00,H
1373,ZONE1,2025-02-27 05:00:00+00:00,2025-02-27 06:00:00+00:00,H
1374,ZONE1,2025-02-27 06:00:00+00:00,2025-02-27 07:00:00+00:00,H
1375,ZONE1,2025-02-27 07:00:00+00:00,2025-02-27 08:00:00+00:00,H
1376,ZONE1,2025-02-27 08:00:00+00:00,2025-02-27 09:00:00+00:00,H
1377,ZONE1,2025-02-27 09:00:00+00:00,2025-02-27 10:00:00+00:00,H
1378,ZONE1,2025-02-27 10:00:00+00:00,2025-02-27 11:00:00+00:00,H
1379,ZONE1,2025-02-27 11:00:00+00:00,2025-02-27 12:00:00+00:00,H
1380,ZONE1,2025-02-27 12:00:00+00:00,2025-02-27 13:00:00+00:00,H
1381,ZONE1,2025-02-27 13:00:00+00:00,2025-02-27 14:00:00+00:00,H
1382,ZONE1,2025-02-27 14:00:00+00:00,2025-02-27 15:00:00+00:00,H
1383,ZONE1,2025-02-27 15:00:00+00:00,2025-02-27 16:00:00+00:00,H
1384,ZONE1,2025-02-27 16:00:00+00:00,2025-02-27 17:00:00+00:00,H
1385,ZONE1,2025-02-27 17:00:00+00:00,2025-02-27 18:00:00+00:00,H
1386,ZONE1,2025-02-27 18:00:00+00:00,2025-02-27 19:00:00+00:00,H
1387,ZONE1,2025-02-27 19:00:00+00:00,2025-02-27 20:00:00+00:00,H
1388,ZONE1,2025-02-27 20:00:00+00:00,2025-02-27 21:00:00+00:00,H
1389,ZONE1,2025-02-27 21:00:00+00:00,2025-02-27 22:00:00+00:00,H
1390,ZONE1,2025-02-27 22:00:00+00:00,2025-02-27 23:00:00+00:00,H
1391,ZONE1,2025-02-27 23:00:00+00:00,2025-02-28 00:00:00+00:00,H
1392,ZONE1,2025-02-28 00:00:00+00:00,2025-02-28 01:00:00+00:00,H
1393,ZONE1,2025-02-28 01:00:00+00:00,2025-02-28 02:00:00+00:00,H
1394,ZONE1,2025-02-28 02:00:00+00:00,2025-02-28 03:00:00+00:00,H
1395,ZONE1,2025-02-28 03:00:00+00:00,2025-02-28 04:00:00+00:00,H
1396,ZONE1,2025-02-28 04:00:00+00:00,2025-02-28 05:00:00+00:00,H
1397,ZONE1,2025-02-28 05:00:00+00:00,2025-02-28 06:00:00+00:00,H
1398,ZONE1,2025-02-28 06:00:00+00:00,2025-02-28 07:00:00+00:00,H
1399,ZONE1,2025-02-28 07:00:00+00:00,2025-02-28 08:00:00+00:00,H
1400,ZONE1,2025-02-28 08:00:00+00:00,2025-02-28 09:00:00+00:00,H
1401,ZONE1,2025-02-28 09:00:00+00:00,2025-02-28 10:00:00+00:00,H
1402,ZONE1,2025-02-28 10:00:00+00:00,2025-02-28 11:00:00+00:00,H
1403,ZONE1,2025-02-28 11:00:00+00:00,2025-02-28 12:00:00+00:00,H
1404,ZONE1,2025-02-28 12:00:00+00:00,2025-02-28 13:00:00+00:00,H
1405,ZONE1,2025-02-28 13:00:00+00:00,2025-02-28 14:00:00+00:00,H
1406,ZONE1,2025-02-28 14:00:00+00:00,2025-02-28 15:00:00+00:00,H
1407,ZONE1,2025-02-28 15:00:00+00:00,2025-02-28 16:00:00+00:00,H
1408,ZONE1,2025-02-28 16:00:00+00:00,2025-02-28 17:00:00+00:00,H
1409,ZONE1,2025-02-28 17:00:00+00:00,2025-02-28 18:00:00+00:00,H
1410,ZONE1,2025-02-28 18:00:00+00:00,2025-02-28 19:00:00+00:00,H
1411,ZONE1,2025-02-28 19:00:00+00:00,2025-02-28 20:00:00+00:00,H
1412,ZONE1,2025-02-28 20:00:00+00:00,2025-02-28 21:00:00+00:00,H
1413,ZONE1,2025-02-28 21:00:00+00:00,2025-02-28 22:00:00+00:00,H
1414,ZONE1,2025-02-28 22:00:00+00:00,2025-02-28 23:00:00+00:00,H
1415,ZONE1,2025-02-28 23:00:00+00:00,2025-03-01 00:00:00+00:00,H
1416,ZONE1,2025-03-01 00:00:00+00:00,2025-03-01 01:00:00+00:00,H
1417,ZONE1,2025-03-01 01:00:00+00:00,2025-03-01 02:00:00+00:00,H
1418,ZONE1,2025-03-01 02:00:00+00:00,2025-03-01 03:00:00+00:00,H
1419,ZONE1,2025-03-01 03:00:00+00:00,2025-03-01 04:00:00+00:00,H
1420,ZONE1,2025-03-01 04:00:00+00:00,2025-03-01 05:00:00+00:00,H
1421,ZONE1,2025-03-01 05:00:00+00:00,2025-03-01 06:00:00+00:00,H
1422,ZONE1,2025-03-01 06:00:00+00:00,2025-03-01 07:00:00+00:00,H
1423,ZONE1,2025-03-01 07:00:00+00:00,2025-03-01 08:00:00+00:00,H
1424,ZONE1,2025-03-01 08:00:00+00:00,2025-03-01 09:00:00+00:00,H
1425,ZONE1,2025-03-01 09:00:00+00:00,2025-03-01 10:00:00+00:00,H
1426,ZONE1,2025-03-01 10:00:00+00:00,2025-03-01 11:00:00+00:00,H
1427,ZONE1,2025-03-01 11:00:00+00:00,2025-03-01 12:00:00+00:00,H
1428,ZONE1,2025-03-01 12:00:00+00:00,2025-03-01 13:00:00+00:00,H
1429,ZONE1,2025-03-01 13:00:00+00:00,2025-03-01 14:00:00+00:00,H
1430,ZONE1,2025-03-01 14:00:00+00:00,2025-03-01 15:00:00+00:00,H
1431,ZONE1,2025-03-01 15:00:00+00:00,2025-03-01 16:00:00+00:00,H
1432,ZONE1,2025-03-01 16:00:00+00:00,2025-03-01 17:00:00+00:00,H
1433,ZONE1,2025-03-01 17:00:00+00:00,2025-03-01 18:00:00+00:00,H
1434,ZONE1,2025-03-01 18:00:00+00:00,2025-03-01 19:00:00+00:00,H
1435,ZONE1,2025-03-01 19:00:00+00:00,2025-03-01 20:00:00+00:00,H
1436,ZONE1,2025-03-01 20:00:00+00:00,2025-03-01 21:00:00+00:00,H
1437,ZONE1,2025-03-01 21:00:00+00:00,2025-03-01 22:00:00+00:00,H
1438,ZONE1,2025-03-01 22:00:00+00:00,2025-03-01 23:00:00+00:00,H
1439,ZONE1,2025-03-01 23:00:00+00:00,2025-03-02 00:00:00+00:00,H
1440,ZONE1,2025-03-02 00:00:00+00:00,2025-03-02 01:00:00+00:00,H
1441,ZONE1,2025-03-02 01:00:00+00:00,2025-03-02 02:00:00+00:00,H
1442,ZONE1,2025-03-02 02:00:00+00:00,2025-03-02 03:00:00+00:00,H
1443,ZONE1,2025-03-02 03:00:00+00:00,2025-03-02 04:00:00+00:00,H
1444,ZONE1,2025-03-02 04:00:00+00:00,2025-03-02 05:00:00+00:00,H
1445,ZONE1,2025-03-02 05:00:00+00:00,2025-03-02 06:00:00+00:00,H
1446,ZONE1,2025-03-02 06:00:00+00:00,2025-03-02 07:00:00+00:00,H
1447,ZONE1,2025-03-02 07:00:00+00:00,2025-03-02 08:00:00+00:00,H
1448,ZONE1,2025-03-02 08:00:00+00:00,2025-03-02 09:00:00+00:00,H
1449,ZONE1,2025-03-02 09:00:00+00:00,2025-03-02 10:00:00+00:00,H
1450,ZONE1,2025-03-02 10:00:00+00:00,2025-03-02 11:00:00+00:00,H
1451,ZONE1,2025-03-02 11:00:00+00:00,2025-03-02 12:00:00+00:00,H
1452,ZONE1,2025-03-02 12:00:00+00:00,2025-03-02 13:00:00+00:00,H
1453,ZONE1,2025-03-02 13:00:00+00:00,2025-03-02 14:00:00+00:00,H
1454,ZONE1,2025-03-02 14:00:00+00:00,2025-03-02 15:00:00+00:00,H
1455,ZONE1,2025-03-02 15:00:00+00:00,2025-03-02 16:00:00+00:00,H
1456,ZONE1,2025-03-02 16:00:00+00:00,2025-03-02 17:00:00+00:00,H
1457,ZONE1,2025-03-02 17:00:00+00:00,2025-03-02 18:00:00+00:00,H
1458,ZONE1,2025-03-02 18:00:00+00:00,2025-03-02 19:00:00+00:00,H
1459,ZONE1,2025-03-02 19:00:00+00:00,2025-03-02 20:00:00+00:00,H
1460,ZONE1,2025-03-02 20:00:00+00:00,2025-03-02 21:00:00+00:00,H
1461,ZONE1,2025-03-02 21:00:00+00:00,2025-03-02 22:00:00+00:00,H
1462,ZONE1,2025-03-02 22:00:00+00:00,2025-03-02 23:00:00+00:00,H
1463,ZONE1,2025-03-02 23:00:00+00:00,2025-03-03 00:00:00+00:00,H
1464,ZONE1,2025-03-03 00:00:00+00:00,2025-03-03 01:00:00+00:00,H
1465,ZONE1,2025-03-03 01:00:00+00:00,2025-03-03 02:00:00+00:00,H
1466,ZONE1,2025-03-03 02:00:00+00:00,2025-03-03 03:00:00+00:00,H
1467,ZONE1,2025-03-03 03:00:00+00:00,2025-03-03 04:00:00+00:00,H
1468,ZONE1,2025-03-03 04:00:00+00:00,2025-03-03 05:00:00+00:00,H
1469,ZONE1,2025-03-03 05:00:00+00:00,2025-03-03 06:00:00+00:00,H
1470,ZONE1,2025-03-03 06:00:00+00:00,2025-03-03 07:00:00+00:00,H
1471,ZONE1,2025-03-03 07:00:00+00:00,2025-03-03 08:00:00+00:00,H
1472,ZONE1,2025-03-03 08:00:00+00:00,2025-03-03 09:00:00+00:00,H
1473,ZONE1,2025-03-03 09:00:00+00:00,2025-03-03 10:00:00+00:00,H
1474,ZONE1,2025-03-03 10:00:00+00:00,2025-03-03 11:00:00+00:00,H
1475,ZONE1,2025-03-03 11:00:00+00:00,2025-03-03 12:00:00+00:00,H
1476,ZONE1,2025-03-03 12:00:00+00:00,2025-03-03 13:00:00+00:00,H
1477,ZONE1,2025-03-03 13:00:00+00:00,2025-03-03 14:00:00+00:00,H
1478,ZONE1,2025-03-03 14:00:00+00:00,2025-03-03 15:00:00+00:00,H
1479,ZONE1,2025-03-03 15:00:00+00:00,2025-03-03 16:00:00+00:00,H
1480,ZONE1,2025-03-03 16:00:00+00:00,2025-03-03 17:00:00+00:00,H
1481,ZONE1,2025-03-03 17:00:00+00:00,2025-03-03 18:00:00+00:00,H
1482,ZONE1,2025-03-03 18:00:00+00:00,2025-03-03 19:00:00+00:00,H
1483,ZONE1,2025-03-03 19:00:00+00:00,2025-03-03 20:00:00+00:00,H
1484,ZONE1,2025-03-03 20:00:00+00:00,2025-03-03 21:00:00+00:00,H
1485,ZONE1,2025-03-03 21:00:00+00:00,2025-03-03 22:00:00+00:00,H
1486,ZONE1,2025-03-03 22:00:00+00:00,2025-03-03 23:00:00+00:00,H
1487,ZONE1,2025-03-03 23:00:00+00:00,2025-03-04 00:00:00+00:00,H
1488,ZONE1,2025-03-04 00:00:00+00:00,2025-03-04 01:00:00+00:00,H
1489,ZONE1,2025-03-04 01:00:00+00:00,2025-03-04 02:00:00+00:00,H
1490,ZONE1,2025-03-04 02:00:00+00:00,2025-03-04 03:00:00+00:00,H
1491,ZONE1,2025-03-04 03:00:00+00:00,2025-03-04 04:00:00+00:00,H
1492,ZONE1,2025-03-04 04:00:00+00:00,2025-03-04 05:00:00+00:00,H
1493,ZONE1,2025-03-04 05:00:00+00:00,2025-03-04 06:00:00+00:00,H
1494,ZONE1,2025-03-04 06:00:00+00:00,2025-03-04 07:00:00+00:00,H
1495,ZONE1,2025-03-04 07:00:00+00:00,2025-03-04 08:00:00+00:00,H
1496,ZONE1,2025-03-04 08:00:00+00:00,2025-03-04 09:00:00+00:00,H
1497,ZONE1,2025-03-04 09:00:00+00:00,2025-03-04 10:00:00+00:00,H
1498,ZONE1,2025-03-04 10:00:00+00:00,2025-03-04 11:00:00+00:00,H
1499,ZONE1,2025-03-04 11:00:00+00:00,2025-03-04 12:00:00+00:00,H
1500,ZONE1,2025-03-04 12:00:00+00:00,2025-03-04 13:00:00+00:00,H
1501,ZONE1,2025-03-04 13:00:00+00:00,2025-03-04 14:00:00+00:00,H
1502,ZONE1,2025-03-04 14:00:00+00:00,2025-03-04 15:00:00+00:00,H
1503,ZONE1,2025-03-04 15:00:00+00:00,2025-03-04 16:00:00+00:00,H
1504,ZONE1,2025-03-04 16:00:00+00:00,2025-03-04 17:00:00+00:00,H
1505,ZONE1,2025-03-04 17:00:00+00:00,2025-03-04 18:00:00+00:00,H
1506,ZONE1,2025-03-04 18:00:00+00:00,2025-03-04 19:00:00+00:00,H
1507,ZONE1,2025-03-04 19:00:00+00:00,2025-03-04 20:00:00+00:00,H
1508,ZONE1,2025-03-04 20:00:00+00:00,2025-03-04 21:00:00+00:00,H
1509,ZONE1,2025-03-04 21:00:00+00:00,2025-03-04 22:00:00+00:00,H
1510,ZONE1,2025-03-04 22:00:00+00:00,2025-03-04 23:00:00+00:00,H
1511,ZONE1,2025-03-04 23:00:00+00:00,2025-03-05 00:00:00+00:00,H
1512,ZONE1,2025-03-05 00:00:00+00:00,2025-03-05 01:00:00+00:00,H
1513,ZONE1,2025-03-05 01:00:00+00:00,2025-03-05 02:00:00+00:00,H
1514,ZONE1,2025-03-05 02:00:00+00:00,2025-03-05 03:00:00+00:00,H
1515,ZONE1,2025-03-05 03:00:00+00:00,2025-03-05 04:00:00+00:00,H
1516,ZONE1,2025-03-05 04:00:00+00:00,2025-03-05 05:00:00+00:00,H
1517,ZONE1,2025-03-05 05:00:00+00:00,2025-03-05 06:00:00+00:00,H
1518,ZONE1,2025-03-05 06:00:00+00:00,2025-03-05 07:00:00+00:00,H
1519,ZONE1,2025-03-05 07:00:00+00:00,2025-03-05 08:00:00+00:00,H
1520,ZONE1,2025-03-05 08:00:00+00:00,2025-03-05 09:00:00+00:00,H
1521,ZONE1,2025-03-05 09:00:00+00:00,2025-03-05 10:00:00+00:00,H
1522,ZONE1,2025-03-05 10:00:00+00:00,2025-03-05 11:00:00+00:00,H
1523,ZONE1,2025-03-05 11:00:00+00:00,2025-03-05 12:00:00+00:00,H
1524,ZONE1,2025-03-05 12:00:00+00:00,2025-03-05 13:00:00+00:00,H
1525,ZONE1,2025-03-05 13:00:00+00:00,2025-03-05 14:00:00+00:00,H
1526,ZONE1,2025-03-05 14:00:00+00:00,2025-03-05 15:00:00+00:00,H
1527,ZONE1,2025-03-05 15:00:00+00:00,2025-03-05 16:00:00+00:00,H
1528,ZONE1,2025-03-05 16:00:00+00:00,2025-03-05 17:00:00+00:00,H
1529,ZONE1,2025-03-05 17:00:00+00:00,2025-03-05 18:00:00+00:00,H
1530,ZONE1,2025-03-05 18:00:00+00:00,2025-03-05 19:00:00+00:00,H
1531,ZONE1,2025-03-05 19:00:00+00:00,2025-03-05 20:00:00+00:00,H
1532,ZONE1,2025-03-05 20:00:00+00:00,2025-03-05 21:00:00+00:00,H
1533,ZONE1,2025-03-05 21:00:00+00:00,2025-03-05 22:00:00+00:00,H
1534,ZONE1,2025-03-05 22:00:00+00:00,2025-03-05 23:00:00+00:00,H
1535,ZONE1,2025-03-05 23:00:00+00:00,2025-03-06 00:00:00+00:00,H
1536,ZONE1,2025-03-06 00:00:00+00:00,2025-03-06 01:00:00+00:00,H
1537,ZONE1,2025-03-06 01:00:00+00:00,2025-03-06 02:00:00+00:00,H
1538,ZONE1,2025-03-06 02:00:00+00:00,2025-03-06 03:00:00+00:00,H
1539,ZONE1,2025-03-06 03:00:00+00:00,2025-03-06 04:00:00+00:00,H
1540,ZONE1,2025-03-06 04:00:00+00:00,2025-03-06 05:00:00+00:00,H
1541,ZONE1,2025-03-06 05:00:00+00:00,2025-03-06 06:00:00+00:00,H
1542,ZONE1,2025-03-06 06:00:00+00:00,2025-03-06 07:00:00+00:00,H
1543,ZONE1,2025-03-06 07:00:00+00:00,2025-03-06 08:00:00+00:00,H
1544,ZONE1,2025-03-06 08:00:00+00:00,2025-03-06 09:00:00+00:00,H
1545,ZONE1,2025-03-06 09:00:00+00:00,2025-03-06 10:00:00+00:00,H
1546,ZONE1,2025-03-06 10:00:00+00:00,2025-03-06 11:00:00+00:00,H
1547,ZONE1,2025-03-06 11:00:00+00:00,2025-03-06 12:00:00+00:00,H
1548,ZONE1,2025-03-06 12:00:00+00:00,2025-03-06 13:00:00+00:00,H
1549,ZONE1,2025-03-06 13:00:00+00:00,2025-03-06 14:00:00+00:00,H
1550,ZONE1,2025-03-06 14:00:00+00:00,2025-03-06 15:00:00+00:00,H
1551,ZONE1,2025-03-06 15:00:00+00:00,2025-03-06 16:00:00+00:00,H
1552,ZONE1,2025-03-06 16:00:00+00:00,2025-03-06 17:00:00+00:00,H
1553,ZONE1,2025-03-06 17:00:00+00:00,2025-03-06 18:00:00+00:00,H
1554,ZONE1,2025-03-06 18:00:00+00:00,2025-03-06 19:00:00+00:00,H
1555,ZONE1,2025-03-06 19:00:00+00:00,2025-03-06 20:00:00+00:00,H
1556,ZONE1,2025-03-06 20:00:00+00:00,2025-03-06 21:00:00+00:00,H
1557,ZONE1,2025-03-06 21:00:00+00:00,2025-03-06 22:00:00+00:00,H
1558,ZONE1,2025-03-06 22:00:00+00:00,2025-03-06 23:00:00+00:00,H
1559,ZONE1,2025-03-06 23:00:00+00:00,2025-03-07 00:00:00+00:00,H
1560,ZONE1,2025-03-07 00:00:00+00:00,2025-03-07 01:00:00+00:00,H
1561,ZONE1,2025-03-07 01:00:00+00:00,2025-03-07 02:00:00+00:00,H
1562,ZONE1,2025-03-07 02:00:00+00:00,2025-03-07 03:00:00+00:00,H
1563,ZONE1,2025-03-07 03:00:00+00:00,2025-03-07 04:00:00+00:00,H
1564,ZONE1,2025-03-07 04:00:00+00:00,2025-03-07 05:00:00+00:00,H
1565,ZONE1,2025-03-07 05:00:00+00:00,2025-03-07 06:00:00+00:00,H
1566,ZONE1,2025-03-07 06:00:00+00:00,2025-03-07 07:00:00+00:00,H
1567,ZONE1,2025-03-07 07:00:00+00:00,2025-03-07 08:00:00+00:00,H
1568,ZONE1,2025-03-07 08:00:00+00:00,2025-03-07 09:00:00+00:00,H
1569,ZONE1,2025-03-07 09:00:00+00:00,2025-03-07 10:00:00+00:00,H
1570,ZONE1,2025-03-07 10:00:00+00:00,2025-03-07 11:00:00+00:00,H
1571,ZONE1,2025-03-07 11:00:00+00:00,2025-03-07 12:00:00+00:00,H
1572,ZONE1,2025-03-07 12:00:00+00:00,2025-03-07 13:00:00+00:00,H
1573,ZONE1,2025-03-07 13:00:00+00:00,2025-03-07 14:00:00+00:00,H
1574,ZONE1,2025-03-07 14:00:00+00:00,2025-03-07 15:00:00+00:00,H
1575,ZONE1,2025-03-07 15:00:00+00:00,2025-03-07 16:00:00+00:00,H
1576,ZONE1,2025-03-07 16:00:00+00:00,2025-03-07 17:00:00+00:00,H
1577,ZONE1,2025-03-07 17:00:00+00:00,2025-03-07 18:00:00+00:00,H
1578,ZONE1,2025-03-07 18:00:00+00:00,2025-03-07 19:00:00+00:00,H
1579,ZONE1,2025-03-07 19:00:00+00:00,2025-03-07 20:00:00+00:00,H
1580,ZONE1,2025-03-07 20:00:00+00:00,2025-03-07 21:00:00+00:00,H
1581,ZONE1,2025-03-07 21:00:00+00:00,2025-03-07 22:00:00+00:00,H
1582,ZONE1,2025-03-07 22:00:00+00:00,2025-03-07 23:00:00+00:00,H
1583,ZONE1,2025-03-07 23:00:00+00:00,2025-03-08 00:00:00+00:00,H
1584,ZONE1,2025-03-08 00:00:00+00:00,2025-03-08 01:00:00+00:00,H
1585,ZONE1,2025-03-08 01:00:00+00:00,2025-03-08 02:00:00+00:00,H
1586,ZONE1,2025-03-08 02:00:00+00:00,2025-03-08 03:00:00+00:00,H
1587,ZONE1,2025-03-08 03:00:00+00:00,2025-03-08 04:00:00+00:00,H
1588,ZONE1,2025-03-08 04:00:00+00:00,2025-03-08 05:00:00+00:00,H
1589,ZONE1,2025-03-08 05:00:00+00:00,2025-03-08 06:00:00+00:00,H
1590,ZONE1,2025-03-08 06:00:00+00:00,2025-03-08 07:00:00+00:00,H
1591,ZONE1,2025-03-08 07:00:00+00:00,2025-03-08 08:00:00+00:00,H
1592,ZONE1,2025-03-08 08:00:00+00:00,2025-03-08 09:00:00+00:00,H
1593,ZONE1,2025-03-08 09:00:00+00:00,2025-03-08 10:00:00+00:00,H
1594,ZONE1,2025-03-08 10:00:00+00:00,2025-03-08 11:00:00+00:00,H
1595,ZONE1,2025-03-08 11:00:00+00:00,2025-03-08 12:00:00+00:00,H
1596,ZONE1,2025-03-08 12:00:00+00:00,2025-03-08 13:00:00+00:00,H
1597,ZONE1,2025-03-08 13:00:00+00:00,2025-03-08 14:00:00+00:00,H
1598,ZONE1,2025-03-08 14:00:00+00:00,2025-03-08 15:00:00+00:00,H
1599,ZONE1,2025-03-08 15:00:00+00:00,2025-03-08 16:00:00+00:00,H
1600,ZONE1,2025-03-08 16:00:00+00:00,2025-03-08 17:00:00+00:00,H
1601,ZONE1,2025-03-08 17:00:00+00:00,2025-03-08 18:00:00+00:00,H
1602,ZONE1,2025-03-08 18:00:00+00:00,2025-03-08 19:00:00+00:00,H
1603,ZONE1,2025-03-08 19:00:00+00:00,2025-03-08 20:00:00+00:00,H
1604,ZONE1,2025-03-08 20:00:00+00:00,2025-03-08 21:00:00+00:00,H
1605,ZONE1,2025-03-08 21:00:00+00:00,2025-03-08 22:00:00+00:00,H
1606,ZONE1,2025-03-08 22:00:00+00:00,2025-03-08 23:00:00+00:00,H
1607,ZONE1,2025-03-08 23:00:00+00:00,2025-03-09 00:00:00+00:00,H
1608,ZONE1,2025-03-09 00:00:00+00:00,2025-03-09 01:00:00+00:00,H
1609,ZONE1,2025-03-09 01:00:00+00:00,2025-03-09 02:00:00+00:00,H
1610,ZONE1,2025-03-09 02:00:00+00:00,2025-03-09 03:00:00+00:00,H
1611,ZONE1,2025-03-09 03:00:00+00:00,2025-03-09 04:00:00+00:00,H
1612,ZONE1,2025-03-09 04:00:00+00:00,2025-03-09 05:00:00+00:00,H
1613,ZONE1,2025-03-09 05:00:00+00:00,2025-03-09 06:00:00+00:00,H
1614,ZONE1,2025-03-09 06:00:00+00:00,2025-03-09 07:00:00+00:00,H
1615,ZONE1,2025-03-09 07:00:00+00:00,2025-03-09 08:00:00+00:00,H
1616,ZONE1,2025-03-09 08:00:00+00:00,2025-03-09 09:00:00+00:00,H
1617,ZONE1,2025-03-09 09:00:00+00:00,2025-03-09 10:00:00+00:00,H
1618,ZONE1,2025-03-09 10:00:00+00:00,2025-03-09 11:00:00+00:00,H
1619,ZONE1,2025-03-09 11:00:00+00:00,2025-03-09 12:00:00+00:00,H
1620,ZONE1,2025-03-09 12:00:00+00:00,2025-03-09 13:00:00+00:00,H
1621,ZONE1,2025-03-09 13:00:00+00:00,2025-03-09 14:00:00+00:00,H
1622,ZONE1,2025-03-09 14:00:00+00:00,2025-03-09 15:00:00+00:00,H
1623,ZONE1,2025-03-09 15:00:00+00:00,2025-03-09 16:00:00+00:00,H
1624,ZONE1,2025-03-09 16:00:00+00:00,2025-03-09 17:00:00+00:00,H
1625,ZONE1,2025-03-09 17:00:00+00:00,2025-03-09 18:00:00+00:00,H
1626,ZONE1,2025-03-09 18:00:00+00:00,2025-03-09 19:00:00+00:00,H
1627,ZONE1,2025-03-09 19:00:00+00:00,2025-03-09 20:00:00+00:00,H
1628,ZONE1,2025-03-09 20:00:00+00:00,2025-03-09 21:00:00+00:00,H
1629,ZONE1,2025-03-09 21:00:00+00:00,2025-03-09 22:00:00+00:00,H
1630,ZONE1,2025-03-09 22:00:00+00:00,2025-03-09 23:00:00+00:00,H
1631,ZONE1,2025-03-09 23:00:00+00:00,2025-03-10 00:00:00+00:00,H
1632,ZONE1,2025-03-10 00:00:00+00:00,2025-03-10 01:00:00+00:00,H
1633,ZONE1,2025-03-10 01:00:00+00:00,2025-03-10 02:00:00+00:00,H
1634,ZONE1,2025-03-10 02:00:00+00:00,2025-03-10 03:00:00+00:00,H
1635,ZONE1,2025-03-10 03:00:00+00:00,2025-03-10 04:00:00+00:00,H
1636,ZONE1,2025-03-10 04:00:00+00:00,2025-03-10 05:00:00+00:00,H
1637,ZONE1,2025-03-10 05:00:00+00:00,2025-03-10 06:00:00+00:00,H
1638,ZONE1,2025-03-10 06:00:00+00:00,2025-03-10 07:00:00+00:00,H
1639,ZONE1,2025-03-10 07:00:00+00:00,2025-03-10 08:00:00+00:00,H
1640,ZONE1,2025-03-10 08:00:00+00:00,2025-03-10 09:00:00+00:00,H
1641,ZONE1,2025-03-10 09:00:00+00:00,2025-03-10 10:00:00+00:00,H
1642,ZONE1,2025-03-10 10:00:00+00:00,2025-03-10 11:00:00+00:00,H
1643,ZONE1,2025-03-10 11:00:00+00:00,2025-03-10 12:00:00+00:00,H
1644,ZONE1,2025-03-10 12:00:00+00:00,2025-03-10 13:00:00+00:00,H
1645,ZONE1,2025-03-10 13:00:00+00:00,2025-03-10 14:00:00+00:00,H
1646,ZONE1,2025-03-10 14:00:00+00:00,2025-03-10 15:00:00+00:00,H
1647,ZONE1,2025-03-10 15:00:00+00:00,2025-03-10 16:00:00+00:00,H
1648,ZONE1,2025-03-10 16:00:00+00:00,2025-03-10 17:00:00+00:00,H
1649,ZONE1,2025-03-10 17:00:00+00:00,2025-03-10 18:00:00+00:00,H
1650,ZONE1,2025-03-10 18:00:00+00:00,2025-03-10 19:00:00+00:00,H
1651,ZONE1,2025-03-10 19:00:00+00:00,2025-03-10 20:00:00+00:00,H
1652,ZONE1,2025-03-10 20:00:00+00:00,2025-03-10 21:00:00+00:00,H
1653,ZONE1,2025-03-10 21:00:00+00:00,2025-03-10 22:00:00+00:00,H
1654,ZONE1,2025-03-10 22:00:00+00:00,2025-03-10 23:00:00+00:00,H
1655,ZONE1,2025-03-10 23:00:00+00:00,2025-03-11 00:00:00+00:00,H
1656,ZONE1,2025-03-11 00:00:00+00:00,2025-03-11 01:00:00+00:00,H
1657,ZONE1,2025-03-11 01:00:00+00:00,2025-03-11 02:00:00+00:00,H
1658,ZONE1,2025-03-11 02:00:00+00:00,2025-03-11 03:00:00+00:00,H
1659,ZONE1,2025-03-11 03:00:00+00:00,2025-03-11 04:00:00+00:00,H
1660,ZONE1,2025-03-11 04:00:00+00:00,2025-03-11 05:00:00+00:00,H
1661,ZONE1,2025-03-11 05:00:00+00:00,2025-03-11 06:00:00+00:00,H
1662,ZONE1,2025-03-11 06:00:00+00:00,2025-03-11 07:00:00+00:00,H
1663,ZONE1,2025-03-11 07:00:00+00:00,2025-03-11 08:00:00+00:00,H
1664,ZONE1,2025-03-11 08:00:00+00:00,2025-03-11 09:00:00+00:00,H
1665,ZONE1,2025-03-11 09:00:00+00:00,2025-03-11 10:00:00+00:00,H
1666,ZONE1,2025-03-11 10:00:00+00:00,2025-03-11 11:00:00+00:00,H
1667,ZONE1,2025-03-11 11:00:00+00:00,2025-03-11 12:00:00+00:00,H
1668,ZONE1,2025-03-11 12:00:00+00:00,2025-03-11 13:00:00+00:00,H
1669,ZONE1,2025-03-11 13:00:00+00:00,2025-03-11 14:00:00+00:00,H
1670,ZONE1,2025-03-11 14:00:00+00:00,2025-03-11 15:00:00+00:00,H
1671,ZONE1,2025-03-11 15:00:00+00:00,2025-03-11 16:00:00+00:00,H
1672,ZONE1,2025-03-11 16:00:00+00:00,2025-03-11 17:00:00+00:00,H
1673,ZONE1,2025-03-11 17:00:00+00:00,2025-03-11 18:00:00+00:00,H
1674,ZONE1,2025-03-11 18:00:00+00:00,2025-03-11 19:00:00+00:00,H
1675,ZONE1,2025-03-11 19:00:00+00:00,2025-03-11 20:00:00+00:00,H
1676,ZONE1,2025-03-11 20:00:00+00:00,2025-03-11 21:00:00+00:00,H
1677,ZONE1,2025-03-11 21:00:00+00:00,2025-03-11 22:00:00+00:00,H
1678,ZONE1,2025-03-11 22:00:00+00:00,2025-03-11 23:00:00+00:00,H
1679,ZONE1,2025-03-11 23:00:00+00:00,2025-03-12 00:00:00+00:00,H
1680,ZONE1,2025-03-12 00:00:00+00:00,2025-03-12 01:00:00+00:00,H
1681,ZONE1,2025-03-12 01:00:00+00:00,2025-03-12 02:00:00+00:00,H
1682,ZONE1,2025-03-12 02:00:00+00:00,2025-03-12 03:00:00+00:00,H
1683,ZONE1,2025-03-12 03:00:00+00:00,2025-03-12 04:00:00+00:00,H
1684,ZONE1,2025-03-12 04:00:00+00:00,2025-03-12 05:00:00+00:00,H
1685,ZONE1,2025-03-12 05:00:00+00:00,2025-03-12 06:00:00+00:00,H
1686,ZONE1,2025-03-12 06:00:00+00:00,2025-03-12 07:00:00+00:00,H
1687,ZONE1,2025-03-12 07:00:00+00:00,2025-03-12 08:00:00+00:00,H
1688,ZONE1,2025-03-12 08:00:00+00:00,2025-03-12 09:00:00+00:00,H
1689,ZONE1,2025-03-12 09:00:00+00:00,2025-03-12 10:00:00+00:00,H
1690,ZONE1,2025-03-12 10:00:00+00:00,2025-03-12 11:00:00+00:00,H
1691,ZONE1,2025-03-12 11:00:00+00:00,2025-03-12 12:00:00+00:00,H
1692,ZONE1,2025-03-12 12:00:00+00:00,2025-03-12 13:00:00+00:00,H
1693,ZONE1,2025-03-12 13:00:00+00:00,2025-03-12 14:00:00+00:00,H
1694,ZONE1,2025-03-12 14:00:00+00:00,2025-03-12 15:00:00+00:00,H
1695,ZONE1,2025-03-12 15:00:00+00:00,2025-03-12 16:00:00+00:00,H
1696,ZONE1,2025-03-12 16:00:00+00:00,2025-03-12 17:00:00+00:00,H
1697,ZONE1,2025-03-12 17:00:00+00:00,2025-03-12 18:00:00+00:00,H
1698,ZONE1,2025-03-12 18:00:00+00:00,2025-03-12 19:00:00+00:00,H
1699,ZONE1,2025-03-12 19:00:00+00:00,2025-03-12 20:00:00+00:00,H
1700,ZONE1,2025-03-12 20:00:00+00:00,2025-03-12 21:00:00+00:00,H
1701,ZONE1,2025-03-12 21:00:00+00:00,2025-03-12 22:00:00+00:00,H
1702,ZONE1,2025-03-12 22:00:00+00:00,2025-03-12 23:00:00+00:00,H
1703,ZONE1,2025-03-12 23:00:00+00:00,2025-03-13 00:00:00+00:00,H
1704,ZONE1,2025-03-13 00:00:00+00:00,2025-03-13 01:00:00+00:00,H
1705,ZONE1,2025-03-13 01:00:00+00:00,2025-03-13 02:00:00+00:00,H
1706,ZONE1,2025-03-13 02:00:00+00:00,2025-03-13 03:00:00+00:00,H
1707,ZONE1,2025-03-13 03:00:00+00:00,2025-03-13 04:00:00+00:00,H
1708,ZONE1,2025-03-13 04:00:00+00:00,2025-03-13 05:00:00+00:00,H
1709,ZONE1,2025-03-13 05:00:00+00:00,2025-03-13 06:00:00+00:00,H
1710,ZONE1,2025-03-13 06:00:00+00:00,2025-03-13 07:00:00+00:00,H
1711,ZONE1,2025-03-13 07:00:00+00:00,2025-03-13 08:00:00+00:00,H
1712,ZONE1,2025-03-13 08:00:00+00:00,2025-03-13 09:00:00+00:00,H
1713,ZONE1,2025-03-13 09:00:00+00:00,2025-03-13 10:00:00+00:00,H
1714,ZONE1,2025-03-13 10:00:00+00:00,2025-03-13 11:00:00+00:00,H
1715,ZONE1,2025-03-13 11:00:00+00:00,2025-03-13 12:00:00+00:00,H
1716,ZONE1,2025-03-13 12:00:00+00:00,2025-03-13 13:00:00+00:00,H
1717,ZONE1,2025-03-13 13:00:00+00:00,2025-03-13 14:00:00+00:00,H
1718,ZONE1,2025-03-13 14:00:00+00:00,2025-03-13 15:00:00+00:00,H
1719,ZONE1,2025-03-13 15:00:00+00:00,2025-03-13 16:00:00+00:00,H
1720,ZONE1,2025-03-13 16:00:00+00:00,2025-03-13 17:00:00+00:00,H
1721,ZONE1,2025-03-13 17:00:00+00:00,2025-03-13 18:00:00+00:00,H
1722,ZONE1,2025-03-13 18:00:00+00:00,2025-03-13 19:00:00+00:00,H
1723,ZONE1,2025-03-13 19:00:00+00:00,2025-03-13 20:00:00+00:00,H
1724,ZONE1,2025-03-13 20:00:00+00:00,2025-03-13 21:00:00+00:00,H
1725,ZONE1,2025-03-13 21:00:00+00:00,2025-03-13 22:00:00+00:00,H
1726,ZONE1,2025-03-13 22:00:00+00:00,2025-03-13 23:00:00+00:00,H
1727,ZONE1,2025-03-13 23:00:00+00:00,2025-03-14 00:00:00+00:00,H
1728,ZONE1,2025-03-14 00:00:00+00:00,2025-03-14 01:00:00+00:00,H
1729,ZONE1,2025-03-14 01:00:00+00:00,2025-03-14 02:00:00+00:00,H
1730,ZONE1,2025-03-14 02:00:00+00:00,2025-03-14 03:00:00+00:00,H
1731,ZONE1,2025-03-14 03:00:00+00:00,2025-03-14 04:00:00+00:00,H
1732,ZONE1,2025-03-14 04:00:00+00:00,2025-03-14 05:00:00+00:00,H
1733,ZONE1,2025-03-14 05:00:00+00:00,2025-03-14 06:00:00+00:00,H
1734,ZONE1,2025-03-14 06:00:00+00:00,2025-03-14 07:00:00+00:00,H
1735,ZONE1,2025-03-14 07:00:00+00:00,2025-03-14 08:00:00+00:00,H
1736,ZONE1,2025-03-14 08:00:00+00:00,2025-03-14 09:00:00+00:00,H
1737,ZONE1,2025-03-14 09:00:00+00:00,2025-03-14 10:00:00+00:00,H
1738,ZONE1,2025-03-14 10:00:00+00:00,2025-03-14 11:00:00+00:00,H
1739,ZONE1,2025-03-14 11:00:00+00:00,2025-03-14 12:00:00+00:00,H
1740,ZONE1,2025-03-14 12:00:00+00:00,2025-03-14 13:00:00+00:00,H
1741,ZONE1,2025-03-14 13:00:00+00:00,2025-03-14 14:00:00+00:00,H
1742,ZONE1,2025-03-14 14:00:00+00:00,2025-03-14 15:00:00+00:00,H
1743,ZONE1,2025-03-14 15:00:00+00:00,2025-03-14 16:00:00+00:00,H
1744,ZONE1,2025-03-14 16:00:00+00:00,2025-03-14 17:00:00+00:00,H
1745,ZONE1,2025-03-14 17:00:00+00:00,2025-03-14 18:00:00+00:00,H
1746,ZONE1,2025-03-14 18:00:00+00:00,2025-03-14 19:00:00+00:00,H
1747,ZONE1,2025-03-14 19:00:00+00:00,2025-03-14 20:00:00+00:00,H
1748,ZONE1,2025-03-14 20:00:00+00:00,2025-03-14 21:00:00+00:00,H
1749,ZONE1,2025-03-14 21:00:00+00:00,2025-03-14 22:00:00+00:00,H
1750,ZONE1,2025-03-14 22:00:00+00:00,2025-03-14 23:00:00+00:00,H
1751,ZONE1,2025-03-14 23:00:00+00:00,2025-03-15 00:00:00+00:00,H
1752,ZONE1,2025-03-15 00:00:00+00:00,2025-03-15 01:00:00+00:00,H
1753,ZONE1,2025-03-15 01:00:00+00:00,2025-03-15 02:00:00+00:00,H
1754,ZONE1,2025-03-15 02:00:00+00:00,2025-03-15 03:00:00+00:00,H
1755,ZONE1,2025-03-15 03:00:00+00:00,2025-03-15 04:00:00+00:00,H
1756,ZONE1,2025-03-15 04:00:00+00:00,2025-03-15 05:00:00+00:00,H
1757,ZONE1,2025-03-15 05:00:00+00:00,2025-03-15 06:00:00+00:00,H
1758,ZONE1,2025-03-15 06:00:00+00:00,2025-03-15 07:00:00+00:00,H
1759,ZONE1,2025-03-15 07:00:00+00:00,2025-03-15 08:00:00+00:00,H
1760,ZONE1,2025-03-15 08:00:00+00:00,2025-03-15 09:00:00+00:00,H
1761,ZONE1,2025-03-15 09:00:00+00:00,2025-03-15 10:00:00+00:00,H
1762,ZONE1,2025-03-15 10:00:00+00:00,2025-03-15 11:00:00+00:00,H
1763,ZONE1,2025-03-15 11:00:00+00:00,2025-03-15 12:00:00+00:00,H
1764,ZONE1,2025-03-15 12:00:00+00:00,2025-03-15 13:00:00+00:00,H
1765,ZONE1,2025-03-15 13:00:00+00:00,2025-03-15 14:00:00+00:00,H
1766,ZONE1,2025-03-15 14:00:00+00:00,2025-03-15 15:00:00+00:00,H
1767,ZONE1,2025-03-15 15:00:00+00:00,2025-03-15 16:00:00+00:00,H
1768,ZONE1,2025-03-15 16:00:00+00:00,2025-03-15 17:00:00+00:00,H
1769,ZONE1,2025-03-15 17:00:00+00:00,2025-03-15 18:00:00+00:00,H
1770,ZONE1,2025-03-15 18:00:00+00:00,2025-03-15 19:00:00+00:00,H
1771,ZONE1,2025-03-15 19:00:00+00:00,2025-03-15 20:00:00+00:00,H
1772,ZONE1,2025-03-15 20:00:00+00:00,2025-03-15 21:00:00+00:00,H
1773,ZONE1,2025-03-15 21:00:00+00:00,2025-03-15 22:00:00+00:00,H
1774,ZONE1,2025-03-15 22:00:00+00:00,2025-03-15 23:00:00+00:00,H
1775,ZONE1,2025-03-15 23:00:00+00:00,2025-03-16 00:00:00+00:00,H
1776,ZONE1,2025-03-16 00:00:00+00:00,2025-03-16 01:00:00+00:00,H
1777,ZONE1,2025-03-16 01:00:00+00:00,2025-03-16 02:00:00+00:00,H
1778,ZONE1,2025-03-16 02:00:00+00:00,2025-03-16 03:00:00+00:00,H
1779,ZONE1,2025-03-16 03:00:00+00:00,2025-03-16 04:00:00+00:00,H
1780,ZONE1,2025-03-16 04:00:00+00:00,2025-03-16 05:00:00+00:00,H
1781,ZONE1,2025-03-16 05:00:00+00:00,2025-03-16 06:00:00+00:00,H
1782,ZONE1,2025-03-16 06:00:00+00:00,2025-03-16 07:00:00+00:00,H
1783,ZONE1,2025-03-16 07:00:00+00:00,2025-03-16 08:00:00+00:00,H
1784,ZONE1,2025-03-16 08:00:00+00:00,2025-03-16 09:00:00+00:00,H
1785,ZONE1,2025-03-16 09:00:00+00:00,2025-03-16 10:00:00+00:00,H
1786,ZONE1,2025-03-16 10:00:00+00:00,2025-03-16 11:00:00+00:00,H
1787,ZONE1,2025-03-16 11:00:00+00:00,2025-03-16 12:00:00+00:00,H
1788,ZONE1,2025-03-16 12:00:00+00:00,2025-03-16 13:00:00+00:00,H
1789,ZONE1,2025-03-16 13:00:00+00:00,2025-03-16 14:00:00+00:00,H
1790,ZONE1,2025-03-16 14:00:00+00:00,2025-03-16 15:00:00+00:00,H
1791,ZONE1,2025-03-16 15:00:00+00:00,2025-03-16 16:00:00+00:00,H
1792,ZONE1,2025-03-16 16:00:00+00:00,2025-03-16 17:00:00+00:00,H
1793,ZONE1,2025-03-16 17:00:00+00:00,2025-03-16 18:00:00+00:00,H
1794,ZONE1,2025-03-16 18:00:00+00:00,2025-03-16 19:00:00+00:00,H
1795,ZONE1,2025-03-16 19:00:00+00:00,2025-03-16 20:00:00+00:00,H
1796,ZONE1,2025-03-16 20:00:00+00:00,2025-03-16 21:00:00+00:00,H
1797,ZONE1,2025-03-16 21:00:00+00:00,2025-03-16 22:00:00+00:00,H
1798,ZONE1,2025-03-16 22:00:00+00:00,2025-03-16 23:00:00+00:00,H
1799,ZONE1,2025-03-16 23:00:00+00:00,2025-03-17 00:00:00+00:00,H
1800,ZONE1,2025-03-17 00:00:00+00:00,2025-03-17 01:00:00+00:00,H
1801,ZONE1,2025-03-17 01:00:00+00:00,2025-03-17 02:00:00+00:00,H
1802,ZONE1,2025-03-17 02:00:00+00:00,2025-03-17 03:00:00+00:00,H
1803,ZONE1,2025-03-17 03:00:00+00:00,2025-03-17 04:00:00+00:00,H
1804,ZONE1,2025-03-17 04:00:00+00:00,2025-03-17 05:00:00+00:00,H
1805,ZONE1,2025-03-17 05:00:00+00:00,2025-03-17 06:00:00+00:00,H
1806,ZONE1,2025-03-17 06:00:00+00:00,2025-03-17 07:00:00+00:00,H
1807,ZONE1,2025-03-17 07:00:00+00:00,2025-03-17 08:00:00+00:00,H
1808,ZONE1,2025-03-17 08:00:00+00:00,2025-03-17 09:00:00+00:00,H
1809,ZONE1,2025-03-17 09:00:00+00:00,2025-03-17 10:00:00+00:00,H
1810,ZONE1,2025-03-17 10:00:00+00:00,2025-03-17 11:00:00+00:00,H
1811,ZONE1,2025-03-17 11:00:00+00:00,2025-03-17 12:00:00+00:00,H
1812,ZONE1,2025-03-17 12:00:00+00:00,2025-03-17 13:00:00+00:00,H
1813,ZONE1,2025-03-17 13:00:00+00:00,2025-03-17 14:00:00+00:00,H
1814,ZONE1,2025-03-17 14:00:00+00:00,2025-03-17 15:00:00+00:00,H
1815,ZONE1,2025-03-17 15:00:00+00:00,2025-03-17 16:00:00+00:00,H
1816,ZONE1,2025-03-17 16:00:00+00:00,2025-03-17 17:00:00+00:00,H
1817,ZONE1,2025-03-17 17:00:00+00:00,2025-03-17 18:00:00+00:00,H
1818,ZONE1,2025-03-17 18:00:00+00:00,2025-03-17 19:00:00+00:00,H
1819,ZONE1,2025-03-17 19:00:00+00:00,2025-03-17 20:00:00+00:00,H
1820,ZONE1,2025-03-17 20:00:00+00:00,2025-03-17 21:00:00+00:00,H
1821,ZONE1,2025-03-17 21:00:00+00:00,2025-03-17 22:00:00+00:00,H
1822,ZONE1,2025-03-17 22:00:00+00:00,2025-03-17 23:00:00+00:00,H
1823,ZONE1,2025-03-17 23:00:00+00:00,2025-03-18 00:00:00+00:00,H
1824,ZONE1,2025-03-18 00:00:00+00:00,2025-03-18 01:00:00+00:00,H
1825,ZONE1,2025-03-18 01:00:00+00:00,2025-03-18 02:00:00+00:00,H
1826,ZONE1,2025-03-18 02:00:00+00:00,2025-03-18 03:00:00+00:00,H
1827,ZONE1,2025-03-18 03:00:00+00:00,2025-03-18 04:00:00+00:00,H
1828,ZONE1,2025-03-18 04:00:00+00:00,2025-03-18 05:00:00+00:00,H
1829,ZONE1,2025-03-18 05:00:00+00:00,2025-03-18 06:00:00+00:00,H
1830,ZONE1,2025-03-18 06:00:00+00:00,2025-03-18 07:00:00+00:00,H
1831,ZONE1,2025-03-18 07:00:00+00:00,2025-03-18 08:00:00+00:00,H
1832,ZONE1,2025-03-18 08:00:00+00:00,2025-03-18 09:00:00+00:00,H
1833,ZONE1,2025-03-18 09:00:00+00:00,2025-03-18 10:00:00+00:00,H
1834,ZONE1,2025-03-18 10:00:00+00:00,2025-03-18 11:00:00+00:00,H
1835,ZONE1,2025-03-18 11:00:00+00:00,2025-03-18 12:00:00+00:00,H
1836,ZONE1,2025-03-18 12:00:00+00:00,2025-03-18 13:00:00+00:00,H
1837,ZONE1,2025-03-18 13:00:00+00:00,2025-03-18 14:00:00+00:00,H
1838,ZONE1,2025-03-18 14:00:00+00:00,2025-03-18 15:00:00+00:00,H
1839,ZONE1,2025-03-18 15:00:00+00:00,2025-03-18 16:00:00+00:00,H
1840,ZONE1,2025-03-18 16:00:00+00:00,2025-03-18 17:00:00+00:00,H
1841,ZONE1,2025-03-18 17:00:00+00:00,2025-03-18 18:00:00+00:00,H
1842,ZONE1,2025-03-18 18:00:00+00:00,2025-03-18 19:00:00+00:00,H
1843,ZONE1,2025-03-18 19:00:00+00:00,2025-03-18 20:00:00+00:00,H
1844,ZONE1,2025-03-18 20:00:00+00:00,2025-03-18 21:00:00+00:00,H
1845,ZONE1,2025-03-18 21:00:00+00:00,2025-03-18 22:00:00+00:00,H
1846,ZONE1,2025-03-18 22:00:00+00:00,2025-03-18 23:00:00+00:00,H
1847,ZONE1,2025-03-18 23:00:00+00:00,2025-03-19 00:00:00+00:00,H
1848,ZONE1,2025-03-19 00:00:00+00:00,2025-03-19 01:00:00+00:00,H
1849,ZONE1,2025-03-19 01:00:00+00:00,2025-03-19 02:00:00+00:00,H
1850,ZONE1,2025-03-19 02:00:00+00:00,2025-03-19 03:00:00+00:00,H
1851,ZONE1,2025-03-19 03:00:00+00:00,2025-03-19 04:00:00+00:00,H
1852,ZONE1,2025-03-19 04:00:00+00:00,2025-03-19 05:00:00+00:00,H
1853,ZONE1,2025-03-19 05:00:00+00:00,2025-03-19 06:00:00+00:00,H
1854,ZONE1,2025-03-19 06:00:00+00:00,2025-03-19 07:00:00+00:00,H
1855,ZONE1,2025-03-19 07:00:00+00:00,2025-03-19 08:00:00+00:00,H
1856,ZONE1,2025-03-19 08:00:00+00:00,2025-03-19 09:00:00+00:00,H
1857,ZONE1,2025-03-19 09:00:00+00:00,2025-03-19 10:00:00+00:00,H
1858,ZONE1,2025-03-19 10:00:00+00:00,2025-03-19 11:00:00+00:00,H
1859,ZONE1,2025-03-19 11:00:00+00:00,2025-03-19 12:00:00+00:00,H
1860,ZONE1,2025-03-19 12:00:00+00:00,2025-03-19 13:00:00+00:00,H
1861,ZONE1,2025-03-19 13:00:00+00:00,2025-03-19 14:00:00+00:00,H
1862,ZONE1,2025-03-19 14:00:00+00:00,2025-03-19 15:00:00+00:00,H
1863,ZONE1,2025-03-19 15:00:00+00:00,2025-03-19 16:00:00+00:00,H
1864,ZONE1,2025-03-19 16:00:00+00:00,2025-03-19 17:00:00+00:00,H
1865,ZONE1,2025-03-19 17:00:00+00:00,2025-03-19 18:00:00+00:00,H
1866,ZONE1,2025-03-19 18:00:00+00:00,2025-03-19 19:00:00+00:00,H
1867,ZONE1,2025-03-19 19:00:00+00:00,2025-03-19 20:00:00+00:00,H
1868,ZONE1,2025-03-19 20:00:00+00:00,2025-03-19 21:00:00+00:00,H
1869,ZONE1,2025-03-19 21:00:00+00:00,2025-03-19 22:00:00+00:00,H
1870,ZONE1,2025-03-19 22:00:00+00:00,2025-03-19 23:00:00+00:00,H
1871,ZONE1,2025-03-19 23:00:00+00:00,2025-03-20 00:00:00+00:00,H
1872,ZONE1,2025-03-20 00:00:00+00:00,2025-03-20 01:00:00+00:00,H
1873,ZONE1,2025-03-20 01:00:00+00:00,2025-03-20 02:00:00+00:00,H
1874,ZONE1,2025-03-20 02:00:00+00:00,2025-03-20 03:00:00+00:00,H
1875,ZONE1,2025-03-20 03:00:00+00:00,2025-03-20 04:00:00+00:00,H
1876,ZONE1,2025-03-20 04:00:00+00:00,2025-03-20 05:00:00+00:00,H
1877,ZONE1,2025-03-20 05:00:00+00:00,2025-03-20 06:00:00+00:00,H
1878,ZONE1,2025-03-20 06:00:00+00:00,2025-03-20 07:00:00+00:00,H
1879,ZONE1,2025-03-20 07:00:00+00:00,2025-03-20 08:00:00+00:00,H
1880,ZONE1,2025-03-20 08:00:00+00:00,2025-03-20 09:00:00+00:00,H
1881,ZONE1,2025-03-20 09:00:00+00:00,2025-03-20 10:00:00+00:00,H
1882,ZONE1,2025-03-20 10:00:00+00:00,2025-03-20 11:00:00+00:00,H
1883,ZONE1,2025-03-20 11:00:00+00:00,2025-03-20 12:00:00+00:00,H
1884,ZONE1,2025-03-20 12:00:00+00:00,2025-03-20 13:00:00+00:00,H
1885,ZONE1,2025-03-20 13:00:00+00:00,2025-03-20 14:00:00+00:00,H
1886,ZONE1,2025-03-20 14:00:00+00:00,2025-03-20 15:00:00+00:00,H
1887,ZONE1,2025-03-20 15:00:00+00:00,2025-03-20 16:00:00+00:00,H
1888,ZONE1,2025-03-20 16:00:00+00:00,2025-03-20 17:00:00+00:00,H
1889,ZONE1,2025-03-20 17:00:00+00:00,2025-03-20 18:00:00+00:00,H
1890,ZONE1,2025-03-20 18:00:00+00:00,2025-03-20 19:00:00+00:00,H
1891,ZONE1,2025-03-20 19:00:00+00:00,2025-03-20 20:00:00+00:00,H
1892,ZONE1,2025-03-20 20:00:00+00:00,2025-03-20 21:00:00+00:00,H
1893,ZONE1,2025-03-20 21:00:00+00:00,2025-03-20 22:00:00+00:00,H
1894,ZONE1,2025-03-20 22:00:00+00:00,2025-03-20 23:00:00+00:00,H
1895,ZONE1,2025-03-20 23:00:00+00:00,2025-03-21 00:00:00+00:00,H
1896,ZONE1,2025-03-21 00:00:00+00:00,2025-03-21 01:00:00+00:00,H
1897,ZONE1,2025-03-21 01:00:00+00:00,2025-03-21 02:00:00+00:00,H
1898,ZONE1,2025-03-21 02:00:00+00:00,2025-03-21 03:00:00+00:00,H
1899,ZONE1,2025-03-21 03:00:00+00:00,2025-03-21 04:00:00+00:00,H
1900,ZONE1,2025-03-21 04:00:00+00:00,2025-03-21 05:00:00+00:00,H
1901,ZONE1,2025-03-21 05:00:00+00:00,2025-03-21 06:00:00+00:00,H
1902,ZONE1,2025-03-21 06:00:00+00:00,2025-03-21 07:00:00+00:00,H
1903,ZONE1,2025-03-21 07:00:00+00:00,2025-03-21 08:00:00+00:00,H
1904,ZONE1,2025-03-21 08:00:00+00:00,2025-03-21 09:00:00+00:00,H
1905,ZONE1,2025-03-21 09:00:00+00:00,2025-03-21 10:00:00+00:00,H
1906,ZONE1,2025-03-21 10:00:00+00:00,2025-03-21 11:00:00+00:00,H
1907,ZONE1,2025-03-21 11:00:00+00:00,2025-03-21 12:00:00+00:00,H
1908,ZONE1,2025-03-21 12:00:00+00:00,2025-03-21 13:00:00+00:00,H
1909,ZONE1,2025-03-21 13:00:00+00:00,2025-03-21 14:00:00+00:00,H
1910,ZONE1,2025-03-21 14:00:00+00:00,2025-03-21 15:00:00+00:00,H
1911,ZONE1,2025-03-21 15:00:00+00:00,2025-03-21 16:00:00+00:00,H
1912,ZONE1,2025-03-21 16:00:00+00:00,2025-03-21 17:00:00+00:00,H
1913,ZONE1,2025-03-21 17:00:00+00:00,2025-03-21 18:00:00+00:00,H
1914,ZONE1,2025-03-21 18:00:00+00:00,2025-03-21 19:00:00+00:00,H
1915,ZONE1,2025-03-21 19:00:00+00:00,2025-03-21 20:00:00+00:00,H
1916,ZONE1,2025-03-21 20:00:00+00:00,2025-03-21 21:00:00+00:00,H
1917,ZONE1,2025-03-21 21:00:00+00:00,2025-03-21 22:00:00+00:00,H
1918,ZONE1,2025-03-21 22:00:00+00:00,2025-03-21 23:00:00+00:00,H
1919,ZONE1,2025-03-21 23:00:00+00:00,2025-03-22 00:00:00+00:00,H
1920,ZONE1,2025-03-22 00:00:00+00:00,2025-03-22 01:00:00+00:00,H
1921,ZONE1,2025-03-22 01:00:00+00:00,2025-03-22 02:00:00+00:00,H
1922,ZONE1,2025-03-22 02:00:00+00:00,2025-03-22 03:00:00+00:00,H
1923,ZONE1,2025-03-22 03:00:00+00:00,2025-03-22 04:00:00+00:00,H
1924,ZONE1,2025-03-22 04:00:00+00:00,2025-03-22 05:00:00+00:00,H
1925,ZONE1,2025-03-22 05:00:00+00:00,2025-03-22 06:00:00+00:00,H
1926,ZONE1,2025-03-22 06:00:00+00:00,2025-03-22 07:00:00+00:00,H
1927,ZONE1,2025-03-22 07:00:00+00:00,2025-03-22 08:00:00+00:00,H
1928,ZONE1,2025-03-22 08:00:00+00:00,2025-03-22 09:00:00+00:00,H
1929,ZONE1,2025-03-22 09:00:00+00:00,2025-03-22 10:00:00+00:00,H
1930,ZONE1,2025-03-22 10:00:00+00:00,2025-03-22 11:00:00+00:00,H
1931,ZONE1,2025-03-22 11:00:00+00:00,2025-03-22 12:00:00+00:00,H
1932,ZONE1,2025-03-22 12:00:00+00:00,2025-03-22 13:00:00+00:00,H
1933,ZONE1,2025-03-22 13:00:00+00:00,2025-03-22 14:00:00+00:00,H
1934,ZONE1,2025-03-22 14:00:00+00:00,2025-03-22 15:00:00+00:00,H
1935,ZONE1,2025-03-22 15:00:00+00:00,2025-03-22 16:00:00+00:00,H
1936,ZONE1,2025-03-22 16:00:00+00:00,2025-03-22 17:00:00+00:00,H
1937,ZONE1,2025-03-22 17:00:00+00:00,2025-03-22 18:00:00+00:00,H
1938,ZONE1,2025-03-22 18:00:00+00:00,2025-03-22 19:00:00+00:00,H
1939,ZONE1,2025-03-22 19:00:00+00:00,2025-03-22 20:00:00+00:00,H
1940,ZONE1,2025-03-22 20:00:00+00:00,2025-03-22 21:00:00+00:00,H
1941,ZONE1,2025-03-22 21:00:00+00:00,2025-03-22 22:00:00+00:00,H
1942,ZONE1,2025-03-22 22:00:00+00:00,2025-03-22 23:00:00+00:00,H
1943,ZONE1,2025-03-22 23:00:00+00:00,2025-03-23 00:00:00+00:00,H
1944,ZONE1,2025-03-23 00:00:00+00:00,2025-03-23 01:00:00+00:00,H
1945,ZONE1,2025-03-23 01:00:00+00:00,2025-03-23 02:00:00+00:00,H
1946,ZONE1,2025-03-23 02:00:00+00:00,2025-03-23 03:00:00+00:00,H
1947,ZONE1,2025-03-23 03:00:00+00:00,2025-03-23 04:00:00+00:00,H
1948,ZONE1,2025-03-23 04:00:00+00:00,2025-03-23 05:00:00+00:00,H
1949,ZONE1,2025-03-23 05:00:00+00:00,2025-03-23 06:00:00+00:00,H
1950,ZONE1,2025-03-23 06:00:00+00:00,2025-03-23 07:00:00+00:00,H
1951,ZONE1,2025-03-23 07:00:00+00:00,2025-03-23 08:00:00+00:00,H
1952,ZONE1,2025-03-23 08:00:00+00:00,2025-03-23 09:00:00+00:00,H
1953,ZONE1,2025-03-23 09:00:00+00:00,2025-03-23 10:00:00+00:00,H
1954,ZONE1,2025-03-23 10:00:00+00:00,2025-03-23 11:00:00+00:00,H
1955,ZONE1,2025-03-23 11:00:00+00:00,2025-03-23 12:00:00+00:00,H
1956,ZONE1,2025-03-23 12:00:00+00:00,2025-03-23 13:00:00+00:00,H
1957,ZONE1,2025-03-23 13:00:00+00:00,2025-03-23 14:00:00+00:00,H
1958,ZONE1,2025-03-23 14:00:00+00:00,2025-03-23 15:00:00+00:00,H
1959,ZONE1,2025-03-23 15:00:00+00:00,2025-03-23 16:00:00+00:00,H
1960,ZONE1,2025-03-23 16:00:00+00:00,2025-03-23 17:00:00+00:00,H
1961,ZONE1,2025-03-23 17:00:00+00:00,2025-03-23 18:00:00+00:00,H
1962,ZONE1,2025-03-23 18:00:00+00:00,2025-03-23 19:00:00+00:00,H
1963,ZONE1,2025-03-23 19:00:00+00:00,2025-03-23 20:00:00+00:00,H
1964,ZONE1,2025-03-23 20:00:00+00:00,2025-03-23 21:00:00+00:00,H
1965,ZONE1,2025-03-23 21:00:00+00:00,2025-03-23 22:00:00+00:00,H
1966,ZONE1,2025-03-23 22:00:00+00:00,2025-03-23 23:00:00+00:00,H
1967,ZONE1,2025-03-23 23:00:00+00:00,2025-03-24 00:00:00+00:00,H
1968,ZONE1,2025-03-24 00:00:00+00:00,2025-03-24 01:00:00+00:00,H
1969,ZONE1,2025-03-24 01:00:00+00:00,2025-03-24 02:00:00+00:00,H
1970,ZONE1,2025-03-24 02:00:00+00:00,2025-03-24 03:00:00+00:00,H
1971,ZONE1,2025-03-24 03:00:00+00:00,2025-03-24 04:00:00+00:00,H
1972,ZONE1,2025-03-24 04:00:00+00:00,2025-03-24 05:00:00+00:00,H
1973,ZONE1,2025-03-24 05:00:00+00:00,2025-03-24 06:00:00+00:00,H
1974,ZONE1,2025-03-24 06:00:00+00:00,2025-03-24 07:00:00+00:00,H
1975,ZONE1,2025-03-24 07:00:00+00:00,2025-03-24 08:00:00+00:00,H
1976,ZONE1,2025-03-24 08:00:00+00:00,2025-03-24 09:00:00+00:00,H
1977,ZONE1,2025-03-24 09:00:00+00:00,2025-03-24 10:00:00+00:00,H
1978,ZONE1,2025-03-24 10:00:00+00:00,2025-03-24 11:00:00+00:00,H
1979,ZONE1,2025-03-24 11:00:00+00:00,2025-03-24 12:00:00+00:00,H
1980,ZONE1,2025-03-24 12:00:00+00:00,2025-03-24 13:00:00+00:00,H
1981,ZONE1,2025-03-24 13:00:00+00:00,2025-03-24 14:00:00+00:00,H
1982,ZONE1,2025-03-24 14:00:00+00:00,2025-03-24 15:00:00+00:00,H
1983,ZONE1,2025-03-24 15:00:00+00:00,2025-03-24 16:00:00+00:00,H
1984,ZONE1,2025-03-24 16:00:00+00:00,2025-03-24 17:00:00+00:00,H
1985,ZONE1,2025-03-24 17:00:00+00:00,2025-03-24 18:00:00+00:00,H
1986,ZONE1,2025-03-24 18:00:00+00:00,2025-03-24 19:00:00+00:00,H
1987,ZONE1,2025-03-24 19:00:00+00:00,2025-03-24 20:00:00+00:00,H
1988,ZONE1,2025-03-24 20:00:00+00:00,2025-03-24 21:00:00+00:00,H
1989,ZONE1,2025-03-24 21:00:00+00:00,2025-03-24 22:00:00+00:00,H
1990,ZONE1,2025-03-24 22:00:00+00:00,2025-03-24 23:00:00+00:00,H
1991,ZONE1,2025-03-24 23:00:00+00:00,2025-03-25 00:00:00+00:00,H
1992,ZONE1,2025-03-25 00:00:00+00:00,2025-03-25 01:00:00+00:00,H
1993,ZONE1,2025-03-25 01:00:00+00:00,2025-03-25 02:00:00+00:00,H
1994,ZONE1,2025-03-25 02:00:00+00:00,2025-03-25 03:00:00+00:00,H
1995,ZONE1,2025-03-25 03:00:00+00:00,2025-03-25 04:00:00+00:00,H
1996,ZONE1,2025-03-25 04:00:00+00:00,2025-03-25 05:00:00+00:00,H
1997,ZONE1,2025-03-25 05:00:00+00:00,2025-03-25 06:00:00+00:00,H
1998,ZONE1,2025-03-25 06:00:00+00:00,2025-03-25 07:00:00+00:00,H
1999,ZONE1,2025-03-25 07:00:00+00:00,2025-03-25 08:00:00+00:00,H
2000,ZONE1,2025-03-25 08:00:00+00:00,2025-03-25 09:00:00+00:00,H
2001,ZONE1,2025-03-25 09:00:00+00:00,2025-03-25 10:00:00+00:00,H
2002,ZONE1,2025-03-25 10:00:00+00:00,2025-03-25 11:00:00+00:00,H
2003,ZONE1,2025-03-25 11:00:00+00:00,2025-03-25 12:00:00+00:00,H
2004,ZONE1,2025-03-25 12:00:00+00:00,2025-03-25 13:00:00+00:00,H
2005,ZONE1,2025-03-25 13:00:00+00:00,2025-03-25 14:00:00+00:00,H
2006,ZONE1,2025-03-25 14:00:00+00:00,2025-03-25 15:00:00+00:00,H
2007,ZONE1,2025-03-25 15:00:00+00:00,2025-03-25 16:00:00+00:00,H
2008,ZONE1,2025-03-25 16:00:00+00:00,2025-03-25 17:00:00+00:00,H
2009,ZONE1,2025-03-25 17:00:00+00:00,2025-03-25 18:00:00+00:00,H
2010,ZONE1,2025-03-25 18:00:00+00:00,2025-03-25 19:00:00+00:00,H
2011,ZONE1,2025-03-25 19:00:00+00:00,2025-03-25 20:00:00+00:00,H
2012,ZONE1,2025-03-25 20:00:00+00:00,2025-03-25 21:00:00+00:00,H
2013,ZONE1,2025-03-25 21:00:00+00:00,2025-03-25 22:00:00+00:00,H
2014,ZONE1,2025-03-25 22:00:00+00:00,2025-03-25 23:00:00+00:00,H
2015,ZONE1,2025-03-25 23:00:00+00:00,2025-03-26 00:00:00+00:00,H
2016,ZONE1,2025-03-26 00:00:00+00:00,2025-03-26 01:00:00+00:00,H
2017,ZONE1,2025-03-26 01:00:00+00:00,2025-03-26 02:00:00+00:00,H
2018,ZONE1,2025-03-26 02:00:00+00:00,2025-03-26 03:00:00+00:00,H
2019,ZONE1,2025-03-26 03:00:00+00:00,2025-03-26 04:00:00+00:00,H
2020,ZONE1,2025-03-26 04:00:00+00:00,2025-03-26 05:00:00+00:00,H
2021,ZONE1,2025-03-26 05:00:00+00:00,2025-03-26 06:00:00+00:00,H
2022,ZONE1,2025-03-26 06:00:00+00:00,2025-03-26 07:00:00+00:00,H
2023,ZONE1,2025-03-26 07:00:00+00:00,2025-03-26 08:00:00+00:00,H
2024,ZONE1,2025-03-26 08:00:00+00:00,2025-03-26 09:00:00+00:00,H
2025,ZONE1,2025-03-26 09:00:00+00:00,2025-03-26 10:00:00+00:00,H
2026,ZONE1,2025-03-26 10:00:00+00:00,2025-03-26 11:00:00+00:00,H
2027,ZONE1,2025-03-26 11:00:00+00:00,2025-03-26 12:00:00+00:00,H
2028,ZONE1,2025-03-26 12:00:00+00:00,2025-03-26 13:00:00+00:00,H
2029,ZONE1,2025-03-26 13:00:00+00:00,2025-03-26 14:00:00+00:00,H
2030,ZONE1,2025-03-26 14:00:00+00:00,2025-03-26 15:00:00+00:00,H
2031,ZONE1,2025-03-26 15:00:00+00:00,2025-03-26 16:00:00+00:00,H
2032,ZONE1,2025-03-26 16:00:00+00:00,2025-03-26 17:00:00+00:00,H
2033,ZONE1,2025-03-26 17:00:00+00:00,2025-03-26 18:00:00+00:00,H
2034,ZONE1,2025-03-26 18:00:00+00:00,2025-03-26 19:00:00+00:00,H
2035,ZONE1,2025-03-26 19:00:00+00:00,2025-03-26 20:00:00+00:00,H
2036,ZONE1,2025-03-26 20:00:00+00:00,2025-03-26 21:00:00+00:00,H
2037,ZONE1,2025-03-26 21:00:00+00:00,2025-03-26 22:00:00+00:00,H
2038,ZONE1,2025-03-26 22:00:00+00:00,2025-03-26 23:00:00+00:00,H
2039,ZONE1,2025-03-26 23:00:00+00:00,2025-03-27 00:00:00+00:00,H
2040,ZONE1,2025-03-27 00:00:00+00:00,2025-03-27 01:00:00+00:00,H
2041,ZONE1,2025-03-27 01:00:00+00:00,2025-03-27 02:00:00+00:00,H
2042,ZONE1,2025-03-27 02:00:00+00:00,2025-03-27 03:00:00+00:00,H
2043,ZONE1,2025-03-27 03:00:00+00:00,2025-03-27 04:00:00+00:00,H
2044,ZONE1,2025-03-27 04:00:00+00:00,2025-03-27 05:00:00+00:00,H
2045,ZONE1,2025-03-27 05:00:00+00:00,2025-03-27 06:00:00+00:00,H
2046,ZONE1,2025-03-27 06:00:00+00:00,2025-03-27 07:00:00+00:00,H
2047,ZONE1,2025-03-27 07:00:00+00:00,2025-03-27 08:00:00+00:00,H
2048,ZONE1,2025-03-27 08:00:00+00:00,2025-03-27 09:00:00+00:00,H
2049,ZONE1,2025-03-27 09:00:00+00:00,2025-03-27 10:00:00+00:00,H
2050,ZONE1,2025-03-27 10:00:00+00:00,2025-03-27 11:00:00+00:00,H
2051,ZONE1,2025-03-27 11:00:00+00:00,2025-03-27 12:00:00+00:00,H
2052,ZONE1,2025-03-27 12:00:00+00:00,2025-03-27 13:00:00+00:00,H
2053,ZONE1,2025-03-27 13:00:00+00:00,2025-03-27 14:00:00+00:00,H
2054,ZONE1,2025-03-27 14:00:00+00:00,2025-03-27 15:00:00+00:00,H
2055,ZONE1,2025-03-27 15:00:00+00:00,2025-03-27 16:00:00+00:00,H
2056,ZONE1,2025-03-27 16:00:00+00:00,2025-03-27 17:00:00+00:00,H
2057,ZONE1,2025-03-27 17:00:00+00:00,2025-03-27 18:00:00+00:00,H
2058,ZONE1,2025-03-27 18:00:00+00:00,2025-03-27 19:00:00+00:00,H
2059,ZONE1,2025-03-27 19:00:00+00:00,2025-03-27 20:00:00+00:00,H
2060,ZONE1,2025-03-27 20:00:00+00:00,2025-03-27 21:00:00+00:00,H
2061,ZONE1,2025-03-27 21:00:00+00:00,2025-03-27 22:00:00+00:00,H
2062,ZONE1,2025-03-27 22:00:00+00:00,2025-03-27 23:00:00+00:00,H
2063,ZONE1,2025-03-27 23:00:00+00:00,2025-03-28 00:00:00+00:00,H
2064,ZONE1,2025-03-28 00:00:00+00:00,2025-03-28 01:00:00+00:00,H
2065,ZONE1,2025-03-28 01:00:00+00:00,2025-03-28 02:00:00+00:00,H
2066,ZONE1,2025-03-28 02:00:00+00:00,2025-03-28 03:00:00+00:00,H
2067,ZONE1,2025-03-28 03:00:00+00:00,2025-03-28 04:00:00+00:00,H
2068,ZONE1,2025-03-28 04:00:00+00:00,2025-03-28 05:00:00+00:00,H
2069,ZONE1,2025-03-28 05:00:00+00:00,2025-03-28 06:00:00+00:00,H
2070,ZONE1,2025-03-28 06:00:00+00:00,2025-03-28 07:00:00+00:00,H
2071,ZONE1,2025-03-28 07:00:00+00:00,2025-03-28 08:00:00+00:00,H
2072,ZONE1,2025-03-28 08:00:00+00:00,2025-03-28 09:00:00+00:00,H
2073,ZONE1,2025-03-28 09:00:00+00:00,2025-03-28 10:00:00+00:00,H
2074,ZONE1,2025-03-28 10:00:00+00:00,2025-03-28 11:00:00+00:00,H
2075,ZONE1,2025-03-28 11:00:00+00:00,2025-03-28 12:00:00+00:00,H
2076,ZONE1,2025-03-28 12:00:00+00:00,2025-03-28 13:00:00+00:00,H
2077,ZONE1,2025-03-28 13:00:00+00:00,2025-03-28 14:00:00+00:00,H
2078,ZONE1,2025-03-28 14:00:00+00:00,2025-03-28 15:00:00+00:00,H
2079,ZONE1,2025-03-28 15:00:00+00:00,2025-03-28 16:00:00+00:00,H
2080,ZONE1,2025-03-28 16:00:00+00:00,2025-03-28 17:00:00+00:00,H
2081,ZONE1,2025-03-28 17:00:00+00:00,2025-03-28 18:00:00+00:00,H
2082,ZONE1,2025-03-28 18:00:00+00:00,2025-03-28 19:00:00+00:00,H
2083,ZONE1,2025-03-28 19:00:00+00:00,2025-03-28 20:00:00+00:00,H
2084,ZONE1,2025-03-28 20:00:00+00:00,2025-03-28 21:00:00+00:00,H
2085,ZONE1,2025-03-28 21:00:00+00:00,2025-03-28 22:00:00+00:00,H
2086,ZONE1,2025-03-28 22:00:00+00:00,2025-03-28 23:00:00+00:00,H
2087,ZONE1,2025-03-28 23:00:00+00:00,2025-03-29 00:00:00+00:00,H
2088,ZONE1,2025-03-29 00:00:00+00:00,2025-03-29 01:00:00+00:00,H
2089,ZONE1,2025-03-29 01:00:00+00:00,2025-03-29 02:00:00+00:00,H
2090,ZONE1,2025-03-29 02:00:00+00:00,2025-03-29 03:00:00+00:00,H
2091,ZONE1,2025-03-29 03:00:00+00:00,2025-03-29 04:00:00+00:00,H
2092,ZONE1,2025-03-29 04:00:00+00:00,2025-03-29 05:00:00+00:00,H
2093,ZONE1,2025-03-29 05:00:00+00:00,2025-03-29 06:00:00+00:00,H
2094,ZONE1,2025-03-29 06:00:00+00:00,2025-03-29 07:00:00+00:00,H
2095,ZONE1,2025-03-29 07:00:00+00:00,2025-03-29 08:00:00+00:00,H
2096,ZONE1,2025-03-29 08:00:00+00:00,2025-03-29 09:00:00+00:00,H
2097,ZONE1,2025-03-29 09:00:00+00:00,2025-03-29 10:00:00+00:00,H
2098,ZONE1,2025-03-29 10:00:00+00:00,2025-03-29 11:00:00+00:00,H
2099,ZONE1,2025-03-29 11:00:00+00:00,2025-03-29 12:00:00+00:00,H
2100,ZONE1,2025-03-29 12:00:00+00:00,2025-03-29 13:00:00+00:00,H
2101,ZONE1,2025-03-29 13:00:00+00:00,2025-03-29 14:00:00+00:00,H
2102,ZONE1,2025-03-29 14:00:00+00:00,2025-03-29 15:00:00+00:00,H
2103,ZONE1,2025-03-29 15:00:00+00:00,2025-03-29 16:00:00+00:00,H
2104,ZONE1,2025-03-29 16:00:00+00:00,2025-03-29 17:00:00+00:00,H
2105,ZONE1,2025-03-29 17:00:00+00:00,2025-03-29 18:00:00+00:00,H
2106,ZONE1,2025-03-29 18:00:00+00:00,2025-03-29 19:00:00+00:00,H
2107,ZONE1,2025-03-29 19:00:00+00:00,2025-03-29 20:00:00+00:00,H
2108,ZONE1,2025-03-29 20:00:00+00:00,2025-03-29 21:00:00+00:00,H
2109,ZONE1,2025-03-29 21:00:00+00:00,2025-03-29 22:00:00+00:00,H
2110,ZONE1,2025-03-29 22:00:00+00:00,2025-03-29 23:00:00+00:00,H
2111,ZONE1,2025-03-29 23:00:00+00:00,2025-03-30 00:00:00+00:00,H
2112,ZONE1,2025-03-30 00:00:00+00:00,2025-03-30 01:00:00+00:00,H
2113,ZONE1,2025-03-30 01:00:00+00:00,2025-03-30 02:00:00+00:00,H
2114,ZONE1,2025-03-30 02:00:00+00:00,2025-03-30 03:00:00+00:00,H
2115,ZONE1,2025-03-30 03:00:00+00:00,2025-03-30 04:00:00+00:00,H
2116,ZONE1,2025-03-30 04:00:00+00:00,2025-03-30 05:00:00+00:00,H
2117,ZONE1,2025-03-30 05:00:00+00:00,2025-03-30 06:00:00+00:00,H
2118,ZONE1,2025-03-30 06:00:00+00:00,2025-03-30 07:00:00+00:00,H
2119,ZONE1,2025-03-30 07:00:00+00:00,2025-03-30 08:00:00+00:00,H
2120,ZONE1,2025-03-30 08:00:00+00:00,2025-03-30 09:00:00+00:00,H
2121,ZONE1,2025-03-30 09:00:00+00:00,2025-03-30 10:00:00+00:00,H
2122,ZONE1,2025-03-30 10:00:00+00:00,2025-03-30 11:00:00+00:00,H
2123,ZONE1,2025-03-30 11:00:00+00:00,2025-03-30 12:00:00+00:00,H
2124,ZONE1,2025-03-30 12:00:00+00:00,2025-03-30 13:00:00+00:00,H
2125,ZONE1,2025-03-30 13:00:00+00:00,2025-03-30 14:00:00+00:00,H
2126,ZONE1,2025-03-30 14:00:00+00:00,2025-03-30 15:00:00+00:00,H
2127,ZONE1,2025-03-30 15:00:00+00:00,2025-03-30 16:00:00+00:00,H
2128,ZONE1,2025-03-30 16:00:00+00:00,2025-03-30 17:00:00+00:00,H
2129,ZONE1,2025-03-30 17:00:00+00:00,2025-03-30 18:00:00+00:00,H
2130,ZONE1,2025-03-30 18:00:00+00:00,2025-03-30 19:00:00+00:00,H
2131,ZONE1,2025-03-30 19:00:00+00:00,2025-03-30 20:00:00+00:00,H
2132,ZONE1,2025-03-30 20:00:00+00:00,2025-03-30 21:00:00+00:00,H
2133,ZONE1,2025-03-30 21:00:00+00:00,2025-03-30 22:00:00+00:00,H
2134,ZONE1,2025-03-30 22:00:00+00:00,2025-03-30 23:00:00+00:00,H
2135,ZONE1,2025-03-30 23:00:00+00:00,2025-03-31 00:00:00+00:00,H
2136,ZONE1,2025-03-31 00:00:00+00:00,2025-03-31 01:00:00+00:00,H
2137,ZONE1,2025-03-31 01:00:00+00:00,2025-03-31 02:00:00+00:00,H
2138,ZONE1,2025-03-31 02:00:00+00:00,2025-03-31 03:00:00+00:00,H
2139,ZONE1,2025-03-31 03:00:00+00:00,2025-03-31 04:00:00+00:00,H
2140,ZONE1,2025-03-31 04:00:00+00:00,2025-03-31 05:00:00+00:00,H
2141,ZONE1,2025-03-31 05:00:00+00:00,2025-03-31 06:00:00+00:00,H
2142,ZONE1,2025-03-31 06:00:00+00:00,2025-03-31 07:00:00+00:00,H
2143,ZONE1,2025-03-31 07:00:00+00:00,2025-03-31 08:00:00+00:00,H
2144,ZONE1,2025-03-31 08:00:00+00:00,2025-03-31 09:00:00+00:00,H
2145,ZONE1,2025-03-31 09:00:00+00:00,2025-03-31 10:00:00+00:00,H
2146,ZONE1,2025-03-31 10:00:00+00:00,2025-03-31 11:00:00+00:00,H
2147,ZONE1,2025-03-31 11:00:00+00:00,2025-03-31 12:00:00+00:00,H
2148,ZONE1,2025-03-31 12:00:00+00:00,2025-03-31 13:00:00+00:00,H
2149,ZONE1,2025-03-31 13:00:00+00:00,2025-03-31 14:00:00+00:00,H
2150,ZONE1,2025-03-31 14:00:00+00:00,2025-03-31 15:00:00+00:00,H
2151,ZONE1,2025-03-31 15:00:00+00:00,2025-03-31 16:00:00+00:00,H
2152,ZONE1,2025-03-31 16:00:00+00:00,2025-03-31 17:00:00+00:00,H
2153,ZONE1,2025-03-31 17:00:00+00:00,2025-03-31 18:00:00+00:00,H
2154,ZONE1,2025-03-31 18:00:00+00:00,2025-03-31 19:00:00+00:00,H
2155,ZONE1,2025-03-31 19:00:00+00:00,2025-03-31 20:00:00+00:00,H
2156,ZONE1,2025-03-31 20:00:00+00:00,2025-03-31 21:00:00+00:00,H
2157,ZONE1,2025-03-31 21:00:00+00:00,2025-03-31 22:00:00+00:00,H
2158,ZONE1,2025-03-31 22:00:00+00:00,2025-03-31 23:00:00+00:00,H
2159,ZONE1,2025-03-31 23:00:00+00:00,2025-04-01 00:00:00+00:00,H
2160,ZONE1,2025-04-01 00:00:00+00:00,2025-04-01 01:00:00+00:00,H
2161,ZONE1,2025-04-01 01:00:00+00:00,2025-04-01 02:00:00+00:00,H
2162,ZONE1,2025-04-01 02:00:00+00:00,2025-04-01 03:00:00+00:00,H
2163,ZONE1,2025-04-01 03:00:00+00:00,2025-04-01 04:00:00+00:00,H
2164,ZONE1,2025-04-01 04:00:00+00:00,2025-04-01 05:00:00+00:00,H
2165,ZONE1,2025-04-01 05:00:00+00:00,2025-04-01 06:00:00+00:00,H
2166,ZONE1,2025-04-01 06:00:00+00:00,2025-04-01 07:00:00+00:00,H
2167,ZONE1,2025-04-01 07:00:00+00:00,2025-04-01 08:00:00+00:00,H
2168,ZONE1,2025-04-01 08:00:00+00:00,2025-04-01 09:00:00+00:00,H
2169,ZONE1,2025-04-01 09:00:00+00:00,2025-04-01 10:00:00+00:00,H
2170,ZONE1,2025-04-01 10:00:00+00:00,2025-04-01 11:00:00+00:00,H
2171,ZONE1,2025-04-01 11:00:00+00:00,2025-04-01 12:00:00+00:00,H
2172,ZONE1,2025-04-01 12:00:00+00:00,2025-04-01 13:00:00+00:00,H
2173,ZONE1,2025-04-01 13:00:00+00:00,2025-04-01 14:00:00+00:00,H
2174,ZONE1,2025-04-01 14:00:00+00:00,2025-04-01 15:00:00+00:00,H
2175,ZONE1,2025-04-01 15:00:00+00:00,2025-04-01 16:00:00+00:00,H
2176,ZONE1,2025-04-01 16:00:00+00:00,2025-04-01 17:00:00+00:00,H
2177,ZONE1,2025-04-01 17:00:00+00:00,2025-04-01 18:00:00+00:00,H
2178,ZONE1,2025-04-01 18:00:00+00:00,2025-04-01 19:00:00+00:00,H
2179,ZONE1,2025-04-01 19:00:00+00:00,2025-04-01 20:00:00+00:00,H
2180,ZONE1,2025-04-01 20:00:00+00:00,2025-04-01 21:00:00+00:00,H
2181,ZONE1,2025-04-01 21:00:00+00:00,2025-04-01 22:00:00+00:00,H
2182,ZONE1,2025-04-01 22:00:00+00:00,2025-04-01 23:00:00+00:00,H
2183,ZONE1,2025-04-01 23:00:00+00:00,2025-04-02 00:00:00+00:00,H
2184,ZONE1,2025-04-02 00:00:00+00:00,2025-04-02 01:00:00+00:00,H
2185,ZONE1,2025-04-02 01:00:00+00:00,2025-04-02 02:00:00+00:00,H
2186,ZONE1,2025-04-02 02:00:00+00:00,2025-04-02 03:00:00+00:00,H
2187,ZONE1,2025-04-02 03:00:00+00:00,2025-04-02 04:00:00+00:00,H
2188,ZONE1,2025-04-02 04:00:00+00:00,2025-04-02 05:00:00+00:00,H
2189,ZONE1,2025-04-02 05:00:00+00:00,2025-04-02 06:00:00+00:00,H
2190,ZONE1,2025-04-02 06:00:00+00:00,2025-04-02 07:00:00+00:00,H
2191,ZONE1,2025-04-02 07:00:00+00:00,2025-04-02 08:00:00+00:00,H
2192,ZONE1,2025-04-02 08:00:00+00:00,2025-04-02 09:00:00+00:00,H
2193,ZONE1,2025-04-02 09:00:00+00:00,2025-04-02 10:00:00+00:00,H
2194,ZONE1,2025-04-02 10:00:00+00:00,2025-04-02 11:00:00+00:00,H
2195,ZONE1,2025-04-02 11:00:00+00:00,2025-04-02 12:00:00+00:00,H
2196,ZONE1,2025-04-02 12:00:00+00:00,2025-04-02 13:00:00+00:00,H
2197,ZONE1,2025-04-02 13:00:00+00:00,2025-04-02 14:00:00+00:00,H
2198,ZONE1,2025-04-02 14:00:00+00:00,2025-04-02 15:00:00+00:00,H
2199,ZONE1,2025-04-02 15:00:00+00:00,2025-04-02 16:00:00+00:00,H
2200,ZONE1,2025-04-02 16:00:00+00:00,2025-04-02 17:00:00+00:00,H
2201,ZONE1,2025-04-02 17:00:00+00:00,2025-04-02 18:00:00+00:00,H
2202,ZONE1,2025-04-02 18:00:00+00:00,2025-04-02 19:00:00+00:00,H
2203,ZONE1,2025-04-02 19:00:00+00:00,2025-04-02 20:00:00+00:00,H
2204,ZONE1,2025-04-02 20:00:00+00:00,2025-04-02 21:00:00+00:00,H
2205,ZONE1,2025-04-02 21:00:00+00:00,2025-04-02 22:00:00+00:00,H
2206,ZONE1,2025-04-02 22:00:00+00:00,2025-04-02 23:00:00+00:00,H
2207,ZONE1,2025-04-02 23:00:00+00:00,2025-04-03 00:00:00+00:00,H
2208,ZONE1,2025-04-03 00:00:00+00:00,2025-04-03 01:00:00+00:00,H
2209,ZONE1,2025-04-03 01:00:00+00:00,2025-04-03 02:00:00+00:00,H
2210,ZONE1,2025-04-03 02:00:00+00:00,2025-04-03 03:00:00+00:00,H
2211,ZONE1,2025-04-03 03:00:00+00:00,2025-04-03 04:00:00+00:00,H
2212,ZONE1,2025-04-03 04:00:00+00:00,2025-04-03 05:00:00+00:00,H
2213,ZONE1,2025-04-03 05:00:00+00:00,2025-04-03 06:00:00+00:00,H
2214,ZONE1,2025-04-03 06:00:00+00:00,2025-04-03 07:00:00+00:00,H
2215,ZONE1,2025-04-03 07:00:00+00:00,2025-04-03 08:00:00+00:00,H
2216,ZONE1,2025-04-03 08:00:00+00:00,2025-04-03 09:00:00+00:00,H
2217,ZONE1,2025-04-03 09:00:00+00:00,2025-04-03 10:00:00+00:00,H
2218,ZONE1,2025-04-03 10:00:00+00:00,2025-04-03 11:00:00+00:00,H
2219,ZONE1,2025-04-03 11:00:00+00:00,2025-04-03 12:00:00+00:00,H
2220,ZONE1,2025-04-03 12:00:00+00:00,2025-04-03 13:00:00+00:00,H
2221,ZONE1,2025-04-03 13:00:00+00:00,2025-04-03 14:00:00+00:00,H
2222,ZONE1,2025-04-03 14:00:00+00:00,2025-04-03 15:00:00+00:00,H
2223,ZONE1,2025-04-03 15:00:00+00:00,2025-04-03 16:00:00+00:00,H
2224,ZONE1,2025-04-03 16:00:00+00:00,2025-04-03 17:00:00+00:00,H
2225,ZONE1,2025-04-03 17:00:00+00:00,2025-04-03 18:00:00+00:00,H
2226,ZONE1,2025-04-03 18:00:00+00:00,2025-04-03 19:00:00+00:00,H
2227,ZONE1,2025-04-03 19:00:00+00:00,2025-04-03 20:00:00+00:00,H
2228,ZONE1,2025-04-03 20:00:00+00:00,2025-04-03 21:00:00+00:00,H
2229,ZONE1,2025-04-03 21:00:00+00:00,2025-04-03 22:00:00+00:00,H
2230,ZONE1,2025-04-03 22:00:00+00:00,2025-04-03 23:00:00+00:00,H
2231,ZONE1,2025-04-03 23:00:00+00:00,2025-04-04 00:00:00+00:00,H
2232,ZONE1,2025-04-04 00:00:00+00:00,2025-04-04 01:00:00+00:00,H
2233,ZONE1,2025-04-04 01:00:00+00:00,2025-04-04 02:00:00+00:00,H
2234,ZONE1,2025-04-04 02:00:00+00:00,2025-04-04 03:00:00+00:00,H
2235,ZONE1,2025-04-04 03:00:00+00:00,2025-04-04 04:00:00+00:00,H
2236,ZONE1,2025-04-04 04:00:00+00:00,2025-04-04 05:00:00+00:00,H
2237,ZONE1,2025-04-04 05:00:00+00:00,2025-04-04 06:00:00+00:00,H
2238,ZONE1,2025-04-04 06:00:00+00:00,2025-04-04 07:00:00+00:00,H
2239,ZONE1,2025-04-04 07:00:00+00:00,2025-04-04 08:00:00+00:00,H
2240,ZONE1,2025-04-04 08:00:00+00:00,2025-04-04 09:00:00+00:00,H
2241,ZONE1,2025-04-04 09:00:00+00:00,2025-04-04 10:00:00+00:00,H
2242,ZONE1,2025-04-04 10:00:00+00:00,2025-04-04 11:00:00+00:00,H
2243,ZONE1,2025-04-04 11:00:00+00:00,2025-04-04 12:00:00+00:00,H
2244,ZONE1,2025-04-04 12:00:00+00:00,2025-04-04 13:00:00+00:00,H
2245,ZONE1,2025-04-04 13:00:00+00:00,2025-04-04 14:00:00+00:00,H
2246,ZONE1,2025-04-04 14:00:00+00:00,2025-04-04 15:00:00+00:00,H
2247,ZONE1,2025-04-04 15:00:00+00:00,2025-04-04 16:00:00+00:00,H
2248,ZONE1,2025-04-04 16:00:00+00:00,2025-04-04 17:00:00+00:00,H
2249,ZONE1,2025-04-04 17:00:00+00:00,2025-04-04 18:00:00+00:00,H
2250,ZONE1,2025-04-04 18:00:00+00:00,2025-04-04 19:00:00+00:00,H
2251,ZONE1,2025-04-04 19:00:00+00:00,2025-04-04 20:00:00+00:00,H
2252,ZONE1,2025-04-04 20:00:00+00:00,2025-04-04 21:00:00+00:00,H
2253,ZONE1,2025-04-04 21:00:00+00:00,2025-04-04 22:00:00+00:00,H
2254,ZONE1,2025-04-04 22:00:00+00:00,2025-04-04 23:00:00+00:00,H
2255,ZONE1,2025-04-04 23:00:00+00:00,2025-04-05 00:00:00+00:00,H
2256,ZONE1,2025-04-05 00:00:00+00:00,2025-04-05 01:00:00+00:00,H
2257,ZONE1,2025-04-05 01:00:00+00:00,2025-04-05 02:00:00+00:00,H
2258,ZONE1,2025-04-05 02:00:00+00:00,2025-04-05 03:00:00+00:00,H
2259,ZONE1,2025-04-05 03:00:00+00:00,2025-04-05 04:00:00+00:00,H
2260,ZONE1,2025-04-05 04:00:00+00:00,2025-04-05 05:00:00+00:00,H
2261,ZONE1,2025-04-05 05:00:00+00:00,2025-04-05 06:00:00+00:00,H
2262,ZONE1,2025-04-05 06:00:00+00:00,2025-04-05 07:00:00+00:00,H
2263,ZONE1,2025-04-05 07:00:00+00:00,2025-04-05 08:00:00+00:00,H
2264,ZONE1,2025-04-05 08:00:00+00:00,2025-04-05 09:00:00+00:00,H
2265,ZONE1,2025-04-05 09:00:00+00:00,2025-04-05 10:00:00+00:00,H
2266,ZONE1,2025-04-05 10:00:00+00:00,2025-04-05 11:00:00+00:00,H
2267,ZONE1,2025-04-05 11:00:00+00:00,2025-04-05 12:00:00+00:00,H
2268,ZONE1,2025-04-05 12:00:00+00:00,2025-04-05 13:00:00+00:00,H
2269,ZONE1,2025-04-05 13:00:00+00:00,2025-04-05 14:00:00+00:00,H
2270,ZONE1,2025-04-05 14:00:00+00:00,2025-04-05 15:00:00+00:00,H
2271,ZONE1,2025-04-05 15:00:00+00:00,2025-04-05 16:00:00+00:00,H
2272,ZONE1,2025-04-05 16:00:00+00:00,2025-04-05 17:00:00+00:00,H
2273,ZONE1,2025-04-05 17:00:00+00:00,2025-04-05 18:00:00+00:00,H
2274,ZONE1,2025-04-05 18:00:00+00:00,2025-04-05 19:00:00+00:00,H
2275,ZONE1,2025-04-05 19:00:00+00:00,2025-04-05 20:00:00+00:00,H
2276,ZONE1,2025-04-05 20:00:00+00:00,2025-04-05 21:00:00+00:00,H
2277,ZONE1,2025-04-05 21:00:00+00:00,2025-04-05 22:00:00+00:00,H
2278,ZONE1,2025-04-05 22:00:00+00:00,2025-04-05 23:00:00+00:00,H
2279,ZONE1,2025-04-05 23:00:00+00:00,2025-04-06 00:00:00+00:00,H
2280,ZONE1,2025-04-06 00:00:00+00:00,2025-04-06 01:00:00+00:00,H
2281,ZONE1,2025-04-06 01:00:00+00:00,2025-04-06 02:00:00+00:00,H
2282,ZONE1,2025-04-06 02:00:00+00:00,2025-04-06 03:00:00+00:00,H
2283,ZONE1,2025-04-06 03:00:00+00:00,2025-04-06 04:00:00+00:00,H
2284,ZONE1,2025-04-06 04:00:00+00:00,2025-04-06 05:00:00+00:00,H
2285,ZONE1,2025-04-06 05:00:00+00:00,2025-04-06 06:00:00+00:00,H
2286,ZONE1,2025-04-06 06:00:00+00:00,2025-04-06 07:00:00+00:00,H
2287,ZONE1,2025-04-06 07:00:00+00:00,2025-04-06 08:00:00+00:00,H
2288,ZONE1,2025-04-06 08:00:00+00:00,2025-04-06 09:00:00+00:00,H
2289,ZONE1,2025-04-06 09:00:00+00:00,2025-04-06 10:00:00+00:00,H
2290,ZONE1,2025-04-06 10:00:00+00:00,2025-04-06 11:00:00+00:00,H
2291,ZONE1,2025-04-06 11:00:00+00:00,2025-04-06 12:00:00+00:00,H
2292,ZONE1,2025-04-06 12:00:00+00:00,2025-04-06 13:00:00+00:00,H
2293,ZONE1,2025-04-06 13:00:00+00:00,2025-04-06 14:00:00+00:00,H
2294,ZONE1,2025-04-06 14:00:00+00:00,2025-04-06 15:00:00+00:00,H
2295,ZONE1,2025-04-06 15:00:00+00:00,2025-04-06 16:00:00+00:00,H
2296,ZONE1,2025-04-06 16:00:00+00:00,2025-04-06 17:00:00+00:00,H
2297,ZONE1,2025-04-06 17:00:00+00:00,2025-04-06 18:00:00+00:00,H
2298,ZONE1,2025-04-06 18:00:00+00:00,2025-04-06 19:00:00+00:00,H
2299,ZONE1,2025-04-06 19:00:00+00:00,2025-04-06 20:00:00+00:00,H
2300,ZONE1,2025-04-06 20:00:00+00:00,2025-04-06 21:00:00+00:00,H
2301,ZONE1,2025-04-06 21:00:00+00:00,2025-04-06 22:00:00+00:00,H
2302,ZONE1,2025-04-06 22:00:00+00:00,2025-04-06 23:00:00+00:00,H
2303,ZONE1,2025-04-06 23:00:00+00:00,2025-04-07 00:00:00+00:00,H
2304,ZONE1,2025-04-07 00:00:00+00:00,2025-04-07 01:00:00+00:00,H
2305,ZONE1,2025-04-07 01:00:00+00:00,2025-04-07 02:00:00+00:00,H
2306,ZONE1,2025-04-07 02:00:00+00:00,2025-04-07 03:00:00+00:00,H
2307,ZONE1,2025-04-07 03:00:00+00:00,2025-04-07 04:00:00+00:00,H
2308,ZONE1,2025-04-07 04:00:00+00:00,2025-04-07 05:00:00+00:00,H
2309,ZONE1,2025-04-07 05:00:00+00:00,2025-04-07 06:00:00+00:00,H
2310,ZONE1,2025-04-07 06:00:00+00:00,2025-04-07 07:00:00+00:00,H
2311,ZONE1,2025-04-07 07:00:00+00:00,2025-04-07 08:00:00+00:00,H
2312,ZONE1,2025-04-07 08:00:00+00:00,2025-04-07 09:00:00+00:00,H
2313,ZONE1,2025-04-07 09:00:00+00:00,2025-04-07 10:00:00+00:00,H
2314,ZONE1,2025-04-07 10:00:00+00:00,2025-04-07 11:00:00+00:00,H
2315,ZONE1,2025-04-07 11:00:00+00:00,2025-04-07 12:00:00+00:00,H
2316,ZONE1,2025-04-07 12:00:00+00:00,2025-04-07 13:00:00+00:00,H
2317,ZONE1,2025-04-07 13:00:00+00:00,2025-04-07 14:00:00+00:00,H
2318,ZONE1,2025-04-07 14:00:00+00:00,2025-04-07 15:00:00+00:00,H
2319,ZONE1,2025-04-07 15:00:00+00:00,2025-04-07 16:00:00+00:00,H
2320,ZONE1,2025-04-07 16:00:00+00:00,2025-04-07 17:00:00+00:00,H
2321,ZONE1,2025-04-07 17:00:00+00:00,2025-04-07 18:00:00+00:00,H
2322,ZONE1,2025-04-07 18:00:00+00:00,2025-04-07 19:00:00+00:00,H
2323,ZONE1,2025-04-07 19:00:00+00:00,2025-04-07 20:00:00+00:00,H
2324,ZONE1,2025-04-07 20:00:00+00:00,2025-04-07 21:00:00+00:00,H
2325,ZONE1,2025-04-07 21:00:00+00:00,2025-04-07 22:00:00+00:00,H
2326,ZONE1,2025-04-07 22:00:00+00:00,2025-04-07 23:00:00+00:00,H
2327,ZONE1,2025-04-07 23:00:00+00:00,2025-04-08 00:00:00+00:00,H
2328,ZONE1,2025-04-08 00:00:00+00:00,2025-04-08 01:00:00+00:00,H
2329,ZONE1,2025-04-08 01:00:00+00:00,2025-04-08 02:00:00+00:00,H
2330,ZONE1,2025-04-08 02:00:00+00:00,2025-04-08 03:00:00+00:00,H
2331,ZONE1,2025-04-08 03:00:00+00:00,2025-04-08 04:00:00+00:00,H
2332,ZONE1,2025-04-08 04:00:00+00:00,2025-04-08 05:00:00+00:00,H
2333,ZONE1,2025-04-08 05:00:00+00:00,2025-04-08 06:00:00+00:00,H
2334,ZONE1,2025-04-08 06:00:00+00:00,2025-04-08 07:00:00+00:00,H
2335,ZONE1,2025-04-08 07:00:00+00:00,2025-04-08 08:00:00+00:00,H
2336,ZONE1,2025-04-08 08:00:00+00:00,2025-04-08 09:00:00+00:00,H
2337,ZONE1,2025-04-08 09:00:00+00:00,2025-04-08 10:00:00+00:00,H
2338,ZONE1,2025-04-08 10:00:00+00:00,2025-04-08 11:00:00+00:00,H
2339,ZONE1,2025-04-08 11:00:00+00:00,2025-04-08 12:00:00+00:00,H
2340,ZONE1,2025-04-08 12:00:00+00:00,2025-04-08 13:00:00+00:00,H
2341,ZONE1,2025-04-08 13:00:00+00:00,2025-04-08 14:00:00+00:00,H
2342,ZONE1,2025-04-08 14:00:00+00:00,2025-04-08 15:00:00+00:00,H
2343,ZONE1,2025-04-08 15:00:00+00:00,2025-04-08 16:00:00+00:00,H
2344,ZONE1,2025-04-08 16:00:00+00:00,2025-04-08 17:00:00+00:00,H
2345,ZONE1,2025-04-08 17:00:00+00:00,2025-04-08 18:00:00+00:00,H
2346,ZONE1,2025-04-08 18:00:00+00:00,2025-04-08 19:00:00+00:00,H
2347,ZONE1,2025-04-08 19:00:00+00:00,2025-04-08 20:00:00+00:00,H
2348,ZONE1,2025-04-08 20:00:00+00:00,2025-04-08 21:00:00+00:00,H
2349,ZONE1,2025-04-08 21:00:00+00:00,2025-04-08 22:00:00+00:00,H
2350,ZONE1,2025-04-08 22:00:00+00:00,2025-04-08 23:00:00+00:00,H
2351,ZONE1,2025-04-08 23:00:00+00:00,2025-04-09 00:00:00+00:00,H
2352,ZONE1,2025-04-09 00:00:00+00:00,2025-04-09 01:00:00+00:00,H
2353,ZONE1,2025-04-09 01:00:00+00:00,2025-04-09 02:00:00+00:00,H
2354,ZONE1,2025-04-09 02:00:00+00:00,2025-04-09 03:00:00+00:00,H
2355,ZONE1,2025-04-09 03:00:00+00:00,2025-04-09 04:00:00+00:00,H
2356,ZONE1,2025-04-09 04:00:00+00:00,2025-04-09 05:00:00+00:00,H
2357,ZONE1,2025-04-09 05:00:00+00:00,2025-04-09 06:00:00+00:00,H
2358,ZONE1,2025-04-09 06:00:00+00:00,2025-04-09 07:00:00+00:00,H
2359,ZONE1,2025-04-09 07:00:00+00:00,2025-04-09 08:00:00+00:00,H
2360,ZONE1,2025-04-09 08:00:00+00:00,2025-04-09 09:00:00+00:00,H
2361,ZONE1,2025-04-09 09:00:00+00:00,2025-04-09 10:00:00+00:00,H
2362,ZONE1,2025-04-09 10:00:00+00:00,2025-04-09 11:00:00+00:00,H
2363,ZONE1,2025-04-09 11:00:00+00:00,2025-04-09 12:00:00+00:00,H
2364,ZONE1,2025-04-09 12:00:00+00:00,2025-04-09 13:00:00+00:00,H
2365,ZONE1,2025-04-09 13:00:00+00:00,2025-04-09 14:00:00+00:00,H
2366,ZONE1,2025-04-09 14:00:00+00:00,2025-04-09 15:00:00+00:00,H
2367,ZONE1,2025-04-09 15:00:00+00:00,2025-04-09 16:00:00+00:00,H
2368,ZONE1,2025-04-09 16:00:00+00:00,2025-04-09 17:00:00+00:00,H
2369,ZONE1,2025-04-09 17:00:00+00:00,2025-04-09 18:00:00+00:00,H
2370,ZONE1,2025-04-09 18:00:00+00:00,2025-04-09 19:00:00+00:00,H
2371,ZONE1,2025-04-09 19:00:00+00:00,2025-04-09 20:00:00+00:00,H
2372,ZONE1,2025-04-09 20:00:00+00:00,2025-04-09 21:00:00+00:00,H
2373,ZONE1,2025-04-09 21:00:00+00:00,2025-04-09 22:00:00+00:00,H
2374,ZONE1,2025-04-09 22:00:00+00:00,2025-04-09 23:00:00+00:00,H
2375,ZONE1,2025-04-09 23:00:00+00:00,2025-04-10 00:00:00+00:00,H
2376,ZONE1,2025-04-10 00:00:00+00:00,2025-04-10 01:00:00+00:00,H
2377,ZONE1,2025-04-10 01:00:00+00:00,2025-04-10 02:00:00+00:00,H
2378,ZONE1,2025-04-10 02:00:00+00:00,2025-04-10 03:00:00+00:00,H
2379,ZONE1,2025-04-10 03:00:00+00:00,2025-04-10 04:00:00+00:00,H
2380,ZONE1,2025-04-10 04:00:00+00:00,2025-04-10 05:00:00+00:00,H
2381,ZONE1,2025-04-10 05:00:00+00:00,2025-04-10 06:00:00+00:00,H
2382,ZONE1,2025-04-10 06:00:00+00:00,2025-04-10 07:00:00+00:00,H
2383,ZONE1,2025-04-10 07:00:00+00:00,2025-04-10 08:00:00+00:00,H
2384,ZONE1,2025-04-10 08:00:00+00:00,2025-04-10 09:00:00+00:00,H
2385,ZONE1,2025-04-10 09:00:00+00:00,2025-04-10 10:00:00+00:00,H
2386,ZONE1,2025-04-10 10:00:00+00:00,2025-04-10 11:00:00+00:00,H
2387,ZONE1,2025-04-10 11:00:00+00:00,2025-04-10 12:00:00+00:00,H
2388,ZONE1,2025-04-10 12:00:00+00:00,2025-04-10 13:00:00+00:00,H
2389,ZONE1,2025-04-10 13:00:00+00:00,2025-04-10 14:00:00+00:00,H
2390,ZONE1,2025-04-10 14:00:00+00:00,2025-04-10 15:00:00+00:00,H
2391,ZONE1,2025-04-10 15:00:00+00:00,2025-04-10 16:00:00+00:00,H
2392,ZONE1,2025-04-10 16:00:00+00:00,2025-04-10 17:00:00+00:00,H
2393,ZONE1,2025-04-10 17:00:00+00:00,2025-04-10 18:00:00+00:00,H
2394,ZONE1,2025-04-10 18:00:00+00:00,2025-04-10 19:00:00+00:00,H
2395,ZONE1,2025-04-10 19:00:00+00:00,2025-04-10 20:00:00+00:00,H
2396,ZONE1,2025-04-10 20:00:00+00:00,2025-04-10 21:00:00+00:00,H
2397,ZONE1,2025-04-10 21:00:00+00:00,2025-04-10 22:00:00+00:00,H
2398,ZONE1,2025-04-10 22:00:00+00:00,2025-04-10 23:00:00+00:00,H
2399,ZONE1,2025-04-10 23:00:00+00:00,2025-04-11 00:00:00+00:00,H
2400,ZONE1,2025-04-11 00:00:00+00:00,2025-04-11 01:00:00+00:00,H
2401,ZONE1,2025-04-11 01:00:00+00:00,2025-04-11 02:00:00+00:00,H
2402,ZONE1,2025-04-11 02:00:00+00:00,2025-04-11 03:00:00+00:00,H
2403,ZONE1,2025-04-11 03:00:00+00:00,2025-04-11 04:00:00+00:00,H
2404,ZONE1,2025-04-11 04:00:00+00:00,2025-04-11 05:00:00+00:00,H
2405,ZONE1,2025-04-11 05:00:00+00:00,2025-04-11 06:00:00+00:00,H
2406,ZONE1,2025-04-11 06:00:00+00:00,2025-04-11 07:00:00+00:00,H
2407,ZONE1,2025-04-11 07:00:00+00:00,2025-04-11 08:00:00+00:00,H
2408,ZONE1,2025-04-11 08:00:00+00:00,2025-04-11 09:00:00+00:00,H
2409,ZONE1,2025-04-11 09:00:00+00:00,2025-04-11 10:00:00+00:00,H
2410,ZONE1,2025-04-11 10:00:00+00:00,2025-04-11 11:00:00+00:00,H
2411,ZONE1,2025-04-11 11:00:00+00:00,2025-04-11 12:00:00+00:00,H
2412,ZONE1,2025-04-11 12:00:00+00:00,2025-04-11 13:00:00+00:00,H
2413,ZONE1,2025-04-11 13:00:00+00:00,2025-04-11 14:00:00+00:00,H
2414,ZONE1,2025-04-11 14:00:00+00:00,2025-04-11 15:00:00+00:00,H
2415,ZONE1,2025-04-11 15:00:00+00:00,2025-04-11 16:00:00+00:00,H
2416,ZONE1,2025-04-11 16:00:00+00:00,2025-04-11 17:00:00+00:00,H
2417,ZONE1,2025-04-11 17:00:00+00:00,2025-04-11 18:00:00+00:00,H
2418,ZONE1,2025-04-11 18:00:00+00:00,2025-04-11 19:00:00+00:00,H
2419,ZONE1,2025-04-11 19:00:00+00:00,2025-04-11 20:00:00+00:00,H
2420,ZONE1,2025-04-11 20:00:00+00:00,2025-04-11 21:00:00+00:00,H
2421,ZONE1,2025-04-11 21:00:00+00:00,2025-04-11 22:00:00+00:00,H
2422,ZONE1,2025-04-11 22:00:00+00:00,2025-04-11 23:00:00+00:00,H
2423,ZONE1,2025-04-11 23:00:00+00:00,2025-04-12 00:00:00+00:00,H
2424,ZONE1,2025-04-12 00:00:00+00:00,2025-04-12 01:00:00+00:00,H
2425,ZONE1,2025-04-12 01:00:00+00:00,2025-04-12 02:00:00+00:00,H
2426,ZONE1,2025-04-12 02:00:00+00:00,2025-04-12 03:00:00+00:00,H
2427,ZONE1,2025-04-12 03:00:00+00:00,2025-04-12 04:00:00+00:00,H
2428,ZONE1,2025-04-12 04:00:00+00:00,2025-04-12 05:00:00+00:00,H
2429,ZONE1,2025-04-12 05:00:00+00:00,2025-04-12 06:00:00+00:00,H
2430,ZONE1,2025-04-12 06:00:00+00:00,2025-04-12 07:00:00+00:00,H
2431,ZONE1,2025-04-12 07:00:00+00:00,2025-04-12 08:00:00+00:00,H
2432,ZONE1,2025-04-12 08:00:00+00:00,2025-04-12 09:00:00+00:00,H
2433,ZONE1,2025-04-12 09:00:00+00:00,2025-04-12 10:00:00+00:00,H
2434,ZONE1,2025-04-12 10:00:00+00:00,2025-04-12 11:00:00+00:00,H
2435,ZONE1,2025-04-12 11:00:00+00:00,2025-04-12 12:00:00+00:00,H
2436,ZONE1,2025-04-12 12:00:00+00:00,2025-04-12 13:00:00+00:00,H
2437,ZONE1,2025-04-12 13:00:00+00:00,2025-04-12 14:00:00+00:00,H
2438,ZONE1,2025-04-12 14:00:00+00:00,2025-04-12 15:00:00+00:00,H
2439,ZONE1,2025-04-12 15:00:00+00:00,2025-04-12 16:00:00+00:00,H
2440,ZONE1,2025-04-12 16:00:00+00:00,2025-04-12 17:00:00+00:00,H
2441,ZONE1,2025-04-12 17:00:00+00:00,2025-04-12 18:00:00+00:00,H
2442,ZONE1,2025-04-12 18:00:00+00:00,2025-04-12 19:00:00+00:00,H
2443,ZONE1,2025-04-12 19:00:00+00:00,2025-04-12 20:00:00+00:00,H
2444,ZONE1,2025-04-12 20:00:00+00:00,2025-04-12 21:00:00+00:00,H
2445,ZONE1,2025-04-12 21:00:00+00:00,2025-04-12 22:00:00+00:00,H
2446,ZONE1,2025-04-12 22:00:00+00:00,2025-04-12 23:00:00+00:00,H
2447,ZONE1,2025-04-12 23:00:00+00:00,2025-04-13 00:00:00+00:00,H
2448,ZONE1,2025-04-13 00:00:00+00:00,2025-04-13 01:00:00+00:00,H
2449,ZONE1,2025-04-13 01:00:00+00:00,2025-04-13 02:00:00+00:00,H
2450,ZONE1,2025-04-13 02:00:00+00:00,2025-04-13 03:00:00+00:00,H
2451,ZONE1,2025-04-13 03:00:00+00:00,2025-04-13 04:00:00+00:00,H
2452,ZONE1,2025-04-13 04:00:00+00:00,2025-04-13 05:00:00+00:00,H
2453,ZONE1,2025-04-13 05:00:00+00:00,2025-04-13 06:00:00+00:00,H
2454,ZONE1,2025-04-13 06:00:00+00:00,2025-04-13 07:00:00+00:00,H
2455,ZONE1,2025-04-13 07:00:00+00:00,2025-04-13 08:00:00+00:00,H
2456,ZONE1,2025-04-13 08:00:00+00:00,2025-04-13 09:00:00+00:00,H
2457,ZONE1,2025-04-13 09:00:00+00:00,2025-04-13 10:00:00+00:00,H
2458,ZONE1,2025-04-13 10:00:00+00:00,2025-04-13 11:00:00+00:00,H
2459,ZONE1,2025-04-13 11:00:00+00:00,2025-04-13 12:00:00+00:00,H
2460,ZONE1,2025-04-13 12:00:00+00:00,2025-04-13 13:00:00+00:00,H
2461,ZONE1,2025-04-13 13:00:00+00:00,2025-04-13 14:00:00+00:00,H
2462,ZONE1,2025-04-13 14:00:00+00:00,2025-04-13 15:00:00+00:00,H
2463,ZONE1,2025-04-13 15:00:00+00:00,2025-04-13 16:00:00+00:00,H
2464,ZONE1,2025-04-13 16:00:00+00:00,2025-04-13 17:00:00+00:00,H
2465,ZONE1,2025-04-13 17:00:00+00:00,2025-04-13 18:00:00+00:00,H
2466,ZONE1,2025-04-13 18:00:00+00:00,2025-04-13 19:00:00+00:00,H
2467,ZONE1,2025-04-13 19:00:00+00:00,2025-04-13 20:00:00+00:00,H
2468,ZONE1,2025-04-13 20:00:00+00:00,2025-04-13 21:00:00+00:00,H
2469,ZONE1,2025-04-13 21:00:00+00:00,2025-04-13 22:00:00+00:00,H
2470,ZONE1,2025-04-13 22:00:00+00:00,2025-04-13 23:00:00+00:00,H
2471,ZONE1,2025-04-13 23:00:00+00:00,2025-04-14 00:00:00+00:00,H
2472,ZONE1,2025-04-14 00:00:00+00:00,2025-04-14 01:00:00+00:00,H
2473,ZONE1,2025-04-14 01:00:00+00:00,2025-04-14 02:00:00+00:00,H
2474,ZONE1,2025-04-14 02:00:00+00:00,2025-04-14 03:00:00+00:00,H
2475,ZONE1,2025-04-14 03:00:00+00:00,2025-04-14 04:00:00+00:00,H
2476,ZONE1,2025-04-14 04:00:00+00:00,2025-04-14 05:00:00+00:00,H
2477,ZONE1,2025-04-14 05:00:00+00:00,2025-04-14 06:00:00+00:00,H
2478,ZONE1,2025-04-14 06:00:00+00:00,2025-04-14 07:00:00+00:00,H
2479,ZONE1,2025-04-14 07:00:00+00:00,2025-04-14 08:00:00+00:00,H
2480,ZONE1,2025-04-14 08:00:00+00:00,2025-04-14 09:00:00+00:00,H
2481,ZONE1,2025-04-14 09:00:00+00:00,2025-04-14 10:00:00+00:00,H
2482,ZONE1,2025-04-14 10:00:00+00:00,2025-04-14 11:00:00+00:00,H
2483,ZONE1,2025-04-14 11:00:00+00:00,2025-04-14 12:00:00+00:00,H
2484,ZONE1,2025-04-14 12:00:00+00:00,2025-04-14 13:00:00+00:00,H
2485,ZONE1,2025-04-14 13:00:00+00:00,2025-04-14 14:00:00+00:00,H
2486,ZONE1,2025-04-14 14:00:00+00:00,2025-04-14 15:00:00+00:00,H
2487,ZONE1,2025-04-14 15:00:00+00:00,2025-04-14 16:00:00+00:00,H
2488,ZONE1,2025-04-14 16:00:00+00:00,2025-04-14 17:00:00+00:00,H
2489,ZONE1,2025-04-14 17:00:00+00:00,2025-04-14 18:00:00+00:00,H
2490,ZONE1,2025-04-14 18:00:00+00:00,2025-04-14 19:00:00+00:00,H
2491,ZONE1,2025-04-14 19:00:00+00:00,2025-04-14 20:00:00+00:00,H
2492,ZONE1,2025-04-14 20:00:00+00:00,2025-04-14 21:00:00+00:00,H
2493,ZONE1,2025-04-14 21:00:00+00:00,2025-04-14 22:00:00+00:00,H
2494,ZONE1,2025-04-14 22:00:00+00:00,2025-04-14 23:00:00+00:00,H
2495,ZONE1,2025-04-14 23:00:00+00:00,2025-04-15 00:00:00+00:00,H
2496,ZONE1,2025-04-15 00:00:00+00:00,2025-04-15 01:00:00+00:00,H
2497,ZONE1,2025-04-15 01:00:00+00:00,2025-04-15 02:00:00+00:00,H
2498,ZONE1,2025-04-15 02:00:00+00:00,2025-04-15 03:00:00+00:00,H
2499,ZONE1,2025-04-15 03:00:00+00:00,2025-04-15 04:00:00+00:00,H
2500,ZONE1,2025-04-15 04:00:00+00:00,2025-04-15 05:00:00+00:00,H
2501,ZONE1,2025-04-15 05:00:00+00:00,2025-04-15 06:00:00+00:00,H
2502,ZONE1,2025-04-15 06:00:00+00:00,2025-04-15 07:00:00+00:00,H
2503,ZONE1,2025-04-15 07:00:00+00:00,2025-04-15 08:00:00+00:00,H
2504,ZONE1,2025-04-15 08:00:00+00:00,2025-04-15 09:00:00+00:00,H
2505,ZONE1,2025-04-15 09:00:00+00:00,2025-04-15 10:00:00+00:00,H
2506,ZONE1,2025-04-15 10:00:00+00:00,2025-04-15 11:00:00+00:00,H
2507,ZONE1,2025-04-15 11:00:00+00:00,2025-04-15 12:00:00+00:00,H
2508,ZONE1,2025-04-15 12:00:00+00:00,2025-04-15 13:00:00+00:00,H
2509,ZONE1,2025-04-15 13:00:00+00:00,2025-04-15 14:00:00+00:00,H
2510,ZONE1,2025-04-15 14:00:00+00:00,2025-04-15 15:00:00+00:00,H
2511,ZONE1,2025-04-15 15:00:00+00:00,2025-04-15 16:00:00+00:00,H
2512,ZONE1,2025-04-15 16:00:00+00:00,2025-04-15 17:00:00+00:00,H
2513,ZONE1,2025-04-15 17:00:00+00:00,2025-04-15 18:00:00+00:00,H
2514,ZONE1,2025-04-15 18:00:00+00:00,2025-04-15 19:00:00+00:00,H
2515,ZONE1,2025-04-15 19:00:00+00:00,2025-04-15 20:00:00+00:00,H
2516,ZONE1,2025-04-15 20:00:00+00:00,2025-04-15 21:00:00+00:00,H
2517,ZONE1,2025-04-15 21:00:00+00:00,2025-04-15 22:00:00+00:00,H
2518,ZONE1,2025-04-15 22:00:00+00:00,2025-04-15 23:00:00+00:00,H
2519,ZONE1,2025-04-15 23:00:00+00:00,2025-04-16 00:00:00+00:00,H
2520,ZONE1,2025-04-16 00:00:00+00:00,2025-04-16 01:00:00+00:00,H
2521,ZONE1,2025-04-16 01:00:00+00:00,2025-04-16 02:00:00+00:00,H
2522,ZONE1,2025-04-16 02:00:00+00:00,2025-04-16 03:00:00+00:00,H
2523,ZONE1,2025-04-16 03:00:00+00:00,2025-04-16 04:00:00+00:00,H
2524,ZONE1,2025-04-16 04:00:00+00:00,2025-04-16 05:00:00+00:00,H
2525,ZONE1,2025-04-16 05:00:00+00:00,2025-04-16 06:00:00+00:00,H
2526,ZONE1,2025-04-16 06:00:00+00:00,2025-04-16 07:00:00+00:00,H
2527,ZONE1,2025-04-16 07:00:00+00:00,2025-04-16 08:00:00+00:00,H
2528,ZONE1,2025-04-16 08:00:00+00:00,2025-04-16 09:00:00+00:00,H
2529,ZONE1,2025-04-16 09:00:00+00:00,2025-04-16 10:00:00+00:00,H
2530,ZONE1,2025-04-16 10:00:00+00:00,2025-04-16 11:00:00+00:00,H
2531,ZONE1,2025-04-16 11:00:00+00:00,2025-04-16 12:00:00+00:00,H
2532,ZONE1,2025-04-16 12:00:00+00:00,2025-04-16 13:00:00+00:00,H
2533,ZONE1,2025-04-16 13:00:00+00:00,2025-04-16 14:00:00+00:00,H
2534,ZONE1,2025-04-16 14:00:00+00:00,2025-04-16 15:00:00+00:00,H
2535,ZONE1,2025-04-16 15:00:00+00:00,2025-04-16 16:00:00+00:00,H
2536,ZONE1,2025-04-16 16:00:00+00:00,2025-04-16 17:00:00+00:00,H
2537,ZONE1,2025-04-16 17:00:00+00:00,2025-04-16 18:00:00+00:00,H
2538,ZONE1,2025-04-16 18:00:00+00:00,2025-04-16 19:00:00+00:00,H
2539,ZONE1,2025-04-16 19:00:00+00:00,2025-04-16 20:00:00+00:00,H
2540,ZONE1,2025-04-16 20:00:00+00:00,2025-04-16 21:00:00+00:00,H
2541,ZONE1,2025-04-16 21:00:00+00:00,2025-04-16 22:00:00+00:00,H
2542,ZONE1,2025-04-16 22:00:00+00:00,2025-04-16 23:00:00+00:00,H
2543,ZONE1,2025-04-16 23:00:00+00:00,2025-04-17 00:00:00+00:00,H
2544,ZONE1,2025-04-17 00:00:00+00:00,2025-04-17 01:00:00+00:00,H
2545,ZONE1,2025-04-17 01:00:00+00:00,2025-04-17 02:00:00+00:00,H
2546,ZONE1,2025-04-17 02:00:00+00:00,2025-04-17 03:00:00+00:00,H
2547,ZONE1,2025-04-17 03:00:00+00:00,2025-04-17 04:00:00+00:00,H
2548,ZONE1,2025-04-17 04:00:00+00:00,2025-04-17 05:00:00+00:00,H
2549,ZONE1,2025-04-17 05:00:00+00:00,2025-04-17 06:00:00+00:00,H
2550,ZONE1,2025-04-17 06:00:00+00:00,2025-04-17 07:00:00+00:00,H
2551,ZONE1,2025-04-17 07:00:00+00:00,2025-04-17 08:00:00+00:00,H
2552,ZONE1,2025-04-17 08:00:00+00:00,2025-04-17 09:00:00+00:00,H
2553,ZONE1,2025-04-17 09:00:00+00:00,2025-04-17 10:00:00+00:00,H
2554,ZONE1,2025-04-17 10:00:00+00:00,2025-04-17 11:00:00+00:00,H
2555,ZONE1,2025-04-17 11:00:00+00:00,2025-04-17 12:00:00+00:00,H
2556,ZONE1,2025-04-17 12:00:00+00:00,2025-04-17 13:00:00+00:00,H
2557,ZONE1,2025-04-17 13:00:00+00:00,2025-04-17 14:00:00+00:00,H
2558,ZONE1,2025-04-17 14:00:00+00:00,2025-04-17 15:00:00+00:00,H
2559,ZONE1,2025-04-17 15:00:00+00:00,2025-04-17 16:00:00+00:00,H
2560,ZONE1,2025-04-17 16:00:00+00:00,2025-04-17 17:00:00+00:00,H
2561,ZONE1,2025-04-17 17:00:00+00:00,2025-04-17 18:00:00+00:00,H
2562,ZONE1,2025-04-17 18:00:00+00:00,2025-04-17 19:00:00+00:00,H
2563,ZONE1,2025-04-17 19:00:00+00:00,2025-04-17 20:00:00+00:00,H
2564,ZONE1,2025-04-17 20:00:00+00:00,2025-04-17 21:00:00+00:00,H
2565,ZONE1,2025-04-17 21:00:00+00:00,2025-04-17 22:00:00+00:00,H
2566,ZONE1,2025-04-17 22:00:00+00:00,2025-04-17 23:00:00+00:00,H
2567,ZONE1,2025-04-17 23:00:00+00:00,2025-04-18 00:00:00+00:00,H
2568,ZONE1,2025-04-18 00:00:00+00:00,2025-04-18 01:00:00+00:00,H
2569,ZONE1,2025-04-18 01:00:00+00:00,2025-04-18 02:00:00+00:00,H
2570,ZONE1,2025-04-18 02:00:00+00:00,2025-04-18 03:00:00+00:00,H
2571,ZONE1,2025-04-18 03:00:00+00:00,2025-04-18 04:00:00+00:00,H
2572,ZONE1,2025-04-18 04:00:00+00:00,2025-04-18 05:00:00+00:00,H
2573,ZONE1,2025-04-18 05:00:00+00:00,2025-04-18 06:00:00+00:00,H
2574,ZONE1,2025-04-18 06:00:00+00:00,2025-04-18 07:00:00+00:00,H
2575,ZONE1,2025-04-18 07:00:00+00:00,2025-04-18 08:00:00+00:00,H
2576,ZONE1,2025-04-18 08:00:00+00:00,2025-04-18 09:00:00+00:00,H
2577,ZONE1,2025-04-18 09:00:00+00:00,2025-04-18 10:00:00+00:00,H
2578,ZONE1,2025-04-18 10:00:00+00:00,2025-04-18 11:00:00+00:00,H
2579,ZONE1,2025-04-18 11:00:00+00:00,2025-04-18 12:00:00+00:00,H
2580,ZONE1,2025-04-18 12:00:00+00:00,2025-04-18 13:00:00+00:00,H
2581,ZONE1,2025-04-18 13:00:00+00:00,2025-04-18 14:00:00+00:00,H
2582,ZONE1,2025-04-18 14:00:00+00:00,2025-04-18 15:00:00+00:00,H
2583,ZONE1,2025-04-18 15:00:00+00:00,2025-04-18 16:00:00+00:00,H
2584,ZONE1,2025-04-18 16:00:00+00:00,2025-04-18 17:00:00+00:00,H
2585,ZONE1,2025-04-18 17:00:00+00:00,2025-04-18 18:00:00+00:00,H
2586,ZONE1,2025-04-18 18:00:00+00:00,2025-04-18 19:00:00+00:00,H
2587,ZONE1,2025-04-18 19:00:00+00:00,2025-04-18 20:00:00+00:00,H
2588,ZONE1,2025-04-18 20:00:00+00:00,2025-04-18 21:00:00+00:00,H
2589,ZONE1,2025-04-18 21:00:00+00:00,2025-04-18 22:00:00+00:00,H
2590,ZONE1,2025-04-18 22:00:00+00:00,2025-04-18 23:00:00+00:00,H
2591,ZONE1,2025-04-18 23:00:00+00:00,2025-04-19 00:00:00+00:00,H
2592,ZONE1,2025-04-19 00:00:00+00:00,2025-04-19 01:00:00+00:00,H
2593,ZONE1,2025-04-19 01:00:00+00:00,2025-04-19 02:00:00+00:00,H
2594,ZONE1,2025-04-19 02:00:00+00:00,2025-04-19 03:00:00+00:00,H
2595,ZONE1,2025-04-19 03:00:00+00:00,2025-04-19 04:00:00+00:00,H
2596,ZONE1,2025-04-19 04:00:00+00:00,2025-04-19 05:00:00+00:00,H
2597,ZONE1,2025-04-19 05:00:00+00:00,2025-04-19 06:00:00+00:00,H
2598,ZONE1,2025-04-19 06:00:00+00:00,2025-04-19 07:00:00+00:00,H
2599,ZONE1,2025-04-19 07:00:00+00:00,2025-04-19 08:00:00+00:00,H
2600,ZONE1,2025-04-19 08:00:00+00:00,2025-04-19 09:00:00+00:00,H
2601,ZONE1,2025-04-19 09:00:00+00:00,2025-04-19 10:00:00+00:00,H
2602,ZONE1,2025-04-19 10:00:00+00:00,2025-04-19 11:00:00+00:00,H
2603,ZONE1,2025-04-19 11:00:00+00:00,2025-04-19 12:00:00+00:00,H
2604,ZONE1,2025-04-19 12:00:00+00:00,2025-04-19 13:00:00+00:00,H
2605,ZONE1,2025-04-19 13:00:00+00:00,2025-04-19 14:00:00+00:00,H
2606,ZONE1,2025-04-19 14:00:00+00:00,2025-04-19 15:00:00+00:00,H
2607,ZONE1,2025-04-19 15:00:00+00:00,2025-04-19 16:00:00+00:00,H
2608,ZONE1,2025-04-19 16:00:00+00:00,2025-04-19 17:00:00+00:00,H
2609,ZONE1,2025-04-19 17:00:00+00:00,2025-04-19 18:00:00+00:00,H
2610,ZONE1,2025-04-19 18:00:00+00:00,2025-04-19 19:00:00+00:00,H
2611,ZONE1,2025-04-19 19:00:00+00:00,2025-04-19 20:00:00+00:00,H
2612,ZONE1,2025-04-19 20:00:00+00:00,2025-04-19 21:00:00+00:00,H
2613,ZONE1,2025-04-19 21:00:00+00:00,2025-04-19 22:00:00+00:00,H
2614,ZONE1,2025-04-19 22:00:00+00:00,2025-04-19 23:00:00+00:00,H
2615,ZONE1,2025-04-19 23:00:00+00:00,2025-04-20 00:00:00+00:00,H
2616,ZONE1,2025-04-20 00:00:00+00:00,2025-04-20 01:00:00+00:00,H
2617,ZONE1,2025-04-20 01:00:00+00:00,2025-04-20 02:00:00+00:00,H
2618,ZONE1,2025-04-20 02:00:00+00:00,2025-04-20 03:00:00+00:00,H
2619,ZONE1,2025-04-20 03:00:00+00:00,2025-04-20 04:00:00+00:00,H
2620,ZONE1,2025-04-20 04:00:00+00:00,2025-04-20 05:00:00+00:00,H
2621,ZONE1,2025-04-20 05:00:00+00:00,2025-04-20 06:00:00+00:00,H
2622,ZONE1,2025-04-20 06:00:00+00:00,2025-04-20 07:00:00+00:00,H
2623,ZONE1,2025-04-20 07:00:00+00:00,2025-04-20 08:00:00+00:00,H
2624,ZONE1,2025-04-20 08:00:00+00:00,2025-04-20 09:00:00+00:00,H
2625,ZONE1,2025-04-20 09:00:00+00:00,2025-04-20 10:00:00+00:00,H
2626,ZONE1,2025-04-20 10:00:00+00:00,2025-04-20 11:00:00+00:00,H
2627,ZONE1,2025-04-20 11:00:00+00:00,2025-04-20 12:00:00+00:00,H
2628,ZONE1,2025-04-20 12:00:00+00:00,2025-04-20 13:00:00+00:00,H
2629,ZONE1,2025-04-20 13:00:00+00:00,2025-04-20 14:00:00+00:00,H
2630,ZONE1,2025-04-20 14:00:00+00:00,2025-04-20 15:00:00+00:00,H
2631,ZONE1,2025-04-20 15:00:00+00:00,2025-04-20 16:00:00+00:00,H
2632,ZONE1,2025-04-20 16:00:00+00:00,2025-04-20 17:00:00+00:00,H
2633,ZONE1,2025-04-20 17:00:00+00:00,2025-04-20 18:00:00+00:00,H
2634,ZONE1,2025-04-20 18:00:00+00:00,2025-04-20 19:00:00+00:00,H
2635,ZONE1,2025-04-20 19:00:00+00:00,2025-04-20 20:00:00+00:00,H
2636,ZONE1,2025-04-20 20:00:00+00:00,2025-04-20 21:00:00+00:00,H
2637,ZONE1,2025-04-20 21:00:00+00:00,2025-04-20 22:00:00+00:00,H
2638,ZONE1,2025-04-20 22:00:00+00:00,2025-04-20 23:00:00+00:00,H
2639,ZONE1,2025-04-20 23:00:00+00:00,2025-04-21 00:00:00+00:00,H
2640,ZONE1,2025-04-21 00:00:00+00:00,2025-04-21 01:00:00+00:00,H
2641,ZONE1,2025-04-21 01:00:00+00:00,2025-04-21 02:00:00+00:00,H
2642,ZONE1,2025-04-21 02:00:00+00:00,2025-04-21 03:00:00+00:00,H
2643,ZONE1,2025-04-21 03:00:00+00:00,2025-04-21 04:00:00+00:00,H
2644,ZONE1,2025-04-21 04:00:00+00:00,2025-04-21 05:00:00+00:00,H
2645,ZONE1,2025-04-21 05:00:00+00:00,2025-04-21 06:00:00+00:00,H
2646,ZONE1,2025-04-21 06:00:00+00:00,2025-04-21 07:00:00+00:00,H
2647,ZONE1,2025-04-21 07:00:00+00:00,2025-04-21 08:00:00+00:00,H
2648,ZONE1,2025-04-21 08:00:00+00:00,2025-04-21 09:00:00+00:00,H
2649,ZONE1,2025-04-21 09:00:00+00:00,2025-04-21 10:00:00+00:00,H
2650,ZONE1,2025-04-21 10:00:00+00:00,2025-04-21 11:00:00+00:00,H
2651,ZONE1,2025-04-21 11:00:00+00:00,2025-04-21 12:00:00+00:00,H
2652,ZONE1,2025-04-21 12:00:00+00:00,2025-04-21 13:00:00+00:00,H
2653,ZONE1,2025-04-21 13:00:00+00:00,2025-04-21 14:00:00+00:00,H
2654,ZONE1,2025-04-21 14:00:00+00:00,2025-04-21 15:00:00+00:00,H
2655,ZONE1,2025-04-21 15:00:00+00:00,2025-04-21 16:00:00+00:00,H
2656,ZONE1,2025-04-21 16:00:00+00:00,2025-04-21 17:00:00+00:00,H
2657,ZONE1,2025-04-21 17:00:00+00:00,2025-04-21 18:00:00+00:00,H
2658,ZONE1,2025-04-21 18:00:00+00:00,2025-04-21 19:00:00+00:00,H
2659,ZONE1,2025-04-21 19:00:00+00:00,2025-04-21 20:00:00+00:00,H
2660,ZONE1,2025-04-21 20:00:00+00:00,2025-04-21 21:00:00+00:00,H
2661,ZONE1,2025-04-21 21:00:00+00:00,2025-04-21 22:00:00+00:00,H
2662,ZONE1,2025-04-21 22:00:00+00:00,2025-04-21 23:00:00+00:00,H
2663,ZONE1,2025-04-21 23:00:00+00:00,2025-04-22 00:00:00+00:00,H
2664,ZONE1,2025-04-22 00:00:00+00:00,2025-04-22 01:00:00+00:00,H
2665,ZONE1,2025-04-22 01:00:00+00:00,2025-04-22 02:00:00+00:00,H
2666,ZONE1,2025-04-22 02:00:00+00:00,2025-04-22 03:00:00+00:00,H
2667,ZONE1,2025-04-22 03:00:00+00:00,2025-04-22 04:00:00+00:00,H
2668,ZONE1,2025-04-22 04:00:00+00:00,2025-04-22 05:00:00+00:00,H
2669,ZONE1,2025-04-22 05:00:00+00:00,2025-04-22 06:00:00+00:00,H
2670,ZONE1,2025-04-22 06:00:00+00:00,2025-04-22 07:00:00+00:00,H
2671,ZONE1,2025-04-22 07:00:00+00:00,2025-04-22 08:00:00+00:00,H
2672,ZONE1,2025-04-22 08:00:00+00:00,2025-04-22 09:00:00+00:00,H
2673,ZONE1,2025-04-22 09:00:00+00:00,2025-04-22 10:00:00+00:00,H
2674,ZONE1,2025-04-22 10:00:00+00:00,2025-04-22 11:00:00+00:00,H
2675,ZONE1,2025-04-22 11:00:00+00:00,2025-04-22 12:00:00+00:00,H
2676,ZONE1,2025-04-22 12:00:00+00:00,2025-04-22 13:00:00+00:00,H
2677,ZONE1,2025-04-22 13:00:00+00:00,2025-04-22 14:00:00+00:00,H
2678,ZONE1,2025-04-22 14:00:00+00:00,2025-04-22 15:00:00+00:00,H
2679,ZONE1,2025-04-22 15:00:00+00:00,2025-04-22 16:00:00+00:00,H
2680,ZONE1,2025-04-22 16:00:00+00:00,2025-04-22 17:00:00+00:00,H
2681,ZONE1,2025-04-22 17:00:00+00:00,2025-04-22 18:00:00+00:00,H
2682,ZONE1,2025-04-22 18:00:00+00:00,2025-04-22 19:00:00+00:00,H
2683,ZONE1,2025-04-22 19:00:00+00:00,2025-04-22 20:00:00+00:00,H
2684,ZONE1,2025-04-22 20:00:00+00:00,2025-04-22 21:00:00+00:00,H
2685,ZONE1,2025-04-22 21:00:00+00:00,2025-04-22 22:00:00+00:00,H
2686,ZONE1,2025-04-22 22:00:00+00:00,2025-04-22 23:00:00+00:00,H
2687,ZONE1,2025-04-22 23:00:00+00:00,2025-04-23 00:00:00+00:00,H
2688,ZONE1,2025-04-23 00:00:00+00:00,2025-04-23 01:00:00+00:00,H
2689,ZONE1,2025-04-23 01:00:00+00:00,2025-04-23 02:00:00+00:00,H
2690,ZONE1,2025-04-23 02:00:00+00:00,2025-04-23 03:00:00+00:00,H
2691,ZONE1,2025-04-23 03:00:00+00:00,2025-04-23 04:00:00+00:00,H
2692,ZONE1,2025-04-23 04:00:00+00:00,2025-04-23 05:00:00+00:00,H
2693,ZONE1,2025-04-23 05:00:00+00:00,2025-04-23 06:00:00+00:00,H
2694,ZONE1,2025-04-23 06:00:00+00:00,2025-04-23 07:00:00+00:00,H
2695,ZONE1,2025-04-23 07:00:00+00:00,2025-04-23 08:00:00+00:00,H
2696,ZONE1,2025-04-23 08:00:00+00:00,2025-04-23 09:00:00+00:00,H
2697,ZONE1,2025-04-23 09:00:00+00:00,2025-04-23 10:00:00+00:00,H
2698,ZONE1,2025-04-23 10:00:00+00:00,2025-04-23 11:00:00+00:00,H
2699,ZONE1,2025-04-23 11:00:00+00:00,2025-04-23 12:00:00+00:00,H
2700,ZONE1,2025-04-23 12:00:00+00:00,2025-04-23 13:00:00+00:00,H
2701,ZONE1,2025-04-23 13:00:00+00:00,2025-04-23 14:00:00+00:00,H
2702,ZONE1,2025-04-23 14:00:00+00:00,2025-04-23 15:00:00+00:00,H
2703,ZONE1,2025-04-23 15:00:00+00:00,2025-04-23 16:00:00+00:00,H
2704,ZONE1,2025-04-23 16:00:00+00:00,2025-04-23 17:00:00+00:00,H
2705,ZONE1,2025-04-23 17:00:00+00:00,2025-04-23 18:00:00+00:00,H
2706,ZONE1,2025-04-23 18:00:00+00:00,2025-04-23 19:00:00+00:00,H
2707,ZONE1,2025-04-23 19:00:00+00:00,2025-04-23 20:00:00+00:00,H
2708,ZONE1,2025-04-23 20:00:00+00:00,2025-04-23 21:00:00+00:00,H
2709,ZONE1,2025-04-23 21:00:00+00:00,2025-04-23 22:00:00+00:00,H
2710,ZONE1,2025-04-23 22:00:00+00:00,2025-04-23 23:00:00+00:00,H
2711,ZONE1,2025-04-23 23:00:00+00:00,2025-04-24 00:00:00+00:00,H
2712,ZONE1,2025-04-24 00:00:00+00:00,2025-04-24 01:00:00+00:00,H
2713,ZONE1,2025-04-24 01:00:00+00:00,2025-04-24 02:00:00+00:00,H
2714,ZONE1,2025-04-24 02:00:00+00:00,2025-04-24 03:00:00+00:00,H
2715,ZONE1,2025-04-24 03:00:00+00:00,2025-04-24 04:00:00+00:00,H
2716,ZONE1,2025-04-24 04:00:00+00:00,2025-04-24 05:00:00+00:00,H
2717,ZONE1,2025-04-24 05:00:00+00:00,2025-04-24 06:00:00+00:00,H
2718,ZONE1,2025-04-24 06:00:00+00:00,2025-04-24 07:00:00+00:00,H
2719,ZONE1,2025-04-24 07:00:00+00:00,2025-04-24 08:00:00+00:00,H
2720,ZONE1,2025-04-24 08:00:00+00:00,2025-04-24 09:00:00+00:00,H
2721,ZONE1,2025-04-24 09:00:00+00:00,2025-04-24 10:00:00+00:00,H
2722,ZONE1,2025-04-24 10:00:00+00:00,2025-04-24 11:00:00+00:00,H
2723,ZONE1,2025-04-24 11:00:00+00:00,2025-04-24 12:00:00+00:00,H
2724,ZONE1,2025-04-24 12:00:00+00:00,2025-04-24 13:00:00+00:00,H
2725,ZONE1,2025-04-24 13:00:00+00:00,2025-04-24 14:00:00+00:00,H
2726,ZONE1,2025-04-24 14:00:00+00:00,2025-04-24 15:00:00+00:00,H
2727,ZONE1,2025-04-24 15:00:00+00:00,2025-04-24 16:00:00+00:00,H
2728,ZONE1,2025-04-24 16:00:00+00:00,2025-04-24 17:00:00+00:00,H
2729,ZONE1,2025-04-24 17:00:00+00:00,2025-04-24 18:00:00+00:00,H
2730,ZONE1,2025-04-24 18:00:00+00:00,2025-04-24 19:00:00+00:00,H
2731,ZONE1,2025-04-24 19:00:00+00:00,2025-04-24 20:00:00+00:00,H
2732,ZONE1,2025-04-24 20:00:00+00:00,2025-04-24 21:00:00+00:00,H
2733,ZONE1,2025-04-24 21:00:00+00:00,2025-04-24 22:00:00+00:00,H
2734,ZONE1,2025-04-24 22:00:00+00:00,2025-04-24 23:00:00+00:00,H
2735,ZONE1,2025-04-24 23:00:00+00:00,2025-04-25 00:00:00+00:00,H
2736,ZONE1,2025-04-25 00:00:00+00:00,2025-04-25 01:00:00+00:00,H
2737,ZONE1,2025-04-25 01:00:00+00:00,2025-04-25 02:00:00+00:00,H
2738,ZONE1,2025-04-25 02:00:00+00:00,2025-04-25 03:00:00+00:00,H
2739,ZONE1,2025-04-25 03:00:00+00:00,2025-04-25 04:00:00+00:00,H
2740,ZONE1,2025-04-25 04:00:00+00:00,2025-04-25 05:00:00+00:00,H
2741,ZONE1,2025-04-25 05:00:00+00:00,2025-04-25 06:00:00+00:00,H
2742,ZONE1,2025-04-25 06:00:00+00:00,2025-04-25 07:00:00+00:00,H
2743,ZONE1,2025-04-25 07:00:00+00:00,2025-04-25 08:00:00+00:00,H
2744,ZONE1,2025-04-25 08:00:00+00:00,2025-04-25 09:00:00+00:00,H
2745,ZONE1,2025-04-25 09:00:00+00:00,2025-04-25 10:00:00+00:00,H
2746,ZONE1,2025-04-25 10:00:00+00:00,2025-04-25 11:00:00+00:00,H
2747,ZONE1,2025-04-25 11:00:00+00:00,2025-04-25 12:00:00+00:00,H
2748,ZONE1,2025-04-25 12:00:00+00:00,2025-04-25 13:00:00+00:00,H
2749,ZONE1,2025-04-25 13:00:00+00:00,2025-04-25 14:00:00+00:00,H
2750,ZONE1,2025-04-25 14:00:00+00:00,2025-04-25 15:00:00+00:00,H
2751,ZONE1,2025-04-25 15:00:00+00:00,2025-04-25 16:00:00+00:00,H
2752,ZONE1,2025-04-25 16:00:00+00:00,2025-04-25 17:00:00+00:00,H
2753,ZONE1,2025-04-25 17:00:00+00:00,2025-04-25 18:00:00+00:00,H
2754,ZONE1,2025-04-25 18:00:00+00:00,2025-04-25 19:00:00+00:00,H
2755,ZONE1,2025-04-25 19:00:00+00:00,2025-04-25 20:00:00+00:00,H
2756,ZONE1,2025-04-25 20:00:00+00:00,2025-04-25 21:00:00+00:00,H
2757,ZONE1,2025-04-25 21:00:00+00:00,2025-04-25 22:00:00+00:00,H
2758,ZONE1,2025-04-25 22:00:00+00:00,2025-04-25 23:00:00+00:00,H
2759,ZONE1,2025-04-25 23:00:00+00:00,2025-04-26 00:00:00+00:00,H
2760,ZONE1,2025-04-26 00:00:00+00:00,2025-04-26 01:00:00+00:00,H
2761,ZONE1,2025-04-26 01:00:00+00:00,2025-04-26 02:00:00+00:00,H
2762,ZONE1,2025-04-26 02:00:00+00:00,2025-04-26 03:00:00+00:00,H
2763,ZONE1,2025-04-26 03:00:00+00:00,2025-04-26 04:00:00+00:00,H
2764,ZONE1,2025-04-26 04:00:00+00:00,2025-04-26 05:00:00+00:00,H
2765,ZONE1,2025-04-26 05:00:00+00:00,2025-04-26 06:00:00+00:00,H
2766,ZONE1,2025-04-26 06:00:00+00:00,2025-04-26 07:00:00+00:00,H
2767,ZONE1,2025-04-26 07:00:00+00:00,2025-04-26 08:00:00+00:00,H
2768,ZONE1,2025-04-26 08:00:00+00:00,2025-04-26 09:00:00+00:00,H
2769,ZONE1,2025-04-26 09:00:00+00:00,2025-04-26 10:00:00+00:00,H
2770,ZONE1,2025-04-26 10:00:00+00:00,2025-04-26 11:00:00+00:00,H
2771,ZONE1,2025-04-26 11:00:00+00:00,2025-04-26 12:00:00+00:00,H
2772,ZONE1,2025-04-26 12:00:00+00:00,2025-04-26 13:00:00+00:00,H
2773,ZONE1,2025-04-26 13:00:00+00:00,2025-04-26 14:00:00+00:00,H
2774,ZONE1,2025-04-26 14:00:00+00:00,2025-04-26 15:00:00+00:00,H
2775,ZONE1,2025-04-26 15:00:00+00:00,2025-04-26 16:00:00+00:00,H
2776,ZONE1,2025-04-26 16:00:00+00:00,2025-04-26 17:00:00+00:00,H
2777,ZONE1,2025-04-26 17:00:00+00:00,2025-04-26 18:00:00+00:00,H
2778,ZONE1,2025-04-26 18:00:00+00:00,2025-04-26 19:00:00+00:00,H
2779,ZONE1,2025-04-26 19:00:00+00:00,2025-04-26 20:00:00+00:00,H
2780,ZONE1,2025-04-26 20:00:00+00:00,2025-04-26 21:00:00+00:00,H
2781,ZONE1,2025-04-26 21:00:00+00:00,2025-04-26 22:00:00+00:00,H
2782,ZONE1,2025-04-26 22:00:00+00:00,2025-04-26 23:00:00+00:00,H
2783,ZONE1,2025-04-26 23:00:00+00:00,2025-04-27 00:00:00+00:00,H
2784,ZONE1,2025-04-27 00:00:00+00:00,2025-04-27 01:00:00+00:00,H
2785,ZONE1,2025-04-27 01:00:00+00:00,2025-04-27 02:00:00+00:00,H
2786,ZONE1,2025-04-27 02:00:00+00:00,2025-04-27 03:00:00+00:00,H
2787,ZONE1,2025-04-27 03:00:00+00:00,2025-04-27 04:00:00+00:00,H
2788,ZONE1,2025-04-27 04:00:00+00:00,2025-04-27 05:00:00+00:00,H
2789,ZONE1,2025-04-27 05:00:00+00:00,2025-04-27 06:00:00+00:00,H
2790,ZONE1,2025-04-27 06:00:00+00:00,2025-04-27 07:00:00+00:00,H
2791,ZONE1,2025-04-27 07:00:00+00:00,2025-04-27 08:00:00+00:00,H
2792,ZONE1,2025-04-27 08:00:00+00:00,2025-04-27 09:00:00+00:00,H
2793,ZONE1,2025-04-27 09:00:00+00:00,2025-04-27 10:00:00+00:00,H
2794,ZONE1,2025-04-27 10:00:00+00:00,2025-04-27 11:00:00+00:00,H
2795,ZONE1,2025-04-27 11:00:00+00:00,2025-04-27 12:00:00+00:00,H
2796,ZONE1,2025-04-27 12:00:00+00:00,2025-04-27 13:00:00+00:00,H
2797,ZONE1,2025-04-27 13:00:00+00:00,2025-04-27 14:00:00+00:00,H
2798,ZONE1,2025-04-27 14:00:00+00:00,2025-04-27 15:00:00+00:00,H
2799,ZONE1,2025-04-27 15:00:00+00:00,2025-04-27 16:00:00+00:00,H
2800,ZONE1,2025-04-27 16:00:00+00:00,2025-04-27 17:00:00+00:00,H
2801,ZONE1,2025-04-27 17:00:00+00:00,2025-04-27 18:00:00+00:00,H
2802,ZONE1,2025-04-27 18:00:00+00:00,2025-04-27 19:00:00+00:00,H
2803,ZONE1,2025-04-27 19:00:00+00:00,2025-04-27 20:00:00+00:00,H
2804,ZONE1,2025-04-27 20:00:00+00:00,2025-04-27 21:00:00+00:00,H
2805,ZONE1,2025-04-27 21:00:00+00:00,2025-04-27 22:00:00+00:00,H
2806,ZONE1,2025-04-27 22:00:00+00:00,2025-04-27 23:00:00+00:00,H
2807,ZONE1,2025-04-27 23:00:00+00:00,2025-04-28 00:00:00+00:00,H
2808,ZONE1,2025-04-28 00:00:00+00:00,2025-04-28 01:00:00+00:00,H
2809,ZONE1,2025-04-28 01:00:00+00:00,2025-04-28 02:00:00+00:00,H
2810,ZONE1,2025-04-28 02:00:00+00:00,2025-04-28 03:00:00+00:00,H
2811,ZONE1,2025-04-28 03:00:00+00:00,2025-04-28 04:00:00+00:00,H
2812,ZONE1,2025-04-28 04:00:00+00:00,2025-04-28 05:00:00+00:00,H
2813,ZONE1,2025-04-28 05:00:00+00:00,2025-04-28 06:00:00+00:00,H
2814,ZONE1,2025-04-28 06:00:00+00:00,2025-04-28 07:00:00+00:00,H
2815,ZONE1,2025-04-28 07:00:00+00:00,2025-04-28 08:00:00+00:00,H
2816,ZONE1,2025-04-28 08:00:00+00:00,2025-04-28 09:00:00+00:00,H
2817,ZONE1,2025-04-28 09:00:00+00:00,2025-04-28 10:00:00+00:00,H
2818,ZONE1,2025-04-28 10:00:00+00:00,2025-04-28 11:00:00+00:00,H
2819,ZONE1,2025-04-28 11:00:00+00:00,2025-04-28 12:00:00+00:00,H
2820,ZONE1,2025-04-28 12:00:00+00:00,2025-04-28 13:00:00+00:00,H
2821,ZONE1,2025-04-28 13:00:00+00:00,2025-04-28 14:00:00+00:00,H
2822,ZONE1,2025-04-28 14:00:00+00:00,2025-04-28 15:00:00+00:00,H
2823,ZONE1,2025-04-28 15:00:00+00:00,2025-04-28 16:00:00+00:00,H
2824,ZONE1,2025-04-28 16:00:00+00:00,2025-04-28 17:00:00+00:00,H
2825,ZONE1,2025-04-28 17:00:00+00:00,2025-04-28 18:00:00+00:00,H
2826,ZONE1,2025-04-28 18:00:00+00:00,2025-04-28 19:00:00+00:00,H
2827,ZONE1,2025-04-28 19:00:00+00:00,2025-04-28 20:00:00+00:00,H
2828,ZONE1,2025-04-28 20:00:00+00:00,2025-04-28 21:00:00+00:00,H
2829,ZONE1,2025-04-28 21:00:00+00:00,2025-04-28 22:00:00+00:00,H
2830,ZONE1,2025-04-28 22:00:00+00:00,2025-04-28 23:00:00+00:00,H
2831,ZONE1,2025-04-28 23:00:00+00:00,2025-04-29 00:00:00+00:00,H
2832,ZONE1,2025-04-29 00:00:00+00:00,2025-04-29 01:00:00+00:00,H
2833,ZONE1,2025-04-29 01:00:00+00:00,2025-04-29 02:00:00+00:00,H
2834,ZONE1,2025-04-29 02:00:00+00:00,2025-04-29 03:00:00+00:00,H
2835,ZONE1,2025-04-29 03:00:00+00:00,2025-04-29 04:00:00+00:00,H
2836,ZONE1,2025-04-29 04:00:00+00:00,2025-04-29 05:00:00+00:00,H
2837,ZONE1,2025-04-29 05:00:00+00:00,2025-04-29 06:00:00+00:00,H
2838,ZONE1,2025-04-29 06:00:00+00:00,2025-04-29 07:00:00+00:00,H
2839,ZONE1,2025-04-29 07:00:00+00:00,2025-04-29 08:00:00+00:00,H
2840,ZONE1,2025-04-29 08:00:00+00:00,2025-04-29 09:00:00+00:00,H
2841,ZONE1,2025-04-29 09:00:00+00:00,2025-04-29 10:00:00+00:00,H
2842,ZONE1,2025-04-29 10:00:00+00:00,2025-04-29 11:00:00+00:00,H
2843,ZONE1,2025-04-29 11:00:00+00:00,2025-04-29 12:00:00+00:00,H
2844,ZONE1,2025-04-29 12:00:00+00:00,2025-04-29 13:00:00+00:00,H
2845,ZONE1,2025-04-29 13:00:00+00:00,2025-04-29 14:00:00+00:00,H
2846,ZONE1,2025-04-29 14:00:00+00:00,2025-04-29 15:00:00+00:00,H
2847,ZONE1,2025-04-29 15:00:00+00:00,2025-04-29 16:00:00+00:00,H
2848,ZONE1,2025-04-29 16:00:00+00:00,2025-04-29 17:00:00+00:00,H
2849,ZONE1,2025-04-29 17:00:00+00:00,2025-04-29 18:00:00+00:00,H
2850,ZONE1,2025-04-29 18:00:00+00:00,2025-04-29 19:00:00+00:00,H
2851,ZONE1,2025-04-29 19:00:00+00:00,2025-04-29 20:00:00+00:00,H
2852,ZONE1,2025-04-29 20:00:00+00:00,2025-04-29 21:00:00+00:00,H
2853,ZONE1,2025-04-29 21:00:00+00:00,2025-04-29 22:00:00+00:00,H
2854,ZONE1,2025-04-29 22:00:00+00:00,2025-04-29 23:00:00+00:00,H
2855,ZONE1,2025-04-29 23:00:00+00:00,2025-04-30 00:00:00+00:00,H
2856,ZONE1,2025-04-30 00:00:00+00:00,2025-04-30 01:00:00+00:00,H
2857,ZONE1,2025-04-30 01:00:00+00:00,2025-04-30 02:00:00+00:00,H
2858,ZONE1,2025-04-30 02:00:00+00:00,2025-04-30 03:00:00+00:00,H
2859,ZONE1,2025-04-30 03:00:00+00:00,2025-04-30 04:00:00+00:00,H
2860,ZONE1,2025-04-30 04:00:00+00:00,2025-04-30 05:00:00+00:00,H
2861,ZONE1,2025-04-30 05:00:00+00:00,2025-04-30 06:00:00+00:00,H
2862,ZONE1,2025-04-30 06:00:00+00:00,2025-04-30 07:00:00+00:00,H
2863,ZONE1,2025-04-30 07:00:00+00:00,2025-04-30 08:00:00+00:00,H
2864,ZONE1,2025-04-30 08:00:00+00:00,2025-04-30 09:00:00+00:00,H
2865,ZONE1,2025-04-30 09:00:00+00:00,2025-04-30 10:00:00+00:00,H
2866,ZONE1,2025-04-30 10:00:00+00:00,2025-04-30 11:00:00+00:00,H
2867,ZONE1,2025-04-30 11:00:00+00:00,2025-04-30 12:00:00+00:00,H
2868,ZONE1,2025-04-30 12:00:00+00:00,2025-04-30 13:00:00+00:00,H
2869,ZONE1,2025-04-30 13:00:00+00:00,2025-04-30 14:00:00+00:00,H
2870,ZONE1,2025-04-30 14:00:00+00:00,2025-04-30 15:00:00+00:00,H
2871,ZONE1,2025-04-30 15:00:00+00:00,2025-04-30 16:00:00+00:00,H
2872,ZONE1,2025-04-30 16:00:00+00:00,2025-04-30 17:00:00+00:00,H
2873,ZONE1,2025-04-30 17:00:00+00:00,2025-04-30 18:00:00+00:00,H
2874,ZONE1,2025-04-30 18:00:00+00:00,2025-04-30 19:00:00+00:00,H
2875,ZONE1,2025-04-30 19:00:00+00:00,2025-04-30 20:00:00+00:00,H
2876,ZONE1,2025-04-30 20:00:00+00:00,2025-04-30 21:00:00+00:00,H
2877,ZONE1,2025-04-30 21:00:00+00:00,2025-04-30 22:00:00+00:00,H
2878,ZONE1,2025-04-30 22:00:00+00:00,2025-04-30 23:00:00+00:00,H
2879,ZONE1,2025-04-30 23:00:00+00:00,2025-05-01 00:00:00+00:00,H
2880,ZONE1,2025-05-01 00:00:00+00:00,2025-05-01 01:00:00+00:00,H
2881,ZONE1,2025-05-01 01:00:00+00:00,2025-05-01 02:00:00+00:00,H
2882,ZONE1,2025-05-01 02:00:00+00:00,2025-05-01 03:00:00+00:00,H
2883,ZONE1,2025-05-01 03:00:00+00:00,2025-05-01 04:00:00+00:00,H
2884,ZONE1,2025-05-01 04:00:00+00:00,2025-05-01 05:00:00+00:00,H
2885,ZONE1,2025-05-01 05:00:00+00:00,2025-05-01 06:00:00+00:00,H
2886,ZONE1,2025-05-01 06:00:00+00:00,2025-05-01 07:00:00+00:00,H
2887,ZONE1,2025-05-01 07:00:00+00:00,2025-05-01 08:00:00+00:00,H
2888,ZONE1,2025-05-01 08:00:00+00:00,2025-05-01 09:00:00+00:00,H
2889,ZONE1,2025-05-01 09:00:00+00:00,2025-05-01 10:00:00+00:00,H
2890,ZONE1,2025-05-01 10:00:00+00:00,2025-05-01 11:00:00+00:00,H
2891,ZONE1,2025-05-01 11:00:00+00:00,2025-05-01 12:00:00+00:00,H
2892,ZONE1,2025-05-01 12:00:00+00:00,2025-05-01 13:00:00+00:00,H
2893,ZONE1,2025-05-01 13:00:00+00:00,2025-05-01 14:00:00+00:00,H
2894,ZONE1,2025-05-01 14:00:00+00:00,2025-05-01 15:00:00+00:00,H
2895,ZONE1,2025-05-01 15:00:00+00:00,2025-05-01 16:00:00+00:00,H
2896,ZONE1,2025-05-01 16:00:00+00:00,2025-05-01 17:00:00+00:00,H
2897,ZONE1,2025-05-01 17:00:00+00:00,2025-05-01 18:00:00+00:00,H
2898,ZONE1,2025-05-01 18:00:00+00:00,2025-05-01 19:00:00+00:00,H
2899,ZONE1,2025-05-01 19:00:00+00:00,2025-05-01 20:00:00+00:00,H
2900,ZONE1,2025-05-01 20:00:00+00:00,2025-05-01 21:00:00+00:00,H
2901,ZONE1,2025-05-01 21:00:00+00:00,2025-05-01 22:00:00+00:00,H
2902,ZONE1,2025-05-01 22:00:00+00:00,2025-05-01 23:00:00+00:00,H
2903,ZONE1,2025-05-01 23:00:00+00:00,2025-05-02 00:00:00+00:00,H
2904,ZONE1,2025-05-02 00:00:00+00:00,2025-05-02 01:00:00+00:00,H
2905,ZONE1,2025-05-02 01:00:00+00:00,2025-05-02 02:00:00+00:00,H
2906,ZONE1,2025-05-02 02:00:00+00:00,2025-05-02 03:00:00+00:00,H
2907,ZONE1,2025-05-02 03:00:00+00:00,2025-05-02 04:00:00+00:00,H
2908,ZONE1,2025-05-02 04:00:00+00:00,2025-05-02 05:00:00+00:00,H
2909,ZONE1,2025-05-02 05:00:00+00:00,2025-05-02 06:00:00+00:00,H
2910,ZONE1,2025-05-02 06:00:00+00:00,2025-05-02 07:00:00+00:00,H
2911,ZONE1,2025-05-02 07:00:00+00:00,2025-05-02 08:00:00+00:00,H
2912,ZONE1,2025-05-02 08:00:00+00:00,2025-05-02 09:00:00+00:00,H
2913,ZONE1,2025-05-02 09:00:00+00:00,2025-05-02 10:00:00+00:00,H
2914,ZONE1,2025-05-02 10:00:00+00:00,2025-05-02 11:00:00+00:00,H
2915,ZONE1,2025-05-02 11:00:00+00:00,2025-05-02 12:00:00+00:00,H
2916,ZONE1,2025-05-02 12:00:00+00:00,2025-05-02 13:00:00+00:00,H
2917,ZONE1,2025-05-02 13:00:00+00:00,2025-05-02 14:00:00+00:00,H
2918,ZONE1,2025-05-02 14:00:00+00:00,2025-05-02 15:00:00+00:00,H
2919,ZONE1,2025-05-02 15:00:00+00:00,2025-05-02 16:00:00+00:00,H
2920,ZONE1,2025-05-02 16:00:00+00:00,2025-05-02 17:00:00+00:00,H
2921,ZONE1,2025-05-02 17:00:00+00:00,2025-05-02 18:00:00+00:00,H
2922,ZONE1,2025-05-02 18:00:00+00:00,2025-05-02 19:00:00+00:00,H
2923,ZONE1,2025-05-02 19:00:00+00:00,2025-05-02 20:00:00+00:00,H
2924,ZONE1,2025-05-02 20:00:00+00:00,2025-05-02 21:00:00+00:00,H
2925,ZONE1,2025-05-02 21:00:00+00:00,2025-05-02 22:00:00+00:00,H
2926,ZONE1,2025-05-02 22:00:00+00:00,2025-05-02 23:00:00+00:00,H
2927,ZONE1,2025-05-02 23:00:00+00:00,2025-05-03 00:00:00+00:00,H
2928,ZONE1,2025-05-03 00:00:00+00:00,2025-05-03 01:00:00+00:00,H
2929,ZONE1,2025-05-03 01:00:00+00:00,2025-05-03 02:00:00+00:00,H
2930,ZONE1,2025-05-03 02:00:00+00:00,2025-05-03 03:00:00+00:00,H
2931,ZONE1,2025-05-03 03:00:00+00:00,2025-05-03 04:00:00+00:00,H
2932,ZONE1,2025-05-03 04:00:00+00:00,2025-05-03 05:00:00+00:00,H
2933,ZONE1,2025-05-03 05:00:00+00:00,2025-05-03 06:00:00+00:00,H
2934,ZONE1,2025-05-03 06:00:00+00:00,2025-05-03 07:00:00+00:00,H
2935,ZONE1,2025-05-03 07:00:00+00:00,2025-05-03 08:00:00+00:00,H
2936,ZONE1,2025-05-03 08:00:00+00:00,2025-05-03 09:00:00+00:00,H
2937,ZONE1,2025-05-03 09:00:00+00:00,2025-05-03 10:00:00+00:00,H
2938,ZONE1,2025-05-03 10:00:00+00:00,2025-05-03 11:00:00+00:00,H
2939,ZONE1,2025-05-03 11:00:00+00:00,2025-05-03 12:00:00+00:00,H
2940,ZONE1,2025-05-03 12:00:00+00:00,2025-05-03 13:00:00+00:00,H
2941,ZONE1,2025-05-03 13:00:00+00:00,2025-05-03 14:00:00+00:00,H
2942,ZONE1,2025-05-03 14:00:00+00:00,2025-05-03 15:00:00+00:00,H
2943,ZONE1,2025-05-03 15:00:00+00:00,2025-05-03 16:00:00+00:00,H
2944,ZONE1,2025-05-03 16:00:00+00:00,2025-05-03 17:00:00+00:00,H
2945,ZONE1,2025-05-03 17:00:00+00:00,2025-05-03 18:00:00+00:00,H
2946,ZONE1,2025-05-03 18:00:00+00:00,2025-05-03 19:00:00+00:00,H
2947,ZONE1,2025-05-03 19:00:00+00:00,2025-05-03 20:00:00+00:00,H
2948,ZONE1,2025-05-03 20:00:00+00:00,2025-05-03 21:00:00+00:00,H
2949,ZONE1,2025-05-03 21:00:00+00:00,2025-05-03 22:00:00+00:00,H
2950,ZONE1,2025-05-03 22:00:00+00:00,2025-05-03 23:00:00+00:00,H
2951,ZONE1,2025-05-03 23:00:00+00:00,2025-05-04 00:00:00+00:00,H
2952,ZONE1,2025-05-04 00:00:00+00:00,2025-05-04 01:00:00+00:00,H
2953,ZONE1,2025-05-04 01:00:00+00:00,2025-05-04 02:00:00+00:00,H
2954,ZONE1,2025-05-04 02:00:00+00:00,2025-05-04 03:00:00+00:00,H
2955,ZONE1,2025-05-04 03:00:00+00:00,2025-05-04 04:00:00+00:00,H
2956,ZONE1,2025-05-04 04:00:00+00:00,2025-05-04 05:00:00+00:00,H
2957,ZONE1,2025-05-04 05:00:00+00:00,2025-05-04 06:00:00+00:00,H
2958,ZONE1,2025-05-04 06:00:00+00:00,2025-05-04 07:00:00+00:00,H
2959,ZONE1,2025-05-04 07:00:00+00:00,2025-05-04 08:00:00+00:00,H
2960,ZONE1,2025-05-04 08:00:00+00:00,2025-05-04 09:00:00+00:00,H
2961,ZONE1,2025-05-04 09:00:00+00:00,2025-05-04 10:00:00+00:00,H
2962,ZONE1,2025-05-04 10:00:00+00:00,2025-05-04 11:00:00+00:00,H
2963,ZONE1,2025-05-04 11:00:00+00:00,2025-05-04 12:00:00+00:00,H
2964,ZONE1,2025-05-04 12:00:00+00:00,2025-05-04 13:00:00+00:00,H
2965,ZONE1,2025-05-04 13:00:00+00:00,2025-05-04 14:00:00+00:00,H
2966,ZONE1,2025-05-04 14:00:00+00:00,2025-05-04 15:00:00+00:00,H
2967,ZONE1,2025-05-04 15:00:00+00:00,2025-05-04 16:00:00+00:00,H
2968,ZONE1,2025-05-04 16:00:00+00:00,2025-05-04 17:00:00+00:00,H
2969,ZONE1,2025-05-04 17:00:00+00:00,2025-05-04 18:00:00+00:00,H
2970,ZONE1,2025-05-04 18:00:00+00:00,2025-05-04 19:00:00+00:00,H
2971,ZONE1,2025-05-04 19:00:00+00:00,2025-05-04 20:00:00+00:00,H
2972,ZONE1,2025-05-04 20:00:00+00:00,2025-05-04 21:00:00+00:00,H
2973,ZONE1,2025-05-04 21:00:00+00:00,2025-05-04 22:00:00+00:00,H
2974,ZONE1,2025-05-04 22:00:00+00:00,2025-05-04 23:00:00+00:00,H
2975,ZONE1,2025-05-04 23:00:00+00:00,2025-05-05 00:00:00+00:00,H
2976,ZONE1,2025-05-05 00:00:00+00:00,2025-05-05 01:00:00+00:00,H
2977,ZONE1,2025-05-05 01:00:00+00:00,2025-05-05 02:00:00+00:00,H
2978,ZONE1,2025-05-05 02:00:00+00:00,2025-05-05 03:00:00+00:00,H
2979,ZONE1,2025-05-05 03:00:00+00:00,2025-05-05 04:00:00+00:00,H
2980,ZONE1,2025-05-05 04:00:00+00:00,2025-05-05 05:00:00+00:00,H
2981,ZONE1,2025-05-05 05:00:00+00:00,2025-05-05 06:00:00+00:00,H
2982,ZONE1,2025-05-05 06:00:00+00:00,2025-05-05 07:00:00+00:00,H
2983,ZONE1,2025-05-05 07:00:00+00:00,2025-05-05 08:00:00+00:00,H
2984,ZONE1,2025-05-05 08:00:00+00:00,2025-05-05 09:00:00+00:00,H
2985,ZONE1,2025-05-05 09:00:00+00:00,2025-05-05 10:00:00+00:00,H
2986,ZONE1,2025-05-05 10:00:00+00:00,2025-05-05 11:00:00+00:00,H
2987,ZONE1,2025-05-05 11:00:00+00:00,2025-05-05 12:00:00+00:00,H
2988,ZONE1,2025-05-05 12:00:00+00:00,2025-05-05 13:00:00+00:00,H
2989,ZONE1,2025-05-05 13:00:00+00:00,2025-05-05 14:00:00+00:00,H
2990,ZONE1,2025-05-05 14:00:00+00:00,2025-05-05 15:00:00+00:00,H
2991,ZONE1,2025-05-05 15:00:00+00:00,2025-05-05 16:00:00+00:00,H
2992,ZONE1,2025-05-05 16:00:00+00:00,2025-05-05 17:00:00+00:00,H
2993,ZONE1,2025-05-05 17:00:00+00:00,2025-05-05 18:00:00+00:00,H
2994,ZONE1,2025-05-05 18:00:00+00:00,2025-05-05 19:00:00+00:00,H
2995,ZONE1,2025-05-05 19:00:00+00:00,2025-05-05 20:00:00+00:00,H
2996,ZONE1,2025-05-05 20:00:00+00:00,2025-05-05 21:00:00+00:00,H
2997,ZONE1,2025-05-05 21:00:00+00:00,2025-05-05 22:00:00+00:00,H
2998,ZONE1,2025-05-05 22:00:00+00:00,2025-05-05 23:00:00+00:00,H
2999,ZONE1,2025-05-05 23:00:00+00:00,2025-05-06 00:00:00+00:00,H
3000,ZONE1,2025-05-06 00:00:00+00:00,2025-05-06 01:00:00+00:00,H
3001,ZONE1,2025-05-06 01:00:00+00:00,2025-05-06 02:00:00+00:00,H
3002,ZONE1,2025-05-06 02:00:00+00:00,2025-05-06 03:00:00+00:00,H
3003,ZONE1,2025-05-06 03:00:00+00:00,2025-05-06 04:00:00+00:00,H
3004,ZONE1,2025-05-06 04:00:00+00:00,2025-05-06 05:00:00+00:00,H
3005,ZONE1,2025-05-06 05:00:00+00:00,2025-05-06 06:00:00+00:00,H
3006,ZONE1,2025-05-06 06:00:00+00:00,2025-05-06 07:00:00+00:00,H
3007,ZONE1,2025-05-06 07:00:00+00:00,2025-05-06 08:00:00+00:00,H
3008,ZONE1,2025-05-06 08:00:00+00:00,2025-05-06 09:00:00+00:00,H
3009,ZONE1,2025-05-06 09:00:00+00:00,2025-05-06 10:00:00+00:00,H
3010,ZONE1,2025-05-06 10:00:00+00:00,2025-05-06 11:00:00+00:00,H
3011,ZONE1,2025-05-06 11:00:00+00:00,2025-05-06 12:00:00+00:00,H
3012,ZONE1,2025-05-06 12:00:00+00:00,2025-05-06 13:00:00+00:00,H
3013,ZONE1,2025-05-06 13:00:00+00:00,2025-05-06 14:00:00+00:00,H
3014,ZONE1,2025-05-06 14:00:00+00:00,2025-05-06 15:00:00+00:00,H
3015,ZONE1,2025-05-06 15:00:00+00:00,2025-05-06 16:00:00+00:00,H
3016,ZONE1,2025-05-06 16:00:00+00:00,2025-05-06 17:00:00+00:00,H
3017,ZONE1,2025-05-06 17:00:00+00:00,2025-05-06 18:00:00+00:00,H
3018,ZONE1,2025-05-06 18:00:00+00:00,2025-05-06 19:00:00+00:00,H
3019,ZONE1,2025-05-06 19:00:00+00:00,2025-05-06 20:00:00+00:00,H
3020,ZONE1,2025-05-06 20:00:00+00:00,2025-05-06 21:00:00+00:00,H
3021,ZONE1,2025-05-06 21:00:00+00:00,2025-05-06 22:00:00+00:00,H
3022,ZONE1,2025-05-06 22:00:00+00:00,2025-05-06 23:00:00+00:00,H
3023,ZONE1,2025-05-06 23:00:00+00:00,2025-05-07 00:00:00+00:00,H
3024,ZONE1,2025-05-07 00:00:00+00:00,2025-05-07 01:00:00+00:00,H
3025,ZONE1,2025-05-07 01:00:00+00:00,2025-05-07 02:00:00+00:00,H
3026,ZONE1,2025-05-07 02:00:00+00:00,2025-05-07 03:00:00+00:00,H
3027,ZONE1,2025-05-07 03:00:00+00:00,2025-05-07 04:00:00+00:00,H
3028,ZONE1,2025-05-07 04:00:00+00:00,2025-05-07 05:00:00+00:00,H
3029,ZONE1,2025-05-07 05:00:00+00:00,2025-05-07 06:00:00+00:00,H
3030,ZONE1,2025-05-07 06:00:00+00:00,2025-05-07 07:00:00+00:00,H
3031,ZONE1,2025-05-07 07:00:00+00:00,2025-05-07 08:00:00+00:00,H
3032,ZONE1,2025-05-07 08:00:00+00:00,2025-05-07 09:00:00+00:00,H
3033,ZONE1,2025-05-07 09:00:00+00:00,2025-05-07 10:00:00+00:00,H
3034,ZONE1,2025-05-07 10:00:00+00:00,2025-05-07 11:00:00+00:00,H
3035,ZONE1,2025-05-07 11:00:00+00:00,2025-05-07 12:00:00+00:00,H
3036,ZONE1,2025-05-07 12:00:00+00:00,2025-05-07 13:00:00+00:00,H
3037,ZONE1,2025-05-07 13:00:00+00:00,2025-05-07 14:00:00+00:00,H
3038,ZONE1,2025-05-07 14:00:00+00:00,2025-05-07 15:00:00+00:00,H
3039,ZONE1,2025-05-07 15:00:00+00:00,2025-05-07 16:00:00+00:00,H
3040,ZONE1,2025-05-07 16:00:00+00:00,2025-05-07 17:00:00+00:00,H
3041,ZONE1,2025-05-07 17:00:00+00:00,2025-05-07 18:00:00+00:00,H
3042,ZONE1,2025-05-07 18:00:00+00:00,2025-05-07 19:00:00+00:00,H
3043,ZONE1,2025-05-07 19:00:00+00:00,2025-05-07 20:00:00+00:00,H
3044,ZONE1,2025-05-07 20:00:00+00:00,2025-05-07 21:00:00+00:00,H
3045,ZONE1,2025-05-07 21:00:00+00:00,2025-05-07 22:00:00+00:00,H
3046,ZONE1,2025-05-07 22:00:00+00:00,2025-05-07 23:00:00+00:00,H
3047,ZONE1,2025-05-07 23:00:00+00:00,2025-05-08 00:00:00+00:00,H
3048,ZONE1,2025-05-08 00:00:00+00:00,2025-05-08 01:00:00+00:00,H
3049,ZONE1,2025-05-08 01:00:00+00:00,2025-05-08 02:00:00+00:00,H
3050,ZONE1,2025-05-08 02:00:00+00:00,2025-05-08 03:00:00+00:00,H
3051,ZONE1,2025-05-08 03:00:00+00:00,2025-05-08 04:00:00+00:00,H
3052,ZONE1,2025-05-08 04:00:00+00:00,2025-05-08 05:00:00+00:00,H
3053,ZONE1,2025-05-08 05:00:00+00:00,2025-05-08 06:00:00+00:00,H
3054,ZONE1,2025-05-08 06:00:00+00:00,2025-05-08 07:00:00+00:00,H
3055,ZONE1,2025-05-08 07:00:00+00:00,2025-05-08 08:00:00+00:00,H
3056,ZONE1,2025-05-08 08:00:00+00:00,2025-05-08 09:00:00+00:00,H
3057,ZONE1,2025-05-08 09:00:00+00:00,2025-05-08 10:00:00+00:00,H
3058,ZONE1,2025-05-08 10:00:00+00:00,2025-05-08 11:00:00+00:00,H
3059,ZONE1,2025-05-08 11:00:00+00:00,2025-05-08 12:00:00+00:00,H
3060,ZONE1,2025-05-08 12:00:00+00:00,2025-05-08 13:00:00+00:00,H
3061,ZONE1,2025-05-08 13:00:00+00:00,2025-05-08 14:00:00+00:00,H
3062,ZONE1,2025-05-08 14:00:00+00:00,2025-05-08 15:00:00+00:00,H
3063,ZONE1,2025-05-08 15:00:00+00:00,2025-05-08 16:00:00+00:00,H
3064,ZONE1,2025-05-08 16:00:00+00:00,2025-05-08 17:00:00+00:00,H
3065,ZONE1,2025-05-08 17:00:00+00:00,2025-05-08 18:00:00+00:00,H
3066,ZONE1,2025-05-08 18:00:00+00:00,2025-05-08 19:00:00+00:00,H
3067,ZONE1,2025-05-08 19:00:00+00:00,2025-05-08 20:00:00+00:00,H
3068,ZONE1,2025-05-08 20:00:00+00:00,2025-05-08 21:00:00+00:00,H
3069,ZONE1,2025-05-08 21:00:00+00:00,2025-05-08 22:00:00+00:00,H
3070,ZONE1,2025-05-08 22:00:00+00:00,2025-05-08 23:00:00+00:00,H
3071,ZONE1,2025-05-08 23:00:00+00:00,2025-05-09 00:00:00+00:00,H
3072,ZONE1,2025-05-09 00:00:00+00:00,2025-05-09 01:00:00+00:00,H
3073,ZONE1,2025-05-09 01:00:00+00:00,2025-05-09 02:00:00+00:00,H
3074,ZONE1,2025-05-09 02:00:00+00:00,2025-05-09 03:00:00+00:00,H
3075,ZONE1,2025-05-09 03:00:00+00:00,2025-05-09 04:00:00+00:00,H
3076,ZONE1,2025-05-09 04:00:00+00:00,2025-05-09 05:00:00+00:00,H
3077,ZONE1,2025-05-09 05:00:00+00:00,2025-05-09 06:00:00+00:00,H
3078,ZONE1,2025-05-09 06:00:00+00:00,2025-05-09 07:00:00+00:00,H
3079,ZONE1,2025-05-09 07:00:00+00:00,2025-05-09 08:00:00+00:00,H
3080,ZONE1,2025-05-09 08:00:00+00:00,2025-05-09 09:00:00+00:00,H
3081,ZONE1,2025-05-09 09:00:00+00:00,2025-05-09 10:00:00+00:00,H
3082,ZONE1,2025-05-09 10:00:00+00:00,2025-05-09 11:00:00+00:00,H
3083,ZONE1,2025-05-09 11:00:00+00:00,2025-05-09 12:00:00+00:00,H
3084,ZONE1,2025-05-09 12:00:00+00:00,2025-05-09 13:00:00+00:00,H
3085,ZONE1,2025-05-09 13:00:00+00:00,2025-05-09 14:00:00+00:00,H
3086,ZONE1,2025-05-09 14:00:00+00:00,2025-05-09 15:00:00+00:00,H
3087,ZONE1,2025-05-09 15:00:00+00:00,2025-05-09 16:00:00+00:00,H
3088,ZONE1,2025-05-09 16:00:00+00:00,2025-05-09 17:00:00+00:00,H
3089,ZONE1,2025-05-09 17:00:00+00:00,2025-05-09 18:00:00+00:00,H
3090,ZONE1,2025-05-09 18:00:00+00:00,2025-05-09 19:00:00+00:00,H
3091,ZONE1,2025-05-09 19:00:00+00:00,2025-05-09 20:00:00+00:00,H
3092,ZONE1,2025-05-09 20:00:00+00:00,2025-05-09 21:00:00+00:00,H
3093,ZONE1,2025-05-09 21:00:00+00:00,2025-05-09 22:00:00+00:00,H
3094,ZONE1,2025-05-09 22:00:00+00:00,2025-05-09 23:00:00+00:00,H
3095,ZONE1,2025-05-09 23:00:00+00:00,2025-05-10 00:00:00+00:00,H
3096,ZONE1,2025-05-10 00:00:00+00:00,2025-05-10 01:00:00+00:00,H
3097,ZONE1,2025-05-10 01:00:00+00:00,2025-05-10 02:00:00+00:00,H
3098,ZONE1,2025-05-10 02:00:00+00:00,2025-05-10 03:00:00+00:00,H
3099,ZONE1,2025-05-10 03:00:00+00:00,2025-05-10 04:00:00+00:00,H
3100,ZONE1,2025-05-10 04:00:00+00:00,2025-05-10 05:00:00+00:00,H
3101,ZONE1,2025-05-10 05:00:00+00:00,2025-05-10 06:00:00+00:00,H
3102,ZONE1,2025-05-10 06:00:00+00:00,2025-05-10 07:00:00+00:00,H
3103,ZONE1,2025-05-10 07:00:00+00:00,2025-05-10 08:00:00+00:00,H
3104,ZONE1,2025-05-10 08:00:00+00:00,2025-05-10 09:00:00+00:00,H
3105,ZONE1,2025-05-10 09:00:00+00:00,2025-05-10 10:00:00+00:00,H
3106,ZONE1,2025-05-10 10:00:00+00:00,2025-05-10 11:00:00+00:00,H
3107,ZONE1,2025-05-10 11:00:00+00:00,2025-05-10 12:00:00+00:00,H
3108,ZONE1,2025-05-10 12:00:00+00:00,2025-05-10 13:00:00+00:00,H
3109,ZONE1,2025-05-10 13:00:00+00:00,2025-05-10 14:00:00+00:00,H
3110,ZONE1,2025-05-10 14:00:00+00:00,2025-05-10 15:00:00+00:00,H
3111,ZONE1,2025-05-10 15:00:00+00:00,2025-05-10 16:00:00+00:00,H
3112,ZONE1,2025-05-10 16:00:00+00:00,2025-05-10 17:00:00+00:00,H
3113,ZONE1,2025-05-10 17:00:00+00:00,2025-05-10 18:00:00+00:00,H
3114,ZONE1,2025-05-10 18:00:00+00:00,2025-05-10 19:00:00+00:00,H
3115,ZONE1,2025-05-10 19:00:00+00:00,2025-05-10 20:00:00+00:00,H
3116,ZONE1,2025-05-10 20:00:00+00:00,2025-05-10 21:00:00+00:00,H
3117,ZONE1,2025-05-10 21:00:00+00:00,2025-05-10 22:00:00+00:00,H
3118,ZONE1,2025-05-10 22:00:00+00:00,2025-05-10 23:00:00+00:00,H
3119,ZONE1,2025-05-10 23:00:00+00:00,2025-05-11 00:00:00+00:00,H
3120,ZONE1,2025-05-11 00:00:00+00:00,2025-05-11 01:00:00+00:00,H
3121,ZONE1,2025-05-11 01:00:00+00:00,2025-05-11 02:00:00+00:00,H
3122,ZONE1,2025-05-11 02:00:00+00:00,2025-05-11 03:00:00+00:00,H
3123,ZONE1,2025-05-11 03:00:00+00:00,2025-05-11 04:00:00+00:00,H
3124,ZONE1,2025-05-11 04:00:00+00:00,2025-05-11 05:00:00+00:00,H
3125,ZONE1,2025-05-11 05:00:00+00:00,2025-05-11 06:00:00+00:00,H
3126,ZONE1,2025-05-11 06:00:00+00:00,2025-05-11 07:00:00+00:00,H
3127,ZONE1,2025-05-11 07:00:00+00:00,2025-05-11 08:00:00+00:00,H
3128,ZONE1,2025-05-11 08:00:00+00:00,2025-05-11 09:00:00+00:00,H
3129,ZONE1,2025-05-11 09:00:00+00:00,2025-05-11 10:00:00+00:00,H
3130,ZONE1,2025-05-11 10:00:00+00:00,2025-05-11 11:00:00+00:00,H
3131,ZONE1,2025-05-11 11:00:00+00:00,2025-05-11 12:00:00+00:00,H
3132,ZONE1,2025-05-11 12:00:00+00:00,2025-05-11 13:00:00+00:00,H
3133,ZONE1,2025-05-11 13:00:00+00:00,2025-05-11 14:00:00+00:00,H
3134,ZONE1,2025-05-11 14:00:00+00:00,2025-05-11 15:00:00+00:00,H
3135,ZONE1,2025-05-11 15:00:00+00:00,2025-05-11 16:00:00+00:00,H
3136,ZONE1,2025-05-11 16:00:00+00:00,2025-05-11 17:00:00+00:00,H
3137,ZONE1,2025-05-11 17:00:00+00:00,2025-05-11 18:00:00+00:00,H
3138,ZONE1,2025-05-11 18:00:00+00:00,2025-05-11 19:00:00+00:00,H
3139,ZONE1,2025-05-11 19:00:00+00:00,2025-05-11 20:00:00+00:00,H
3140,ZONE1,2025-05-11 20:00:00+00:00,2025-05-11 21:00:00+00:00,H
3141,ZONE1,2025-05-11 21:00:00+00:00,2025-05-11 22:00:00+00:00,H
3142,ZONE1,2025-05-11 22:00:00+00:00,2025-05-11 23:00:00+00:00,H
3143,ZONE1,2025-05-11 23:00:00+00:00,2025-05-12 00:00:00+00:00,H
3144,ZONE1,2025-05-12 00:00:00+00:00,2025-05-12 01:00:00+00:00,H
3145,ZONE1,2025-05-12 01:00:00+00:00,2025-05-12 02:00:00+00:00,H
3146,ZONE1,2025-05-12 02:00:00+00:00,2025-05-12 03:00:00+00:00,H
3147,ZONE1,2025-05-12 03:00:00+00:00,2025-05-12 04:00:00+00:00,H
3148,ZONE1,2025-05-12 04:00:00+00:00,2025-05-12 05:00:00+00:00,H
3149,ZONE1,2025-05-12 05:00:00+00:00,2025-05-12 06:00:00+00:00,H
3150,ZONE1,2025-05-12 06:00:00+00:00,2025-05-12 07:00:00+00:00,H
3151,ZONE1,2025-05-12 07:00:00+00:00,2025-05-12 08:00:00+00:00,H
3152,ZONE1,2025-05-12 08:00:00+00:00,2025-05-12 09:00:00+00:00,H
3153,ZONE1,2025-05-12 09:00:00+00:00,2025-05-12 10:00:00+00:00,H
3154,ZONE1,2025-05-12 10:00:00+00:00,2025-05-12 11:00:00+00:00,H
3155,ZONE1,2025-05-12 11:00:00+00:00,2025-05-12 12:00:00+00:00,H
3156,ZONE1,2025-05-12 12:00:00+00:00,2025-05-12 13:00:00+00:00,H
3157,ZONE1,2025-05-12 13:00:00+00:00,2025-05-12 14:00:00+00:00,H
3158,ZONE1,2025-05-12 14:00:00+00:00,2025-05-12 15:00:00+00:00,H
3159,ZONE1,2025-05-12 15:00:00+00:00,2025-05-12 16:00:00+00:00,H
3160,ZONE1,2025-05-12 16:00:00+00:00,2025-05-12 17:00:00+00:00,H
3161,ZONE1,2025-05-12 17:00:00+00:00,2025-05-12 18:00:00+00:00,H
3162,ZONE1,2025-05-12 18:00:00+00:00,2025-05-12 19:00:00+00:00,H
3163,ZONE1,2025-05-12 19:00:00+00:00,2025-05-12 20:00:00+00:00,H
3164,ZONE1,2025-05-12 20:00:00+00:00,2025-05-12 21:00:00+00:00,H
3165,ZONE1,2025-05-12 21:00:00+00:00,2025-05-12 22:00:00+00:00,H
3166,ZONE1,2025-05-12 22:00:00+00:00,2025-05-12 23:00:00+00:00,H
3167,ZONE1,2025-05-12 23:00:00+00:00,2025-05-13 00:00:00+00:00,H
3168,ZONE1,2025-05-13 00:00:00+00:00,2025-05-13 01:00:00+00:00,H
3169,ZONE1,2025-05-13 01:00:00+00:00,2025-05-13 02:00:00+00:00,H
3170,ZONE1,2025-05-13 02:00:00+00:00,2025-05-13 03:00:00+00:00,H
3171,ZONE1,2025-05-13 03:00:00+00:00,2025-05-13 04:00:00+00:00,H
3172,ZONE1,2025-05-13 04:00:00+00:00,2025-05-13 05:00:00+00:00,H
3173,ZONE1,2025-05-13 05:00:00+00:00,2025-05-13 06:00:00+00:00,H
3174,ZONE1,2025-05-13 06:00:00+00:00,2025-05-13 07:00:00+00:00,H
3175,ZONE1,2025-05-13 07:00:00+00:00,2025-05-13 08:00:00+00:00,H
3176,ZONE1,2025-05-13 08:00:00+00:00,2025-05-13 09:00:00+00:00,H
3177,ZONE1,2025-05-13 09:00:00+00:00,2025-05-13 10:00:00+00:00,H
3178,ZONE1,2025-05-13 10:00:00+00:00,2025-05-13 11:00:00+00:00,H
3179,ZONE1,2025-05-13 11:00:00+00:00,2025-05-13 12:00:00+00:00,H
3180,ZONE1,2025-05-13 12:00:00+00:00,2025-05-13 13:00:00+00:00,H
3181,ZONE1,2025-05-13 13:00:00+00:00,2025-05-13 14:00:00+00:00,H
3182,ZONE1,2025-05-13 14:00:00+00:00,2025-05-13 15:00:00+00:00,H
3183,ZONE1,2025-05-13 15:00:00+00:00,2025-05-13 16:00:00+00:00,H
3184,ZONE1,2025-05-13 16:00:00+00:00,2025-05-13 17:00:00+00:00,H
3185,ZONE1,2025-05-13 17:00:00+00:00,2025-05-13 18:00:00+00:00,H
3186,ZONE1,2025-05-13 18:00:00+00:00,2025-05-13 19:00:00+00:00,H
3187,ZONE1,2025-05-13 19:00:00+00:00,2025-05-13 20:00:00+00:00,H
3188,ZONE1,2025-05-13 20:00:00+00:00,2025-05-13 21:00:00+00:00,H
3189,ZONE1,2025-05-13 21:00:00+00:00,2025-05-13 22:00:00+00:00,H
3190,ZONE1,2025-05-13 22:00:00+00:00,2025-05-13 23:00:00+00:00,H
3191,ZONE1,2025-05-13 23:00:00+00:00,2025-05-14 00:00:00+00:00,H
3192,ZONE1,2025-05-14 00:00:00+00:00,2025-05-14 01:00:00+00:00,H
3193,ZONE1,2025-05-14 01:00:00+00:00,2025-05-14 02:00:00+00:00,H
3194,ZONE1,2025-05-14 02:00:00+00:00,2025-05-14 03:00:00+00:00,H
3195,ZONE1,2025-05-14 03:00:00+00:00,2025-05-14 04:00:00+00:00,H
3196,ZONE1,2025-05-14 04:00:00+00:00,2025-05-14 05:00:00+00:00,H
3197,ZONE1,2025-05-14 05:00:00+00:00,2025-05-14 06:00:00+00:00,H
3198,ZONE1,2025-05-14 06:00:00+00:00,2025-05-14 07:00:00+00:00,H
3199,ZONE1,2025-05-14 07:00:00+00:00,2025-05-14 08:00:00+00:00,H
3200,ZONE1,2025-05-14 08:00:00+00:00,2025-05-14 09:00:00+00:00,H
3201,ZONE1,2025-05-14 09:00:00+00:00,2025-05-14 10:00:00+00:00,H
3202,ZONE1,2025-05-14 10:00:00+00:00,2025-05-14 11:00:00+00:00,H
3203,ZONE1,2025-05-14 11:00:00+00:00,2025-05-14 12:00:00+00:00,H
3204,ZONE1,2025-05-14 12:00:00+00:00,2025-05-14 13:00:00+00:00,H
3205,ZONE1,2025-05-14 13:00:00+00:00,2025-05-14 14:00:00+00:00,H
3206,ZONE1,2025-05-14 14:00:00+00:00,2025-05-14 15:00:00+00:00,H
3207,ZONE1,2025-05-14 15:00:00+00:00,2025-05-14 16:00:00+00:00,H
3208,ZONE1,2025-05-14 16:00:00+00:00,2025-05-14 17:00:00+00:00,H
3209,ZONE1,2025-05-14 17:00:00+00:00,2025-05-14 18:00:00+00:00,H
3210,ZONE1,2025-05-14 18:00:00+00:00,2025-05-14 19:00:00+00:00,H
3211,ZONE1,2025-05-14 19:00:00+00:00,2025-05-14 20:00:00+00:00,H
3212,ZONE1,2025-05-14 20:00:00+00:00,2025-05-14 21:00:00+00:00,H
3213,ZONE1,2025-05-14 21:00:00+00:00,2025-05-14 22:00:00+00:00,H
3214,ZONE1,2025-05-14 22:00:00+00:00,2025-05-14 23:00:00+00:00,H
3215,ZONE1,2025-05-14 23:00:00+00:00,2025-05-15 00:00:00+00:00,H
3216,ZONE1,2025-05-15 00:00:00+00:00,2025-05-15 01:00:00+00:00,H
3217,ZONE1,2025-05-15 01:00:00+00:00,2025-05-15 02:00:00+00:00,H
3218,ZONE1,2025-05-15 02:00:00+00:00,2025-05-15 03:00:00+00:00,H
3219,ZONE1,2025-05-15 03:00:00+00:00,2025-05-15 04:00:00+00:00,H
3220,ZONE1,2025-05-15 04:00:00+00:00,2025-05-15 05:00:00+00:00,H
3221,ZONE1,2025-05-15 05:00:00+00:00,2025-05-15 06:00:00+00:00,H
3222,ZONE1,2025-05-15 06:00:00+00:00,2025-05-15 07:00:00+00:00,H
3223,ZONE1,2025-05-15 07:00:00+00:00,2025-05-15 08:00:00+00:00,H
3224,ZONE1,2025-05-15 08:00:00+00:00,2025-05-15 09:00:00+00:00,H
3225,ZONE1,2025-05-15 09:00:00+00:00,2025-05-15 10:00:00+00:00,H
3226,ZONE1,2025-05-15 10:00:00+00:00,2025-05-15 11:00:00+00:00,H
3227,ZONE1,2025-05-15 11:00:00+00:00,2025-05-15 12:00:00+00:00,H
3228,ZONE1,2025-05-15 12:00:00+00:00,2025-05-15 13:00:00+00:00,H
3229,ZONE1,2025-05-15 13:00:00+00:00,2025-05-15 14:00:00+00:00,H
3230,ZONE1,2025-05-15 14:00:00+00:00,2025-05-15 15:00:00+00:00,H
3231,ZONE1,2025-05-15 15:00:00+00:00,2025-05-15 16:00:00+00:00,H
3232,ZONE1,2025-05-15 16:00:00+00:00,2025-05-15 17:00:00+00:00,H
3233,ZONE1,2025-05-15 17:00:00+00:00,2025-05-15 18:00:00+00:00,H
3234,ZONE1,2025-05-15 18:00:00+00:00,2025-05-15 19:00:00+00:00,H
3235,ZONE1,2025-05-15 19:00:00+00:00,2025-05-15 20:00:00+00:00,H
3236,ZONE1,2025-05-15 20:00:00+00:00,2025-05-15 21:00:00+00:00,H
3237,ZONE1,2025-05-15 21:00:00+00:00,2025-05-15 22:00:00+00:00,H
3238,ZONE1,2025-05-15 22:00:00+00:00,2025-05-15 23:00:00+00:00,H
3239,ZONE1,2025-05-15 23:00:00+00:00,2025-05-16 00:00:00+00:00,H
3240,ZONE1,2025-05-16 00:00:00+00:00,2025-05-16 01:00:00+00:00,H
3241,ZONE1,2025-05-16 01:00:00+00:00,2025-05-16 02:00:00+00:00,H
3242,ZONE1,2025-05-16 02:00:00+00:00,2025-05-16 03:00:00+00:00,H
3243,ZONE1,2025-05-16 03:00:00+00:00,2025-05-16 04:00:00+00:00,H
3244,ZONE1,2025-05-16 04:00:00+00:00,2025-05-16 05:00:00+00:00,H
3245,ZONE1,2025-05-16 05:00:00+00:00,2025-05-16 06:00:00+00:00,H
3246,ZONE1,2025-05-16 06:00:00+00:00,2025-05-16 07:00:00+00:00,H
3247,ZONE1,2025-05-16 07:00:00+00:00,2025-05-16 08:00:00+00:00,H
3248,ZONE1,2025-05-16 08:00:00+00:00,2025-05-16 09:00:00+00:00,H
3249,ZONE1,2025-05-16 09:00:00+00:00,2025-05-16 10:00:00+00:00,H
3250,ZONE1,2025-05-16 10:00:00+00:00,2025-05-16 11:00:00+00:00,H
3251,ZONE1,2025-05-16 11:00:00+00:00,2025-05-16 12:00:00+00:00,H
3252,ZONE1,2025-05-16 12:00:00+00:00,2025-05-16 13:00:00+00:00,H
3253,ZONE1,2025-05-16 13:00:00+00:00,2025-05-16 14:00:00+00:00,H
3254,ZONE1,2025-05-16 14:00:00+00:00,2025-05-16 15:00:00+00:00,H
3255,ZONE1,2025-05-16 15:00:00+00:00,2025-05-16 16:00:00+00:00,H
3256,ZONE1,2025-05-16 16:00:00+00:00,2025-05-16 17:00:00+00:00,H
3257,ZONE1,2025-05-16 17:00:00+00:00,2025-05-16 18:00:00+00:00,H
3258,ZONE1,2025-05-16 18:00:00+00:00,2025-05-16 19:00:00+00:00,H
3259,ZONE1,2025-05-16 19:00:00+00:00,2025-05-16 20:00:00+00:00,H
3260,ZONE1,2025-05-16 20:00:00+00:00,2025-05-16 21:00:00+00:00,H
3261,ZONE1,2025-05-16 21:00:00+00:00,2025-05-16 22:00:00+00:00,H
3262,ZONE1,2025-05-16 22:00:00+00:00,2025-05-16 23:00:00+00:00,H
3263,ZONE1,2025-05-16 23:00:00+00:00,2025-05-17 00:00:00+00:00,H
3264,ZONE1,2025-05-17 00:00:00+00:00,2025-05-17 01:00:00+00:00,H
3265,ZONE1,2025-05-17 01:00:00+00:00,2025-05-17 02:00:00+00:00,H
3266,ZONE1,2025-05-17 02:00:00+00:00,2025-05-17 03:00:00+00:00,H
3267,ZONE1,2025-05-17 03:00:00+00:00,2025-05-17 04:00:00+00:00,H
3268,ZONE1,2025-05-17 04:00:00+00:00,2025-05-17 05:00:00+00:00,H
3269,ZONE1,2025-05-17 05:00:00+00:00,2025-05-17 06:00:00+00:00,H
3270,ZONE1,2025-05-17 06:00:00+00:00,2025-05-17 07:00:00+00:00,H
3271,ZONE1,2025-05-17 07:00:00+00:00,2025-05-17 08:00:00+00:00,H
3272,ZONE1,2025-05-17 08:00:00+00:00,2025-05-17 09:00:00+00:00,H
3273,ZONE1,2025-05-17 09:00:00+00:00,2025-05-17 10:00:00+00:00,H
3274,ZONE1,2025-05-17 10:00:00+00:00,2025-05-17 11:00:00+00:00,H
3275,ZONE1,2025-05-17 11:00:00+00:00,2025-05-17 12:00:00+00:00,H
3276,ZONE1,2025-05-17 12:00:00+00:00,2025-05-17 13:00:00+00:00,H
3277,ZONE1,2025-05-17 13:00:00+00:00,2025-05-17 14:00:00+00:00,H
3278,ZONE1,2025-05-17 14:00:00+00:00,2025-05-17 15:00:00+00:00,H
3279,ZONE1,2025-05-17 15:00:00+00:00,2025-05-17 16:00:00+00:00,H
3280,ZONE1,2025-05-17 16:00:00+00:00,2025-05-17 17:00:00+00:00,H
3281,ZONE1,2025-05-17 17:00:00+00:00,2025-05-17 18:00:00+00:00,H
3282,ZONE1,2025-05-17 18:00:00+00:00,2025-05-17 19:00:00+00:00,H
3283,ZONE1,2025-05-17 19:00:00+00:00,2025-05-17 20:00:00+00:00,H
3284,ZONE1,2025-05-17 20:00:00+00:00,2025-05-17 21:00:00+00:00,H
3285,ZONE1,2025-05-17 21:00:00+00:00,2025-05-17 22:00:00+00:00,H
3286,ZONE1,2025-05-17 22:00:00+00:00,2025-05-17 23:00:00+00:00,H
3287,ZONE1,2025-05-17 23:00:00+00:00,2025-05-18 00:00:00+00:00,H
3288,ZONE1,2025-05-18 00:00:00+00:00,2025-05-18 01:00:00+00:00,H
3289,ZONE1,2025-05-18 01:00:00+00:00,2025-05-18 02:00:00+00:00,H
3290,ZONE1,2025-05-18 02:00:00+00:00,2025-05-18 03:00:00+00:00,H
3291,ZONE1,2025-05-18 03:00:00+00:00,2025-05-18 04:00:00+00:00,H
3292,ZONE1,2025-05-18 04:00:00+00:00,2025-05-18 05:00:00+00:00,H
3293,ZONE1,2025-05-18 05:00:00+00:00,2025-05-18 06:00:00+00:00,H
3294,ZONE1,2025-05-18 06:00:00+00:00,2025-05-18 07:00:00+00:00,H
3295,ZONE1,2025-05-18 07:00:00+00:00,2025-05-18 08:00:00+00:00,H
3296,ZONE1,2025-05-18 08:00:00+00:00,2025-05-18 09:00:00+00:00,H
3297,ZONE1,2025-05-18 09:00:00+00:00,2025-05-18 10:00:00+00:00,H
3298,ZONE1,2025-05-18 10:00:00+00:00,2025-05-18 11:00:00+00:00,H
3299,ZONE1,2025-05-18 11:00:00+00:00,2025-05-18 12:00:00+00:00,H
3300,ZONE1,2025-05-18 12:00:00+00:00,2025-05-18 13:00:00+00:00,H
3301,ZONE1,2025-05-18 13:00:00+00:00,2025-05-18 14:00:00+00:00,H
3302,ZONE1,2025-05-18 14:00:00+00:00,2025-05-18 15:00:00+00:00,H
3303,ZONE1,2025-05-18 15:00:00+00:00,2025-05-18 16:00:00+00:00,H
3304,ZONE1,2025-05-18 16:00:00+00:00,2025-05-18 17:00:00+00:00,H
3305,ZONE1,2025-05-18 17:00:00+00:00,2025-05-18 18:00:00+00:00,H
3306,ZONE1,2025-05-18 18:00:00+00:00,2025-05-18 19:00:00+00:00,H
3307,ZONE1,2025-05-18 19:00:00+00:00,2025-05-18 20:00:00+00:00,H
3308,ZONE1,2025-05-18 20:00:00+00:00,2025-05-18 21:00:00+00:00,H
3309,ZONE1,2025-05-18 21:00:00+00:00,2025-05-18 22:00:00+00:00,H
3310,ZONE1,2025-05-18 22:00:00+00:00,2025-05-18 23:00:00+00:00,H
3311,ZONE1,2025-05-18 23:00:00+00:00,2025-05-19 00:00:00+00:00,H
3312,ZONE1,2025-05-19 00:00:00+00:00,2025-05-19 01:00:00+00:00,H
3313,ZONE1,2025-05-19 01:00:00+00:00,2025-05-19 02:00:00+00:00,H
3314,ZONE1,2025-05-19 02:00:00+00:00,2025-05-19 03:00:00+00:00,H
3315,ZONE1,2025-05-19 03:00:00+00:00,2025-05-19 04:00:00+00:00,H
3316,ZONE1,2025-05-19 04:00:00+00:00,2025-05-19 05:00:00+00:00,H
3317,ZONE1,2025-05-19 05:00:00+00:00,2025-05-19 06:00:00+00:00,H
3318,ZONE1,2025-05-19 06:00:00+00:00,2025-05-19 07:00:00+00:00,H
3319,ZONE1,2025-05-19 07:00:00+00:00,2025-05-19 08:00:00+00:00,H
3320,ZONE1,2025-05-19 08:00:00+00:00,2025-05-19 09:00:00+00:00,H
3321,ZONE1,2025-05-19 09:00:00+00:00,2025-05-19 10:00:00+00:00,H
3322,ZONE1,2025-05-19 10:00:00+00:00,2025-05-19 11:00:00+00:00,H
3323,ZONE1,2025-05-19 11:00:00+00:00,2025-05-19 12:00:00+00:00,H
3324,ZONE1,2025-05-19 12:00:00+00:00,2025-05-19 13:00:00+00:00,H
3325,ZONE1,2025-05-19 13:00:00+00:00,2025-05-19 14:00:00+00:00,H
3326,ZONE1,2025-05-19 14:00:00+00:00,2025-05-19 15:00:00+00:00,H
3327,ZONE1,2025-05-19 15:00:00+00:00,2025-05-19 16:00:00+00:00,H
3328,ZONE1,2025-05-19 16:00:00+00:00,2025-05-19 17:00:00+00:00,H
3329,ZONE1,2025-05-19 17:00:00+00:00,2025-05-19 18:00:00+00:00,H
3330,ZONE1,2025-05-19 18:00:00+00:00,2025-05-19 19:00:00+00:00,H
3331,ZONE1,2025-05-19 19:00:00+00:00,2025-05-19 20:00:00+00:00,H
3332,ZONE1,2025-05-19 20:00:00+00:00,2025-05-19 21:00:00+00:00,H
3333,ZONE1,2025-05-19 21:00:00+00:00,2025-05-19 22:00:00+00:00,H
3334,ZONE1,2025-05-19 22:00:00+00:00,2025-05-19 23:00:00+00:00,H
3335,ZONE1,2025-05-19 23:00:00+00:00,2025-05-20 00:00:00+00:00,H
3336,ZONE1,2025-05-20 00:00:00+00:00,2025-05-20 01:00:00+00:00,H
3337,ZONE1,2025-05-20 01:00:00+00:00,2025-05-20 02:00:00+00:00,H
3338,ZONE1,2025-05-20 02:00:00+00:00,2025-05-20 03:00:00+00:00,H
3339,ZONE1,2025-05-20 03:00:00+00:00,2025-05-20 04:00:00+00:00,H
3340,ZONE1,2025-05-20 04:00:00+00:00,2025-05-20 05:00:00+00:00,H
3341,ZONE1,2025-05-20 05:00:00+00:00,2025-05-20 06:00:00+00:00,H
3342,ZONE1,2025-05-20 06:00:00+00:00,2025-05-20 07:00:00+00:00,H
3343,ZONE1,2025-05-20 07:00:00+00:00,2025-05-20 08:00:00+00:00,H
3344,ZONE1,2025-05-20 08:00:00+00:00,2025-05-20 09:00:00+00:00,H
3345,ZONE1,2025-05-20 09:00:00+00:00,2025-05-20 10:00:00+00:00,H
3346,ZONE1,2025-05-20 10:00:00+00:00,2025-05-20 11:00:00+00:00,H
3347,ZONE1,2025-05-20 11:00:00+00:00,2025-05-20 12:00:00+00:00,H
3348,ZONE1,2025-05-20 12:00:00+00:00,2025-05-20 13:00:00+00:00,H
3349,ZONE1,2025-05-20 13:00:00+00:00,2025-05-20 14:00:00+00:00,H
3350,ZONE1,2025-05-20 14:00:00+00:00,2025-05-20 15:00:00+00:00,H
3351,ZONE1,2025-05-20 15:00:00+00:00,2025-05-20 16:00:00+00:00,H
3352,ZONE1,2025-05-20 16:00:00+00:00,2025-05-20 17:00:00+00:00,H
3353,ZONE1,2025-05-20 17:00:00+00:00,2025-05-20 18:00:00+00:00,H
3354,ZONE1,2025-05-20 18:00:00+00:00,2025-05-20 19:00:00+00:00,H
3355,ZONE1,2025-05-20 19:00:00+00:00,2025-05-20 20:00:00+00:00,H
3356,ZONE1,2025-05-20 20:00:00+00:00,2025-05-20 21:00:00+00:00,H
3357,ZONE1,2025-05-20 21:00:00+00:00,2025-05-20 22:00:00+00:00,H
3358,ZONE1,2025-05-20 22:00:00+00:00,2025-05-20 23:00:00+00:00,H
3359,ZONE1,2025-05-20 23:00:00+00:00,2025-05-21 00:00:00+00:00,H
3360,ZONE1,2025-05-21 00:00:00+00:00,2025-05-21 01:00:00+00:00,H
3361,ZONE1,2025-05-21 01:00:00+00:00,2025-05-21 02:00:00+00:00,H
3362,ZONE1,2025-05-21 02:00:00+00:00,2025-05-21 03:00:00+00:00,H
3363,ZONE1,2025-05-21 03:00:00+00:00,2025-05-21 04:00:00+00:00,H
3364,ZONE1,2025-05-21 04:00:00+00:00,2025-05-21 05:00:00+00:00,H
3365,ZONE1,2025-05-21 05:00:00+00:00,2025-05-21 06:00:00+00:00,H
3366,ZONE1,2025-05-21 06:00:00+00:00,2025-05-21 07:00:00+00:00,H
3367,ZONE1,2025-05-21 07:00:00+00:00,2025-05-21 08:00:00+00:00,H
3368,ZONE1,2025-05-21 08:00:00+00:00,2025-05-21 09:00:00+00:00,H
3369,ZONE1,2025-05-21 09:00:00+00:00,2025-05-21 10:00:00+00:00,H
3370,ZONE1,2025-05-21 10:00:00+00:00,2025-05-21 11:00:00+00:00,H
3371,ZONE1,2025-05-21 11:00:00+00:00,2025-05-21 12:00:00+00:00,H
3372,ZONE1,2025-05-21 12:00:00+00:00,2025-05-21 13:00:00+00:00,H
3373,ZONE1,2025-05-21 13:00:00+00:00,2025-05-21 14:00:00+00:00,H
3374,ZONE1,2025-05-21 14:00:00+00:00,2025-05-21 15:00:00+00:00,H
3375,ZONE1,2025-05-21 15:00:00+00:00,2025-05-21 16:00:00+00:00,H
3376,ZONE1,2025-05-21 16:00:00+00:00,2025-05-21 17:00:00+00:00,H
3377,ZONE1,2025-05-21 17:00:00+00:00,2025-05-21 18:00:00+00:00,H
3378,ZONE1,2025-05-21 18:00:00+00:00,2025-05-21 19:00:00+00:00,H
3379,ZONE1,2025-05-21 19:00:00+00:00,2025-05-21 20:00:00+00:00,H
3380,ZONE1,2025-05-21 20:00:00+00:00,2025-05-21 21:00:00+00:00,H
3381,ZONE1,2025-05-21 21:00:00+00:00,2025-05-21 22:00:00+00:00,H
3382,ZONE1,2025-05-21 22:00:00+00:00,2025-05-21 23:00:00+00:00,H
3383,ZONE1,2025-05-21 23:00:00+00:00,2025-05-22 00:00:00+00:00,H
3384,ZONE1,2025-05-22 00:00:00+00:00,2025-05-22 01:00:00+00:00,H
3385,ZONE1,2025-05-22 01:00:00+00:00,2025-05-22 02:00:00+00:00,H
3386,ZONE1,2025-05-22 02:00:00+00:00,2025-05-22 03:00:00+00:00,H
3387,ZONE1,2025-05-22 03:00:00+00:00,2025-05-22 04:00:00+00:00,H
3388,ZONE1,2025-05-22 04:00:00+00:00,2025-05-22 05:00:00+00:00,H
3389,ZONE1,2025-05-22 05:00:00+00:00,2025-05-22 06:00:00+00:00,H
3390,ZONE1,2025-05-22 06:00:00+00:00,2025-05-22 07:00:00+00:00,H
3391,ZONE1,2025-05-22 07:00:00+00:00,2025-05-22 08:00:00+00:00,H
3392,ZONE1,2025-05-22 08:00:00+00:00,2025-05-22 09:00:00+00:00,H
3393,ZONE1,2025-05-22 09:00:00+00:00,2025-05-22 10:00:00+00:00,H
3394,ZONE1,2025-05-22 10:00:00+00:00,2025-05-22 11:00:00+00:00,H
3395,ZONE1,2025-05-22 11:00:00+00:00,2025-05-22 12:00:00+00:00,H
3396,ZONE1,2025-05-22 12:00:00+00:00,2025-05-22 13:00:00+00:00,H
3397,ZONE1,2025-05-22 13:00:00+00:00,2025-05-22 14:00:00+00:00,H
3398,ZONE1,2025-05-22 14:00:00+00:00,2025-05-22 15:00:00+00:00,H
3399,ZONE1,2025-05-22 15:00:00+00:00,2025-05-22 16:00:00+00:00,H
3400,ZONE1,2025-05-22 16:00:00+00:00,2025-05-22 17:00:00+00:00,H
3401,ZONE1,2025-05-22 17:00:00+00:00,2025-05-22 18:00:00+00:00,H
3402,ZONE1,2025-05-22 18:00:00+00:00,2025-05-22 19:00:00+00:00,H
3403,ZONE1,2025-05-22 19:00:00+00:00,2025-05-22 20:00:00+00:00,H
3404,ZONE1,2025-05-22 20:00:00+00:00,2025-05-22 21:00:00+00:00,H
3405,ZONE1,2025-05-22 21:00:00+00:00,2025-05-22 22:00:00+00:00,H
3406,ZONE1,2025-05-22 22:00:00+00:00,2025-05-22 23:00:00+00:00,H
3407,ZONE1,2025-05-22 23:00:00+00:00,2025-05-23 00:00:00+00:00,H
3408,ZONE1,2025-05-23 00:00:00+00:00,2025-05-23 01:00:00+00:00,H
3409,ZONE1,2025-05-23 01:00:00+00:00,2025-05-23 02:00:00+00:00,H
3410,ZONE1,2025-05-23 02:00:00+00:00,2025-05-23 03:00:00+00:00,H
3411,ZONE1,2025-05-23 03:00:00+00:00,2025-05-23 04:00:00+00:00,H
3412,ZONE1,2025-05-23 04:00:00+00:00,2025-05-23 05:00:00+00:00,H
3413,ZONE1,2025-05-23 05:00:00+00:00,2025-05-23 06:00:00+00:00,H
3414,ZONE1,2025-05-23 06:00:00+00:00,2025-05-23 07:00:00+00:00,H
3415,ZONE1,2025-05-23 07:00:00+00:00,2025-05-23 08:00:00+00:00,H
3416,ZONE1,2025-05-23 08:00:00+00:00,2025-05-23 09:00:00+00:00,H
3417,ZONE1,2025-05-23 09:00:00+00:00,2025-05-23 10:00:00+00:00,H
3418,ZONE1,2025-05-23 10:00:00+00:00,2025-05-23 11:00:00+00:00,H
3419,ZONE1,2025-05-23 11:00:00+00:00,2025-05-23 12:00:00+00:00,H
3420,ZONE1,2025-05-23 12:00:00+00:00,2025-05-23 13:00:00+00:00,H
3421,ZONE1,2025-05-23 13:00:00+00:00,2025-05-23 14:00:00+00:00,H
3422,ZONE1,2025-05-23 14:00:00+00:00,2025-05-23 15:00:00+00:00,H
3423,ZONE1,2025-05-23 15:00:00+00:00,2025-05-23 16:00:00+00:00,H
3424,ZONE1,2025-05-23 16:00:00+00:00,2025-05-23 17:00:00+00:00,H
3425,ZONE1,2025-05-23 17:00:00+00:00,2025-05-23 18:00:00+00:00,H
3426,ZONE1,2025-05-23 18:00:00+00:00,2025-05-23 19:00:00+00:00,H
3427,ZONE1,2025-05-23 19:00:00+00:00,2025-05-23 20:00:00+00:00,H
3428,ZONE1,2025-05-23 20:00:00+00:00,2025-05-23 21:00:00+00:00,H
3429,ZONE1,2025-05-23 21:00:00+00:00,2025-05-23 22:00:00+00:00,H
3430,ZONE1,2025-05-23 22:00:00+00:00,2025-05-23 23:00:00+00:00,H
3431,ZONE1,2025-05-23 23:00:00+00:00,2025-05-24 00:00:00+00:00,H
3432,ZONE1,2025-05-24 00:00:00+00:00,2025-05-24 01:00:00+00:00,H
3433,ZONE1,2025-05-24 01:00:00+00:00,2025-05-24 02:00:00+00:00,H
3434,ZONE1,2025-05-24 02:00:00+00:00,2025-05-24 03:00:00+00:00,H
3435,ZONE1,2025-05-24 03:00:00+00:00,2025-05-24 04:00:00+00:00,H
3436,ZONE1,2025-05-24 04:00:00+00:00,2025-05-24 05:00:00+00:00,H
3437,ZONE1,2025-05-24 05:00:00+00:00,2025-05-24 06:00:00+00:00,H
3438,ZONE1,2025-05-24 06:00:00+00:00,2025-05-24 07:00:00+00:00,H
3439,ZONE1,2025-05-24 07:00:00+00:00,2025-05-24 08:00:00+00:00,H
3440,ZONE1,2025-05-24 08:00:00+00:00,2025-05-24 09:00:00+00:00,H
3441,ZONE1,2025-05-24 09:00:00+00:00,2025-05-24 10:00:00+00:00,H
3442,ZONE1,2025-05-24 10:00:00+00:00,2025-05-24 11:00:00+00:00,H
3443,ZONE1,2025-05-24 11:00:00+00:00,2025-05-24 12:00:00+00:00,H
3444,ZONE1,2025-05-24 12:00:00+00:00,2025-05-24 13:00:00+00:00,H
3445,ZONE1,2025-05-24 13:00:00+00:00,2025-05-24 14:00:00+00:00,H
3446,ZONE1,2025-05-24 14:00:00+00:00,2025-05-24 15:00:00+00:00,H
3447,ZONE1,2025-05-24 15:00:00+00:00,2025-05-24 16:00:00+00:00,H
3448,ZONE1,2025-05-24 16:00:00+00:00,2025-05-24 17:00:00+00:00,H
3449,ZONE1,2025-05-24 17:00:00+00:00,2025-05-24 18:00:00+00:00,H
3450,ZONE1,2025-05-24 18:00:00+00:00,2025-05-24 19:00:00+00:00,H
3451,ZONE1,2025-05-24 19:00:00+00:00,2025-05-24 20:00:00+00:00,H
3452,ZONE1,2025-05-24 20:00:00+00:00,2025-05-24 21:00:00+00:00,H
3453,ZONE1,2025-05-24 21:00:00+00:00,2025-05-24 22:00:00+00:00,H
3454,ZONE1,2025-05-24 22:00:00+00:00,2025-05-24 23:00:00+00:00,H
3455,ZONE1,2025-05-24 23:00:00+00:00,2025-05-25 00:00:00+00:00,H
3456,ZONE1,2025-05-25 00:00:00+00:00,2025-05-25 01:00:00+00:00,H
3457,ZONE1,2025-05-25 01:00:00+00:00,2025-05-25 02:00:00+00:00,H
3458,ZONE1,2025-05-25 02:00:00+00:00,2025-05-25 03:00:00+00:00,H
3459,ZONE1,2025-05-25 03:00:00+00:00,2025-05-25 04:00:00+00:00,H
3460,ZONE1,2025-05-25 04:00:00+00:00,2025-05-25 05:00:00+00:00,H
3461,ZONE1,2025-05-25 05:00:00+00:00,2025-05-25 06:00:00+00:00,H
3462,ZONE1,2025-05-25 06:00:00+00:00,2025-05-25 07:00:00+00:00,H
3463,ZONE1,2025-05-25 07:00:00+00:00,2025-05-25 08:00:00+00:00,H
3464,ZONE1,2025-05-25 08:00:00+00:00,2025-05-25 09:00:00+00:00,H
3465,ZONE1,2025-05-25 09:00:00+00:00,2025-05-25 10:00:00+00:00,H
3466,ZONE1,2025-05-25 10:00:00+00:00,2025-05-25 11:00:00+00:00,H
3467,ZONE1,2025-05-25 11:00:00+00:00,2025-05-25 12:00:00+00:00,H
3468,ZONE1,2025-05-25 12:00:00+00:00,2025-05-25 13:00:00+00:00,H
3469,ZONE1,2025-05-25 13:00:00+00:00,2025-05-25 14:00:00+00:00,H
3470,ZONE1,2025-05-25 14:00:00+00:00,2025-05-25 15:00:00+00:00,H
3471,ZONE1,2025-05-25 15:00:00+00:00,2025-05-25 16:00:00+00:00,H
3472,ZONE1,2025-05-25 16:00:00+00:00,2025-05-25 17:00:00+00:00,H
3473,ZONE1,2025-05-25 17:00:00+00:00,2025-05-25 18:00:00+00:00,H
3474,ZONE1,2025-05-25 18:00:00+00:00,2025-05-25 19:00:00+00:00,H
3475,ZONE1,2025-05-25 19:00:00+00:00,2025-05-25 20:00:00+00:00,H
3476,ZONE1,2025-05-25 20:00:00+00:00,2025-05-25 21:00:00+00:00,H
3477,ZONE1,2025-05-25 21:00:00+00:00,2025-05-25 22:00:00+00:00,H
3478,ZONE1,2025-05-25 22:00:00+00:00,2025-05-25 23:00:00+00:00,H
3479,ZONE1,2025-05-25 23:00:00+00:00,2025-05-26 00:00:00+00:00,H
3480,ZONE1,2025-05-26 00:00:00+00:00,2025-05-26 01:00:00+00:00,H
3481,ZONE1,2025-05-26 01:00:00+00:00,2025-05-26 02:00:00+00:00,H
3482,ZONE1,2025-05-26 02:00:00+00:00,2025-05-26 03:00:00+00:00,H
3483,ZONE1,2025-05-26 03:00:00+00:00,2025-05-26 04:00:00+00:00,H
3484,ZONE1,2025-05-26 04:00:00+00:00,2025-05-26 05:00:00+00:00,H
3485,ZONE1,2025-05-26 05:00:00+00:00,2025-05-26 06:00:00+00:00,H
3486,ZONE1,2025-05-26 06:00:00+00:00,2025-05-26 07:00:00+00:00,H
3487,ZONE1,2025-05-26 07:00:00+00:00,2025-05-26 08:00:00+00:00,H
3488,ZONE1,2025-05-26 08:00:00+00:00,2025-05-26 09:00:00+00:00,H
3489,ZONE1,2025-05-26 09:00:00+00:00,2025-05-26 10:00:00+00:00,H
3490,ZONE1,2025-05-26 10:00:00+00:00,2025-05-26 11:00:00+00:00,H
3491,ZONE1,2025-05-26 11:00:00+00:00,2025-05-26 12:00:00+00:00,H
3492,ZONE1,2025-05-26 12:00:00+00:00,2025-05-26 13:00:00+00:00,H
3493,ZONE1,2025-05-26 13:00:00+00:00,2025-05-26 14:00:00+00:00,H
3494,ZONE1,2025-05-26 14:00:00+00:00,2025-05-26 15:00:00+00:00,H
3495,ZONE1,2025-05-26 15:00:00+00:00,2025-05-26 16:00:00+00:00,H
3496,ZONE1,2025-05-26 16:00:00+00:00,2025-05-26 17:00:00+00:00,H
3497,ZONE1,2025-05-26 17:00:00+00:00,2025-05-26 18:00:00+00:00,H
3498,ZONE1,2025-05-26 18:00:00+00:00,2025-05-26 19:00:00+00:00,H
3499,ZONE1,2025-05-26 19:00:00+00:00,2025-05-26 20:00:00+00:00,H
3500,ZONE1,2025-05-26 20:00:00+00:00,2025-05-26 21:00:00+00:00,H
3501,ZONE1,2025-05-26 21:00:00+00:00,2025-05-26 22:00:00+00:00,H
3502,ZONE1,2025-05-26 22:00:00+00:00,2025-05-26 23:00:00+00:00,H
3503,ZONE1,2025-05-26 23:00:00+00:00,2025-05-27 00:00:00+00:00,H
3504,ZONE1,2025-05-27 00:00:00+00:00,2025-05-27 01:00:00+00:00,H
3505,ZONE1,2025-05-27 01:00:00+00:00,2025-05-27 02:00:00+00:00,H
3506,ZONE1,2025-05-27 02:00:00+00:00,2025-05-27 03:00:00+00:00,H
3507,ZONE1,2025-05-27 03:00:00+00:00,2025-05-27 04:00:00+00:00,H
3508,ZONE1,2025-05-27 04:00:00+00:00,2025-05-27 05:00:00+00:00,H
3509,ZONE1,2025-05-27 05:00:00+00:00,2025-05-27 06:00:00+00:00,H
3510,ZONE1,2025-05-27 06:00:00+00:00,2025-05-27 07:00:00+00:00,H
3511,ZONE1,2025-05-27 07:00:00+00:00,2025-05-27 08:00:00+00:00,H
3512,ZONE1,2025-05-27 08:00:00+00:00,2025-05-27 09:00:00+00:00,H
3513,ZONE1,2025-05-27 09:00:00+00:00,2025-05-27 10:00:00+00:00,H
3514,ZONE1,2025-05-27 10:00:00+00:00,2025-05-27 11:00:00+00:00,H
3515,ZONE1,2025-05-27 11:00:00+00:00,2025-05-27 12:00:00+00:00,H
3516,ZONE1,2025-05-27 12:00:00+00:00,2025-05-27 13:00:00+00:00,H
3517,ZONE1,2025-05-27 13:00:00+00:00,2025-05-27 14:00:00+00:00,H
3518,ZONE1,2025-05-27 14:00:00+00:00,2025-05-27 15:00:00+00:00,H
3519,ZONE1,2025-05-27 15:00:00+00:00,2025-05-27 16:00:00+00:00,H
3520,ZONE1,2025-05-27 16:00:00+00:00,2025-05-27 17:00:00+00:00,H
3521,ZONE1,2025-05-27 17:00:00+00:00,2025-05-27 18:00:00+00:00,H
3522,ZONE1,2025-05-27 18:00:00+00:00,2025-05-27 19:00:00+00:00,H
3523,ZONE1,2025-05-27 19:00:00+00:00,2025-05-27 20:00:00+00:00,H
3524,ZONE1,2025-05-27 20:00:00+00:00,2025-05-27 21:00:00+00:00,H
3525,ZONE1,2025-05-27 21:00:00+00:00,2025-05-27 22:00:00+00:00,H
3526,ZONE1,2025-05-27 22:00:00+00:00,2025-05-27 23:00:00+00:00,H
3527,ZONE1,2025-05-27 23:00:00+00:00,2025-05-28 00:00:00+00:00,H
3528,ZONE1,2025-05-28 00:00:00+00:00,2025-05-28 01:00:00+00:00,H
3529,ZONE1,2025-05-28 01:00:00+00:00,2025-05-28 02:00:00+00:00,H
3530,ZONE1,2025-05-28 02:00:00+00:00,2025-05-28 03:00:00+00:00,H
3531,ZONE1,2025-05-28 03:00:00+00:00,2025-05-28 04:00:00+00:00,H
3532,ZONE1,2025-05-28 04:00:00+00:00,2025-05-28 05:00:00+00:00,H
3533,ZONE1,2025-05-28 05:00:00+00:00,2025-05-28 06:00:00+00:00,H
3534,ZONE1,2025-05-28 06:00:00+00:00,2025-05-28 07:00:00+00:00,H
3535,ZONE1,2025-05-28 07:00:00+00:00,2025-05-28 08:00:00+00:00,H
3536,ZONE1,2025-05-28 08:00:00+00:00,2025-05-28 09:00:00+00:00,H
3537,ZONE1,2025-05-28 09:00:00+00:00,2025-05-28 10:00:00+00:00,H
3538,ZONE1,2025-05-28 10:00:00+00:00,2025-05-28 11:00:00+00:00,H
3539,ZONE1,2025-05-28 11:00:00+00:00,2025-05-28 12:00:00+00:00,H
3540,ZONE1,2025-05-28 12:00:00+00:00,2025-05-28 13:00:00+00:00,H
3541,ZONE1,2025-05-28 13:00:00+00:00,2025-05-28 14:00:00+00:00,H
3542,ZONE1,2025-05-28 14:00:00+00:00,2025-05-28 15:00:00+00:00,H
3543,ZONE1,2025-05-28 15:00:00+00:00,2025-05-28 16:00:00+00:00,H
3544,ZONE1,2025-05-28 16:00:00+00:00,2025-05-28 17:00:00+00:00,H
3545,ZONE1,2025-05-28 17:00:00+00:00,2025-05-28 18:00:00+00:00,H
3546,ZONE1,2025-05-28 18:00:00+00:00,2025-05-28 19:00:00+00:00,H
3547,ZONE1,2025-05-28 19:00:00+00:00,2025-05-28 20:00:00+00:00,H
3548,ZONE1,2025-05-28 20:00:00+00:00,2025-05-28 21:00:00+00:00,H
3549,ZONE1,2025-05-28 21:00:00+00:00,2025-05-28 22:00:00+00:00,H
3550,ZONE1,2025-05-28 22:00:00+00:00,2025-05-28 23:00:00+00:00,H
3551,ZONE1,2025-05-28 23:00:00+00:00,2025-05-29 00:00:00+00:00,H
3552,ZONE1,2025-05-29 00:00:00+00:00,2025-05-29 01:00:00+00:00,H
3553,ZONE1,2025-05-29 01:00:00+00:00,2025-05-29 02:00:00+00:00,H
3554,ZONE1,2025-05-29 02:00:00+00:00,2025-05-29 03:00:00+00:00,H
3555,ZONE1,2025-05-29 03:00:00+00:00,2025-05-29 04:00:00+00:00,H
3556,ZONE1,2025-05-29 04:00:00+00:00,2025-05-29 05:00:00+00:00,H
3557,ZONE1,2025-05-29 05:00:00+00:00,2025-05-29 06:00:00+00:00,H
3558,ZONE1,2025-05-29 06:00:00+00:00,2025-05-29 07:00:00+00:00,H
3559,ZONE1,2025-05-29 07:00:00+00:00,2025-05-29 08:00:00+00:00,H
3560,ZONE1,2025-05-29 08:00:00+00:00,2025-05-29 09:00:00+00:00,H
3561,ZONE1,2025-05-29 09:00:00+00:00,2025-05-29 10:00:00+00:00,H
3562,ZONE1,2025-05-29 10:00:00+00:00,2025-05-29 11:00:00+00:00,H
3563,ZONE1,2025-05-29 11:00:00+00:00,2025-05-29 12:00:00+00:00,H
3564,ZONE1,2025-05-29 12:00:00+00:00,2025-05-29 13:00:00+00:00,H
3565,ZONE1,2025-05-29 13:00:00+00:00,2025-05-29 14:00:00+00:00,H
3566,ZONE1,2025-05-29 14:00:00+00:00,2025-05-29 15:00:00+00:00,H
3567,ZONE1,2025-05-29 15:00:00+00:00,2025-05-29 16:00:00+00:00,H
3568,ZONE1,2025-05-29 16:00:00+00:00,2025-05-29 17:00:00+00:00,H
3569,ZONE1,2025-05-29 17:00:00+00:00,2025-05-29 18:00:00+00:00,H
3570,ZONE1,2025-05-29 18:00:00+00:00,2025-05-29 19:00:00+00:00,H
3571,ZONE1,2025-05-29 19:00:00+00:00,2025-05-29 20:00:00+00:00,H
3572,ZONE1,2025-05-29 20:00:00+00:00,2025-05-29 21:00:00+00:00,H
3573,ZONE1,2025-05-29 21:00:00+00:00,2025-05-29 22:00:00+00:00,H
3574,ZONE1,2025-05-29 22:00:00+00:00,2025-05-29 23:00:00+00:00,H
3575,ZONE1,2025-05-29 23:00:00+00:00,2025-05-30 00:00:00+00:00,H
3576,ZONE1,2025-05-30 00:00:00+00:00,2025-05-30 01:00:00+00:00,H
3577,ZONE1,2025-05-30 01:00:00+00:00,2025-05-30 02:00:00+00:00,H
3578,ZONE1,2025-05-30 02:00:00+00:00,2025-05-30 03:00:00+00:00,H
3579,ZONE1,2025-05-30 03:00:00+00:00,2025-05-30 04:00:00+00:00,H
3580,ZONE1,2025-05-30 04:00:00+00:00,2025-05-30 05:00:00+00:00,H
3581,ZONE1,2025-05-30 05:00:00+00:00,2025-05-30 06:00:00+00:00,H
3582,ZONE1,2025-05-30 06:00:00+00:00,2025-05-30 07:00:00+00:00,H
3583,ZONE1,2025-05-30 07:00:00+00:00,2025-05-30 08:00:00+00:00,H
3584,ZONE1,2025-05-30 08:00:00+00:00,2025-05-30 09:00:00+00:00,H
3585,ZONE1,2025-05-30 09:00:00+00:00,2025-05-30 10:00:00+00:00,H
3586,ZONE1,2025-05-30 10:00:00+00:00,2025-05-30 11:00:00+00:00,H
3587,ZONE1,2025-05-30 11:00:00+00:00,2025-05-30 12:00:00+00:00,H
3588,ZONE1,2025-05-30 12:00:00+00:00,2025-05-30 13:00:00+00:00,H
3589,ZONE1,2025-05-30 13:00:00+00:00,2025-05-30 14:00:00+00:00,H
3590,ZONE1,2025-05-30 14:00:00+00:00,2025-05-30 15:00:00+00:00,H
3591,ZONE1,2025-05-30 15:00:00+00:00,2025-05-30 16:00:00+00:00,H
3592,ZONE1,2025-05-30 16:00:00+00:00,2025-05-30 17:00:00+00:00,H
3593,ZONE1,2025-05-30 17:00:00+00:00,2025-05-30 18:00:00+00:00,H
3594,ZONE1,2025-05-30 18:00:00+00:00,2025-05-30 19:00:00+00:00,H
3595,ZONE1,2025-05-30 19:00:00+00:00,2025-05-30 20:00:00+00:00,H
3596,ZONE1,2025-05-30 20:00:00+00:00,2025-05-30 21:00:00+00:00,H
3597,ZONE1,2025-05-30 21:00:00+00:00,2025-05-30 22:00:00+00:00,H
3598,ZONE1,2025-05-30 22:00:00+00:00,2025-05-30 23:00:00+00:00,H
3599,ZONE1,2025-05-30 23:00:00+00:00,2025-05-31 00:00:00+00:00,H
3600,ZONE1,2025-05-31 00:00:00+00:00,2025-05-31 01:00:00+00:00,H
3601,ZONE1,2025-05-31 01:00:00+00:00,2025-05-31 02:00:00+00:00,H
3602,ZONE1,2025-05-31 02:00:00+00:00,2025-05-31 03:00:00+00:00,H
3603,ZONE1,2025-05-31 03:00:00+00:00,2025-05-31 04:00:00+00:00,H
3604,ZONE1,2025-05-31 04:00:00+00:00,2025-05-31 05:00:00+00:00,H
3605,ZONE1,2025-05-31 05:00:00+00:00,2025-05-31 06:00:00+00:00,H
3606,ZONE1,2025-05-31 06:00:00+00:00,2025-05-31 07:00:00+00:00,H
3607,ZONE1,2025-05-31 07:00:00+00:00,2025-05-31 08:00:00+00:00,H
3608,ZONE1,2025-05-31 08:00:00+00:00,2025-05-31 09:00:00+00:00,H
3609,ZONE1,2025-05-31 09:00:00+00:00,2025-05-31 10:00:00+00:00,H
3610,ZONE1,2025-05-31 10:00:00+00:00,2025-05-31 11:00:00+00:00,H
3611,ZONE1,2025-05-31 11:00:00+00:00,2025-05-31 12:00:00+00:00,H
3612,ZONE1,2025-05-31 12:00:00+00:00,2025-05-31 13:00:00+00:00,H
3613,ZONE1,2025-05-31 13:00:00+00:00,2025-05-31 14:00:00+00:00,H
3614,ZONE1,2025-05-31 14:00:00+00:00,2025-05-31 15:00:00+00:00,H
3615,ZONE1,2025-05-31 15:00:00+00:00,2025-05-31 16:00:00+00:00,H
3616,ZONE1,2025-05-31 16:00:00+00:00,2025-05-31 17:00:00+00:00,H
3617,ZONE1,2025-05-31 17:00:00+00:00,2025-05-31 18:00:00+00:00,H
3618,ZONE1,2025-05-31 18:00:00+00:00,2025-05-31 19:00:00+00:00,H
3619,ZONE1,2025-05-31 19:00:00+00:00,2025-05-31 20:00:00+00:00,H
3620,ZONE1,2025-05-31 20:00:00+00:00,2025-05-31 21:00:00+00:00,H
3621,ZONE1,2025-05-31 21:00:00+00:00,2025-05-31 22:00:00+00:00,H
3622,ZONE1,2025-05-31 22:00:00+00:00,2025-05-31 23:00:00+00:00,H
3623,ZONE1,2025-05-31 23:00:00+00:00,2025-06-01 00:00:00+00:00,H
3624,ZONE1,2025-06-01 00:00:00+00:00,2025-06-01 01:00:00+00:00,H
3625,ZONE1,2025-06-01 01:00:00+00:00,2025-06-01 02:00:00+00:00,H
3626,ZONE1,2025-06-01 02:00:00+00:00,2025-06-01 03:00:00+00:00,H
3627,ZONE1,2025-06-01 03:00:00+00:00,2025-06-01 04:00:00+00:00,H
3628,ZONE1,2025-06-01 04:00:00+00:00,2025-06-01 05:00:00+00:00,H
3629,ZONE1,2025-06-01 05:00:00+00:00,2025-06-01 06:00:00+00:00,H
3630,ZONE1,2025-06-01 06:00:00+00:00,2025-06-01 07:00:00+00:00,H
3631,ZONE1,2025-06-01 07:00:00+00:00,2025-06-01 08:00:00+00:00,H
3632,ZONE1,2025-06-01 08:00:00+00:00,2025-06-01 09:00:00+00:00,H
3633,ZONE1,2025-06-01 09:00:00+00:00,2025-06-01 10:00:00+00:00,H
3634,ZONE1,2025-06-01 10:00:00+00:00,2025-06-01 11:00:00+00:00,H
3635,ZONE1,2025-06-01 11:00:00+00:00,2025-06-01 12:00:00+00:00,H
3636,ZONE1,2025-06-01 12:00:00+00:00,2025-06-01 13:00:00+00:00,H
3637,ZONE1,2025-06-01 13:00:00+00:00,2025-06-01 14:00:00+00:00,H
3638,ZONE1,2025-06-01 14:00:00+00:00,2025-06-01 15:00:00+00:00,H
3639,ZONE1,2025-06-01 15:00:00+00:00,2025-06-01 16:00:00+00:00,H
3640,ZONE1,2025-06-01 16:00:00+00:00,2025-06-01 17:00:00+00:00,H
3641,ZONE1,2025-06-01 17:00:00+00:00,2025-06-01 18:00:00+00:00,H
3642,ZONE1,2025-06-01 18:00:00+00:00,2025-06-01 19:00:00+00:00,H
3643,ZONE1,2025-06-01 19:00:00+00:00,2025-06-01 20:00:00+00:00,H
3644,ZONE1,2025-06-01 20:00:00+00:00,2025-06-01 21:00:00+00:00,H
3645,ZONE1,2025-06-01 21:00:00+00:00,2025-06-01 22:00:00+00:00,H
3646,ZONE1,2025-06-01 22:00:00+00:00,2025-06-01 23:00:00+00:00,H
3647,ZONE1,2025-06-01 23:00:00+00:00,2025-06-02 00:00:00+00:00,H
3648,ZONE1,2025-06-02 00:00:00+00:00,2025-06-02 01:00:00+00:00,H
3649,ZONE1,2025-06-02 01:00:00+00:00,2025-06-02 02:00:00+00:00,H
3650,ZONE1,2025-06-02 02:00:00+00:00,2025-06-02 03:00:00+00:00,H
3651,ZONE1,2025-06-02 03:00:00+00:00,2025-06-02 04:00:00+00:00,H
3652,ZONE1,2025-06-02 04:00:00+00:00,2025-06-02 05:00:00+00:00,H
3653,ZONE1,2025-06-02 05:00:00+00:00,2025-06-02 06:00:00+00:00,H
3654,ZONE1,2025-06-02 06:00:00+00:00,2025-06-02 07:00:00+00:00,H
3655,ZONE1,2025-06-02 07:00:00+00:00,2025-06-02 08:00:00+00:00,H
3656,ZONE1,2025-06-02 08:00:00+00:00,2025-06-02 09:00:00+00:00,H
3657,ZONE1,2025-06-02 09:00:00+00:00,2025-06-02 10:00:00+00:00,H
3658,ZONE1,2025-06-02 10:00:00+00:00,2025-06-02 11:00:00+00:00,H
3659,ZONE1,2025-06-02 11:00:00+00:00,2025-06-02 12:00:00+00:00,H
3660,ZONE1,2025-06-02 12:00:00+00:00,2025-06-02 13:00:00+00:00,H
3661,ZONE1,2025-06-02 13:00:00+00:00,2025-06-02 14:00:00+00:00,H
3662,ZONE1,2025-06-02 14:00:00+00:00,2025-06-02 15:00:00+00:00,H
3663,ZONE1,2025-06-02 15:00:00+00:00,2025-06-02 16:00:00+00:00,H
3664,ZONE1,2025-06-02 16:00:00+00:00,2025-06-02 17:00:00+00:00,H
3665,ZONE1,2025-06-02 17:00:00+00:00,2025-06-02 18:00:00+00:00,H
3666,ZONE1,2025-06-02 18:00:00+00:00,2025-06-02 19:00:00+00:00,H
3667,ZONE1,2025-06-02 19:00:00+00:00,2025-06-02 20:00:00+00:00,H
3668,ZONE1,2025-06-02 20:00:00+00:00,2025-06-02 21:00:00+00:00,H
3669,ZONE1,2025-06-02 21:00:00+00:00,2025-06-02 22:00:00+00:00,H
3670,ZONE1,2025-06-02 22:00:00+00:00,2025-06-02 23:00:00+00:00,H
3671,ZONE1,2025-06-02 23:00:00+00:00,2025-06-03 00:00:00+00:00,H
3672,ZONE1,2025-06-03 00:00:00+00:00,2025-06-03 01:00:00+00:00,H
3673,ZONE1,2025-06-03 01:00:00+00:00,2025-06-03 02:00:00+00:00,H
3674,ZONE1,2025-06-03 02:00:00+00:00,2025-06-03 03:00:00+00:00,H
3675,ZONE1,2025-06-03 03:00:00+00:00,2025-06-03 04:00:00+00:00,H
3676,ZONE1,2025-06-03 04:00:00+00:00,2025-06-03 05:00:00+00:00,H
3677,ZONE1,2025-06-03 05:00:00+00:00,2025-06-03 06:00:00+00:00,H
3678,ZONE1,2025-06-03 06:00:00+00:00,2025-06-03 07:00:00+00:00,H
3679,ZONE1,2025-06-03 07:00:00+00:00,2025-06-03 08:00:00+00:00,H
3680,ZONE1,2025-06-03 08:00:00+00:00,2025-06-03 09:00:00+00:00,H
3681,ZONE1,2025-06-03 09:00:00+00:00,2025-06-03 10:00:00+00:00,H
3682,ZONE1,2025-06-03 10:00:00+00:00,2025-06-03 11:00:00+00:00,H
3683,ZONE1,2025-06-03 11:00:00+00:00,2025-06-03 12:00:00+00:00,H
3684,ZONE1,2025-06-03 12:00:00+00:00,2025-06-03 13:00:00+00:00,H
3685,ZONE1,2025-06-03 13:00:00+00:00,2025-06-03 14:00:00+00:00,H
3686,ZONE1,2025-06-03 14:00:00+00:00,2025-06-03 15:00:00+00:00,H
3687,ZONE1,2025-06-03 15:00:00+00:00,2025-06-03 16:00:00+00:00,H
3688,ZONE1,2025-06-03 16:00:00+00:00,2025-06-03 17:00:00+00:00,H
3689,ZONE1,2025-06-03 17:00:00+00:00,2025-06-03 18:00:00+00:00,H
3690,ZONE1,2025-06-03 18:00:00+00:00,2025-06-03 19:00:00+00:00,H
3691,ZONE1,2025-06-03 19:00:00+00:00,2025-06-03 20:00:00+00:00,H
3692,ZONE1,2025-06-03 20:00:00+00:00,2025-06-03 21:00:00+00:00,H
3693,ZONE1,2025-06-03 21:00:00+00:00,2025-06-03 22:00:00+00:00,H
3694,ZONE1,2025-06-03 22:00:00+00:00,2025-06-03 23:00:00+00:00,H
3695,ZONE1,2025-06-03 23:00:00+00:00,2025-06-04 00:00:00+00:00,H
3696,ZONE1,2025-06-04 00:00:00+00:00,2025-06-04 01:00:00+00:00,H
3697,ZONE1,2025-06-04 01:00:00+00:00,2025-06-04 02:00:00+00:00,H
3698,ZONE1,2025-06-04 02:00:00+00:00,2025-06-04 03:00:00+00:00,H
3699,ZONE1,2025-06-04 03:00:00+00:00,2025-06-04 04:00:00+00:00,H
3700,ZONE1,2025-06-04 04:00:00+00:00,2025-06-04 05:00:00+00:00,H
3701,ZONE1,2025-06-04 05:00:00+00:00,2025-06-04 06:00:00+00:00,H
3702,ZONE1,2025-06-04 06:00:00+00:00,2025-06-04 07:00:00+00:00,H
3703,ZONE1,2025-06-04 07:00:00+00:00,2025-06-04 08:00:00+00:00,H
3704,ZONE1,2025-06-04 08:00:00+00:00,2025-06-04 09:00:00+00:00,H
3705,ZONE1,2025-06-04 09:00:00+00:00,2025-06-04 10:00:00+00:00,H
3706,ZONE1,2025-06-04 10:00:00+00:00,2025-06-04 11:00:00+00:00,H
3707,ZONE1,2025-06-04 11:00:00+00:00,2025-06-04 12:00:00+00:00,H
3708,ZONE1,2025-06-04 12:00:00+00:00,2025-06-04 13:00:00+00:00,H
3709,ZONE1,2025-06-04 13:00:00+00:00,2025-06-04 14:00:00+00:00,H
3710,ZONE1,2025-06-04 14:00:00+00:00,2025-06-04 15:00:00+00:00,H
3711,ZONE1,2025-06-04 15:00:00+00:00,2025-06-04 16:00:00+00:00,H
3712,ZONE1,2025-06-04 16:00:00+00:00,2025-06-04 17:00:00+00:00,H
3713,ZONE1,2025-06-04 17:00:00+00:00,2025-06-04 18:00:00+00:00,H
3714,ZONE1,2025-06-04 18:00:00+00:00,2025-06-04 19:00:00+00:00,H
3715,ZONE1,2025-06-04 19:00:00+00:00,2025-06-04 20:00:00+00:00,H
3716,ZONE1,2025-06-04 20:00:00+00:00,2025-06-04 21:00:00+00:00,H
3717,ZONE1,2025-06-04 21:00:00+00:00,2025-06-04 22:00:00+00:00,H
3718,ZONE1,2025-06-04 22:00:00+00:00,2025-06-04 23:00:00+00:00,H
3719,ZONE1,2025-06-04 23:00:00+00:00,2025-06-05 00:00:00+00:00,H
3720,ZONE1,2025-06-05 00:00:00+00:00,2025-06-05 01:00:00+00:00,H
3721,ZONE1,2025-06-05 01:00:00+00:00,2025-06-05 02:00:00+00:00,H
3722,ZONE1,2025-06-05 02:00:00+00:00,2025-06-05 03:00:00+00:00,H
3723,ZONE1,2025-06-05 03:00:00+00:00,2025-06-05 04:00:00+00:00,H
3724,ZONE1,2025-06-05 04:00:00+00:00,2025-06-05 05:00:00+00:00,H
3725,ZONE1,2025-06-05 05:00:00+00:00,2025-06-05 06:00:00+00:00,H
3726,ZONE1,2025-06-05 06:00:00+00:00,2025-06-05 07:00:00+00:00,H
3727,ZONE1,2025-06-05 07:00:00+00:00,2025-06-05 08:00:00+00:00,H
3728,ZONE1,2025-06-05 08:00:00+00:00,2025-06-05 09:00:00+00:00,H
3729,ZONE1,2025-06-05 09:00:00+00:00,2025-06-05 10:00:00+00:00,H
3730,ZONE1,2025-06-05 10:00:00+00:00,2025-06-05 11:00:00+00:00,H
3731,ZONE1,2025-06-05 11:00:00+00:00,2025-06-05 12:00:00+00:00,H
3732,ZONE1,2025-06-05 12:00:00+00:00,2025-06-05 13:00:00+00:00,H
3733,ZONE1,2025-06-05 13:00:00+00:00,2025-06-05 14:00:00+00:00,H
3734,ZONE1,2025-06-05 14:00:00+00:00,2025-06-05 15:00:00+00:00,H
3735,ZONE1,2025-06-05 15:00:00+00:00,2025-06-05 16:00:00+00:00,H
3736,ZONE1,2025-06-05 16:00:00+00:00,2025-06-05 17:00:00+00:00,H
3737,ZONE1,2025-06-05 17:00:00+00:00,2025-06-05 18:00:00+00:00,H
3738,ZONE1,2025-06-05 18:00:00+00:00,2025-06-05 19:00:00+00:00,H
3739,ZONE1,2025-06-05 19:00:00+00:00,2025-06-05 20:00:00+00:00,H
3740,ZONE1,2025-06-05 20:00:00+00:00,2025-06-05 21:00:00+00:00,H
3741,ZONE1,2025-06-05 21:00:00+00:00,2025-06-05 22:00:00+00:00,H
3742,ZONE1,2025-06-05 22:00:00+00:00,2025-06-05 23:00:00+00:00,H
3743,ZONE1,2025-06-05 23:00:00+00:00,2025-06-06 00:00:00+00:00,H
3744,ZONE1,2025-06-06 00:00:00+00:00,2025-06-06 01:00:00+00:00,H
3745,ZONE1,2025-06-06 01:00:00+00:00,2025-06-06 02:00:00+00:00,H
3746,ZONE1,2025-06-06 02:00:00+00:00,2025-06-06 03:00:00+00:00,H
3747,ZONE1,2025-06-06 03:00:00+00:00,2025-06-06 04:00:00+00:00,H
3748,ZONE1,2025-06-06 04:00:00+00:00,2025-06-06 05:00:00+00:00,H
3749,ZONE1,2025-06-06 05:00:00+00:00,2025-06-06 06:00:00+00:00,H
3750,ZONE1,2025-06-06 06:00:00+00:00,2025-06-06 07:00:00+00:00,H
3751,ZONE1,2025-06-06 07:00:00+00:00,2025-06-06 08:00:00+00:00,H
3752,ZONE1,2025-06-06 08:00:00+00:00,2025-06-06 09:00:00+00:00,H
3753,ZONE1,2025-06-06 09:00:00+00:00,2025-06-06 10:00:00+00:00,H
3754,ZONE1,2025-06-06 10:00:00+00:00,2025-06-06 11:00:00+00:00,H
3755,ZONE1,2025-06-06 11:00:00+00:00,2025-06-06 12:00:00+00:00,H
3756,ZONE1,2025-06-06 12:00:00+00:00,2025-06-06 13:00:00+00:00,H
3757,ZONE1,2025-06-06 13:00:00+00:00,2025-06-06 14:00:00+00:00,H
3758,ZONE1,2025-06-06 14:00:00+00:00,2025-06-06 15:00:00+00:00,H
3759,ZONE1,2025-06-06 15:00:00+00:00,2025-06-06 16:00:00+00:00,H
3760,ZONE1,2025-06-06 16:00:00+00:00,2025-06-06 17:00:00+00:00,H
3761,ZONE1,2025-06-06 17:00:00+00:00,2025-06-06 18:00:00+00:00,H
3762,ZONE1,2025-06-06 18:00:00+00:00,2025-06-06 19:00:00+00:00,H
3763,ZONE1,2025-06-06 19:00:00+00:00,2025-06-06 20:00:00+00:00,H
3764,ZONE1,2025-06-06 20:00:00+00:00,2025-06-06 21:00:00+00:00,H
3765,ZONE1,2025-06-06 21:00:00+00:00,2025-06-06 22:00:00+00:00,H
3766,ZONE1,2025-06-06 22:00:00+00:00,2025-06-06 23:00:00+00:00,H
3767,ZONE1,2025-06-06 23:00:00+00:00,2025-06-07 00:00:00+00:00,H
3768,ZONE1,2025-06-07 00:00:00+00:00,2025-06-07 01:00:00+00:00,H
3769,ZONE1,2025-06-07 01:00:00+00:00,2025-06-07 02:00:00+00:00,H
3770,ZONE1,2025-06-07 02:00:00+00:00,2025-06-07 03:00:00+00:00,H
3771,ZONE1,2025-06-07 03:00:00+00:00,2025-06-07 04:00:00+00:00,H
3772,ZONE1,2025-06-07 04:00:00+00:00,2025-06-07 05:00:00+00:00,H
3773,ZONE1,2025-06-07 05:00:00+00:00,2025-06-07 06:00:00+00:00,H
3774,ZONE1,2025-06-07 06:00:00+00:00,2025-06-07 07:00:00+00:00,H
3775,ZONE1,2025-06-07 07:00:00+00:00,2025-06-07 08:00:00+00:00,H
3776,ZONE1,2025-06-07 08:00:00+00:00,2025-06-07 09:00:00+00:00,H
3777,ZONE1,2025-06-07 09:00:00+00:00,2025-06-07 10:00:00+00:00,H
3778,ZONE1,2025-06-07 10:00:00+00:00,2025-06-07 11:00:00+00:00,H
3779,ZONE1,2025-06-07 11:00:00+00:00,2025-06-07 12:00:00+00:00,H
3780,ZONE1,2025-06-07 12:00:00+00:00,2025-06-07 13:00:00+00:00,H
3781,ZONE1,2025-06-07 13:00:00+00:00,2025-06-07 14:00:00+00:00,H
3782,ZONE1,2025-06-07 14:00:00+00:00,2025-06-07 15:00:00+00:00,H
3783,ZONE1,2025-06-07 15:00:00+00:00,2025-06-07 16:00:00+00:00,H
3784,ZONE1,2025-06-07 16:00:00+00:00,2025-06-07 17:00:00+00:00,H
3785,ZONE1,2025-06-07 17:00:00+00:00,2025-06-07 18:00:00+00:00,H
3786,ZONE1,2025-06-07 18:00:00+00:00,2025-06-07 19:00:00+00:00,H
3787,ZONE1,2025-06-07 19:00:00+00:00,2025-06-07 20:00:00+00:00,H
3788,ZONE1,2025-06-07 20:00:00+00:00,2025-06-07 21:00:00+00:00,H
3789,ZONE1,2025-06-07 21:00:00+00:00,2025-06-07 22:00:00+00:00,H
3790,ZONE1,2025-06-07 22:00:00+00:00,2025-06-07 23:00:00+00:00,H
3791,ZONE1,2025-06-07 23:00:00+00:00,2025-06-08 00:00:00+00:00,H
3792,ZONE1,2025-06-08 00:00:00+00:00,2025-06-08 01:00:00+00:00,H
3793,ZONE1,2025-06-08 01:00:00+00:00,2025-06-08 02:00:00+00:00,H
3794,ZONE1,2025-06-08 02:00:00+00:00,2025-06-08 03:00:00+00:00,H
3795,ZONE1,2025-06-08 03:00:00+00:00,2025-06-08 04:00:00+00:00,H
3796,ZONE1,2025-06-08 04:00:00+00:00,2025-06-08 05:00:00+00:00,H
3797,ZONE1,2025-06-08 05:00:00+00:00,2025-06-08 06:00:00+00:00,H
3798,ZONE1,2025-06-08 06:00:00+00:00,2025-06-08 07:00:00+00:00,H
3799,ZONE1,2025-06-08 07:00:00+00:00,2025-06-08 08:00:00+00:00,H
3800,ZONE1,2025-06-08 08:00:00+00:00,2025-06-08 09:00:00+00:00,H
3801,ZONE1,2025-06-08 09:00:00+00:00,2025-06-08 10:00:00+00:00,H
3802,ZONE1,2025-06-08 10:00:00+00:00,2025-06-08 11:00:00+00:00,H
3803,ZONE1,2025-06-08 11:00:00+00:00,2025-06-08 12:00:00+00:00,H
3804,ZONE1,2025-06-08 12:00:00+00:00,2025-06-08 13:00:00+00:00,H
3805,ZONE1,2025-06-08 13:00:00+00:00,2025-06-08 14:00:00+00:00,H
3806,ZONE1,2025-06-08 14:00:00+00:00,2025-06-08 15:00:00+00:00,H
3807,ZONE1,2025-06-08 15:00:00+00:00,2025-06-08 16:00:00+00:00,H
3808,ZONE1,2025-06-08 16:00:00+00:00,2025-06-08 17:00:00+00:00,H
3809,ZONE1,2025-06-08 17:00:00+00:00,2025-06-08 18:00:00+00:00,H
3810,ZONE1,2025-06-08 18:00:00+00:00,2025-06-08 19:00:00+00:00,H
3811,ZONE1,2025-06-08 19:00:00+00:00,2025-06-08 20:00:00+00:00,H
3812,ZONE1,2025-06-08 20:00:00+00:00,2025-06-08 21:00:00+00:00,H
3813,ZONE1,2025-06-08 21:00:00+00:00,2025-06-08 22:00:00+00:00,H
3814,ZONE1,2025-06-08 22:00:00+00:00,2025-06-08 23:00:00+00:00,H
3815,ZONE1,2025-06-08 23:00:00+00:00,2025-06-09 00:00:00+00:00,H
3816,ZONE1,2025-06-09 00:00:00+00:00,2025-06-09 01:00:00+00:00,H
3817,ZONE1,2025-06-09 01:00:00+00:00,2025-06-09 02:00:00+00:00,H
3818,ZONE1,2025-06-09 02:00:00+00:00,2025-06-09 03:00:00+00:00,H
3819,ZONE1,2025-06-09 03:00:00+00:00,2025-06-09 04:00:00+00:00,H
3820,ZONE1,2025-06-09 04:00:00+00:00,2025-06-09 05:00:00+00:00,H
3821,ZONE1,2025-06-09 05:00:00+00:00,2025-06-09 06:00:00+00:00,H
3822,ZONE1,2025-06-09 06:00:00+00:00,2025-06-09 07:00:00+00:00,H
3823,ZONE1,2025-06-09 07:00:00+00:00,2025-06-09 08:00:00+00:00,H
3824,ZONE1,2025-06-09 08:00:00+00:00,2025-06-09 09:00:00+00:00,H
3825,ZONE1,2025-06-09 09:00:00+00:00,2025-06-09 10:00:00+00:00,H
3826,ZONE1,2025-06-09 10:00:00+00:00,2025-06-09 11:00:00+00:00,H
3827,ZONE1,2025-06-09 11:00:00+00:00,2025-06-09 12:00:00+00:00,H
3828,ZONE1,2025-06-09 12:00:00+00:00,2025-06-09 13:00:00+00:00,H
3829,ZONE1,2025-06-09 13:00:00+00:00,2025-06-09 14:00:00+00:00,H
3830,ZONE1,2025-06-09 14:00:00+00:00,2025-06-09 15:00:00+00:00,H
3831,ZONE1,2025-06-09 15:00:00+00:00,2025-06-09 16:00:00+00:00,H
3832,ZONE1,2025-06-09 16:00:00+00:00,2025-06-09 17:00:00+00:00,H
3833,ZONE1,2025-06-09 17:00:00+00:00,2025-06-09 18:00:00+00:00,H
3834,ZONE1,2025-06-09 18:00:00+00:00,2025-06-09 19:00:00+00:00,H
3835,ZONE1,2025-06-09 19:00:00+00:00,2025-06-09 20:00:00+00:00,H
3836,ZONE1,2025-06-09 20:00:00+00:00,2025-06-09 21:00:00+00:00,H
3837,ZONE1,2025-06-09 21:00:00+00:00,2025-06-09 22:00:00+00:00,H
3838,ZONE1,2025-06-09 22:00:00+00:00,2025-06-09 23:00:00+00:00,H
3839,ZONE1,2025-06-09 23:00:00+00:00,2025-06-10 00:00:00+00:00,H
3840,ZONE1,2025-06-10 00:00:00+00:00,2025-06-10 01:00:00+00:00,H
3841,ZONE1,2025-06-10 01:00:00+00:00,2025-06-10 02:00:00+00:00,H
3842,ZONE1,2025-06-10 02:00:00+00:00,2025-06-10 03:00:00+00:00,H
3843,ZONE1,2025-06-10 03:00:00+00:00,2025-06-10 04:00:00+00:00,H
3844,ZONE1,2025-06-10 04:00:00+00:00,2025-06-10 05:00:00+00:00,H
3845,ZONE1,2025-06-10 05:00:00+00:00,2025-06-10 06:00:00+00:00,H
3846,ZONE1,2025-06-10 06:00:00+00:00,2025-06-10 07:00:00+00:00,H
3847,ZONE1,2025-06-10 07:00:00+00:00,2025-06-10 08:00:00+00:00,H
3848,ZONE1,2025-06-10 08:00:00+00:00,2025-06-10 09:00:00+00:00,H
3849,ZONE1,2025-06-10 09:00:00+00:00,2025-06-10 10:00:00+00:00,H
3850,ZONE1,2025-06-10 10:00:00+00:00,2025-06-10 11:00:00+00:00,H
3851,ZONE1,2025-06-10 11:00:00+00:00,2025-06-10 12:00:00+00:00,H
3852,ZONE1,2025-06-10 12:00:00+00:00,2025-06-10 13:00:00+00:00,H
3853,ZONE1,2025-06-10 13:00:00+00:00,2025-06-10 14:00:00+00:00,H
3854,ZONE1,2025-06-10 14:00:00+00:00,2025-06-10 15:00:00+00:00,H
3855,ZONE1,2025-06-10 15:00:00+00:00,2025-06-10 16:00:00+00:00,H
3856,ZONE1,2025-06-10 16:00:00+00:00,2025-06-10 17:00:00+00:00,H
3857,ZONE1,2025-06-10 17:00:00+00:00,2025-06-10 18:00:00+00:00,H
3858,ZONE1,2025-06-10 18:00:00+00:00,2025-06-10 19:00:00+00:00,H
3859,ZONE1,2025-06-10 19:00:00+00:00,2025-06-10 20:00:00+00:00,H
3860,ZONE1,2025-06-10 20:00:00+00:00,2025-06-10 21:00:00+00:00,H
3861,ZONE1,2025-06-10 21:00:00+00:00,2025-06-10 22:00:00+00:00,H
3862,ZONE1,2025-06-10 22:00:00+00:00,2025-06-10 23:00:00+00:00,H
3863,ZONE1,2025-06-10 23:00:00+00:00,2025-06-11 00:00:00+00:00,H
3864,ZONE1,2025-06-11 00:00:00+00:00,2025-06-11 01:00:00+00:00,H
3865,ZONE1,2025-06-11 01:00:00+00:00,2025-06-11 02:00:00+00:00,H
3866,ZONE1,2025-06-11 02:00:00+00:00,2025-06-11 03:00:00+00:00,H
3867,ZONE1,2025-06-11 03:00:00+00:00,2025-06-11 04:00:00+00:00,H
3868,ZONE1,2025-06-11 04:00:00+00:00,2025-06-11 05:00:00+00:00,H
3869,ZONE1,2025-06-11 05:00:00+00:00,2025-06-11 06:00:00+00:00,H
3870,ZONE1,2025-06-11 06:00:00+00:00,2025-06-11 07:00:00+00:00,H
3871,ZONE1,2025-06-11 07:00:00+00:00,2025-06-11 08:00:00+00:00,H
3872,ZONE1,2025-06-11 08:00:00+00:00,2025-06-11 09:00:00+00:00,H
3873,ZONE1,2025-06-11 09:00:00+00:00,2025-06-11 10:00:00+00:00,H
3874,ZONE1,2025-06-11 10:00:00+00:00,2025-06-11 11:00:00+00:00,H
3875,ZONE1,2025-06-11 11:00:00+00:00,2025-06-11 12:00:00+00:00,H
3876,ZONE1,2025-06-11 12:00:00+00:00,2025-06-11 13:00:00+00:00,H
3877,ZONE1,2025-06-11 13:00:00+00:00,2025-06-11 14:00:00+00:00,H
3878,ZONE1,2025-06-11 14:00:00+00:00,2025-06-11 15:00:00+00:00,H
3879,ZONE1,2025-06-11 15:00:00+00:00,2025-06-11 16:00:00+00:00,H
3880,ZONE1,2025-06-11 16:00:00+00:00,2025-06-11 17:00:00+00:00,H
3881,ZONE1,2025-06-11 17:00:00+00:00,2025-06-11 18:00:00+00:00,H
3882,ZONE1,2025-06-11 18:00:00+00:00,2025-06-11 19:00:00+00:00,H
3883,ZONE1,2025-06-11 19:00:00+00:00,2025-06-11 20:00:00+00:00,H
3884,ZONE1,2025-06-11 20:00:00+00:00,2025-06-11 21:00:00+00:00,H
3885,ZONE1,2025-06-11 21:00:00+00:00,2025-06-11 22:00:00+00:00,H
3886,ZONE1,2025-06-11 22:00:00+00:00,2025-06-11 23:00:00+00:00,H
3887,ZONE1,2025-06-11 23:00:00+00:00,2025-06-12 00:00:00+00:00,H
3888,ZONE1,2025-06-12 00:00:00+00:00,2025-06-12 01:00:00+00:00,H
3889,ZONE1,2025-06-12 01:00:00+00:00,2025-06-12 02:00:00+00:00,H
3890,ZONE1,2025-06-12 02:00:00+00:00,2025-06-12 03:00:00+00:00,H
3891,ZONE1,2025-06-12 03:00:00+00:00,2025-06-12 04:00:00+00:00,H
3892,ZONE1,2025-06-12 04:00:00+00:00,2025-06-12 05:00:00+00:00,H
3893,ZONE1,2025-06-12 05:00:00+00:00,2025-06-12 06:00:00+00:00,H
3894,ZONE1,2025-06-12 06:00:00+00:00,2025-06-12 07:00:00+00:00,H
3895,ZONE1,2025-06-12 07:00:00+00:00,2025-06-12 08:00:00+00:00,H
3896,ZONE1,2025-06-12 08:00:00+00:00,2025-06-12 09:00:00+00:00,H
3897,ZONE1,2025-06-12 09:00:00+00:00,2025-06-12 10:00:00+00:00,H
3898,ZONE1,2025-06-12 10:00:00+00:00,2025-06-12 11:00:00+00:00,H
3899,ZONE1,2025-06-12 11:00:00+00:00,2025-06-12 12:00:00+00:00,H
3900,ZONE1,2025-06-12 12:00:00+00:00,2025-06-12 13:00:00+00:00,H
3901,ZONE1,2025-06-12 13:00:00+00:00,2025-06-12 14:00:00+00:00,H
3902,ZONE1,2025-06-12 14:00:00+00:00,2025-06-12 15:00:00+00:00,H
3903,ZONE1,2025-06-12 15:00:00+00:00,2025-06-12 16:00:00+00:00,H
3904,ZONE1,2025-06-12 16:00:00+00:00,2025-06-12 17:00:00+00:00,H
3905,ZONE1,2025-06-12 17:00:00+00:00,2025-06-12 18:00:00+00:00,H
3906,ZONE1,2025-06-12 18:00:00+00:00,2025-06-12 19:00:00+00:00,H
3907,ZONE1,2025-06-12 19:00:00+00:00,2025-06-12 20:00:00+00:00,H
3908,ZONE1,2025-06-12 20:00:00+00:00,2025-06-12 21:00:00+00:00,H
3909,ZONE1,2025-06-12 21:00:00+00:00,2025-06-12 22:00:00+00:00,H
3910,ZONE1,2025-06-12 22:00:00+00:00,2025-06-12 23:00:00+00:00,H
3911,ZONE1,2025-06-12 23:00:00+00:00,2025-06-13 00:00:00+00:00,H
3912,ZONE1,2025-06-13 00:00:00+00:00,2025-06-13 01:00:00+00:00,H
3913,ZONE1,2025-06-13 01:00:00+00:00,2025-06-13 02:00:00+00:00,H
3914,ZONE1,2025-06-13 02:00:00+00:00,2025-06-13 03:00:00+00:00,H
3915,ZONE1,2025-06-13 03:00:00+00:00,2025-06-13 04:00:00+00:00,H
3916,ZONE1,2025-06-13 04:00:00+00:00,2025-06-13 05:00:00+00:00,H
3917,ZONE1,2025-06-13 05:00:00+00:00,2025-06-13 06:00:00+00:00,H
3918,ZONE1,2025-06-13 06:00:00+00:00,2025-06-13 07:00:00+00:00,H
3919,ZONE1,2025-06-13 07:00:00+00:00,2025-06-13 08:00:00+00:00,H
3920,ZONE1,2025-06-13 08:00:00+00:00,2025-06-13 09:00:00+00:00,H
3921,ZONE1,2025-06-13 09:00:00+00:00,2025-06-13 10:00:00+00:00,H
3922,ZONE1,2025-06-13 10:00:00+00:00,2025-06-13 11:00:00+00:00,H
3923,ZONE1,2025-06-13 11:00:00+00:00,2025-06-13 12:00:00+00:00,H
3924,ZONE1,2025-06-13 12:00:00+00:00,2025-06-13 13:00:00+00:00,H
3925,ZONE1,2025-06-13 13:00:00+00:00,2025-06-13 14:00:00+00:00,H
3926,ZONE1,2025-06-13 14:00:00+00:00,2025-06-13 15:00:00+00:00,H
3927,ZONE1,2025-06-13 15:00:00+00:00,2025-06-13 16:00:00+00:00,H
3928,ZONE1,2025-06-13 16:00:00+00:00,2025-06-13 17:00:00+00:00,H
3929,ZONE1,2025-06-13 17:00:00+00:00,2025-06-13 18:00:00+00:00,H
3930,ZONE1,2025-06-13 18:00:00+00:00,2025-06-13 19:00:00+00:00,H
3931,ZONE1,2025-06-13 19:00:00+00:00,2025-06-13 20:00:00+00:00,H
3932,ZONE1,2025-06-13 20:00:00+00:00,2025-06-13 21:00:00+00:00,H
3933,ZONE1,2025-06-13 21:00:00+00:00,2025-06-13 22:00:00+00:00,H
3934,ZONE1,2025-06-13 22:00:00+00:00,2025-06-13 23:00:00+00:00,H
3935,ZONE1,2025-06-13 23:00:00+00:00,2025-06-14 00:00:00+00:00,H
3936,ZONE1,2025-06-14 00:00:00+00:00,2025-06-14 01:00:00+00:00,H
3937,ZONE1,2025-06-14 01:00:00+00:00,2025-06-14 02:00:00+00:00,H
3938,ZONE1,2025-06-14 02:00:00+00:00,2025-06-14 03:00:00+00:00,H
3939,ZONE1,2025-06-14 03:00:00+00:00,2025-06-14 04:00:00+00:00,H
3940,ZONE1,2025-06-14 04:00:00+00:00,2025-06-14 05:00:00+00:00,H
3941,ZONE1,2025-06-14 05:00:00+00:00,2025-06-14 06:00:00+00:00,H
3942,ZONE1,2025-06-14 06:00:00+00:00,2025-06-14 07:00:00+00:00,H
3943,ZONE1,2025-06-14 07:00:00+00:00,2025-06-14 08:00:00+00:00,H
3944,ZONE1,2025-06-14 08:00:00+00:00,2025-06-14 09:00:00+00:00,H
3945,ZONE1,2025-06-14 09:00:00+00:00,2025-06-14 10:00:00+00:00,H
3946,ZONE1,2025-06-14 10:00:00+00:00,2025-06-14 11:00:00+00:00,H
3947,ZONE1,2025-06-14 11:00:00+00:00,2025-06-14 12:00:00+00:00,H
3948,ZONE1,2025-06-14 12:00:00+00:00,2025-06-14 13:00:00+00:00,H
3949,ZONE1,2025-06-14 13:00:00+00:00,2025-06-14 14:00:00+00:00,H
3950,ZONE1,2025-06-14 14:00:00+00:00,2025-06-14 15:00:00+00:00,H
3951,ZONE1,2025-06-14 15:00:00+00:00,2025-06-14 16:00:00+00:00,H
3952,ZONE1,2025-06-14 16:00:00+00:00,2025-06-14 17:00:00+00:00,H
3953,ZONE1,2025-06-14 17:00:00+00:00,2025-06-14 18:00:00+00:00,H
3954,ZONE1,2025-06-14 18:00:00+00:00,2025-06-14 19:00:00+00:00,H
3955,ZONE1,2025-06-14 19:00:00+00:00,2025-06-14 20:00:00+00:00,H
3956,ZONE1,2025-06-14 20:00:00+00:00,2025-06-14 21:00:00+00:00,H
3957,ZONE1,2025-06-14 21:00:00+00:00,2025-06-14 22:00:00+00:00,H
3958,ZONE1,2025-06-14 22:00:00+00:00,2025-06-14 23:00:00+00:00,H
3959,ZONE1,2025-06-14 23:00:00+00:00,2025-06-15 00:00:00+00:00,H
3960,ZONE1,2025-06-15 00:00:00+00:00,2025-06-15 01:00:00+00:00,H
3961,ZONE1,2025-06-15 01:00:00+00:00,2025-06-15 02:00:00+00:00,H
3962,ZONE1,2025-06-15 02:00:00+00:00,2025-06-15 03:00:00+00:00,H
3963,ZONE1,2025-06-15 03:00:00+00:00,2025-06-15 04:00:00+00:00,H
3964,ZONE1,2025-06-15 04:00:00+00:00,2025-06-15 05:00:00+00:00,H
3965,ZONE1,2025-06-15 05:00:00+00:00,2025-06-15 06:00:00+00:00,H
3966,ZONE1,2025-06-15 06:00:00+00:00,2025-06-15 07:00:00+00:00,H
3967,ZONE1,2025-06-15 07:00:00+00:00,2025-06-15 08:00:00+00:00,H
3968,ZONE1,2025-06-15 08:00:00+00:00,2025-06-15 09:00:00+00:00,H
3969,ZONE1,2025-06-15 09:00:00+00:00,2025-06-15 10:00:00+00:00,H
3970,ZONE1,2025-06-15 10:00:00+00:00,2025-06-15 11:00:00+00:00,H
3971,ZONE1,2025-06-15 11:00:00+00:00,2025-06-15 12:00:00+00:00,H
3972,ZONE1,2025-06-15 12:00:00+00:00,2025-06-15 13:00:00+00:00,H
3973,ZONE1,2025-06-15 13:00:00+00:00,2025-06-15 14:00:00+00:00,H
3974,ZONE1,2025-06-15 14:00:00+00:00,2025-06-15 15:00:00+00:00,H
3975,ZONE1,2025-06-15 15:00:00+00:00,2025-06-15 16:00:00+00:00,H
3976,ZONE1,2025-06-15 16:00:00+00:00,2025-06-15 17:00:00+00:00,H
3977,ZONE1,2025-06-15 17:00:00+00:00,2025-06-15 18:00:00+00:00,H
3978,ZONE1,2025-06-15 18:00:00+00:00,2025-06-15 19:00:00+00:00,H
3979,ZONE1,2025-06-15 19:00:00+00:00,2025-06-15 20:00:00+00:00,H
3980,ZONE1,2025-06-15 20:00:00+00:00,2025-06-15 21:00:00+00:00,H
3981,ZONE1,2025-06-15 21:00:00+00:00,2025-06-15 22:00:00+00:00,H
3982,ZONE1,2025-06-15 22:00:00+00:00,2025-06-15 23:00:00+00:00,H
3983,ZONE1,2025-06-15 23:00:00+00:00,2025-06-16 00:00:00+00:00,H
3984,ZONE1,2025-06-16 00:00:00+00:00,2025-06-16 01:00:00+00:00,H
3985,ZONE1,2025-06-16 01:00:00+00:00,2025-06-16 02:00:00+00:00,H
3986,ZONE1,2025-06-16 02:00:00+00:00,2025-06-16 03:00:00+00:00,H
3987,ZONE1,2025-06-16 03:00:00+00:00,2025-06-16 04:00:00+00:00,H
3988,ZONE1,2025-06-16 04:00:00+00:00,2025-06-16 05:00:00+00:00,H
3989,ZONE1,2025-06-16 05:00:00+00:00,2025-06-16 06:00:00+00:00,H
3990,ZONE1,2025-06-16 06:00:00+00:00,2025-06-16 07:00:00+00:00,H
3991,ZONE1,2025-06-16 07:00:00+00:00,2025-06-16 08:00:00+00:00,H
3992,ZONE1,2025-06-16 08:00:00+00:00,2025-06-16 09:00:00+00:00,H
3993,ZONE1,2025-06-16 09:00:00+00:00,2025-06-16 10:00:00+00:00,H
3994,ZONE1,2025-06-16 10:00:00+00:00,2025-06-16 11:00:00+00:00,H
3995,ZONE1,2025-06-16 11:00:00+00:00,2025-06-16 12:00:00+00:00,H
3996,ZONE1,2025-06-16 12:00:00+00:00,2025-06-16 13:00:00+00:00,H
3997,ZONE1,2025-06-16 13:00:00+00:00,2025-06-16 14:00:00+00:00,H
3998,ZONE1,2025-06-16 14:00:00+00:00,2025-06-16 15:00:00+00:00,H
3999,ZONE1,2025-06-16 15:00:00+00:00,2025-06-16 16:00:00+00:00,H
4000,ZONE1,2025-06-16 16:00:00+00:00,2025-06-16 17:00:00+00:00,H
4001,ZONE1,2025-06-16 17:00:00+00:00,2025-06-16 18:00:00+00:00,H
4002,ZONE1,2025-06-16 18:00:00+00:00,2025-06-16 19:00:00+00:00,H
4003,ZONE1,2025-06-16 19:00:00+00:00,2025-06-16 20:00:00+00:00,H
4004,ZONE1,2025-06-16 20:00:00+00:00,2025-06-16 21:00:00+00:00,H
4005,ZONE1,2025-06-16 21:00:00+00:00,2025-06-16 22:00:00+00:00,H
4006,ZONE1,2025-06-16 22:00:00+00:00,2025-06-16 23:00:00+00:00,H
4007,ZONE1,2025-06-16 23:00:00+00:00,2025-06-17 00:00:00+00:00,H
4008,ZONE1,2025-06-17 00:00:00+00:00,2025-06-17 01:00:00+00:00,H
4009,ZONE1,2025-06-17 01:00:00+00:00,2025-06-17 02:00:00+00:00,H
4010,ZONE1,2025-06-17 02:00:00+00:00,2025-06-17 03:00:00+00:00,H
4011,ZONE1,2025-06-17 03:00:00+00:00,2025-06-17 04:00:00+00:00,H
4012,ZONE1,2025-06-17 04:00:00+00:00,2025-06-17 05:00:00+00:00,H
4013,ZONE1,2025-06-17 05:00:00+00:00,2025-06-17 06:00:00+00:00,H
4014,ZONE1,2025-06-17 06:00:00+00:00,2025-06-17 07:00:00+00:00,H
4015,ZONE1,2025-06-17 07:00:00+00:00,2025-06-17 08:00:00+00:00,H
4016,ZONE1,2025-06-17 08:00:00+00:00,2025-06-17 09:00:00+00:00,H
4017,ZONE1,2025-06-17 09:00:00+00:00,2025-06-17 10:00:00+00:00,H
4018,ZONE1,2025-06-17 10:00:00+00:00,2025-06-17 11:00:00+00:00,H
4019,ZONE1,2025-06-17 11:00:00+00:00,2025-06-17 12:00:00+00:00,H
4020,ZONE1,2025-06-17 12:00:00+00:00,2025-06-17 13:00:00+00:00,H
4021,ZONE1,2025-06-17 13:00:00+00:00,2025-06-17 14:00:00+00:00,H
4022,ZONE1,2025-06-17 14:00:00+00:00,2025-06-17 15:00:00+00:00,H
4023,ZONE1,2025-06-17 15:00:00+00:00,2025-06-17 16:00:00+00:00,H
4024,ZONE1,2025-06-17 16:00:00+00:00,2025-06-17 17:00:00+00:00,H
4025,ZONE1,2025-06-17 17:00:00+00:00,2025-06-17 18:00:00+00:00,H
4026,ZONE1,2025-06-17 18:00:00+00:00,2025-06-17 19:00:00+00:00,H
4027,ZONE1,2025-06-17 19:00:00+00:00,2025-06-17 20:00:00+00:00,H
4028,ZONE1,2025-06-17 20:00:00+00:00,2025-06-17 21:00:00+00:00,H
4029,ZONE1,2025-06-17 21:00:00+00:00,2025-06-17 22:00:00+00:00,H
4030,ZONE1,2025-06-17 22:00:00+00:00,2025-06-17 23:00:00+00:00,H
4031,ZONE1,2025-06-17 23:00:00+00:00,2025-06-18 00:00:00+00:00,H
4032,ZONE1,2025-06-18 00:00:00+00:00,2025-06-18 01:00:00+00:00,H
4033,ZONE1,2025-06-18 01:00:00+00:00,2025-06-18 02:00:00+00:00,H
4034,ZONE1,2025-06-18 02:00:00+00:00,2025-06-18 03:00:00+00:00,H
4035,ZONE1,2025-06-18 03:00:00+00:00,2025-06-18 04:00:00+00:00,H
4036,ZONE1,2025-06-18 04:00:00+00:00,2025-06-18 05:00:00+00:00,H
4037,ZONE1,2025-06-18 05:00:00+00:00,2025-06-18 06:00:00+00:00,H
4038,ZONE1,2025-06-18 06:00:00+00:00,2025-06-18 07:00:00+00:00,H
4039,ZONE1,2025-06-18 07:00:00+00:00,2025-06-18 08:00:00+00:00,H
4040,ZONE1,2025-06-18 08:00:00+00:00,2025-06-18 09:00:00+00:00,H
4041,ZONE1,2025-06-18 09:00:00+00:00,2025-06-18 10:00:00+00:00,H
4042,ZONE1,2025-06-18 10:00:00+00:00,2025-06-18 11:00:00+00:00,H
4043,ZONE1,2025-06-18 11:00:00+00:00,2025-06-18 12:00:00+00:00,H
4044,ZONE1,2025-06-18 12:00:00+00:00,2025-06-18 13:00:00+00:00,H
4045,ZONE1,2025-06-18 13:00:00+00:00,2025-06-18 14:00:00+00:00,H
4046,ZONE1,2025-06-18 14:00:00+00:00,2025-06-18 15:00:00+00:00,H
4047,ZONE1,2025-06-18 15:00:00+00:00,2025-06-18 16:00:00+00:00,H
4048,ZONE1,2025-06-18 16:00:00+00:00,2025-06-18 17:00:00+00:00,H
4049,ZONE1,2025-06-18 17:00:00+00:00,2025-06-18 18:00:00+00:00,H
4050,ZONE1,2025-06-18 18:00:00+00:00,2025-06-18 19:00:00+00:00,H
4051,ZONE1,2025-06-18 19:00:00+00:00,2025-06-18 20:00:00+00:00,H
4052,ZONE1,2025-06-18 20:00:00+00:00,2025-06-18 21:00:00+00:00,H
4053,ZONE1,2025-06-18 21:00:00+00:00,2025-06-18 22:00:00+00:00,H
4054,ZONE1,2025-06-18 22:00:00+00:00,2025-06-18 23:00:00+00:00,H
4055,ZONE1,2025-06-18 23:00:00+00:00,2025-06-19 00:00:00+00:00,H
4056,ZONE1,2025-06-19 00:00:00+00:00,2025-06-19 01:00:00+00:00,H
4057,ZONE1,2025-06-19 01:00:00+00:00,2025-06-19 02:00:00+00:00,H
4058,ZONE1,2025-06-19 02:00:00+00:00,2025-06-19 03:00:00+00:00,H
4059,ZONE1,2025-06-19 03:00:00+00:00,2025-06-19 04:00:00+00:00,H
4060,ZONE1,2025-06-19 04:00:00+00:00,2025-06-19 05:00:00+00:00,H
4061,ZONE1,2025-06-19 05:00:00+00:00,2025-06-19 06:00:00+00:00,H
4062,ZONE1,2025-06-19 06:00:00+00:00,2025-06-19 07:00:00+00:00,H
4063,ZONE1,2025-06-19 07:00:00+00:00,2025-06-19 08:00:00+00:00,H
4064,ZONE1,2025-06-19 08:00:00+00:00,2025-06-19 09:00:00+00:00,H
4065,ZONE1,2025-06-19 09:00:00+00:00,2025-06-19 10:00:00+00:00,H
4066,ZONE1,2025-06-19 10:00:00+00:00,2025-06-19 11:00:00+00:00,H
4067,ZONE1,2025-06-19 11:00:00+00:00,2025-06-19 12:00:00+00:00,H
4068,ZONE1,2025-06-19 12:00:00+00:00,2025-06-19 13:00:00+00:00,H
4069,ZONE1,2025-06-19 13:00:00+00:00,2025-06-19 14:00:00+00:00,H
4070,ZONE1,2025-06-19 14:00:00+00:00,2025-06-19 15:00:00+00:00,H
4071,ZONE1,2025-06-19 15:00:00+00:00,2025-06-19 16:00:00+00:00,H
4072,ZONE1,2025-06-19 16:00:00+00:00,2025-06-19 17:00:00+00:00,H
4073,ZONE1,2025-06-19 17:00:00+00:00,2025-06-19 18:00:00+00:00,H
4074,ZONE1,2025-06-19 18:00:00+00:00,2025-06-19 19:00:00+00:00,H
4075,ZONE1,2025-06-19 19:00:00+00:00,2025-06-19 20:00:00+00:00,H
4076,ZONE1,2025-06-19 20:00:00+00:00,2025-06-19 21:00:00+00:00,H
4077,ZONE1,2025-06-19 21:00:00+00:00,2025-06-19 22:00:00+00:00,H
4078,ZONE1,2025-06-19 22:00:00+00:00,2025-06-19 23:00:00+00:00,H
4079,ZONE1,2025-06-19 23:00:00+00:00,2025-06-20 00:00:00+00:00,H
4080,ZONE1,2025-06-20 00:00:00+00:00,2025-06-20 01:00:00+00:00,H
4081,ZONE1,2025-06-20 01:00:00+00:00,2025-06-20 02:00:00+00:00,H
4082,ZONE1,2025-06-20 02:00:00+00:00,2025-06-20 03:00:00+00:00,H
4083,ZONE1,2025-06-20 03:00:00+00:00,2025-06-20 04:00:00+00:00,H
4084,ZONE1,2025-06-20 04:00:00+00:00,2025-06-20 05:00:00+00:00,H
4085,ZONE1,2025-06-20 05:00:00+00:00,2025-06-20 06:00:00+00:00,H
4086,ZONE1,2025-06-20 06:00:00+00:00,2025-06-20 07:00:00+00:00,H
4087,ZONE1,2025-06-20 07:00:00+00:00,2025-06-20 08:00:00+00:00,H
4088,ZONE1,2025-06-20 08:00:00+00:00,2025-06-20 09:00:00+00:00,H
4089,ZONE1,2025-06-20 09:00:00+00:00,2025-06-20 10:00:00+00:00,H
4090,ZONE1,2025-06-20 10:00:00+00:00,2025-06-20 11:00:00+00:00,H
4091,ZONE1,2025-06-20 11:00:00+00:00,2025-06-20 12:00:00+00:00,H
4092,ZONE1,2025-06-20 12:00:00+00:00,2025-06-20 13:00:00+00:00,H
4093,ZONE1,2025-06-20 13:00:00+00:00,2025-06-20 14:00:00+00:00,H
4094,ZONE1,2025-06-20 14:00:00+00:00,2025-06-20 15:00:00+00:00,H
4095,ZONE1,2025-06-20 15:00:00+00:00,2025-06-20 16:00:00+00:00,H
4096,ZONE1,2025-06-20 16:00:00+00:00,2025-06-20 17:00:00+00:00,H
4097,ZONE1,2025-06-20 17:00:00+00:00,2025-06-20 18:00:00+00:00,H
4098,ZONE1,2025-06-20 18:00:00+00:00,2025-06-20 19:00:00+00:00,H
4099,ZONE1,2025-06-20 19:00:00+00:00,2025-06-20 20:00:00+00:00,H
4100,ZONE1,2025-06-20 20:00:00+00:00,2025-06-20 21:00:00+00:00,H
4101,ZONE1,2025-06-20 21:00:00+00:00,2025-06-20 22:00:00+00:00,H
4102,ZONE1,2025-06-20 22:00:00+00:00,2025-06-20 23:00:00+00:00,H
4103,ZONE1,2025-06-20 23:00:00+00:00,2025-06-21 00:00:00+00:00,H
4104,ZONE1,2025-06-21 00:00:00+00:00,2025-06-21 01:00:00+00:00,H
4105,ZONE1,2025-06-21 01:00:00+00:00,2025-06-21 02:00:00+00:00,H
4106,ZONE1,2025-06-21 02:00:00+00:00,2025-06-21 03:00:00+00:00,H
4107,ZONE1,2025-06-21 03:00:00+00:00,2025-06-21 04:00:00+00:00,H
4108,ZONE1,2025-06-21 04:00:00+00:00,2025-06-21 05:00:00+00:00,H
4109,ZONE1,2025-06-21 05:00:00+00:00,2025-06-21 06:00:00+00:00,H
4110,ZONE1,2025-06-21 06:00:00+00:00,2025-06-21 07:00:00+00:00,H
4111,ZONE1,2025-06-21 07:00:00+00:00,2025-06-21 08:00:00+00:00,H
4112,ZONE1,2025-06-21 08:00:00+00:00,2025-06-21 09:00:00+00:00,H
4113,ZONE1,2025-06-21 09:00:00+00:00,2025-06-21 10:00:00+00:00,H
4114,ZONE1,2025-06-21 10:00:00+00:00,2025-06-21 11:00:00+00:00,H
4115,ZONE1,2025-06-21 11:00:00+00:00,2025-06-21 12:00:00+00:00,H
4116,ZONE1,2025-06-21 12:00:00+00:00,2025-06-21 13:00:00+00:00,H
4117,ZONE1,2025-06-21 13:00:00+00:00,2025-06-21 14:00:00+00:00,H
4118,ZONE1,2025-06-21 14:00:00+00:00,2025-06-21 15:00:00+00:00,H
4119,ZONE1,2025-06-21 15:00:00+00:00,2025-06-21 16:00:00+00:00,H
4120,ZONE1,2025-06-21 16:00:00+00:00,2025-06-21 17:00:00+00:00,H
4121,ZONE1,2025-06-21 17:00:00+00:00,2025-06-21 18:00:00+00:00,H
4122,ZONE1,2025-06-21 18:00:00+00:00,2025-06-21 19:00:00+00:00,H
4123,ZONE1,2025-06-21 19:00:00+00:00,2025-06-21 20:00:00+00:00,H
4124,ZONE1,2025-06-21 20:00:00+00:00,2025-06-21 21:00:00+00:00,H
4125,ZONE1,2025-06-21 21:00:00+00:00,2025-06-21 22:00:00+00:00,H
4126,ZONE1,2025-06-21 22:00:00+00:00,2025-06-21 23:00:00+00:00,H
4127,ZONE1,2025-06-21 23:00:00+00:00,2025-06-22 00:00:00+00:00,H
4128,ZONE1,2025-06-22 00:00:00+00:00,2025-06-22 01:00:00+00:00,H
4129,ZONE1,2025-06-22 01:00:00+00:00,2025-06-22 02:00:00+00:00,H
4130,ZONE1,2025-06-22 02:00:00+00:00,2025-06-22 03:00:00+00:00,H
4131,ZONE1,2025-06-22 03:00:00+00:00,2025-06-22 04:00:00+00:00,H
4132,ZONE1,2025-06-22 04:00:00+00:00,2025-06-22 05:00:00+00:00,H
4133,ZONE1,2025-06-22 05:00:00+00:00,2025-06-22 06:00:00+00:00,H
4134,ZONE1,2025-06-22 06:00:00+00:00,2025-06-22 07:00:00+00:00,H
4135,ZONE1,2025-06-22 07:00:00+00:00,2025-06-22 08:00:00+00:00,H
4136,ZONE1,2025-06-22 08:00:00+00:00,2025-06-22 09:00:00+00:00,H
4137,ZONE1,2025-06-22 09:00:00+00:00,2025-06-22 10:00:00+00:00,H
4138,ZONE1,2025-06-22 10:00:00+00:00,2025-06-22 11:00:00+00:00,H
4139,ZONE1,2025-06-22 11:00:00+00:00,2025-06-22 12:00:00+00:00,H
4140,ZONE1,2025-06-22 12:00:00+00:00,2025-06-22 13:00:00+00:00,H
4141,ZONE1,2025-06-22 13:00:00+00:00,2025-06-22 14:00:00+00:00,H
4142,ZONE1,2025-06-22 14:00:00+00:00,2025-06-22 15:00:00+00:00,H
4143,ZONE1,2025-06-22 15:00:00+00:00,2025-06-22 16:00:00+00:00,H
4144,ZONE1,2025-06-22 16:00:00+00:00,2025-06-22 17:00:00+00:00,H
4145,ZONE1,2025-06-22 17:00:00+00:00,2025-06-22 18:00:00+00:00,H
4146,ZONE1,2025-06-22 18:00:00+00:00,2025-06-22 19:00:00+00:00,H
4147,ZONE1,2025-06-22 19:00:00+00:00,2025-06-22 20:00:00+00:00,H
4148,ZONE1,2025-06-22 20:00:00+00:00,2025-06-22 21:00:00+00:00,H
4149,ZONE1,2025-06-22 21:00:00+00:00,2025-06-22 22:00:00+00:00,H
4150,ZONE1,2025-06-22 22:00:00+00:00,2025-06-22 23:00:00+00:00,H
4151,ZONE1,2025-06-22 23:00:00+00:00,2025-06-23 00:00:00+00:00,H
4152,ZONE1,2025-06-23 00:00:00+00:00,2025-06-23 01:00:00+00:00,H
4153,ZONE1,2025-06-23 01:00:00+00:00,2025-06-23 02:00:00+00:00,H
4154,ZONE1,2025-06-23 02:00:00+00:00,2025-06-23 03:00:00+00:00,H
4155,ZONE1,2025-06-23 03:00:00+00:00,2025-06-23 04:00:00+00:00,H
4156,ZONE1,2025-06-23 04:00:00+00:00,2025-06-23 05:00:00+00:00,H
4157,ZONE1,2025-06-23 05:00:00+00:00,2025-06-23 06:00:00+00:00,H
4158,ZONE1,2025-06-23 06:00:00+00:00,2025-06-23 07:00:00+00:00,H
4159,ZONE1,2025-06-23 07:00:00+00:00,2025-06-23 08:00:00+00:00,H
4160,ZONE1,2025-06-23 08:00:00+00:00,2025-06-23 09:00:00+00:00,H
4161,ZONE1,2025-06-23 09:00:00+00:00,2025-06-23 10:00:00+00:00,H
4162,ZONE1,2025-06-23 10:00:00+00:00,2025-06-23 11:00:00+00:00,H
4163,ZONE1,2025-06-23 11:00:00+00:00,2025-06-23 12:00:00+00:00,H
4164,ZONE1,2025-06-23 12:00:00+00:00,2025-06-23 13:00:00+00:00,H
4165,ZONE1,2025-06-23 13:00:00+00:00,2025-06-23 14:00:00+00:00,H
4166,ZONE1,2025-06-23 14:00:00+00:00,2025-06-23 15:00:00+00:00,H
4167,ZONE1,2025-06-23 15:00:00+00:00,2025-06-23 16:00:00+00:00,H
4168,ZONE1,2025-06-23 16:00:00+00:00,2025-06-23 17:00:00+00:00,H
4169,ZONE1,2025-06-23 17:00:00+00:00,2025-06-23 18:00:00+00:00,H
4170,ZONE1,2025-06-23 18:00:00+00:00,2025-06-23 19:00:00+00:00,H
4171,ZONE1,2025-06-23 19:00:00+00:00,2025-06-23 20:00:00+00:00,H
4172,ZONE1,2025-06-23 20:00:00+00:00,2025-06-23 21:00:00+00:00,H
4173,ZONE1,2025-06-23 21:00:00+00:00,2025-06-23 22:00:00+00:00,H
4174,ZONE1,2025-06-23 22:00:00+00:00,2025-06-23 23:00:00+00:00,H
4175,ZONE1,2025-06-23 23:00:00+00:00,2025-06-24 00:00:00+00:00,H
4176,ZONE1,2025-06-24 00:00:00+00:00,2025-06-24 01:00:00+00:00,H
4177,ZONE1,2025-06-24 01:00:00+00:00,2025-06-24 02:00:00+00:00,H
4178,ZONE1,2025-06-24 02:00:00+00:00,2025-06-24 03:00:00+00:00,H
4179,ZONE1,2025-06-24 03:00:00+00:00,2025-06-24 04:00:00+00:00,H
4180,ZONE1,2025-06-24 04:00:00+00:00,2025-06-24 05:00:00+00:00,H
4181,ZONE1,2025-06-24 05:00:00+00:00,2025-06-24 06:00:00+00:00,H
4182,ZONE1,2025-06-24 06:00:00+00:00,2025-06-24 07:00:00+00:00,H
4183,ZONE1,2025-06-24 07:00:00+00:00,2025-06-24 08:00:00+00:00,H
4184,ZONE1,2025-06-24 08:00:00+00:00,2025-06-24 09:00:00+00:00,H
4185,ZONE1,2025-06-24 09:00:00+00:00,2025-06-24 10:00:00+00:00,H
4186,ZONE1,2025-06-24 10:00:00+00:00,2025-06-24 11:00:00+00:00,H
4187,ZONE1,2025-06-24 11:00:00+00:00,2025-06-24 12:00:00+00:00,H
4188,ZONE1,2025-06-24 12:00:00+00:00,2025-06-24 13:00:00+00:00,H
4189,ZONE1,2025-06-24 13:00:00+00:00,2025-06-24 14:00:00+00:00,H
4190,ZONE1,2025-06-24 14:00:00+00:00,2025-06-24 15:00:00+00:00,H
4191,ZONE1,2025-06-24 15:00:00+00:00,2025-06-24 16:00:00+00:00,H
4192,ZONE1,2025-06-24 16:00:00+00:00,2025-06-24 17:00:00+00:00,H
4193,ZONE1,2025-06-24 17:00:00+00:00,2025-06-24 18:00:00+00:00,H
4194,ZONE1,2025-06-24 18:00:00+00:00,2025-06-24 19:00:00+00:00,H
4195,ZONE1,2025-06-24 19:00:00+00:00,2025-06-24 20:00:00+00:00,H
4196,ZONE1,2025-06-24 20:00:00+00:00,2025-06-24 21:00:00+00:00,H
4197,ZONE1,2025-06-24 21:00:00+00:00,2025-06-24 22:00:00+00:00,H
4198,ZONE1,2025-06-24 22:00:00+00:00,2025-06-24 23:00:00+00:00,H
4199,ZONE1,2025-06-24 23:00:00+00:00,2025-06-25 00:00:00+00:00,H
4200,ZONE1,2025-06-25 00:00:00+00:00,2025-06-25 01:00:00+00:00,H
4201,ZONE1,2025-06-25 01:00:00+00:00,2025-06-25 02:00:00+00:00,H
4202,ZONE1,2025-06-25 02:00:00+00:00,2025-06-25 03:00:00+00:00,H
4203,ZONE1,2025-06-25 03:00:00+00:00,2025-06-25 04:00:00+00:00,H
4204,ZONE1,2025-06-25 04:00:00+00:00,2025-06-25 05:00:00+00:00,H
4205,ZONE1,2025-06-25 05:00:00+00:00,2025-06-25 06:00:00+00:00,H
4206,ZONE1,2025-06-25 06:00:00+00:00,2025-06-25 07:00:00+00:00,H
4207,ZONE1,2025-06-25 07:00:00+00:00,2025-06-25 08:00:00+00:00,H
4208,ZONE1,2025-06-25 08:00:00+00:00,2025-06-25 09:00:00+00:00,H
4209,ZONE1,2025-06-25 09:00:00+00:00,2025-06-25 10:00:00+00:00,H
4210,ZONE1,2025-06-25 10:00:00+00:00,2025-06-25 11:00:00+00:00,H
4211,ZONE1,2025-06-25 11:00:00+00:00,2025-06-25 12:00:00+00:00,H
4212,ZONE1,2025-06-25 12:00:00+00:00,2025-06-25 13:00:00+00:00,H
4213,ZONE1,2025-06-25 13:00:00+00:00,2025-06-25 14:00:00+00:00,H
4214,ZONE1,2025-06-25 14:00:00+00:00,2025-06-25 15:00:00+00:00,H
4215,ZONE1,2025-06-25 15:00:00+00:00,2025-06-25 16:00:00+00:00,H
4216,ZONE1,2025-06-25 16:00:00+00:00,2025-06-25 17:00:00+00:00,H
4217,ZONE1,2025-06-25 17:00:00+00:00,2025-06-25 18:00:00+00:00,H
4218,ZONE1,2025-06-25 18:00:00+00:00,2025-06-25 19:00:00+00:00,H
4219,ZONE1,2025-06-25 19:00:00+00:00,2025-06-25 20:00:00+00:00,H
4220,ZONE1,2025-06-25 20:00:00+00:00,2025-06-25 21:00:00+00:00,H
4221,ZONE1,2025-06-25 21:00:00+00:00,2025-06-25 22:00:00+00:00,H
4222,ZONE1,2025-06-25 22:00:00+00:00,2025-06-25 23:00:00+00:00,H
4223,ZONE1,2025-06-25 23:00:00+00:00,2025-06-26 00:00:00+00:00,H
4224,ZONE1,2025-06-26 00:00:00+00:00,2025-06-26 01:00:00+00:00,H
4225,ZONE1,2025-06-26 01:00:00+00:00,2025-06-26 02:00:00+00:00,H
4226,ZONE1,2025-06-26 02:00:00+00:00,2025-06-26 03:00:00+00:00,H
4227,ZONE1,2025-06-26 03:00:00+00:00,2025-06-26 04:00:00+00:00,H
4228,ZONE1,2025-06-26 04:00:00+00:00,2025-06-26 05:00:00+00:00,H
4229,ZONE1,2025-06-26 05:00:00+00:00,2025-06-26 06:00:00+00:00,H
4230,ZONE1,2025-06-26 06:00:00+00:00,2025-06-26 07:00:00+00:00,H
4231,ZONE1,2025-06-26 07:00:00+00:00,2025-06-26 08:00:00+00:00,H
4232,ZONE1,2025-06-26 08:00:00+00:00,2025-06-26 09:00:00+00:00,H
4233,ZONE1,2025-06-26 09:00:00+00:00,2025-06-26 10:00:00+00:00,H
4234,ZONE1,2025-06-26 10:00:00+00:00,2025-06-26 11:00:00+00:00,H
4235,ZONE1,2025-06-26 11:00:00+00:00,2025-06-26 12:00:00+00:00,H
4236,ZONE1,2025-06-26 12:00:00+00:00,2025-06-26 13:00:00+00:00,H
4237,ZONE1,2025-06-26 13:00:00+00:00,2025-06-26 14:00:00+00:00,H
4238,ZONE1,2025-06-26 14:00:00+00:00,2025-06-26 15:00:00+00:00,H
4239,ZONE1,2025-06-26 15:00:00+00:00,2025-06-26 16:00:00+00:00,H
4240,ZONE1,2025-06-26 16:00:00+00:00,2025-06-26 17:00:00+00:00,H
4241,ZONE1,2025-06-26 17:00:00+00:00,2025-06-26 18:00:00+00:00,H
4242,ZONE1,2025-06-26 18:00:00+00:00,2025-06-26 19:00:00+00:00,H
4243,ZONE1,2025-06-26 19:00:00+00:00,2025-06-26 20:00:00+00:00,H
4244,ZONE1,2025-06-26 20:00:00+00:00,2025-06-26 21:00:00+00:00,H
4245,ZONE1,2025-06-26 21:00:00+00:00,2025-06-26 22:00:00+00:00,H
4246,ZONE1,2025-06-26 22:00:00+00:00,2025-06-26 23:00:00+00:00,H
4247,ZONE1,2025-06-26 23:00:00+00:00,2025-06-27 00:00:00+00:00,H
4248,ZONE1,2025-06-27 00:00:00+00:00,2025-06-27 01:00:00+00:00,H
4249,ZONE1,2025-06-27 01:00:00+00:00,2025-06-27 02:00:00+00:00,H
4250,ZONE1,2025-06-27 02:00:00+00:00,2025-06-27 03:00:00+00:00,H
4251,ZONE1,2025-06-27 03:00:00+00:00,2025-06-27 04:00:00+00:00,H
4252,ZONE1,2025-06-27 04:00:00+00:00,2025-06-27 05:00:00+00:00,H
4253,ZONE1,2025-06-27 05:00:00+00:00,2025-06-27 06:00:00+00:00,H
4254,ZONE1,2025-06-27 06:00:00+00:00,2025-06-27 07:00:00+00:00,H
4255,ZONE1,2025-06-27 07:00:00+00:00,2025-06-27 08:00:00+00:00,H
4256,ZONE1,2025-06-27 08:00:00+00:00,2025-06-27 09:00:00+00:00,H
4257,ZONE1,2025-06-27 09:00:00+00:00,2025-06-27 10:00:00+00:00,H
4258,ZONE1,2025-06-27 10:00:00+00:00,2025-06-27 11:00:00+00:00,H
4259,ZONE1,2025-06-27 11:00:00+00:00,2025-06-27 12:00:00+00:00,H
4260,ZONE1,2025-06-27 12:00:00+00:00,2025-06-27 13:00:00+00:00,H
4261,ZONE1,2025-06-27 13:00:00+00:00,2025-06-27 14:00:00+00:00,H
4262,ZONE1,2025-06-27 14:00:00+00:00,2025-06-27 15:00:00+00:00,H
4263,ZONE1,2025-06-27 15:00:00+00:00,2025-06-27 16:00:00+00:00,H
4264,ZONE1,2025-06-27 16:00:00+00:00,2025-06-27 17:00:00+00:00,H
4265,ZONE1,2025-06-27 17:00:00+00:00,2025-06-27 18:00:00+00:00,H
4266,ZONE1,2025-06-27 18:00:00+00:00,2025-06-27 19:00:00+00:00,H
4267,ZONE1,2025-06-27 19:00:00+00:00,2025-06-27 20:00:00+00:00,H
4268,ZONE1,2025-06-27 20:00:00+00:00,2025-06-27 21:00:00+00:00,H
4269,ZONE1,2025-06-27 21:00:00+00:00,2025-06-27 22:00:00+00:00,H
4270,ZONE1,2025-06-27 22:00:00+00:00,2025-06-27 23:00:00+00:00,H
4271,ZONE1,2025-06-27 23:00:00+00:00,2025-06-28 00:00:00+00:00,H
4272,ZONE1,2025-06-28 00:00:00+00:00,2025-06-28 01:00:00+00:00,H
4273,ZONE1,2025-06-28 01:00:00+00:00,2025-06-28 02:00:00+00:00,H
4274,ZONE1,2025-06-28 02:00:00+00:00,2025-06-28 03:00:00+00:00,H
4275,ZONE1,2025-06-28 03:00:00+00:00,2025-06-28 04:00:00+00:00,H
4276,ZONE1,2025-06-28 04:00:00+00:00,2025-06-28 05:00:00+00:00,H
4277,ZONE1,2025-06-28 05:00:00+00:00,2025-06-28 06:00:00+00:00,H
4278,ZONE1,2025-06-28 06:00:00+00:00,2025-06-28 07:00:00+00:00,H
4279,ZONE1,2025-06-28 07:00:00+00:00,2025-06-28 08:00:00+00:00,H
4280,ZONE1,2025-06-28 08:00:00+00:00,2025-06-28 09:00:00+00:00,H
4281,ZONE1,2025-06-28 09:00:00+00:00,2025-06-28 10:00:00+00:00,H
4282,ZONE1,2025-06-28 10:00:00+00:00,2025-06-28 11:00:00+00:00,H
4283,ZONE1,2025-06-28 11:00:00+00:00,2025-06-28 12:00:00+00:00,H
4284,ZONE1,2025-06-28 12:00:00+00:00,2025-06-28 13:00:00+00:00,H
4285,ZONE1,2025-06-28 13:00:00+00:00,2025-06-28 14:00:00+00:00,H
4286,ZONE1,2025-06-28 14:00:00+00:00,2025-06-28 15:00:00+00:00,H
4287,ZONE1,2025-06-28 15:00:00+00:00,2025-06-28 16:00:00+00:00,H
4288,ZONE1,2025-06-28 16:00:00+00:00,2025-06-28 17:00:00+00:00,H
4289,ZONE1,2025-06-28 17:00:00+00:00,2025-06-28 18:00:00+00:00,H
4290,ZONE1,2025-06-28 18:00:00+00:00,2025-06-28 19:00:00+00:00,H
4291,ZONE1,2025-06-28 19:00:00+00:00,2025-06-28 20:00:00+00:00,H
4292,ZONE1,2025-06-28 20:00:00+00:00,2025-06-28 21:00:00+00:00,H
4293,ZONE1,2025-06-28 21:00:00+00:00,2025-06-28 22:00:00+00:00,H
4294,ZONE1,2025-06-28 22:00:00+00:00,2025-06-28 23:00:00+00:00,H
4295,ZONE1,2025-06-28 23:00:00+00:00,2025-06-29 00:00:00+00:00,H
4296,ZONE1,2025-06-29 00:00:00+00:00,2025-06-29 01:00:00+00:00,H
4297,ZONE1,2025-06-29 01:00:00+00:00,2025-06-29 02:00:00+00:00,H
4298,ZONE1,2025-06-29 02:00:00+00:00,2025-06-29 03:00:00+00:00,H
4299,ZONE1,2025-06-29 03:00:00+00:00,2025-06-29 04:00:00+00:00,H
4300,ZONE1,2025-06-29 04:00:00+00:00,2025-06-29 05:00:00+00:00,H
4301,ZONE1,2025-06-29 05:00:00+00:00,2025-06-29 06:00:00+00:00,H
4302,ZONE1,2025-06-29 06:00:00+00:00,2025-06-29 07:00:00+00:00,H
4303,ZONE1,2025-06-29 07:00:00+00:00,2025-06-29 08:00:00+00:00,H
4304,ZONE1,2025-06-29 08:00:00+00:00,2025-06-29 09:00:00+00:00,H
4305,ZONE1,2025-06-29 09:00:00+00:00,2025-06-29 10:00:00+00:00,H
4306,ZONE1,2025-06-29 10:00:00+00:00,2025-06-29 11:00:00+00:00,H
4307,ZONE1,2025-06-29 11:00:00+00:00,2025-06-29 12:00:00+00:00,H
4308,ZONE1,2025-06-29 12:00:00+00:00,2025-06-29 13:00:00+00:00,H
4309,ZONE1,2025-06-29 13:00:00+00:00,2025-06-29 14:00:00+00:00,H
4310,ZONE1,2025-06-29 14:00:00+00:00,2025-06-29 15:00:00+00:00,H
4311,ZONE1,2025-06-29 15:00:00+00:00,2025-06-29 16:00:00+00:00,H
4312,ZONE1,2025-06-29 16:00:00+00:00,2025-06-29 17:00:00+00:00,H
4313,ZONE1,2025-06-29 17:00:00+00:00,2025-06-29 18:00:00+00:00,H
4314,ZONE1,2025-06-29 18:00:00+00:00,2025-06-29 19:00:00+00:00,H
4315,ZONE1,2025-06-29 19:00:00+00:00,2025-06-29 20:00:00+00:00,H
4316,ZONE1,2025-06-29 20:00:00+00:00,2025-06-29 21:00:00+00:00,H
4317,ZONE1,2025-06-29 21:00:00+00:00,2025-06-29 22:00:00+00:00,H
4318,ZONE1,2025-06-29 22:00:00+00:00,2025-06-29 23:00:00+00:00,H
4319,ZONE1,2025-06-29 23:00:00+00:00,2025-06-30 00:00:00+00:00,H
4320,ZONE1,2025-06-30 00:00:00+00:00,2025-06-30 01:00:00+00:00,H
4321,ZONE1,2025-06-30 01:00:00+00:00,2025-06-30 02:00:00+00:00,H
4322,ZONE1,2025-06-30 02:00:00+00:00,2025-06-30 03:00:00+00:00,H
4323,ZONE1,2025-06-30 03:00:00+00:00,2025-06-30 04:00:00+00:00,H
4324,ZONE1,2025-06-30 04:00:00+00:00,2025-06-30 05:00:00+00:00,H
4325,ZONE1,2025-06-30 05:00:00+00:00,2025-06-30 06:00:00+00:00,H
4326,ZONE1,2025-06-30 06:00:00+00:00,2025-06-30 07:00:00+00:00,H
4327,ZONE1,2025-06-30 07:00:00+00:00,2025-06-30 08:00:00+00:00,H
4328,ZONE1,2025-06-30 08:00:00+00:00,2025-06-30 09:00:00+00:00,H
4329,ZONE1,2025-06-30 09:00:00+00:00,2025-06-30 10:00:00+00:00,H
4330,ZONE1,2025-06-30 10:00:00+00:00,2025-06-30 11:00:00+00:00,H
4331,ZONE1,2025-06-30 11:00:00+00:00,2025-06-30 12:00:00+00:00,H
4332,ZONE1,2025-06-30 12:00:00+00:00,2025-06-30 13:00:00+00:00,H
4333,ZONE1,2025-06-30 13:00:00+00:00,2025-06-30 14:00:00+00:00,H
4334,ZONE1,2025-06-30 14:00:00+00:00,2025-06-30 15:00:00+00:00,H
4335,ZONE1,2025-06-30 15:00:00+00:00,2025-06-30 16:00:00+00:00,H
4336,ZONE1,2025-06-30 16:00:00+00:00,2025-06-30 17:00:00+00:00,H
4337,ZONE1,2025-06-30 17:00:00+00:00,2025-06-30 18:00:00+00:00,H
4338,ZONE1,2025-06-30 18:00:00+00:00,2025-06-30 19:00:00+00:00,H
4339,ZONE1,2025-06-30 19:00:00+00:00,2025-06-30 20:00:00+00:00,H
4340,ZONE1,2025-06-30 20:00:00+00:00,2025-06-30 21:00:00+00:00,H
4341,ZONE1,2025-06-30 21:00:00+00:00,2025-06-30 22:00:00+00:00,H
4342,ZONE1,2025-06-30 22:00:00+00:00,2025-06-30 23:00:00+00:00,H
4343,ZONE1,2025-06-30 23:00:00+00:00,2025-07-01 00:00:00+00:00,H
4344,ZONE1,2025-07-01 00:00:00+00:00,2025-07-01 01:00:00+00:00,H
4345,ZONE1,2025-07-01 01:00:00+00:00,2025-07-01 02:00:00+00:00,H
4346,ZONE1,2025-07-01 02:00:00+00:00,2025-07-01 03:00:00+00:00,H
4347,ZONE1,2025-07-01 03:00:00+00:00,2025-07-01 04:00:00+00:00,H
4348,ZONE1,2025-07-01 04:00:00+00:00,2025-07-01 05:00:00+00:00,H
4349,ZONE1,2025-07-01 05:00:00+00:00,2025-07-01 06:00:00+00:00,H
4350,ZONE1,2025-07-01 06:00:00+00:00,2025-07-01 07:00:00+00:00,H
4351,ZONE1,2025-07-01 07:00:00+00:00,2025-07-01 08:00:00+00:00,H
4352,ZONE1,2025-07-01 08:00:00+00:00,2025-07-01 09:00:00+00:00,H
4353,ZONE1,2025-07-01 09:00:00+00:00,2025-07-01 10:00:00+00:00,H
4354,ZONE1,2025-07-01 10:00:00+00:00,2025-07-01 11:00:00+00:00,H
4355,ZONE1,2025-07-01 11:00:00+00:00,2025-07-01 12:00:00+00:00,H
4356,ZONE1,2025-07-01 12:00:00+00:00,2025-07-01 13:00:00+00:00,H
4357,ZONE1,2025-07-01 13:00:00+00:00,2025-07-01 14:00:00+00:00,H
4358,ZONE1,2025-07-01 14:00:00+00:00,2025-07-01 15:00:00+00:00,H
4359,ZONE1,2025-07-01 15:00:00+00:00,2025-07-01 16:00:00+00:00,H
4360,ZONE1,2025-07-01 16:00:00+00:00,2025-07-01 17:00:00+00:00,H
4361,ZONE1,2025-07-01 17:00:00+00:00,2025-07-01 18:00:00+00:00,H
4362,ZONE1,2025-07-01 18:00:00+00:00,2025-07-01 19:00:00+00:00,H
4363,ZONE1,2025-07-01 19:00:00+00:00,2025-07-01 20:00:00+00:00,H
4364,ZONE1,2025-07-01 20:00:00+00:00,2025-07-01 21:00:00+00:00,H
4365,ZONE1,2025-07-01 21:00:00+00:00,2025-07-01 22:00:00+00:00,H
4366,ZONE1,2025-07-01 22:00:00+00:00,2025-07-01 23:00:00+00:00,H
4367,ZONE1,2025-07-01 23:00:00+00:00,2025-07-02 00:00:00+00:00,H
4368,ZONE1,2025-07-02 00:00:00+00:00,2025-07-02 01:00:00+00:00,H
4369,ZONE1,2025-07-02 01:00:00+00:00,2025-07-02 02:00:00+00:00,H
4370,ZONE1,2025-07-02 02:00:00+00:00,2025-07-02 03:00:00+00:00,H
4371,ZONE1,2025-07-02 03:00:00+00:00,2025-07-02 04:00:00+00:00,H
4372,ZONE1,2025-07-02 04:00:00+00:00,2025-07-02 05:00:00+00:00,H
4373,ZONE1,2025-07-02 05:00:00+00:00,2025-07-02 06:00:00+00:00,H
4374,ZONE1,2025-07-02 06:00:00+00:00,2025-07-02 07:00:00+00:00,H
4375,ZONE1,2025-07-02 07:00:00+00:00,2025-07-02 08:00:00+00:00,H
4376,ZONE1,2025-07-02 08:00:00+00:00,2025-07-02 09:00:00+00:00,H
4377,ZONE1,2025-07-02 09:00:00+00:00,2025-07-02 10:00:00+00:00,H
4378,ZONE1,2025-07-02 10:00:00+00:00,2025-07-02 11:00:00+00:00,H
4379,ZONE1,2025-07-02 11:00:00+00:00,2025-07-02 12:00:00+00:00,H
4380,ZONE1,2025-07-02 12:00:00+00:00,2025-07-02 13:00:00+00:00,H
4381,ZONE1,2025-07-02 13:00:00+00:00,2025-07-02 14:00:00+00:00,H
4382,ZONE1,2025-07-02 14:00:00+00:00,2025-07-02 15:00:00+00:00,H
4383,ZONE1,2025-07-02 15:00:00+00:00,2025-07-02 16:00:00+00:00,H
4384,ZONE1,2025-07-02 16:00:00+00:00,2025-07-02 17:00:00+00:00,H
4385,ZONE1,2025-07-02 17:00:00+00:00,2025-07-02 18:00:00+00:00,H
4386,ZONE1,2025-07-02 18:00:00+00:00,2025-07-02 19:00:00+00:00,H
4387,ZONE1,2025-07-02 19:00:00+00:00,2025-07-02 20:00:00+00:00,H
4388,ZONE1,2025-07-02 20:00:00+00:00,2025-07-02 21:00:00+00:00,H
4389,ZONE1,2025-07-02 21:00:00+00:00,2025-07-02 22:00:00+00:00,H
4390,ZONE1,2025-07-02 22:00:00+00:00,2025-07-02 23:00:00+00:00,H
4391,ZONE1,2025-07-02 23:00:00+00:00,2025-07-03 00:00:00+00:00,H
4392,ZONE1,2025-07-03 00:00:00+00:00,2025-07-03 01:00:00+00:00,H
4393,ZONE1,2025-07-03 01:00:00+00:00,2025-07-03 02:00:00+00:00,H
4394,ZONE1,2025-07-03 02:00:00+00:00,2025-07-03 03:00:00+00:00,H
4395,ZONE1,2025-07-03 03:00:00+00:00,2025-07-03 04:00:00+00:00,H
4396,ZONE1,2025-07-03 04:00:00+00:00,2025-07-03 05:00:00+00:00,H
4397,ZONE1,2025-07-03 05:00:00+00:00,2025-07-03 06:00:00+00:00,H
4398,ZONE1,2025-07-03 06:00:00+00:00,2025-07-03 07:00:00+00:00,H
4399,ZONE1,2025-07-03 07:00:00+00:00,2025-07-03 08:00:00+00:00,H
4400,ZONE1,2025-07-03 08:00:00+00:00,2025-07-03 09:00:00+00:00,H
4401,ZONE1,2025-07-03 09:00:00+00:00,2025-07-03 10:00:00+00:00,H
4402,ZONE1,2025-07-03 10:00:00+00:00,2025-07-03 11:00:00+00:00,H
4403,ZONE1,2025-07-03 11:00:00+00:00,2025-07-03 12:00:00+00:00,H
4404,ZONE1,2025-07-03 12:00:00+00:00,2025-07-03 13:00:00+00:00,H
4405,ZONE1,2025-07-03 13:00:00+00:00,2025-07-03 14:00:00+00:00,H
4406,ZONE1,2025-07-03 14:00:00+00:00,2025-07-03 15:00:00+00:00,H
4407,ZONE1,2025-07-03 15:00:00+00:00,2025-07-03 16:00:00+00:00,H
4408,ZONE1,2025-07-03 16:00:00+00:00,2025-07-03 17:00:00+00:00,H
4409,ZONE1,2025-07-03 17:00:00+00:00,2025-07-03 18:00:00+00:00,H
4410,ZONE1,2025-07-03 18:00:00+00:00,2025-07-03 19:00:00+00:00,H
4411,ZONE1,2025-07-03 19:00:00+00:00,2025-07-03 20:00:00+00:00,H
4412,ZONE1,2025-07-03 20:00:00+00:00,2025-07-03 21:00:00+00:00,H
4413,ZONE1,2025-07-03 21:00:00+00:00,2025-07-03 22:00:00+00:00,H
4414,ZONE1,2025-07-03 22:00:00+00:00,2025-07-03 23:00:00+00:00,H
4415,ZONE1,2025-07-03 23:00:00+00:00,2025-07-04 00:00:00+00:00,H
4416,ZONE1,2025-07-04 00:00:00+00:00,2025-07-04 01:00:00+00:00,H
4417,ZONE1,2025-07-04 01:00:00+00:00,2025-07-04 02:00:00+00:00,H
4418,ZONE1,2025-07-04 02:00:00+00:00,2025-07-04 03:00:00+00:00,H
4419,ZONE1,2025-07-04 03:00:00+00:00,2025-07-04 04:00:00+00:00,H
4420,ZONE1,2025-07-04 04:00:00+00:00,2025-07-04 05:00:00+00:00,H
4421,ZONE1,2025-07-04 05:00:00+00:00,2025-07-04 06:00:00+00:00,H
4422,ZONE1,2025-07-04 06:00:00+00:00,2025-07-04 07:00:00+00:00,H
4423,ZONE1,2025-07-04 07:00:00+00:00,2025-07-04 08:00:00+00:00,H
4424,ZONE1,2025-07-04 08:00:00+00:00,2025-07-04 09:00:00+00:00,H
4425,ZONE1,2025-07-04 09:00:00+00:00,2025-07-04 10:00:00+00:00,H
4426,ZONE1,2025-07-04 10:00:00+00:00,2025-07-04 11:00:00+00:00,H
4427,ZONE1,2025-07-04 11:00:00+00:00,2025-07-04 12:00:00+00:00,H
4428,ZONE1,2025-07-04 12:00:00+00:00,2025-07-04 13:00:00+00:00,H
4429,ZONE1,2025-07-04 13:00:00+00:00,2025-07-04 14:00:00+00:00,H
4430,ZONE1,2025-07-04 14:00:00+00:00,2025-07-04 15:00:00+00:00,H
4431,ZONE1,2025-07-04 15:00:00+00:00,2025-07-04 16:00:00+00:00,H
4432,ZONE1,2025-07-04 16:00:00+00:00,2025-07-04 17:00:00+00:00,H
4433,ZONE1,2025-07-04 17:00:00+00:00,2025-07-04 18:00:00+00:00,H
4434,ZONE1,2025-07-04 18:00:00+00:00,2025-07-04 19:00:00+00:00,H
4435,ZONE1,2025-07-04 19:00:00+00:00,2025-07-04 20:00:00+00:00,H
4436,ZONE1,2025-07-04 20:00:00+00:00,2025-07-04 21:00:00+00:00,H
4437,ZONE1,2025-07-04 21:00:00+00:00,2025-07-04 22:00:00+00:00,H
4438,ZONE1,2025-07-04 22:00:00+00:00,2025-07-04 23:00:00+00:00,H
4439,ZONE1,2025-07-04 23:00:00+00:00,2025-07-05 00:00:00+00:00,H
4440,ZONE1,2025-07-05 00:00:00+00:00,2025-07-05 01:00:00+00:00,H
4441,ZONE1,2025-07-05 01:00:00+00:00,2025-07-05 02:00:00+00:00,H
4442,ZONE1,2025-07-05 02:00:00+00:00,2025-07-05 03:00:00+00:00,H
4443,ZONE1,2025-07-05 03:00:00+00:00,2025-07-05 04:00:00+00:00,H
4444,ZONE1,2025-07-05 04:00:00+00:00,2025-07-05 05:00:00+00:00,H
4445,ZONE1,2025-07-05 05:00:00+00:00,2025-07-05 06:00:00+00:00,H
4446,ZONE1,2025-07-05 06:00:00+00:00,2025-07-05 07:00:00+00:00,H
4447,ZONE1,2025-07-05 07:00:00+00:00,2025-07-05 08:00:00+00:00,H
4448,ZONE1,2025-07-05 08:00:00+00:00,2025-07-05 09:00:00+00:00,H
4449,ZONE1,2025-07-05 09:00:00+00:00,2025-07-05 10:00:00+00:00,H
4450,ZONE1,2025-07-05 10:00:00+00:00,2025-07-05 11:00:00+00:00,H
4451,ZONE1,2025-07-05 11:00:00+00:00,2025-07-05 12:00:00+00:00,H
4452,ZONE1,2025-07-05 12:00:00+00:00,2025-07-05 13:00:00+00:00,H
4453,ZONE1,2025-07-05 13:00:00+00:00,2025-07-05 14:00:00+00:00,H
4454,ZONE1,2025-07-05 14:00:00+00:00,2025-07-05 15:00:00+00:00,H
4455,ZONE1,2025-07-05 15:00:00+00:00,2025-07-05 16:00:00+00:00,H
4456,ZONE1,2025-07-05 16:00:00+00:00,2025-07-05 17:00:00+00:00,H
4457,ZONE1,2025-07-05 17:00:00+00:00,2025-07-05 18:00:00+00:00,H
4458,ZONE1,2025-07-05 18:00:00+00:00,2025-07-05 19:00:00+00:00,H
4459,ZONE1,2025-07-05 19:00:00+00:00,2025-07-05 20:00:00+00:00,H
4460,ZONE1,2025-07-05 20:00:00+00:00,2025-07-05 21:00:00+00:00,H
4461,ZONE1,2025-07-05 21:00:00+00:00,2025-07-05 22:00:00+00:00,H
4462,ZONE1,2025-07-05 22:00:00+00:00,2025-07-05 23:00:00+00:00,H
4463,ZONE1,2025-07-05 23:00:00+00:00,2025-07-06 00:00:00+00:00,H
4464,ZONE1,2025-07-06 00:00:00+00:00,2025-07-06 01:00:00+00:00,H
4465,ZONE1,2025-07-06 01:00:00+00:00,2025-07-06 02:00:00+00:00,H
4466,ZONE1,2025-07-06 02:00:00+00:00,2025-07-06 03:00:00+00:00,H
4467,ZONE1,2025-07-06 03:00:00+00:00,2025-07-06 04:00:00+00:00,H
4468,ZONE1,2025-07-06 04:00:00+00:00,2025-07-06 05:00:00+00:00,H
4469,ZONE1,2025-07-06 05:00:00+00:00,2025-07-06 06:00:00+00:00,H
4470,ZONE1,2025-07-06 06:00:00+00:00,2025-07-06 07:00:00+00:00,H
4471,ZONE1,2025-07-06 07:00:00+00:00,2025-07-06 08:00:00+00:00,H
4472,ZONE1,2025-07-06 08:00:00+00:00,2025-07-06 09:00:00+00:00,H
4473,ZONE1,2025-07-06 09:00:00+00:00,2025-07-06 10:00:00+00:00,H
4474,ZONE1,2025-07-06 10:00:00+00:00,2025-07-06 11:00:00+00:00,H
4475,ZONE1,2025-07-06 11:00:00+00:00,2025-07-06 12:00:00+00:00,H
4476,ZONE1,2025-07-06 12:00:00+00:00,2025-07-06 13:00:00+00:00,H
4477,ZONE1,2025-07-06 13:00:00+00:00,2025-07-06 14:00:00+00:00,H
4478,ZONE1,2025-07-06 14:00:00+00:00,2025-07-06 15:00:00+00:00,H
4479,ZONE1,2025-07-06 15:00:00+00:00,2025-07-06 16:00:00+00:00,H
4480,ZONE1,2025-07-06 16:00:00+00:00,2025-07-06 17:00:00+00:00,H
4481,ZONE1,2025-07-06 17:00:00+00:00,2025-07-06 18:00:00+00:00,H
4482,ZONE1,2025-07-06 18:00:00+00:00,2025-07-06 19:00:00+00:00,H
4483,ZONE1,2025-07-06 19:00:00+00:00,2025-07-06 20:00:00+00:00,H
4484,ZONE1,2025-07-06 20:00:00+00:00,2025-07-06 21:00:00+00:00,H
4485,ZONE1,2025-07-06 21:00:00+00:00,2025-07-06 22:00:00+00:00,H
4486,ZONE1,2025-07-06 22:00:00+00:00,2025-07-06 23:00:00+00:00,H
4487,ZONE1,2025-07-06 23:00:00+00:00,2025-07-07 00:00:00+00:00,H
4488,ZONE1,2025-07-07 00:00:00+00:00,2025-07-07 01:00:00+00:00,H
4489,ZONE1,2025-07-07 01:00:00+00:00,2025-07-07 02:00:00+00:00,H
4490,ZONE1,2025-07-07 02:00:00+00:00,2025-07-07 03:00:00+00:00,H
4491,ZONE1,2025-07-07 03:00:00+00:00,2025-07-07 04:00:00+00:00,H
4492,ZONE1,2025-07-07 04:00:00+00:00,2025-07-07 05:00:00+00:00,H
4493,ZONE1,2025-07-07 05:00:00+00:00,2025-07-07 06:00:00+00:00,H
4494,ZONE1,2025-07-07 06:00:00+00:00,2025-07-07 07:00:00+00:00,H
4495,ZONE1,2025-07-07 07:00:00+00:00,2025-07-07 08:00:00+00:00,H
4496,ZONE1,2025-07-07 08:00:00+00:00,2025-07-07 09:00:00+00:00,H
4497,ZONE1,2025-07-07 09:00:00+00:00,2025-07-07 10:00:00+00:00,H
4498,ZONE1,2025-07-07 10:00:00+00:00,2025-07-07 11:00:00+00:00,H
4499,ZONE1,2025-07-07 11:00:00+00:00,2025-07-07 12:00:00+00:00,H
4500,ZONE1,2025-07-07 12:00:00+00:00,2025-07-07 13:00:00+00:00,H
4501,ZONE1,2025-07-07 13:00:00+00:00,2025-07-07 14:00:00+00:00,H
4502,ZONE1,2025-07-07 14:00:00+00:00,2025-07-07 15:00:00+00:00,H
4503,ZONE1,2025-07-07 15:00:00+00:00,2025-07-07 16:00:00+00:00,H
4504,ZONE1,2025-07-07 16:00:00+00:00,2025-07-07 17:00:00+00:00,H
4505,ZONE1,2025-07-07 17:00:00+00:00,2025-07-07 18:00:00+00:00,H
4506,ZONE1,2025-07-07 18:00:00+00:00,2025-07-07 19:00:00+00:00,H
4507,ZONE1,2025-07-07 19:00:00+00:00,2025-07-07 20:00:00+00:00,H
4508,ZONE1,2025-07-07 20:00:00+00:00,2025-07-07 21:00:00+00:00,H
4509,ZONE1,2025-07-07 21:00:00+00:00,2025-07-07 22:00:00+00:00,H
4510,ZONE1,2025-07-07 22:00:00+00:00,2025-07-07 23:00:00+00:00,H
4511,ZONE1,2025-07-07 23:00:00+00:00,2025-07-08 00:00:00+00:00,H
4512,ZONE1,2025-07-08 00:00:00+00:00,2025-07-08 01:00:00+00:00,H
4513,ZONE1,2025-07-08 01:00:00+00:00,2025-07-08 02:00:00+00:00,H
4514,ZONE1,2025-07-08 02:00:00+00:00,2025-07-08 03:00:00+00:00,H
4515,ZONE1,2025-07-08 03:00:00+00:00,2025-07-08 04:00:00+00:00,H
4516,ZONE1,2025-07-08 04:00:00+00:00,2025-07-08 05:00:00+00:00,H
4517,ZONE1,2025-07-08 05:00:00+00:00,2025-07-08 06:00:00+00:00,H
4518,ZONE1,2025-07-08 06:00:00+00:00,2025-07-08 07:00:00+00:00,H
4519,ZONE1,2025-07-08 07:00:00+00:00,2025-07-08 08:00:00+00:00,H
4520,ZONE1,2025-07-08 08:00:00+00:00,2025-07-08 09:00:00+00:00,H
4521,ZONE1,2025-07-08 09:00:00+00:00,2025-07-08 10:00:00+00:00,H
4522,ZONE1,2025-07-08 10:00:00+00:00,2025-07-08 11:00:00+00:00,H
4523,ZONE1,2025-07-08 11:00:00+00:00,2025-07-08 12:00:00+00:00,H
4524,ZONE1,2025-07-08 12:00:00+00:00,2025-07-08 13:00:00+00:00,H
4525,ZONE1,2025-07-08 13:00:00+00:00,2025-07-08 14:00:00+00:00,H
4526,ZONE1,2025-07-08 14:00:00+00:00,2025-07-08 15:00:00+00:00,H
4527,ZONE1,2025-07-08 15:00:00+00:00,2025-07-08 16:00:00+00:00,H
4528,ZONE1,2025-07-08 16:00:00+00:00,2025-07-08 17:00:00+00:00,H
4529,ZONE1,2025-07-08 17:00:00+00:00,2025-07-08 18:00:00+00:00,H
4530,ZONE1,2025-07-08 18:00:00+00:00,2025-07-08 19:00:00+00:00,H
4531,ZONE1,2025-07-08 19:00:00+00:00,2025-07-08 20:00:00+00:00,H
4532,ZONE1,2025-07-08 20:00:00+00:00,2025-07-08 21:00:00+00:00,H
4533,ZONE1,2025-07-08 21:00:00+00:00,2025-07-08 22:00:00+00:00,H
4534,ZONE1,2025-07-08 22:00:00+00:00,2025-07-08 23:00:00+00:00,H
4535,ZONE1,2025-07-08 23:00:00+00:00,2025-07-09 00:00:00+00:00,H
4536,ZONE1,2025-07-09 00:00:00+00:00,2025-07-09 01:00:00+00:00,H
4537,ZONE1,2025-07-09 01:00:00+00:00,2025-07-09 02:00:00+00:00,H
4538,ZONE1,2025-07-09 02:00:00+00:00,2025-07-09 03:00:00+00:00,H
4539,ZONE1,2025-07-09 03:00:00+00:00,2025-07-09 04:00:00+00:00,H
4540,ZONE1,2025-07-09 04:00:00+00:00,2025-07-09 05:00:00+00:00,H
4541,ZONE1,2025-07-09 05:00:00+00:00,2025-07-09 06:00:00+00:00,H
4542,ZONE1,2025-07-09 06:00:00+00:00,2025-07-09 07:00:00+00:00,H
4543,ZONE1,2025-07-09 07:00:00+00:00,2025-07-09 08:00:00+00:00,H
4544,ZONE1,2025-07-09 08:00:00+00:00,2025-07-09 09:00:00+00:00,H
4545,ZONE1,2025-07-09 09:00:00+00:00,2025-07-09 10:00:00+00:00,H
4546,ZONE1,2025-07-09 10:00:00+00:00,2025-07-09 11:00:00+00:00,H
4547,ZONE1,2025-07-09 11:00:00+00:00,2025-07-09 12:00:00+00:00,H
4548,ZONE1,2025-07-09 12:00:00+00:00,2025-07-09 13:00:00+00:00,H
4549,ZONE1,2025-07-09 13:00:00+00:00,2025-07-09 14:00:00+00:00,H
4550,ZONE1,2025-07-09 14:00:00+00:00,2025-07-09 15:00:00+00:00,H
4551,ZONE1,2025-07-09 15:00:00+00:00,2025-07-09 16:00:00+00:00,H
4552,ZONE1,2025-07-09 16:00:00+00:00,2025-07-09 17:00:00+00:00,H
4553,ZONE1,2025-07-09 17:00:00+00:00,2025-07-09 18:00:00+00:00,H
4554,ZONE1,2025-07-09 18:00:00+00:00,2025-07-09 19:00:00+00:00,H
4555,ZONE1,2025-07-09 19:00:00+00:00,2025-07-09 20:00:00+00:00,H
4556,ZONE1,2025-07-09 20:00:00+00:00,2025-07-09 21:00:00+00:00,H
4557,ZONE1,2025-07-09 21:00:00+00:00,2025-07-09 22:00:00+00:00,H
4558,ZONE1,2025-07-09 22:00:00+00:00,2025-07-09 23:00:00+00:00,H
4559,ZONE1,2025-07-09 23:00:00+00:00,2025-07-10 00:00:00+00:00,H
4560,ZONE1,2025-07-10 00:00:00+00:00,2025-07-10 01:00:00+00:00,H
4561,ZONE1,2025-07-10 01:00:00+00:00,2025-07-10 02:00:00+00:00,H
4562,ZONE1,2025-07-10 02:00:00+00:00,2025-07-10 03:00:00+00:00,H
4563,ZONE1,2025-07-10 03:00:00+00:00,2025-07-10 04:00:00+00:00,H
4564,ZONE1,2025-07-10 04:00:00+00:00,2025-07-10 05:00:00+00:00,H
4565,ZONE1,2025-07-10 05:00:00+00:00,2025-07-10 06:00:00+00:00,H
4566,ZONE1,2025-07-10 06:00:00+00:00,2025-07-10 07:00:00+00:00,H
4567,ZONE1,2025-07-10 07:00:00+00:00,2025-07-10 08:00:00+00:00,H
4568,ZONE1,2025-07-10 08:00:00+00:00,2025-07-10 09:00:00+00:00,H
4569,ZONE1,2025-07-10 09:00:00+00:00,2025-07-10 10:00:00+00:00,H
4570,ZONE1,2025-07-10 10:00:00+00:00,2025-07-10 11:00:00+00:00,H
4571,ZONE1,2025-07-10 11:00:00+00:00,2025-07-10 12:00:00+00:00,H
4572,ZONE1,2025-07-10 12:00:00+00:00,2025-07-10 13:00:00+00:00,H
4573,ZONE1,2025-07-10 13:00:00+00:00,2025-07-10 14:00:00+00:00,H
4574,ZONE1,2025-07-10 14:00:00+00:00,2025-07-10 15:00:00+00:00,H
4575,ZONE1,2025-07-10 15:00:00+00:00,2025-07-10 16:00:00+00:00,H
4576,ZONE1,2025-07-10 16:00:00+00:00,2025-07-10 17:00:00+00:00,H
4577,ZONE1,2025-07-10 17:00:00+00:00,2025-07-10 18:00:00+00:00,H
4578,ZONE1,2025-07-10 18:00:00+00:00,2025-07-10 19:00:00+00:00,H
4579,ZONE1,2025-07-10 19:00:00+00:00,2025-07-10 20:00:00+00:00,H
4580,ZONE1,2025-07-10 20:00:00+00:00,2025-07-10 21:00:00+00:00,H
4581,ZONE1,2025-07-10 21:00:00+00:00,2025-07-10 22:00:00+00:00,H
4582,ZONE1,2025-07-10 22:00:00+00:00,2025-07-10 23:00:00+00:00,H
4583,ZONE1,2025-07-10 23:00:00+00:00,2025-07-11 00:00:00+00:00,H
4584,ZONE1,2025-07-11 00:00:00+00:00,2025-07-11 01:00:00+00:00,H
4585,ZONE1,2025-07-11 01:00:00+00:00,2025-07-11 02:00:00+00:00,H
4586,ZONE1,2025-07-11 02:00:00+00:00,2025-07-11 03:00:00+00:00,H
4587,ZONE1,2025-07-11 03:00:00+00:00,2025-07-11 04:00:00+00:00,H
4588,ZONE1,2025-07-11 04:00:00+00:00,2025-07-11 05:00:00+00:00,H
4589,ZONE1,2025-07-11 05:00:00+00:00,2025-07-11 06:00:00+00:00,H
4590,ZONE1,2025-07-11 06:00:00+00:00,2025-07-11 07:00:00+00:00,H
4591,ZONE1,2025-07-11 07:00:00+00:00,2025-07-11 08:00:00+00:00,H
4592,ZONE1,2025-07-11 08:00:00+00:00,2025-07-11 09:00:00+00:00,H
4593,ZONE1,2025-07-11 09:00:00+00:00,2025-07-11 10:00:00+00:00,H
4594,ZONE1,2025-07-11 10:00:00+00:00,2025-07-11 11:00:00+00:00,H
4595,ZONE1,2025-07-11 11:00:00+00:00,2025-07-11 12:00:00+00:00,H
4596,ZONE1,2025-07-11 12:00:00+00:00,2025-07-11 13:00:00+00:00,H
4597,ZONE1,2025-07-11 13:00:00+00:00,2025-07-11 14:00:00+00:00,H
4598,ZONE1,2025-07-11 14:00:00+00:00,2025-07-11 15:00:00+00:00,H
4599,ZONE1,2025-07-11 15:00:00+00:00,2025-07-11 16:00:00+00:00,H
4600,ZONE1,2025-07-11 16:00:00+00:00,2025-07-11 17:00:00+00:00,H
4601,ZONE1,2025-07-11 17:00:00+00:00,2025-07-11 18:00:00+00:00,H
4602,ZONE1,2025-07-11 18:00:00+00:00,2025-07-11 19:00:00+00:00,H
4603,ZONE1,2025-07-11 19:00:00+00:00,2025-07-11 20:00:00+00:00,H
4604,ZONE1,2025-07-11 20:00:00+00:00,2025-07-11 21:00:00+00:00,H
4605,ZONE1,2025-07-11 21:00:00+00:00,2025-07-11 22:00:00+00:00,H
4606,ZONE1,2025-07-11 22:00:00+00:00,2025-07-11 23:00:00+00:00,H
4607,ZONE1,2025-07-11 23:00:00+00:00,2025-07-12 00:00:00+00:00,H
4608,ZONE1,2025-07-12 00:00:00+00:00,2025-07-12 01:00:00+00:00,H
4609,ZONE1,2025-07-12 01:00:00+00:00,2025-07-12 02:00:00+00:00,H
4610,ZONE1,2025-07-12 02:00:00+00:00,2025-07-12 03:00:00+00:00,H
4611,ZONE1,2025-07-12 03:00:00+00:00,2025-07-12 04:00:00+00:00,H
4612,ZONE1,2025-07-12 04:00:00+00:00,2025-07-12 05:00:00+00:00,H
4613,ZONE1,2025-07-12 05:00:00+00:00,2025-07-12 06:00:00+00:00,H
4614,ZONE1,2025-07-12 06:00:00+00:00,2025-07-12 07:00:00+00:00,H
4615,ZONE1,2025-07-12 07:00:00+00:00,2025-07-12 08:00:00+00:00,H
4616,ZONE1,2025-07-12 08:00:00+00:00,2025-07-12 09:00:00+00:00,H
4617,ZONE1,2025-07-12 09:00:00+00:00,2025-07-12 10:00:00+00:00,H
4618,ZONE1,2025-07-12 10:00:00+00:00,2025-07-12 11:00:00+00:00,H
4619,ZONE1,2025-07-12 11:00:00+00:00,2025-07-12 12:00:00+00:00,H
4620,ZONE1,2025-07-12 12:00:00+00:00,2025-07-12 13:00:00+00:00,H
4621,ZONE1,2025-07-12 13:00:00+00:00,2025-07-12 14:00:00+00:00,H
4622,ZONE1,2025-07-12 14:00:00+00:00,2025-07-12 15:00:00+00:00,H
4623,ZONE1,2025-07-12 15:00:00+00:00,2025-07-12 16:00:00+00:00,H
4624,ZONE1,2025-07-12 16:00:00+00:00,2025-07-12 17:00:00+00:00,H
4625,ZONE1,2025-07-12 17:00:00+00:00,2025-07-12 18:00:00+00:00,H
4626,ZONE1,2025-07-12 18:00:00+00:00,2025-07-12 19:00:00+00:00,H
4627,ZONE1,2025-07-12 19:00:00+00:00,2025-07-12 20:00:00+00:00,H
4628,ZONE1,2025-07-12 20:00:00+00:00,2025-07-12 21:00:00+00:00,H
4629,ZONE1,2025-07-12 21:00:00+00:00,2025-07-12 22:00:00+00:00,H
4630,ZONE1,2025-07-12 22:00:00+00:00,2025-07-12 23:00:00+00:00,H
4631,ZONE1,2025-07-12 23:00:00+00:00,2025-07-13 00:00:00+00:00,H
4632,ZONE1,2025-07-13 00:00:00+00:00,2025-07-13 01:00:00+00:00,H
4633,ZONE1,2025-07-13 01:00:00+00:00,2025-07-13 02:00:00+00:00,H
4634,ZONE1,2025-07-13 02:00:00+00:00,2025-07-13 03:00:00+00:00,H
4635,ZONE1,2025-07-13 03:00:00+00:00,2025-07-13 04:00:00+00:00,H
4636,ZONE1,2025-07-13 04:00:00+00:00,2025-07-13 05:00:00+00:00,H
4637,ZONE1,2025-07-13 05:00:00+00:00,2025-07-13 06:00:00+00:00,H
4638,ZONE1,2025-07-13 06:00:00+00:00,2025-07-13 07:00:00+00:00,H
4639,ZONE1,2025-07-13 07:00:00+00:00,2025-07-13 08:00:00+00:00,H
4640,ZONE1,2025-07-13 08:00:00+00:00,2025-07-13 09:00:00+00:00,H
4641,ZONE1,2025-07-13 09:00:00+00:00,2025-07-13 10:00:00+00:00,H
4642,ZONE1,2025-07-13 10:00:00+00:00,2025-07-13 11:00:00+00:00,H
4643,ZONE1,2025-07-13 11:00:00+00:00,2025-07-13 12:00:00+00:00,H
4644,ZONE1,2025-07-13 12:00:00+00:00,2025-07-13 13:00:00+00:00,H
4645,ZONE1,2025-07-13 13:00:00+00:00,2025-07-13 14:00:00+00:00,H
4646,ZONE1,2025-07-13 14:00:00+00:00,2025-07-13 15:00:00+00:00,H
4647,ZONE1,2025-07-13 15:00:00+00:00,2025-07-13 16:00:00+00:00,H
4648,ZONE1,2025-07-13 16:00:00+00:00,2025-07-13 17:00:00+00:00,H
4649,ZONE1,2025-07-13 17:00:00+00:00,2025-07-13 18:00:00+00:00,H
4650,ZONE1,2025-07-13 18:00:00+00:00,2025-07-13 19:00:00+00:00,H
4651,ZONE1,2025-07-13 19:00:00+00:00,2025-07-13 20:00:00+00:00,H
4652,ZONE1,2025-07-13 20:00:00+00:00,2025-07-13 21:00:00+00:00,H
4653,ZONE1,2025-07-13 21:00:00+00:00,2025-07-13 22:00:00+00:00,H
4654,ZONE1,2025-07-13 22:00:00+00:00,2025-07-13 23:00:00+00:00,H
4655,ZONE1,2025-07-13 23:00:00+00:00,2025-07-14 00:00:00+00:00,H
4656,ZONE1,2025-07-14 00:00:00+00:00,2025-07-14 01:00:00+00:00,H
4657,ZONE1,2025-07-14 01:00:00+00:00,2025-07-14 02:00:00+00:00,H
4658,ZONE1,2025-07-14 02:00:00+00:00,2025-07-14 03:00:00+00:00,H
4659,ZONE1,2025-07-14 03:00:00+00:00,2025-07-14 04:00:00+00:00,H
4660,ZONE1,2025-07-14 04:00:00+00:00,2025-07-14 05:00:00+00:00,H
4661,ZONE1,2025-07-14 05:00:00+00:00,2025-07-14 06:00:00+00:00,H
4662,ZONE1,2025-07-14 06:00:00+00:00,2025-07-14 07:00:00+00:00,H
4663,ZONE1,2025-07-14 07:00:00+00:00,2025-07-14 08:00:00+00:00,H
4664,ZONE1,2025-07-14 08:00:00+00:00,2025-07-14 09:00:00+00:00,H
4665,ZONE1,2025-07-14 09:00:00+00:00,2025-07-14 10:00:00+00:00,H
4666,ZONE1,2025-07-14 10:00:00+00:00,2025-07-14 11:00:00+00:00,H
4667,ZONE1,2025-07-14 11:00:00+00:00,2025-07-14 12:00:00+00:00,H
4668,ZONE1,2025-07-14 12:00:00+00:00,2025-07-14 13:00:00+00:00,H
4669,ZONE1,2025-07-14 13:00:00+00:00,2025-07-14 14:00:00+00:00,H
4670,ZONE1,2025-07-14 14:00:00+00:00,2025-07-14 15:00:00+00:00,H
4671,ZONE1,2025-07-14 15:00:00+00:00,2025-07-14 16:00:00+00:00,H
4672,ZONE1,2025-07-14 16:00:00+00:00,2025-07-14 17:00:00+00:00,H
4673,ZONE1,2025-07-14 17:00:00+00:00,2025-07-14 18:00:00+00:00,H
4674,ZONE1,2025-07-14 18:00:00+00:00,2025-07-14 19:00:00+00:00,H
4675,ZONE1,2025-07-14 19:00:00+00:00,2025-07-14 20:00:00+00:00,H
4676,ZONE1,2025-07-14 20:00:00+00:00,2025-07-14 21:00:00+00:00,H
4677,ZONE1,2025-07-14 21:00:00+00:00,2025-07-14 22:00:00+00:00,H
4678,ZONE1,2025-07-14 22:00:00+00:00,2025-07-14 23:00:00+00:00,H
4679,ZONE1,2025-07-14 23:00:00+00:00,2025-07-15 00:00:00+00:00,H
4680,ZONE1,2025-07-15 00:00:00+00:00,2025-07-15 01:00:00+00:00,H
4681,ZONE1,2025-07-15 01:00:00+00:00,2025-07-15 02:00:00+00:00,H
4682,ZONE1,2025-07-15 02:00:00+00:00,2025-07-15 03:00:00+00:00,H
4683,ZONE1,2025-07-15 03:00:00+00:00,2025-07-15 04:00:00+00:00,H
4684,ZONE1,2025-07-15 04:00:00+00:00,2025-07-15 05:00:00+00:00,H
4685,ZONE1,2025-07-15 05:00:00+00:00,2025-07-15 06:00:00+00:00,H
4686,ZONE1,2025-07-15 06:00:00+00:00,2025-07-15 07:00:00+00:00,H
4687,ZONE1,2025-07-15 07:00:00+00:00,2025-07-15 08:00:00+00:00,H
4688,ZONE1,2025-07-15 08:00:00+00:00,2025-07-15 09:00:00+00:00,H
4689,ZONE1,2025-07-15 09:00:00+00:00,2025-07-15 10:00:00+00:00,H
4690,ZONE1,2025-07-15 10:00:00+00:00,2025-07-15 11:00:00+00:00,H
4691,ZONE1,2025-07-15 11:00:00+00:00,2025-07-15 12:00:00+00:00,H
4692,ZONE1,2025-07-15 12:00:00+00:00,2025-07-15 13:00:00+00:00,H
4693,ZONE1,2025-07-15 13:00:00+00:00,2025-07-15 14:00:00+00:00,H
4694,ZONE1,2025-07-15 14:00:00+00:00,2025-07-15 15:00:00+00:00,H
4695,ZONE1,2025-07-15 15:00:00+00:00,2025-07-15 16:00:00+00:00,H
4696,ZONE1,2025-07-15 16:00:00+00:00,2025-07-15 17:00:00+00:00,H
4697,ZONE1,2025-07-15 17:00:00+00:00,2025-07-15 18:00:00+00:00,H
4698,ZONE1,2025-07-15 18:00:00+00:00,2025-07-15 19:00:00+00:00,H
4699,ZONE1,2025-07-15 19:00:00+00:00,2025-07-15 20:00:00+00:00,H
4700,ZONE1,2025-07-15 20:00:00+00:00,2025-07-15 21:00:00+00:00,H
4701,ZONE1,2025-07-15 21:00:00+00:00,2025-07-15 22:00:00+00:00,H
4702,ZONE1,2025-07-15 22:00:00+00:00,2025-07-15 23:00:00+00:00,H
4703,ZONE1,2025-07-15 23:00:00+00:00,2025-07-16 00:00:00+00:00,H
4704,ZONE1,2025-07-16 00:00:00+00:00,2025-07-16 01:00:00+00:00,H
4705,ZONE1,2025-07-16 01:00:00+00:00,2025-07-16 02:00:00+00:00,H
4706,ZONE1,2025-07-16 02:00:00+00:00,2025-07-16 03:00:00+00:00,H
4707,ZONE1,2025-07-16 03:00:00+00:00,2025-07-16 04:00:00+00:00,H
4708,ZONE1,2025-07-16 04:00:00+00:00,2025-07-16 05:00:00+00:00,H
4709,ZONE1,2025-07-16 05:00:00+00:00,2025-07-16 06:00:00+00:00,H
4710,ZONE1,2025-07-16 06:00:00+00:00,2025-07-16 07:00:00+00:00,H
4711,ZONE1,2025-07-16 07:00:00+00:00,2025-07-16 08:00:00+00:00,H
4712,ZONE1,2025-07-16 08:00:00+00:00,2025-07-16 09:00:00+00:00,H
4713,ZONE1,2025-07-16 09:00:00+00:00,2025-07-16 10:00:00+00:00,H
4714,ZONE1,2025-07-16 10:00:00+00:00,2025-07-16 11:00:00+00:00,H
4715,ZONE1,2025-07-16 11:00:00+00:00,2025-07-16 12:00:00+00:00,H
4716,ZONE1,2025-07-16 12:00:00+00:00,2025-07-16 13:00:00+00:00,H
4717,ZONE1,2025-07-16 13:00:00+00:00,2025-07-16 14:00:00+00:00,H
4718,ZONE1,2025-07-16 14:00:00+00:00,2025-07-16 15:00:00+00:00,H
4719,ZONE1,2025-07-16 15:00:00+00:00,2025-07-16 16:00:00+00:00,H
4720,ZONE1,2025-07-16 16:00:00+00:00,2025-07-16 17:00:00+00:00,H
4721,ZONE1,2025-07-16 17:00:00+00:00,2025-07-16 18:00:00+00:00,H
4722,ZONE1,2025-07-16 18:00:00+00:00,2025-07-16 19:00:00+00:00,H
4723,ZONE1,2025-07-16 19:00:00+00:00,2025-07-16 20:00:00+00:00,H
4724,ZONE1,2025-07-16 20:00:00+00:00,2025-07-16 21:00:00+00:00,H
4725,ZONE1,2025-07-16 21:00:00+00:00,2025-07-16 22:00:00+00:00,H
4726,ZONE1,2025-07-16 22:00:00+00:00,2025-07-16 23:00:00+00:00,H
4727,ZONE1,2025-07-16 23:00:00+00:00,2025-07-17 00:00:00+00:00,H
4728,ZONE1,2025-07-17 00:00:00+00:00,2025-07-17 01:00:00+00:00,H
4729,ZONE1,2025-07-17 01:00:00+00:00,2025-07-17 02:00:00+00:00,H
4730,ZONE1,2025-07-17 02:00:00+00:00,2025-07-17 03:00:00+00:00,H
4731,ZONE1,2025-07-17 03:00:00+00:00,2025-07-17 04:00:00+00:00,H
4732,ZONE1,2025-07-17 04:00:00+00:00,2025-07-17 05:00:00+00:00,H
4733,ZONE1,2025-07-17 05:00:00+00:00,2025-07-17 06:00:00+00:00,H
4734,ZONE1,2025-07-17 06:00:00+00:00,2025-07-17 07:00:00+00:00,H
4735,ZONE1,2025-07-17 07:00:00+00:00,2025-07-17 08:00:00+00:00,H
4736,ZONE1,2025-07-17 08:00:00+00:00,2025-07-17 09:00:00+00:00,H
4737,ZONE1,2025-07-17 09:00:00+00:00,2025-07-17 10:00:00+00:00,H
4738,ZONE1,2025-07-17 10:00:00+00:00,2025-07-17 11:00:00+00:00,H
4739,ZONE1,2025-07-17 11:00:00+00:00,2025-07-17 12:00:00+00:00,H
4740,ZONE1,2025-07-17 12:00:00+00:00,2025-07-17 13:00:00+00:00,H
4741,ZONE1,2025-07-17 13:00:00+00:00,2025-07-17 14:00:00+00:00,H
4742,ZONE1,2025-07-17 14:00:00+00:00,2025-07-17 15:00:00+00:00,H
4743,ZONE1,2025-07-17 15:00:00+00:00,2025-07-17 16:00:00+00:00,H
4744,ZONE1,2025-07-17 16:00:00+00:00,2025-07-17 17:00:00+00:00,H
4745,ZONE1,2025-07-17 17:00:00+00:00,2025-07-17 18:00:00+00:00,H
4746,ZONE1,2025-07-17 18:00:00+00:00,2025-07-17 19:00:00+00:00,H
4747,ZONE1,2025-07-17 19:00:00+00:00,2025-07-17 20:00:00+00:00,H
4748,ZONE1,2025-07-17 20:00:00+00:00,2025-07-17 21:00:00+00:00,H
4749,ZONE1,2025-07-17 21:00:00+00:00,2025-07-17 22:00:00+00:00,H
4750,ZONE1,2025-07-17 22:00:00+00:00,2025-07-17 23:00:00+00:00,H
4751,ZONE1,2025-07-17 23:00:00+00:00,2025-07-18 00:00:00+00:00,H
4752,ZONE1,2025-07-18 00:00:00+00:00,2025-07-18 01:00:00+00:00,H
4753,ZONE1,2025-07-18 01:00:00+00:00,2025-07-18 02:00:00+00:00,H
4754,ZONE1,2025-07-18 02:00:00+00:00,2025-07-18 03:00:00+00:00,H
4755,ZONE1,2025-07-18 03:00:00+00:00,2025-07-18 04:00:00+00:00,H
4756,ZONE1,2025-07-18 04:00:00+00:00,2025-07-18 05:00:00+00:00,H
4757,ZONE1,2025-07-18 05:00:00+00:00,2025-07-18 06:00:00+00:00,H
4758,ZONE1,2025-07-18 06:00:00+00:00,2025-07-18 07:00:00+00:00,H
4759,ZONE1,2025-07-18 07:00:00+00:00,2025-07-18 08:00:00+00:00,H
4760,ZONE1,2025-07-18 08:00:00+00:00,2025-07-18 09:00:00+00:00,H
4761,ZONE1,2025-07-18 09:00:00+00:00,2025-07-18 10:00:00+00:00,H
4762,ZONE1,2025-07-18 10:00:00+00:00,2025-07-18 11:00:00+00:00,H
4763,ZONE1,2025-07-18 11:00:00+00:00,2025-07-18 12:00:00+00:00,H
4764,ZONE1,2025-07-18 12:00:00+00:00,2025-07-18 13:00:00+00:00,H
4765,ZONE1,2025-07-18 13:00:00+00:00,2025-07-18 14:00:00+00:00,H
4766,ZONE1,2025-07-18 14:00:00+00:00,2025-07-18 15:00:00+00:00,H
4767,ZONE1,2025-07-18 15:00:00+00:00,2025-07-18 16:00:00+00:00,H
4768,ZONE1,2025-07-18 16:00:00+00:00,2025-07-18 17:00:00+00:00,H
4769,ZONE1,2025-07-18 17:00:00+00:00,2025-07-18 18:00:00+00:00,H
4770,ZONE1,2025-07-18 18:00:00+00:00,2025-07-18 19:00:00+00:00,H
4771,ZONE1,2025-07-18 19:00:00+00:00,2025-07-18 20:00:00+00:00,H
4772,ZONE1,2025-07-18 20:00:00+00:00,2025-07-18 21:00:00+00:00,H
4773,ZONE1,2025-07-18 21:00:00+00:00,2025-07-18 22:00:00+00:00,H
4774,ZONE1,2025-07-18 22:00:00+00:00,2025-07-18 23:00:00+00:00,H
4775,ZONE1,2025-07-18 23:00:00+00:00,2025-07-19 00:00:00+00:00,H
4776,ZONE1,2025-07-19 00:00:00+00:00,2025-07-19 01:00:00+00:00,H
4777,ZONE1,2025-07-19 01:00:00+00:00,2025-07-19 02:00:00+00:00,H
4778,ZONE1,2025-07-19 02:00:00+00:00,2025-07-19 03:00:00+00:00,H
4779,ZONE1,2025-07-19 03:00:00+00:00,2025-07-19 04:00:00+00:00,H
4780,ZONE1,2025-07-19 04:00:00+00:00,2025-07-19 05:00:00+00:00,H
4781,ZONE1,2025-07-19 05:00:00+00:00,2025-07-19 06:00:00+00:00,H
4782,ZONE1,2025-07-19 06:00:00+00:00,2025-07-19 07:00:00+00:00,H
4783,ZONE1,2025-07-19 07:00:00+00:00,2025-07-19 08:00:00+00:00,H
4784,ZONE1,2025-07-19 08:00:00+00:00,2025-07-19 09:00:00+00:00,H
4785,ZONE1,2025-07-19 09:00:00+00:00,2025-07-19 10:00:00+00:00,H
4786,ZONE1,2025-07-19 10:00:00+00:00,2025-07-19 11:00:00+00:00,H
4787,ZONE1,2025-07-19 11:00:00+00:00,2025-07-19 12:00:00+00:00,H
4788,ZONE1,2025-07-19 12:00:00+00:00,2025-07-19 13:00:00+00:00,H
4789,ZONE1,2025-07-19 13:00:00+00:00,2025-07-19 14:00:00+00:00,H
4790,ZONE1,2025-07-19 14:00:00+00:00,2025-07-19 15:00:00+00:00,H
4791,ZONE1,2025-07-19 15:00:00+00:00,2025-07-19 16:00:00+00:00,H
4792,ZONE1,2025-07-19 16:00:00+00:00,2025-07-19 17:00:00+00:00,H
4793,ZONE1,2025-07-19 17:00:00+00:00,2025-07-19 18:00:00+00:00,H
4794,ZONE1,2025-07-19 18:00:00+00:00,2025-07-19 19:00:00+00:00,H
4795,ZONE1,2025-07-19 19:00:00+00:00,2025-07-19 20:00:00+00:00,H
4796,ZONE1,2025-07-19 20:00:00+00:00,2025-07-19 21:00:00+00:00,H
4797,ZONE1,2025-07-19 21:00:00+00:00,2025-07-19 22:00:00+00:00,H
4798,ZONE1,2025-07-19 22:00:00+00:00,2025-07-19 23:00:00+00:00,H
4799,ZONE1,2025-07-19 23:00:00+00:00,2025-07-20 00:00:00+00:00,H
4800,ZONE1,2025-07-20 00:00:00+00:00,2025-07-20 01:00:00+00:00,H
4801,ZONE1,2025-07-20 01:00:00+00:00,2025-07-20 02:00:00+00:00,H
4802,ZONE1,2025-07-20 02:00:00+00:00,2025-07-20 03:00:00+00:00,H
4803,ZONE1,2025-07-20 03:00:00+00:00,2025-07-20 04:00:00+00:00,H
4804,ZONE1,2025-07-20 04:00:00+00:00,2025-07-20 05:00:00+00:00,H
4805,ZONE1,2025-07-20 05:00:00+00:00,2025-07-20 06:00:00+00:00,H
4806,ZONE1,2025-07-20 06:00:00+00:00,2025-07-20 07:00:00+00:00,H
4807,ZONE1,2025-07-20 07:00:00+00:00,2025-07-20 08:00:00+00:00,H
4808,ZONE1,2025-07-20 08:00:00+00:00,2025-07-20 09:00:00+00:00,H
4809,ZONE1,2025-07-20 09:00:00+00:00,2025-07-20 10:00:00+00:00,H
4810,ZONE1,2025-07-20 10:00:00+00:00,2025-07-20 11:00:00+00:00,H
4811,ZONE1,2025-07-20 11:00:00+00:00,2025-07-20 12:00:00+00:00,H
4812,ZONE1,2025-07-20 12:00:00+00:00,2025-07-20 13:00:00+00:00,H
4813,ZONE1,2025-07-20 13:00:00+00:00,2025-07-20 14:00:00+00:00,H
4814,ZONE1,2025-07-20 14:00:00+00:00,2025-07-20 15:00:00+00:00,H
4815,ZONE1,2025-07-20 15:00:00+00:00,2025-07-20 16:00:00+00:00,H
4816,ZONE1,2025-07-20 16:00:00+00:00,2025-07-20 17:00:00+00:00,H
4817,ZONE1,2025-07-20 17:00:00+00:00,2025-07-20 18:00:00+00:00,H
4818,ZONE1,2025-07-20 18:00:00+00:00,2025-07-20 19:00:00+00:00,H
4819,ZONE1,2025-07-20 19:00:00+00:00,2025-07-20 20:00:00+00:00,H
4820,ZONE1,2025-07-20 20:00:00+00:00,2025-07-20 21:00:00+00:00,H
4821,ZONE1,2025-07-20 21:00:00+00:00,2025-07-20 22:00:00+00:00,H
4822,ZONE1,2025-07-20 22:00:00+00:00,2025-07-20 23:00:00+00:00,H
4823,ZONE1,2025-07-20 23:00:00+00:00,2025-07-21 00:00:00+00:00,H
4824,ZONE1,2025-07-21 00:00:00+00:00,2025-07-21 01:00:00+00:00,H
4825,ZONE1,2025-07-21 01:00:00+00:00,2025-07-21 02:00:00+00:00,H
4826,ZONE1,2025-07-21 02:00:00+00:00,2025-07-21 03:00:00+00:00,H
4827,ZONE1,2025-07-21 03:00:00+00:00,2025-07-21 04:00:00+00:00,H
4828,ZONE1,2025-07-21 04:00:00+00:00,2025-07-21 05:00:00+00:00,H
4829,ZONE1,2025-07-21 05:00:00+00:00,2025-07-21 06:00:00+00:00,H
4830,ZONE1,2025-07-21 06:00:00+00:00,2025-07-21 07:00:00+00:00,H
4831,ZONE1,2025-07-21 07:00:00+00:00,2025-07-21 08:00:00+00:00,H
4832,ZONE1,2025-07-21 08:00:00+00:00,2025-07-21 09:00:00+00:00,H
4833,ZONE1,2025-07-21 09:00:00+00:00,2025-07-21 10:00:00+00:00,H
4834,ZONE1,2025-07-21 10:00:00+00:00,2025-07-21 11:00:00+00:00,H
4835,ZONE1,2025-07-21 11:00:00+00:00,2025-07-21 12:00:00+00:00,H
4836,ZONE1,2025-07-21 12:00:00+00:00,2025-07-21 13:00:00+00:00,H
4837,ZONE1,2025-07-21 13:00:00+00:00,2025-07-21 14:00:00+00:00,H
4838,ZONE1,2025-07-21 14:00:00+00:00,2025-07-21 15:00:00+00:00,H
4839,ZONE1,2025-07-21 15:00:00+00:00,2025-07-21 16:00:00+00:00,H
4840,ZONE1,2025-07-21 16:00:00+00:00,2025-07-21 17:00:00+00:00,H
4841,ZONE1,2025-07-21 17:00:00+00:00,2025-07-21 18:00:00+00:00,H
4842,ZONE1,2025-07-21 18:00:00+00:00,2025-07-21 19:00:00+00:00,H
4843,ZONE1,2025-07-21 19:00:00+00:00,2025-07-21 20:00:00+00:00,H
4844,ZONE1,2025-07-21 20:00:00+00:00,2025-07-21 21:00:00+00:00,H
4845,ZONE1,2025-07-21 21:00:00+00:00,2025-07-21 22:00:00+00:00,H
4846,ZONE1,2025-07-21 22:00:00+00:00,2025-07-21 23:00:00+00:00,H
4847,ZONE1,2025-07-21 23:00:00+00:00,2025-07-22 00:00:00+00:00,H
4848,ZONE1,2025-07-22 00:00:00+00:00,2025-07-22 01:00:00+00:00,H
4849,ZONE1,2025-07-22 01:00:00+00:00,2025-07-22 02:00:00+00:00,H
4850,ZONE1,2025-07-22 02:00:00+00:00,2025-07-22 03:00:00+00:00,H
4851,ZONE1,2025-07-22 03:00:00+00:00,2025-07-22 04:00:00+00:00,H
4852,ZONE1,2025-07-22 04:00:00+00:00,2025-07-22 05:00:00+00:00,H
4853,ZONE1,2025-07-22 05:00:00+00:00,2025-07-22 06:00:00+00:00,H
4854,ZONE1,2025-07-22 06:00:00+00:00,2025-07-22 07:00:00+00:00,H
4855,ZONE1,2025-07-22 07:00:00+00:00,2025-07-22 08:00:00+00:00,H
4856,ZONE1,2025-07-22 08:00:00+00:00,2025-07-22 09:00:00+00:00,H
4857,ZONE1,2025-07-22 09:00:00+00:00,2025-07-22 10:00:00+00:00,H
4858,ZONE1,2025-07-22 10:00:00+00:00,2025-07-22 11:00:00+00:00,H
4859,ZONE1,2025-07-22 11:00:00+00:00,2025-07-22 12:00:00+00:00,H
4860,ZONE1,2025-07-22 12:00:00+00:00,2025-07-22 13:00:00+00:00,H
4861,ZONE1,2025-07-22 13:00:00+00:00,2025-07-22 14:00:00+00:00,H
4862,ZONE1,2025-07-22 14:00:00+00:00,2025-07-22 15:00:00+00:00,H
4863,ZONE1,2025-07-22 15:00:00+00:00,2025-07-22 16:00:00+00:00,H
4864,ZONE1,2025-07-22 16:00:00+00:00,2025-07-22 17:00:00+00:00,H
4865,ZONE1,2025-07-22 17:00:00+00:00,2025-07-22 18:00:00+00:00,H
4866,ZONE1,2025-07-22 18:00:00+00:00,2025-07-22 19:00:00+00:00,H
4867,ZONE1,2025-07-22 19:00:00+00:00,2025-07-22 20:00:00+00:00,H
4868,ZONE1,2025-07-22 20:00:00+00:00,2025-07-22 21:00:00+00:00,H
4869,ZONE1,2025-07-22 21:00:00+00:00,2025-07-22 22:00:00+00:00,H
4870,ZONE1,2025-07-22 22:00:00+00:00,2025-07-22 23:00:00+00:00,H
4871,ZONE1,2025-07-22 23:00:00+00:00,2025-07-23 00:00:00+00:00,H
4872,ZONE1,2025-07-23 00:00:00+00:00,2025-07-23 01:00:00+00:00,H
4873,ZONE1,2025-07-23 01:00:00+00:00,2025-07-23 02:00:00+00:00,H
4874,ZONE1,2025-07-23 02:00:00+00:00,2025-07-23 03:00:00+00:00,H
4875,ZONE1,2025-07-23 03:00:00+00:00,2025-07-23 04:00:00+00:00,H
4876,ZONE1,2025-07-23 04:00:00+00:00,2025-07-23 05:00:00+00:00,H
4877,ZONE1,2025-07-23 05:00:00+00:00,2025-07-23 06:00:00+00:00,H
4878,ZONE1,2025-07-23 06:00:00+00:00,2025-07-23 07:00:00+00:00,H
4879,ZONE1,2025-07-23 07:00:00+00:00,2025-07-23 08:00:00+00:00,H
4880,ZONE1,2025-07-23 08:00:00+00:00,2025-07-23 09:00:00+00:00,H
4881,ZONE1,2025-07-23 09:00:00+00:00,2025-07-23 10:00:00+00:00,H
4882,ZONE1,2025-07-23 10:00:00+00:00,2025-07-23 11:00:00+00:00,H
4883,ZONE1,2025-07-23 11:00:00+00:00,2025-07-23 12:00:00+00:00,H
4884,ZONE1,2025-07-23 12:00:00+00:00,2025-07-23 13:00:00+00:00,H
4885,ZONE1,2025-07-23 13:00:00+00:00,2025-07-23 14:00:00+00:00,H
4886,ZONE1,2025-07-23 14:00:00+00:00,2025-07-23 15:00:00+00:00,H
4887,ZONE1,2025-07-23 15:00:00+00:00,2025-07-23 16:00:00+00:00,H
4888,ZONE1,2025-07-23 16:00:00+00:00,2025-07-23 17:00:00+00:00,H
4889,ZONE1,2025-07-23 17:00:00+00:00,2025-07-23 18:00:00+00:00,H
4890,ZONE1,2025-07-23 18:00:00+00:00,2025-07-23 19:00:00+00:00,H
4891,ZONE1,2025-07-23 19:00:00+00:00,2025-07-23 20:00:00+00:00,H
4892,ZONE1,2025-07-23 20:00:00+00:00,2025-07-23 21:00:00+00:00,H
4893,ZONE1,2025-07-23 21:00:00+00:00,2025-07-23 22:00:00+00:00,H
4894,ZONE1,2025-07-23 22:00:00+00:00,2025-07-23 23:00:00+00:00,H
4895,ZONE1,2025-07-23 23:00:00+00:00,2025-07-24 00:00:00+00:00,H
4896,ZONE1,2025-07-24 00:00:00+00:00,2025-07-24 01:00:00+00:00,H
4897,ZONE1,2025-07-24 01:00:00+00:00,2025-07-24 02:00:00+00:00,H
4898,ZONE1,2025-07-24 02:00:00+00:00,2025-07-24 03:00:00+00:00,H
4899,ZONE1,2025-07-24 03:00:00+00:00,2025-07-24 04:00:00+00:00,H
4900,ZONE1,2025-07-24 04:00:00+00:00,2025-07-24 05:00:00+00:00,H
4901,ZONE1,2025-07-24 05:00:00+00:00,2025-07-24 06:00:00+00:00,H
4902,ZONE1,2025-07-24 06:00:00+00:00,2025-07-24 07:00:00+00:00,H
4903,ZONE1,2025-07-24 07:00:00+00:00,2025-07-24 08:00:00+00:00,H
4904,ZONE1,2025-07-24 08:00:00+00:00,2025-07-24 09:00:00+00:00,H
4905,ZONE1,2025-07-24 09:00:00+00:00,2025-07-24 10:00:00+00:00,H
4906,ZONE1,2025-07-24 10:00:00+00:00,2025-07-24 11:00:00+00:00,H
4907,ZONE1,2025-07-24 11:00:00+00:00,2025-07-24 12:00:00+00:00,H
4908,ZONE1,2025-07-24 12:00:00+00:00,2025-07-24 13:00:00+00:00,H
4909,ZONE1,2025-07-24 13:00:00+00:00,2025-07-24 14:00:00+00:00,H
4910,ZONE1,2025-07-24 14:00:00+00:00,2025-07-24 15:00:00+00:00,H
4911,ZONE1,2025-07-24 15:00:00+00:00,2025-07-24 16:00:00+00:00,H
4912,ZONE1,2025-07-24 16:00:00+00:00,2025-07-24 17:00:00+00:00,H
4913,ZONE1,2025-07-24 17:00:00+00:00,2025-07-24 18:00:00+00:00,H
4914,ZONE1,2025-07-24 18:00:00+00:00,2025-07-24 19:00:00+00:00,H
4915,ZONE1,2025-07-24 19:00:00+00:00,2025-07-24 20:00:00+00:00,H
4916,ZONE1,2025-07-24 20:00:00+00:00,2025-07-24 21:00:00+00:00,H
4917,ZONE1,2025-07-24 21:00:00+00:00,2025-07-24 22:00:00+00:00,H
4918,ZONE1,2025-07-24 22:00:00+00:00,2025-07-24 23:00:00+00:00,H
4919,ZONE1,2025-07-24 23:00:00+00:00,2025-07-25 00:00:00+00:00,H
4920,ZONE1,2025-07-25 00:00:00+00:00,2025-07-25 01:00:00+00:00,H
4921,ZONE1,2025-07-25 01:00:00+00:00,2025-07-25 02:00:00+00:00,H
4922,ZONE1,2025-07-25 02:00:00+00:00,2025-07-25 03:00:00+00:00,H
4923,ZONE1,2025-07-25 03:00:00+00:00,2025-07-25 04:00:00+00:00,H
4924,ZONE1,2025-07-25 04:00:00+00:00,2025-07-25 05:00:00+00:00,H
4925,ZONE1,2025-07-25 05:00:00+00:00,2025-07-25 06:00:00+00:00,H
4926,ZONE1,2025-07-25 06:00:00+00:00,2025-07-25 07:00:00+00:00,H
4927,ZONE1,2025-07-25 07:00:00+00:00,2025-07-25 08:00:00+00:00,H
4928,ZONE1,2025-07-25 08:00:00+00:00,2025-07-25 09:00:00+00:00,H
4929,ZONE1,2025-07-25 09:00:00+00:00,2025-07-25 10:00:00+00:00,H
4930,ZONE1,2025-07-25 10:00:00+00:00,2025-07-25 11:00:00+00:00,H
4931,ZONE1,2025-07-25 11:00:00+00:00,2025-07-25 12:00:00+00:00,H
4932,ZONE1,2025-07-25 12:00:00+00:00,2025-07-25 13:00:00+00:00,H
4933,ZONE1,2025-07-25 13:00:00+00:00,2025-07-25 14:00:00+00:00,H
4934,ZONE1,2025-07-25 14:00:00+00:00,2025-07-25 15:00:00+00:00,H
4935,ZONE1,2025-07-25 15:00:00+00:00,2025-07-25 16:00:00+00:00,H
4936,ZONE1,2025-07-25 16:00:00+00:00,2025-07-25 17:00:00+00:00,H
4937,ZONE1,2025-07-25 17:00:00+00:00,2025-07-25 18:00:00+00:00,H
4938,ZONE1,2025-07-25 18:00:00+00:00,2025-07-25 19:00:00+00:00,H
4939,ZONE1,2025-07-25 19:00:00+00:00,2025-07-25 20:00:00+00:00,H
4940,ZONE1,2025-07-25 20:00:00+00:00,2025-07-25 21:00:00+00:00,H
4941,ZONE1,2025-07-25 21:00:00+00:00,2025-07-25 22:00:00+00:00,H
4942,ZONE1,2025-07-25 22:00:00+00:00,2025-07-25 23:00:00+00:00,H
4943,ZONE1,2025-07-25 23:00:00+00:00,2025-07-26 00:00:00+00:00,H
4944,ZONE1,2025-07-26 00:00:00+00:00,2025-07-26 01:00:00+00:00,H
4945,ZONE1,2025-07-26 01:00:00+00:00,2025-07-26 02:00:00+00:00,H
4946,ZONE1,2025-07-26 02:00:00+00:00,2025-07-26 03:00:00+00:00,H
4947,ZONE1,2025-07-26 03:00:00+00:00,2025-07-26 04:00:00+00:00,H
4948,ZONE1,2025-07-26 04:00:00+00:00,2025-07-26 05:00:00+00:00,H
4949,ZONE1,2025-07-26 05:00:00+00:00,2025-07-26 06:00:00+00:00,H
4950,ZONE1,2025-07-26 06:00:00+00:00,2025-07-26 07:00:00+00:00,H
4951,ZONE1,2025-07-26 07:00:00+00:00,2025-07-26 08:00:00+00:00,H
4952,ZONE1,2025-07-26 08:00:00+00:00,2025-07-26 09:00:00+00:00,H
4953,ZONE1,2025-07-26 09:00:00+00:00,2025-07-26 10:00:00+00:00,H
4954,ZONE1,2025-07-26 10:00:00+00:00,2025-07-26 11:00:00+00:00,H
4955,ZONE1,2025-07-26 11:00:00+00:00,2025-07-26 12:00:00+00:00,H
4956,ZONE1,2025-07-26 12:00:00+00:00,2025-07-26 13:00:00+00:00,H
4957,ZONE1,2025-07-26 13:00:00+00:00,2025-07-26 14:00:00+00:00,H
4958,ZONE1,2025-07-26 14:00:00+00:00,2025-07-26 15:00:00+00:00,H
4959,ZONE1,2025-07-26 15:00:00+00:00,2025-07-26 16:00:00+00:00,H
4960,ZONE1,2025-07-26 16:00:00+00:00,2025-07-26 17:00:00+00:00,H
4961,ZONE1,2025-07-26 17:00:00+00:00,2025-07-26 18:00:00+00:00,H
4962,ZONE1,2025-07-26 18:00:00+00:00,2025-07-26 19:00:00+00:00,H
4963,ZONE1,2025-07-26 19:00:00+00:00,2025-07-26 20:00:00+00:00,H
4964,ZONE1,2025-07-26 20:00:00+00:00,2025-07-26 21:00:00+00:00,H
4965,ZONE1,2025-07-26 21:00:00+00:00,2025-07-26 22:00:00+00:00,H
4966,ZONE1,2025-07-26 22:00:00+00:00,2025-07-26 23:00:00+00:00,H
4967,ZONE1,2025-07-26 23:00:00+00:00,2025-07-27 00:00:00+00:00,H
4968,ZONE1,2025-07-27 00:00:00+00:00,2025-07-27 01:00:00+00:00,H
4969,ZONE1,2025-07-27 01:00:00+00:00,2025-07-27 02:00:00+00:00,H
4970,ZONE1,2025-07-27 02:00:00+00:00,2025-07-27 03:00:00+00:00,H
4971,ZONE1,2025-07-27 03:00:00+00:00,2025-07-27 04:00:00+00:00,H
4972,ZONE1,2025-07-27 04:00:00+00:00,2025-07-27 05:00:00+00:00,H
4973,ZONE1,2025-07-27 05:00:00+00:00,2025-07-27 06:00:00+00:00,H
4974,ZONE1,2025-07-27 06:00:00+00:00,2025-07-27 07:00:00+00:00,H
4975,ZONE1,2025-07-27 07:00:00+00:00,2025-07-27 08:00:00+00:00,H
4976,ZONE1,2025-07-27 08:00:00+00:00,2025-07-27 09:00:00+00:00,H
4977,ZONE1,2025-07-27 09:00:00+00:00,2025-07-27 10:00:00+00:00,H
4978,ZONE1,2025-07-27 10:00:00+00:00,2025-07-27 11:00:00+00:00,H
4979,ZONE1,2025-07-27 11:00:00+00:00,2025-07-27 12:00:00+00:00,H
4980,ZONE1,2025-07-27 12:00:00+00:00,2025-07-27 13:00:00+00:00,H
4981,ZONE1,2025-07-27 13:00:00+00:00,2025-07-27 14:00:00+00:00,H
4982,ZONE1,2025-07-27 14:00:00+00:00,2025-07-27 15:00:00+00:00,H
4983,ZONE1,2025-07-27 15:00:00+00:00,2025-07-27 16:00:00+00:00,H
4984,ZONE1,2025-07-27 16:00:00+00:00,2025-07-27 17:00:00+00:00,H
4985,ZONE1,2025-07-27 17:00:00+00:00,2025-07-27 18:00:00+00:00,H
4986,ZONE1,2025-07-27 18:00:00+00:00,2025-07-27 19:00:00+00:00,H
4987,ZONE1,2025-07-27 19:00:00+00:00,2025-07-27 20:00:00+00:00,H
4988,ZONE1,2025-07-27 20:00:00+00:00,2025-07-27 21:00:00+00:00,H
4989,ZONE1,2025-07-27 21:00:00+00:00,2025-07-27 22:00:00+00:00,H
4990,ZONE1,2025-07-27 22:00:00+00:00,2025-07-27 23:00:00+00:00,H
4991,ZONE1,2025-07-27 23:00:00+00:00,2025-07-28 00:00:00+00:00,H
4992,ZONE1,2025-07-28 00:00:00+00:00,2025-07-28 01:00:00+00:00,H
4993,ZONE1,2025-07-28 01:00:00+00:00,2025-07-28 02:00:00+00:00,H
4994,ZONE1,2025-07-28 02:00:00+00:00,2025-07-28 03:00:00+00:00,H
4995,ZONE1,2025-07-28 03:00:00+00:00,2025-07-28 04:00:00+00:00,H
4996,ZONE1,2025-07-28 04:00:00+00:00,2025-07-28 05:00:00+00:00,H
4997,ZONE1,2025-07-28 05:00:00+00:00,2025-07-28 06:00:00+00:00,H
4998,ZONE1,2025-07-28 06:00:00+00:00,2025-07-28 07:00:00+00:00,H
4999,ZONE1,2025-07-28 07:00:00+00:00,2025-07-28 08:00:00+00:00,H
5000,ZONE1,2025-07-28 08:00:00+00:00,2025-07-28 09:00:00+00:00,H
5001,ZONE1,2025-07-28 09:00:00+00:00,2025-07-28 10:00:00+00:00,H
5002,ZONE1,2025-07-28 10:00:00+00:00,2025-07-28 11:00:00+00:00,H
5003,ZONE1,2025-07-28 11:00:00+00:00,2025-07-28 12:00:00+00:00,H
5004,ZONE1,2025-07-28 12:00:00+00:00,2025-07-28 13:00:00+00:00,H
5005,ZONE1,2025-07-28 13:00:00+00:00,2025-07-28 14:00:00+00:00,H
5006,ZONE1,2025-07-28 14:00:00+00:00,2025-07-28 15:00:00+00:00,H
5007,ZONE1,2025-07-28 15:00:00+00:00,2025-07-28 16:00:00+00:00,H
5008,ZONE1,2025-07-28 16:00:00+00:00,2025-07-28 17:00:00+00:00,H
5009,ZONE1,2025-07-28 17:00:00+00:00,2025-07-28 18:00:00+00:00,H
5010,ZONE1,2025-07-28 18:00:00+00:00,2025-07-28 19:00:00+00:00,H
5011,ZONE1,2025-07-28 19:00:00+00:00,2025-07-28 20:00:00+00:00,H
5012,ZONE1,2025-07-28 20:00:00+00:00,2025-07-28 21:00:00+00:00,H
5013,ZONE1,2025-07-28 21:00:00+00:00,2025-07-28 22:00:00+00:00,H
5014,ZONE1,2025-07-28 22:00:00+00:00,2025-07-28 23:00:00+00:00,H
5015,ZONE1,2025-07-28 23:00:00+00:00,2025-07-29 00:00:00+00:00,H
5016,ZONE1,2025-07-29 00:00:00+00:00,2025-07-29 01:00:00+00:00,H
5017,ZONE1,2025-07-29 01:00:00+00:00,2025-07-29 02:00:00+00:00,H
5018,ZONE1,2025-07-29 02:00:00+00:00,2025-07-29 03:00:00+00:00,H
5019,ZONE1,2025-07-29 03:00:00+00:00,2025-07-29 04:00:00+00:00,H
5020,ZONE1,2025-07-29 04:00:00+00:00,2025-07-29 05:00:00+00:00,H
5021,ZONE1,2025-07-29 05:00:00+00:00,2025-07-29 06:00:00+00:00,H
5022,ZONE1,2025-07-29 06:00:00+00:00,2025-07-29 07:00:00+00:00,H
5023,ZONE1,2025-07-29 07:00:00+00:00,2025-07-29 08:00:00+00:00,H
5024,ZONE1,2025-07-29 08:00:00+00:00,2025-07-29 09:00:00+00:00,H
5025,ZONE1,2025-07-29 09:00:00+00:00,2025-07-29 10:00:00+00:00,H
5026,ZONE1,2025-07-29 10:00:00+00:00,2025-07-29 11:00:00+00:00,H
5027,ZONE1,2025-07-29 11:00:00+00:00,2025-07-29 12:00:00+00:00,H
5028,ZONE1,2025-07-29 12:00:00+00:00,2025-07-29 13:00:00+00:00,H
5029,ZONE1,2025-07-29 13:00:00+00:00,2025-07-29 14:00:00+00:00,H
5030,ZONE1,2025-07-29 14:00:00+00:00,2025-07-29 15:00:00+00:00,H
5031,ZONE1,2025-07-29 15:00:00+00:00,2025-07-29 16:00:00+00:00,H
5032,ZONE1,2025-07-29 16:00:00+00:00,2025-07-29 17:00:00+00:00,H
5033,ZONE1,2025-07-29 17:00:00+00:00,2025-07-29 18:00:00+00:00,H
5034,ZONE1,2025-07-29 18:00:00+00:00,2025-07-29 19:00:00+00:00,H
5035,ZONE1,2025-07-29 19:00:00+00:00,2025-07-29 20:00:00+00:00,H
5036,ZONE1,2025-07-29 20:00:00+00:00,2025-07-29 21:00:00+00:00,H
5037,ZONE1,2025-07-29 21:00:00+00:00,2025-07-29 22:00:00+00:00,H
5038,ZONE1,2025-07-29 22:00:00+00:00,2025-07-29 23:00:00+00:00,H
5039,ZONE1,2025-07-29 23:00:00+00:00,2025-07-30 00:00:00+00:00,H
5040,ZONE1,2025-07-30 00:00:00+00:00,2025-07-30 01:00:00+00:00,H
5041,ZONE1,2025-07-30 01:00:00+00:00,2025-07-30 02:00:00+00:00,H
5042,ZONE1,2025-07-30 02:00:00+00:00,2025-07-30 03:00:00+00:00,H
5043,ZONE1,2025-07-30 03:00:00+00:00,2025-07-30 04:00:00+00:00,H
5044,ZONE1,2025-07-30 04:00:00+00:00,2025-07-30 05:00:00+00:00,H
5045,ZONE1,2025-07-30 05:00:00+00:00,2025-07-30 06:00:00+00:00,H
5046,ZONE1,2025-07-30 06:00:00+00:00,2025-07-30 07:00:00+00:00,H
5047,ZONE1,2025-07-30 07:00:00+00:00,2025-07-30 08:00:00+00:00,H
5048,ZONE1,2025-07-30 08:00:00+00:00,2025-07-30 09:00:00+00:00,H
5049,ZONE1,2025-07-30 09:00:00+00:00,2025-07-30 10:00:00+00:00,H
5050,ZONE1,2025-07-30 10:00:00+00:00,2025-07-30 11:00:00+00:00,H
5051,ZONE1,2025-07-30 11:00:00+00:00,2025-07-30 12:00:00+00:00,H
5052,ZONE1,2025-07-30 12:00:00+00:00,2025-07-30 13:00:00+00:00,H
5053,ZONE1,2025-07-30 13:00:00+00:00,2025-07-30 14:00:00+00:00,H
5054,ZONE1,2025-07-30 14:00:00+00:00,2025-07-30 15:00:00+00:00,H
5055,ZONE1,2025-07-30 15:00:00+00:00,2025-07-30 16:00:00+00:00,H
5056,ZONE1,2025-07-30 16:00:00+00:00,2025-07-30 17:00:00+00:00,H
5057,ZONE1,2025-07-30 17:00:00+00:00,2025-07-30 18:00:00+00:00,H
5058,ZONE1,2025-07-30 18:00:00+00:00,2025-07-30 19:00:00+00:00,H
5059,ZONE1,2025-07-30 19:00:00+00:00,2025-07-30 20:00:00+00:00,H
5060,ZONE1,2025-07-30 20:00:00+00:00,2025-07-30 21:00:00+00:00,H
5061,ZONE1,2025-07-30 21:00:00+00:00,2025-07-30 22:00:00+00:00,H
5062,ZONE1,2025-07-30 22:00:00+00:00,2025-07-30 23:00:00+00:00,H
5063,ZONE1,2025-07-30 23:00:00+00:00,2025-07-31 00:00:00+00:00,H
5064,ZONE1,2025-07-31 00:00:00+00:00,2025-07-31 01:00:00+00:00,H
5065,ZONE1,2025-07-31 01:00:00+00:00,2025-07-31 02:00:00+00:00,H
5066,ZONE1,2025-07-31 02:00:00+00:00,2025-07-31 03:00:00+00:00,H
5067,ZONE1,2025-07-31 03:00:00+00:00,2025-07-31 04:00:00+00:00,H
5068,ZONE1,2025-07-31 04:00:00+00:00,2025-07-31 05:00:00+00:00,H
5069,ZONE1,2025-07-31 05:00:00+00:00,2025-07-31 06:00:00+00:00,H
5070,ZONE1,2025-07-31 06:00:00+00:00,2025-07-31 07:00:00+00:00,H
5071,ZONE1,2025-07-31 07:00:00+00:00,2025-07-31 08:00:00+00:00,H
5072,ZONE1,2025-07-31 08:00:00+00:00,2025-07-31 09:00:00+00:00,H
5073,ZONE1,2025-07-31 09:00:00+00:00,2025-07-31 10:00:00+00:00,H
5074,ZONE1,2025-07-31 10:00:00+00:00,2025-07-31 11:00:00+00:00,H
5075,ZONE1,2025-07-31 11:00:00+00:00,2025-07-31 12:00:00+00:00,H
5076,ZONE1,2025-07-31 12:00:00+00:00,2025-07-31 13:00:00+00:00,H
5077,ZONE1,2025-07-31 13:00:00+00:00,2025-07-31 14:00:00+00:00,H
5078,ZONE1,2025-07-31 14:00:00+00:00,2025-07-31 15:00:00+00:00,H
5079,ZONE1,2025-07-31 15:00:00+00:00,2025-07-31 16:00:00+00:00,H
5080,ZONE1,2025-07-31 16:00:00+00:00,2025-07-31 17:00:00+00:00,H
5081,ZONE1,2025-07-31 17:00:00+00:00,2025-07-31 18:00:00+00:00,H
5082,ZONE1,2025-07-31 18:00:00+00:00,2025-07-31 19:00:00+00:00,H
5083,ZONE1,2025-07-31 19:00:00+00:00,2025-07-31 20:00:00+00:00,H
5084,ZONE1,2025-07-31 20:00:00+00:00,2025-07-31 21:00:00+00:00,H
5085,ZONE1,2025-07-31 21:00:00+00:00,2025-07-31 22:00:00+00:00,H
5086,ZONE1,2025-07-31 22:00:00+00:00,2025-07-31 23:00:00+00:00,H
5087,ZONE1,2025-07-31 23:00:00+00:00,2025-08-01 00:00:00+00:00,H
5088,ZONE1,2025-08-01 00:00:00+00:00,2025-08-01 01:00:00+00:00,H
5089,ZONE1,2025-08-01 01:00:00+00:00,2025-08-01 02:00:00+00:00,H
5090,ZONE1,2025-08-01 02:00:00+00:00,2025-08-01 03:00:00+00:00,H
5091,ZONE1,2025-08-01 03:00:00+00:00,2025-08-01 04:00:00+00:00,H
5092,ZONE1,2025-08-01 04:00:00+00:00,2025-08-01 05:00:00+00:00,H
5093,ZONE1,2025-08-01 05:00:00+00:00,2025-08-01 06:00:00+00:00,H
5094,ZONE1,2025-08-01 06:00:00+00:00,2025-08-01 07:00:00+00:00,H
5095,ZONE1,2025-08-01 07:00:00+00:00,2025-08-01 08:00:00+00:00,H
5096,ZONE1,2025-08-01 08:00:00+00:00,2025-08-01 09:00:00+00:00,H
5097,ZONE1,2025-08-01 09:00:00+00:00,2025-08-01 10:00:00+00:00,H
5098,ZONE1,2025-08-01 10:00:00+00:00,2025-08-01 11:00:00+00:00,H
5099,ZONE1,2025-08-01 11:00:00+00:00,2025-08-01 12:00:00+00:00,H
5100,ZONE1,2025-08-01 12:00:00+00:00,2025-08-01 13:00:00+00:00,H
5101,ZONE1,2025-08-01 13:00:00+00:00,2025-08-01 14:00:00+00:00,H
5102,ZONE1,2025-08-01 14:00:00+00:00,2025-08-01 15:00:00+00:00,H
5103,ZONE1,2025-08-01 15:00:00+00:00,2025-08-01 16:00:00+00:00,H
5104,ZONE1,2025-08-01 16:00:00+00:00,2025-08-01 17:00:00+00:00,H
5105,ZONE1,2025-08-01 17:00:00+00:00,2025-08-01 18:00:00+00:00,H
5106,ZONE1,2025-08-01 18:00:00+00:00,2025-08-01 19:00:00+00:00,H
5107,ZONE1,2025-08-01 19:00:00+00:00,2025-08-01 20:00:00+00:00,H
5108,ZONE1,2025-08-01 20:00:00+00:00,2025-08-01 21:00:00+00:00,H
5109,ZONE1,2025-08-01 21:00:00+00:00,2025-08-01 22:00:00+00:00,H
5110,ZONE1,2025-08-01 22:00:00+00:00,2025-08-01 23:00:00+00:00,H
5111,ZONE1,2025-08-01 23:00:00+00:00,2025-08-02 00:00:00+00:00,H
5112,ZONE1,2025-08-02 00:00:00+00:00,2025-08-02 01:00:00+00:00,H
5113,ZONE1,2025-08-02 01:00:00+00:00,2025-08-02 02:00:00+00:00,H
5114,ZONE1,2025-08-02 02:00:00+00:00,2025-08-02 03:00:00+00:00,H
5115,ZONE1,2025-08-02 03:00:00+00:00,2025-08-02 04:00:00+00:00,H
5116,ZONE1,2025-08-02 04:00:00+00:00,2025-08-02 05:00:00+00:00,H
5117,ZONE1,2025-08-02 05:00:00+00:00,2025-08-02 06:00:00+00:00,H
5118,ZONE1,2025-08-02 06:00:00+00:00,2025-08-02 07:00:00+00:00,H
5119,ZONE1,2025-08-02 07:00:00+00:00,2025-08-02 08:00:00+00:00,H
5120,ZONE1,2025-08-02 08:00:00+00:00,2025-08-02 09:00:00+00:00,H
5121,ZONE1,2025-08-02 09:00:00+00:00,2025-08-02 10:00:00+00:00,H
5122,ZONE1,2025-08-02 10:00:00+00:00,2025-08-02 11:00:00+00:00,H
5123,ZONE1,2025-08-02 11:00:00+00:00,2025-08-02 12:00:00+00:00,H
5124,ZONE1,2025-08-02 12:00:00+00:00,2025-08-02 13:00:00+00:00,H
5125,ZONE1,2025-08-02 13:00:00+00:00,2025-08-02 14:00:00+00:00,H
5126,ZONE1,2025-08-02 14:00:00+00:00,2025-08-02 15:00:00+00:00,H
5127,ZONE1,2025-08-02 15:00:00+00:00,2025-08-02 16:00:00+00:00,H
5128,ZONE1,2025-08-02 16:00:00+00:00,2025-08-02 17:00:00+00:00,H
5129,ZONE1,2025-08-02 17:00:00+00:00,2025-08-02 18:00:00+00:00,H
5130,ZONE1,2025-08-02 18:00:00+00:00,2025-08-02 19:00:00+00:00,H
5131,ZONE1,2025-08-02 19:00:00+00:00,2025-08-02 20:00:00+00:00,H
5132,ZONE1,2025-08-02 20:00:00+00:00,2025-08-02 21:00:00+00:00,H
5133,ZONE1,2025-08-02 21:00:00+00:00,2025-08-02 22:00:00+00:00,H
5134,ZONE1,2025-08-02 22:00:00+00:00,2025-08-02 23:00:00+00:00,H
5135,ZONE1,2025-08-02 23:00:00+00:00,2025-08-03 00:00:00+00:00,H
5136,ZONE1,2025-08-03 00:00:00+00:00,2025-08-03 01:00:00+00:00,H
5137,ZONE1,2025-08-03 01:00:00+00:00,2025-08-03 02:00:00+00:00,H
5138,ZONE1,2025-08-03 02:00:00+00:00,2025-08-03 03:00:00+00:00,H
5139,ZONE1,2025-08-03 03:00:00+00:00,2025-08-03 04:00:00+00:00,H
5140,ZONE1,2025-08-03 04:00:00+00:00,2025-08-03 05:00:00+00:00,H
5141,ZONE1,2025-08-03 05:00:00+00:00,2025-08-03 06:00:00+00:00,H
5142,ZONE1,2025-08-03 06:00:00+00:00,2025-08-03 07:00:00+00:00,H
5143,ZONE1,2025-08-03 07:00:00+00:00,2025-08-03 08:00:00+00:00,H
5144,ZONE1,2025-08-03 08:00:00+00:00,2025-08-03 09:00:00+00:00,H
5145,ZONE1,2025-08-03 09:00:00+00:00,2025-08-03 10:00:00+00:00,H
5146,ZONE1,2025-08-03 10:00:00+00:00,2025-08-03 11:00:00+00:00,H
5147,ZONE1,2025-08-03 11:00:00+00:00,2025-08-03 12:00:00+00:00,H
5148,ZONE1,2025-08-03 12:00:00+00:00,2025-08-03 13:00:00+00:00,H
5149,ZONE1,2025-08-03 13:00:00+00:00,2025-08-03 14:00:00+00:00,H
5150,ZONE1,2025-08-03 14:00:00+00:00,2025-08-03 15:00:00+00:00,H
5151,ZONE1,2025-08-03 15:00:00+00:00,2025-08-03 16:00:00+00:00,H
5152,ZONE1,2025-08-03 16:00:00+00:00,2025-08-03 17:00:00+00:00,H
5153,ZONE1,2025-08-03 17:00:00+00:00,2025-08-03 18:00:00+00:00,H
5154,ZONE1,2025-08-03 18:00:00+00:00,2025-08-03 19:00:00+00:00,H
5155,ZONE1,2025-08-03 19:00:00+00:00,2025-08-03 20:00:00+00:00,H
5156,ZONE1,2025-08-03 20:00:00+00:00,2025-08-03 21:00:00+00:00,H
5157,ZONE1,2025-08-03 21:00:00+00:00,2025-08-03 22:00:00+00:00,H
5158,ZONE1,2025-08-03 22:00:00+00:00,2025-08-03 23:00:00+00:00,H
5159,ZONE1,2025-08-03 23:00:00+00:00,2025-08-04 00:00:00+00:00,H
5160,ZONE1,2025-08-04 00:00:00+00:00,2025-08-04 01:00:00+00:00,H
5161,ZONE1,2025-08-04 01:00:00+00:00,2025-08-04 02:00:00+00:00,H
5162,ZONE1,2025-08-04 02:00:00+00:00,2025-08-04 03:00:00+00:00,H
5163,ZONE1,2025-08-04 03:00:00+00:00,2025-08-04 04:00:00+00:00,H
5164,ZONE1,2025-08-04 04:00:00+00:00,2025-08-04 05:00:00+00:00,H
5165,ZONE1,2025-08-04 05:00:00+00:00,2025-08-04 06:00:00+00:00,H
5166,ZONE1,2025-08-04 06:00:00+00:00,2025-08-04 07:00:00+00:00,H
5167,ZONE1,2025-08-04 07:00:00+00:00,2025-08-04 08:00:00+00:00,H
5168,ZONE1,2025-08-04 08:00:00+00:00,2025-08-04 09:00:00+00:00,H
5169,ZONE1,2025-08-04 09:00:00+00:00,2025-08-04 10:00:00+00:00,H
5170,ZONE1,2025-08-04 10:00:00+00:00,2025-08-04 11:00:00+00:00,H
5171,ZONE1,2025-08-04 11:00:00+00:00,2025-08-04 12:00:00+00:00,H
5172,ZONE1,2025-08-04 12:00:00+00:00,2025-08-04 13:00:00+00:00,H
5173,ZONE1,2025-08-04 13:00:00+00:00,2025-08-04 14:00:00+00:00,H
5174,ZONE1,2025-08-04 14:00:00+00:00,2025-08-04 15:00:00+00:00,H
5175,ZONE1,2025-08-04 15:00:00+00:00,2025-08-04 16:00:00+00:00,H
5176,ZONE1,2025-08-04 16:00:00+00:00,2025-08-04 17:00:00+00:00,H
5177,ZONE1,2025-08-04 17:00:00+00:00,2025-08-04 18:00:00+00:00,H
5178,ZONE1,2025-08-04 18:00:00+00:00,2025-08-04 19:00:00+00:00,H
5179,ZONE1,2025-08-04 19:00:00+00:00,2025-08-04 20:00:00+00:00,H
5180,ZONE1,2025-08-04 20:00:00+00:00,2025-08-04 21:00:00+00:00,H
5181,ZONE1,2025-08-04 21:00:00+00:00,2025-08-04 22:00:00+00:00,H
5182,ZONE1,2025-08-04 22:00:00+00:00,2025-08-04 23:00:00+00:00,H
5183,ZONE1,2025-08-04 23:00:00+00:00,2025-08-05 00:00:00+00:00,H
5184,ZONE1,2025-08-05 00:00:00+00:00,2025-08-05 01:00:00+00:00,H
5185,ZONE1,2025-08-05 01:00:00+00:00,2025-08-05 02:00:00+00:00,H
5186,ZONE1,2025-08-05 02:00:00+00:00,2025-08-05 03:00:00+00:00,H
5187,ZONE1,2025-08-05 03:00:00+00:00,2025-08-05 04:00:00+00:00,H
5188,ZONE1,2025-08-05 04:00:00+00:00,2025-08-05 05:00:00+00:00,H
5189,ZONE1,2025-08-05 05:00:00+00:00,2025-08-05 06:00:00+00:00,H
5190,ZONE1,2025-08-05 06:00:00+00:00,2025-08-05 07:00:00+00:00,H
5191,ZONE1,2025-08-05 07:00:00+00:00,2025-08-05 08:00:00+00:00,H
5192,ZONE1,2025-08-05 08:00:00+00:00,2025-08-05 09:00:00+00:00,H
5193,ZONE1,2025-08-05 09:00:00+00:00,2025-08-05 10:00:00+00:00,H
5194,ZONE1,2025-08-05 10:00:00+00:00,2025-08-05 11:00:00+00:00,H
5195,ZONE1,2025-08-05 11:00:00+00:00,2025-08-05 12:00:00+00:00,H
5196,ZONE1,2025-08-05 12:00:00+00:00,2025-08-05 13:00:00+00:00,H
5197,ZONE1,2025-08-05 13:00:00+00:00,2025-08-05 14:00:00+00:00,H
5198,ZONE1,2025-08-05 14:00:00+00:00,2025-08-05 15:00:00+00:00,H
5199,ZONE1,2025-08-05 15:00:00+00:00,2025-08-05 16:00:00+00:00,H
5200,ZONE1,2025-08-05 16:00:00+00:00,2025-08-05 17:00:00+00:00,H
5201,ZONE1,2025-08-05 17:00:00+00:00,2025-08-05 18:00:00+00:00,H
5202,ZONE1,2025-08-05 18:00:00+00:00,2025-08-05 19:00:00+00:00,H
5203,ZONE1,2025-08-05 19:00:00+00:00,2025-08-05 20:00:00+00:00,H
5204,ZONE1,2025-08-05 20:00:00+00:00,2025-08-05 21:00:00+00:00,H
5205,ZONE1,2025-08-05 21:00:00+00:00,2025-08-05 22:00:00+00:00,H
5206,ZONE1,2025-08-05 22:00:00+00:00,2025-08-05 23:00:00+00:00,H
5207,ZONE1,2025-08-05 23:00:00+00:00,2025-08-06 00:00:00+00:00,H
5208,ZONE1,2025-08-06 00:00:00+00:00,2025-08-06 01:00:00+00:00,H
5209,ZONE1,2025-08-06 01:00:00+00:00,2025-08-06 02:00:00+00:00,H
5210,ZONE1,2025-08-06 02:00:00+00:00,2025-08-06 03:00:00+00:00,H
5211,ZONE1,2025-08-06 03:00:00+00:00,2025-08-06 04:00:00+00:00,H
5212,ZONE1,2025-08-06 04:00:00+00:00,2025-08-06 05:00:00+00:00,H
5213,ZONE1,2025-08-06 05:00:00+00:00,2025-08-06 06:00:00+00:00,H
5214,ZONE1,2025-08-06 06:00:00+00:00,2025-08-06 07:00:00+00:00,H
5215,ZONE1,2025-08-06 07:00:00+00:00,2025-08-06 08:00:00+00:00,H
5216,ZONE1,2025-08-06 08:00:00+00:00,2025-08-06 09:00:00+00:00,H
5217,ZONE1,2025-08-06 09:00:00+00:00,2025-08-06 10:00:00+00:00,H
5218,ZONE1,2025-08-06 10:00:00+00:00,2025-08-06 11:00:00+00:00,H
5219,ZONE1,2025-08-06 11:00:00+00:00,2025-08-06 12:00:00+00:00,H
5220,ZONE1,2025-08-06 12:00:00+00:00,2025-08-06 13:00:00+00:00,H
5221,ZONE1,2025-08-06 13:00:00+00:00,2025-08-06 14:00:00+00:00,H
5222,ZONE1,2025-08-06 14:00:00+00:00,2025-08-06 15:00:00+00:00,H
5223,ZONE1,2025-08-06 15:00:00+00:00,2025-08-06 16:00:00+00:00,H
5224,ZONE1,2025-08-06 16:00:00+00:00,2025-08-06 17:00:00+00:00,H
5225,ZONE1,2025-08-06 17:00:00+00:00,2025-08-06 18:00:00+00:00,H
5226,ZONE1,2025-08-06 18:00:00+00:00,2025-08-06 19:00:00+00:00,H
5227,ZONE1,2025-08-06 19:00:00+00:00,2025-08-06 20:00:00+00:00,H
5228,ZONE1,2025-08-06 20:00:00+00:00,2025-08-06 21:00:00+00:00,H
5229,ZONE1,2025-08-06 21:00:00+00:00,2025-08-06 22:00:00+00:00,H
5230,ZONE1,2025-08-06 22:00:00+00:00,2025-08-06 23:00:00+00:00,H
5231,ZONE1,2025-08-06 23:00:00+00:00,2025-08-07 00:00:00+00:00,H
5232,ZONE1,2025-08-07 00:00:00+00:00,2025-08-07 01:00:00+00:00,H
5233,ZONE1,2025-08-07 01:00:00+00:00,2025-08-07 02:00:00+00:00,H
5234,ZONE1,2025-08-07 02:00:00+00:00,2025-08-07 03:00:00+00:00,H
5235,ZONE1,2025-08-07 03:00:00+00:00,2025-08-07 04:00:00+00:00,H
5236,ZONE1,2025-08-07 04:00:00+00:00,2025-08-07 05:00:00+00:00,H
5237,ZONE1,2025-08-07 05:00:00+00:00,2025-08-07 06:00:00+00:00,H
5238,ZONE1,2025-08-07 06:00:00+00:00,2025-08-07 07:00:00+00:00,H
5239,ZONE1,2025-08-07 07:00:00+00:00,2025-08-07 08:00:00+00:00,H
5240,ZONE1,2025-08-07 08:00:00+00:00,2025-08-07 09:00:00+00:00,H
5241,ZONE1,2025-08-07 09:00:00+00:00,2025-08-07 10:00:00+00:00,H
5242,ZONE1,2025-08-07 10:00:00+00:00,2025-08-07 11:00:00+00:00,H
5243,ZONE1,2025-08-07 11:00:00+00:00,2025-08-07 12:00:00+00:00,H
5244,ZONE1,2025-08-07 12:00:00+00:00,2025-08-07 13:00:00+00:00,H
5245,ZONE1,2025-08-07 13:00:00+00:00,2025-08-07 14:00:00+00:00,H
5246,ZONE1,2025-08-07 14:00:00+00:00,2025-08-07 15:00:00+00:00,H
5247,ZONE1,2025-08-07 15:00:00+00:00,2025-08-07 16:00:00+00:00,H
5248,ZONE1,2025-08-07 16:00:00+00:00,2025-08-07 17:00:00+00:00,H
5249,ZONE1,2025-08-07 17:00:00+00:00,2025-08-07 18:00:00+00:00,H
5250,ZONE1,2025-08-07 18:00:00+00:00,2025-08-07 19:00:00+00:00,H
5251,ZONE1,2025-08-07 19:00:00+00:00,2025-08-07 20:00:00+00:00,H
5252,ZONE1,2025-08-07 20:00:00+00:00,2025-08-07 21:00:00+00:00,H
5253,ZONE1,2025-08-07 21:00:00+00:00,2025-08-07 22:00:00+00:00,H
5254,ZONE1,2025-08-07 22:00:00+00:00,2025-08-07 23:00:00+00:00,H
5255,ZONE1,2025-08-07 23:00:00+00:00,2025-08-08 00:00:00+00:00,H
5256,ZONE1,2025-08-08 00:00:00+00:00,2025-08-08 01:00:00+00:00,H
5257,ZONE1,2025-08-08 01:00:00+00:00,2025-08-08 02:00:00+00:00,H
5258,ZONE1,2025-08-08 02:00:00+00:00,2025-08-08 03:00:00+00:00,H
5259,ZONE1,2025-08-08 03:00:00+00:00,2025-08-08 04:00:00+00:00,H
5260,ZONE1,2025-08-08 04:00:00+00:00,2025-08-08 05:00:00+00:00,H
5261,ZONE1,2025-08-08 05:00:00+00:00,2025-08-08 06:00:00+00:00,H
5262,ZONE1,2025-08-08 06:00:00+00:00,2025-08-08 07:00:00+00:00,H
5263,ZONE1,2025-08-08 07:00:00+00:00,2025-08-08 08:00:00+00:00,H
5264,ZONE1,2025-08-08 08:00:00+00:00,2025-08-08 09:00:00+00:00,H
5265,ZONE1,2025-08-08 09:00:00+00:00,2025-08-08 10:00:00+00:00,H
5266,ZONE1,2025-08-08 10:00:00+00:00,2025-08-08 11:00:00+00:00,H
5267,ZONE1,2025-08-08 11:00:00+00:00,2025-08-08 12:00:00+00:00,H
5268,ZONE1,2025-08-08 12:00:00+00:00,2025-08-08 13:00:00+00:00,H
5269,ZONE1,2025-08-08 13:00:00+00:00,2025-08-08 14:00:00+00:00,H
5270,ZONE1,2025-08-08 14:00:00+00:00,2025-08-08 15:00:00+00:00,H
5271,ZONE1,2025-08-08 15:00:00+00:00,2025-08-08 16:00:00+00:00,H
5272,ZONE1,2025-08-08 16:00:00+00:00,2025-08-08 17:00:00+00:00,H
5273,ZONE1,2025-08-08 17:00:00+00:00,2025-08-08 18:00:00+00:00,H
5274,ZONE1,2025-08-08 18:00:00+00:00,2025-08-08 19:00:00+00:00,H
5275,ZONE1,2025-08-08 19:00:00+00:00,2025-08-08 20:00:00+00:00,H
5276,ZONE1,2025-08-08 20:00:00+00:00,2025-08-08 21:00:00+00:00,H
5277,ZONE1,2025-08-08 21:00:00+00:00,2025-08-08 22:00:00+00:00,H
5278,ZONE1,2025-08-08 22:00:00+00:00,2025-08-08 23:00:00+00:00,H
5279,ZONE1,2025-08-08 23:00:00+00:00,2025-08-09 00:00:00+00:00,H
5280,ZONE1,2025-08-09 00:00:00+00:00,2025-08-09 01:00:00+00:00,H
5281,ZONE1,2025-08-09 01:00:00+00:00,2025-08-09 02:00:00+00:00,H
5282,ZONE1,2025-08-09 02:00:00+00:00,2025-08-09 03:00:00+00:00,H
5283,ZONE1,2025-08-09 03:00:00+00:00,2025-08-09 04:00:00+00:00,H
5284,ZONE1,2025-08-09 04:00:00+00:00,2025-08-09 05:00:00+00:00,H
5285,ZONE1,2025-08-09 05:00:00+00:00,2025-08-09 06:00:00+00:00,H
5286,ZONE1,2025-08-09 06:00:00+00:00,2025-08-09 07:00:00+00:00,H
5287,ZONE1,2025-08-09 07:00:00+00:00,2025-08-09 08:00:00+00:00,H
5288,ZONE1,2025-08-09 08:00:00+00:00,2025-08-09 09:00:00+00:00,H
5289,ZONE1,2025-08-09 09:00:00+00:00,2025-08-09 10:00:00+00:00,H
5290,ZONE1,2025-08-09 10:00:00+00:00,2025-08-09 11:00:00+00:00,H
5291,ZONE1,2025-08-09 11:00:00+00:00,2025-08-09 12:00:00+00:00,H
5292,ZONE1,2025-08-09 12:00:00+00:00,2025-08-09 13:00:00+00:00,H
5293,ZONE1,2025-08-09 13:00:00+00:00,2025-08-09 14:00:00+00:00,H
5294,ZONE1,2025-08-09 14:00:00+00:00,2025-08-09 15:00:00+00:00,H
5295,ZONE1,2025-08-09 15:00:00+00:00,2025-08-09 16:00:00+00:00,H
5296,ZONE1,2025-08-09 16:00:00+00:00,2025-08-09 17:00:00+00:00,H
5297,ZONE1,2025-08-09 17:00:00+00:00,2025-08-09 18:00:00+00:00,H
5298,ZONE1,2025-08-09 18:00:00+00:00,2025-08-09 19:00:00+00:00,H
5299,ZONE1,2025-08-09 19:00:00+00:00,2025-08-09 20:00:00+00:00,H
5300,ZONE1,2025-08-09 20:00:00+00:00,2025-08-09 21:00:00+00:00,H
5301,ZONE1,2025-08-09 21:00:00+00:00,2025-08-09 22:00:00+00:00,H
5302,ZONE1,2025-08-09 22:00:00+00:00,2025-08-09 23:00:00+00:00,H
5303,ZONE1,2025-08-09 23:00:00+00:00,2025-08-10 00:00:00+00:00,H
5304,ZONE1,2025-08-10 00:00:00+00:00,2025-08-10 01:00:00+00:00,H
5305,ZONE1,2025-08-10 01:00:00+00:00,2025-08-10 02:00:00+00:00,H
5306,ZONE1,2025-08-10 02:00:00+00:00,2025-08-10 03:00:00+00:00,H
5307,ZONE1,2025-08-10 03:00:00+00:00,2025-08-10 04:00:00+00:00,H
5308,ZONE1,2025-08-10 04:00:00+00:00,2025-08-10 05:00:00+00:00,H
5309,ZONE1,2025-08-10 05:00:00+00:00,2025-08-10 06:00:00+00:00,H
5310,ZONE1,2025-08-10 06:00:00+00:00,2025-08-10 07:00:00+00:00,H
5311,ZONE1,2025-08-10 07:00:00+00:00,2025-08-10 08:00:00+00:00,H
5312,ZONE1,2025-08-10 08:00:00+00:00,2025-08-10 09:00:00+00:00,H
5313,ZONE1,2025-08-10 09:00:00+00:00,2025-08-10 10:00:00+00:00,H
5314,ZONE1,2025-08-10 10:00:00+00:00,2025-08-10 11:00:00+00:00,H
5315,ZONE1,2025-08-10 11:00:00+00:00,2025-08-10 12:00:00+00:00,H
5316,ZONE1,2025-08-10 12:00:00+00:00,2025-08-10 13:00:00+00:00,H
5317,ZONE1,2025-08-10 13:00:00+00:00,2025-08-10 14:00:00+00:00,H
5318,ZONE1,2025-08-10 14:00:00+00:00,2025-08-10 15:00:00+00:00,H
5319,ZONE1,2025-08-10 15:00:00+00:00,2025-08-10 16:00:00+00:00,H
5320,ZONE1,2025-08-10 16:00:00+00:00,2025-08-10 17:00:00+00:00,H
5321,ZONE1,2025-08-10 17:00:00+00:00,2025-08-10 18:00:00+00:00,H
5322,ZONE1,2025-08-10 18:00:00+00:00,2025-08-10 19:00:00+00:00,H
5323,ZONE1,2025-08-10 19:00:00+00:00,2025-08-10 20:00:00+00:00,H
5324,ZONE1,2025-08-10 20:00:00+00:00,2025-08-10 21:00:00+00:00,H
5325,ZONE1,2025-08-10 21:00:00+00:00,2025-08-10 22:00:00+00:00,H
5326,ZONE1,2025-08-10 22:00:00+00:00,2025-08-10 23:00:00+00:00,H
5327,ZONE1,2025-08-10 23:00:00+00:00,2025-08-11 00:00:00+00:00,H
5328,ZONE1,2025-08-11 00:00:00+00:00,2025-08-11 01:00:00+00:00,H
5329,ZONE1,2025-08-11 01:00:00+00:00,2025-08-11 02:00:00+00:00,H
5330,ZONE1,2025-08-11 02:00:00+00:00,2025-08-11 03:00:00+00:00,H
5331,ZONE1,2025-08-11 03:00:00+00:00,2025-08-11 04:00:00+00:00,H
5332,ZONE1,2025-08-11 04:00:00+00:00,2025-08-11 05:00:00+00:00,H
5333,ZONE1,2025-08-11 05:00:00+00:00,2025-08-11 06:00:00+00:00,H
5334,ZONE1,2025-08-11 06:00:00+00:00,2025-08-11 07:00:00+00:00,H
5335,ZONE1,2025-08-11 07:00:00+00:00,2025-08-11 08:00:00+00:00,H
5336,ZONE1,2025-08-11 08:00:00+00:00,2025-08-11 09:00:00+00:00,H
5337,ZONE1,2025-08-11 09:00:00+00:00,2025-08-11 10:00:00+00:00,H
5338,ZONE1,2025-08-11 10:00:00+00:00,2025-08-11 11:00:00+00:00,H
5339,ZONE1,2025-08-11 11:00:00+00:00,2025-08-11 12:00:00+00:00,H
5340,ZONE1,2025-08-11 12:00:00+00:00,2025-08-11 13:00:00+00:00,H
5341,ZONE1,2025-08-11 13:00:00+00:00,2025-08-11 14:00:00+00:00,H
5342,ZONE1,2025-08-11 14:00:00+00:00,2025-08-11 15:00:00+00:00,H
5343,ZONE1,2025-08-11 15:00:00+00:00,2025-08-11 16:00:00+00:00,H
5344,ZONE1,2025-08-11 16:00:00+00:00,2025-08-11 17:00:00+00:00,H
5345,ZONE1,2025-08-11 17:00:00+00:00,2025-08-11 18:00:00+00:00,H
5346,ZONE1,2025-08-11 18:00:00+00:00,2025-08-11 19:00:00+00:00,H
5347,ZONE1,2025-08-11 19:00:00+00:00,2025-08-11 20:00:00+00:00,H
5348,ZONE1,2025-08-11 20:00:00+00:00,2025-08-11 21:00:00+00:00,H
5349,ZONE1,2025-08-11 21:00:00+00:00,2025-08-11 22:00:00+00:00,H
5350,ZONE1,2025-08-11 22:00:00+00:00,2025-08-11 23:00:00+00:00,H
5351,ZONE1,2025-08-11 23:00:00+00:00,2025-08-12 00:00:00+00:00,H
5352,ZONE1,2025-08-12 00:00:00+00:00,2025-08-12 01:00:00+00:00,H
5353,ZONE1,2025-08-12 01:00:00+00:00,2025-08-12 02:00:00+00:00,H
5354,ZONE1,2025-08-12 02:00:00+00:00,2025-08-12 03:00:00+00:00,H
5355,ZONE1,2025-08-12 03:00:00+00:00,2025-08-12 04:00:00+00:00,H
5356,ZONE1,2025-08-12 04:00:00+00:00,2025-08-12 05:00:00+00:00,H
5357,ZONE1,2025-08-12 05:00:00+00:00,2025-08-12 06:00:00+00:00,H
5358,ZONE1,2025-08-12 06:00:00+00:00,2025-08-12 07:00:00+00:00,H
5359,ZONE1,2025-08-12 07:00:00+00:00,2025-08-12 08:00:00+00:00,H
5360,ZONE1,2025-08-12 08:00:00+00:00,2025-08-12 09:00:00+00:00,H
5361,ZONE1,2025-08-12 09:00:00+00:00,2025-08-12 10:00:00+00:00,H
5362,ZONE1,2025-08-12 10:00:00+00:00,2025-08-12 11:00:00+00:00,H
5363,ZONE1,2025-08-12 11:00:00+00:00,2025-08-12 12:00:00+00:00,H
5364,ZONE1,2025-08-12 12:00:00+00:00,2025-08-12 13:00:00+00:00,H
5365,ZONE1,2025-08-12 13:00:00+00:00,2025-08-12 14:00:00+00:00,H
5366,ZONE1,2025-08-12 14:00:00+00:00,2025-08-12 15:00:00+00:00,H
5367,ZONE1,2025-08-12 15:00:00+00:00,2025-08-12 16:00:00+00:00,H
5368,ZONE1,2025-08-12 16:00:00+00:00,2025-08-12 17:00:00+00:00,H
5369,ZONE1,2025-08-12 17:00:00+00:00,2025-08-12 18:00:00+00:00,H
5370,ZONE1,2025-08-12 18:00:00+00:00,2025-08-12 19:00:00+00:00,H
5371,ZONE1,2025-08-12 19:00:00+00:00,2025-08-12 20:00:00+00:00,H
5372,ZONE1,2025-08-12 20:00:00+00:00,2025-08-12 21:00:00+00:00,H
5373,ZONE1,2025-08-12 21:00:00+00:00,2025-08-12 22:00:00+00:00,H
5374,ZONE1,2025-08-12 22:00:00+00:00,2025-08-12 23:00:00+00:00,H
5375,ZONE1,2025-08-12 23:00:00+00:00,2025-08-13 00:00:00+00:00,H
5376,ZONE1,2025-08-13 00:00:00+00:00,2025-08-13 01:00:00+00:00,H
5377,ZONE1,2025-08-13 01:00:00+00:00,2025-08-13 02:00:00+00:00,H
5378,ZONE1,2025-08-13 02:00:00+00:00,2025-08-13 03:00:00+00:00,H
5379,ZONE1,2025-08-13 03:00:00+00:00,2025-08-13 04:00:00+00:00,H
5380,ZONE1,2025-08-13 04:00:00+00:00,2025-08-13 05:00:00+00:00,H
5381,ZONE1,2025-08-13 05:00:00+00:00,2025-08-13 06:00:00+00:00,H
5382,ZONE1,2025-08-13 06:00:00+00:00,2025-08-13 07:00:00+00:00,H
5383,ZONE1,2025-08-13 07:00:00+00:00,2025-08-13 08:00:00+00:00,H
5384,ZONE1,2025-08-13 08:00:00+00:00,2025-08-13 09:00:00+00:00,H
5385,ZONE1,2025-08-13 09:00:00+00:00,2025-08-13 10:00:00+00:00,H
5386,ZONE1,2025-08-13 10:00:00+00:00,2025-08-13 11:00:00+00:00,H
5387,ZONE1,2025-08-13 11:00:00+00:00,2025-08-13 12:00:00+00:00,H
5388,ZONE1,2025-08-13 12:00:00+00:00,2025-08-13 13:00:00+00:00,H
5389,ZONE1,2025-08-13 13:00:00+00:00,2025-08-13 14:00:00+00:00,H
5390,ZONE1,2025-08-13 14:00:00+00:00,2025-08-13 15:00:00+00:00,H
5391,ZONE1,2025-08-13 15:00:00+00:00,2025-08-13 16:00:00+00:00,H
5392,ZONE1,2025-08-13 16:00:00+00:00,2025-08-13 17:00:00+00:00,H
5393,ZONE1,2025-08-13 17:00:00+00:00,2025-08-13 18:00:00+00:00,H
5394,ZONE1,2025-08-13 18:00:00+00:00,2025-08-13 19:00:00+00:00,H
5395,ZONE1,2025-08-13 19:00:00+00:00,2025-08-13 20:00:00+00:00,H
5396,ZONE1,2025-08-13 20:00:00+00:00,2025-08-13 21:00:00+00:00,H
5397,ZONE1,2025-08-13 21:00:00+00:00,2025-08-13 22:00:00+00:00,H
5398,ZONE1,2025-08-13 22:00:00+00:00,2025-08-13 23:00:00+00:00,H
5399,ZONE1,2025-08-13 23:00:00+00:00,2025-08-14 00:00:00+00:00,H
5400,ZONE1,2025-08-14 00:00:00+00:00,2025-08-14 01:00:00+00:00,H
5401,ZONE1,2025-08-14 01:00:00+00:00,2025-08-14 02:00:00+00:00,H
5402,ZONE1,2025-08-14 02:00:00+00:00,2025-08-14 03:00:00+00:00,H
5403,ZONE1,2025-08-14 03:00:00+00:00,2025-08-14 04:00:00+00:00,H
5404,ZONE1,2025-08-14 04:00:00+00:00,2025-08-14 05:00:00+00:00,H
5405,ZONE1,2025-08-14 05:00:00+00:00,2025-08-14 06:00:00+00:00,H
5406,ZONE1,2025-08-14 06:00:00+00:00,2025-08-14 07:00:00+00:00,H
5407,ZONE1,2025-08-14 07:00:00+00:00,2025-08-14 08:00:00+00:00,H
5408,ZONE1,2025-08-14 08:00:00+00:00,2025-08-14 09:00:00+00:00,H
5409,ZONE1,2025-08-14 09:00:00+00:00,2025-08-14 10:00:00+00:00,H
5410,ZONE1,2025-08-14 10:00:00+00:00,2025-08-14 11:00:00+00:00,H
5411,ZONE1,2025-08-14 11:00:00+00:00,2025-08-14 12:00:00+00:00,H
5412,ZONE1,2025-08-14 12:00:00+00:00,2025-08-14 13:00:00+00:00,H
5413,ZONE1,2025-08-14 13:00:00+00:00,2025-08-14 14:00:00+00:00,H
5414,ZONE1,2025-08-14 14:00:00+00:00,2025-08-14 15:00:00+00:00,H
5415,ZONE1,2025-08-14 15:00:00+00:00,2025-08-14 16:00:00+00:00,H
5416,ZONE1,2025-08-14 16:00:00+00:00,2025-08-14 17:00:00+00:00,H
5417,ZONE1,2025-08-14 17:00:00+00:00,2025-08-14 18:00:00+00:00,H
5418,ZONE1,2025-08-14 18:00:00+00:00,2025-08-14 19:00:00+00:00,H
5419,ZONE1,2025-08-14 19:00:00+00:00,2025-08-14 20:00:00+00:00,H
5420,ZONE1,2025-08-14 20:00:00+00:00,2025-08-14 21:00:00+00:00,H
5421,ZONE1,2025-08-14 21:00:00+00:00,2025-08-14 22:00:00+00:00,H
5422,ZONE1,2025-08-14 22:00:00+00:00,2025-08-14 23:00:00+00:00,H
5423,ZONE1,2025-08-14 23:00:00+00:00,2025-08-15 00:00:00+00:00,H
5424,ZONE1,2025-08-15 00:00:00+00:00,2025-08-15 01:00:00+00:00,H
5425,ZONE1,2025-08-15 01:00:00+00:00,2025-08-15 02:00:00+00:00,H
5426,ZONE1,2025-08-15 02:00:00+00:00,2025-08-15 03:00:00+00:00,H
5427,ZONE1,2025-08-15 03:00:00+00:00,2025-08-15 04:00:00+00:00,H
5428,ZONE1,2025-08-15 04:00:00+00:00,2025-08-15 05:00:00+00:00,H
5429,ZONE1,2025-08-15 05:00:00+00:00,2025-08-15 06:00:00+00:00,H
5430,ZONE1,2025-08-15 06:00:00+00:00,2025-08-15 07:00:00+00:00,H
5431,ZONE1,2025-08-15 07:00:00+00:00,2025-08-15 08:00:00+00:00,H
5432,ZONE1,2025-08-15 08:00:00+00:00,2025-08-15 09:00:00+00:00,H
5433,ZONE1,2025-08-15 09:00:00+00:00,2025-08-15 10:00:00+00:00,H
5434,ZONE1,2025-08-15 10:00:00+00:00,2025-08-15 11:00:00+00:00,H
5435,ZONE1,2025-08-15 11:00:00+00:00,2025-08-15 12:00:00+00:00,H
5436,ZONE1,2025-08-15 12:00:00+00:00,2025-08-15 13:00:00+00:00,H
5437,ZONE1,2025-08-15 13:00:00+00:00,2025-08-15 14:00:00+00:00,H
5438,ZONE1,2025-08-15 14:00:00+00:00,2025-08-15 15:00:00+00:00,H
5439,ZONE1,2025-08-15 15:00:00+00:00,2025-08-15 16:00:00+00:00,H
5440,ZONE1,2025-08-15 16:00:00+00:00,2025-08-15 17:00:00+00:00,H
5441,ZONE1,2025-08-15 17:00:00+00:00,2025-08-15 18:00:00+00:00,H
5442,ZONE1,2025-08-15 18:00:00+00:00,2025-08-15 19:00:00+00:00,H
5443,ZONE1,2025-08-15 19:00:00+00:00,2025-08-15 20:00:00+00:00,H
5444,ZONE1,2025-08-15 20:00:00+00:00,2025-08-15 21:00:00+00:00,H
5445,ZONE1,2025-08-15 21:00:00+00:00,2025-08-15 22:00:00+00:00,H
5446,ZONE1,2025-08-15 22:00:00+00:00,2025-08-15 23:00:00+00:00,H
5447,ZONE1,2025-08-15 23:00:00+00:00,2025-08-16 00:00:00+00:00,H
5448,ZONE1,2025-08-16 00:00:00+00:00,2025-08-16 01:00:00+00:00,H
5449,ZONE1,2025-08-16 01:00:00+00:00,2025-08-16 02:00:00+00:00,H
5450,ZONE1,2025-08-16 02:00:00+00:00,2025-08-16 03:00:00+00:00,H
5451,ZONE1,2025-08-16 03:00:00+00:00,2025-08-16 04:00:00+00:00,H
5452,ZONE1,2025-08-16 04:00:00+00:00,2025-08-16 05:00:00+00:00,H
5453,ZONE1,2025-08-16 05:00:00+00:00,2025-08-16 06:00:00+00:00,H
5454,ZONE1,2025-08-16 06:00:00+00:00,2025-08-16 07:00:00+00:00,H
5455,ZONE1,2025-08-16 07:00:00+00:00,2025-08-16 08:00:00+00:00,H
5456,ZONE1,2025-08-16 08:00:00+00:00,2025-08-16 09:00:00+00:00,H
5457,ZONE1,2025-08-16 09:00:00+00:00,2025-08-16 10:00:00+00:00,H
5458,ZONE1,2025-08-16 10:00:00+00:00,2025-08-16 11:00:00+00:00,H
5459,ZONE1,2025-08-16 11:00:00+00:00,2025-08-16 12:00:00+00:00,H
5460,ZONE1,2025-08-16 12:00:00+00:00,2025-08-16 13:00:00+00:00,H
5461,ZONE1,2025-08-16 13:00:00+00:00,2025-08-16 14:00:00+00:00,H
5462,ZONE1,2025-08-16 14:00:00+00:00,2025-08-16 15:00:00+00:00,H
5463,ZONE1,2025-08-16 15:00:00+00:00,2025-08-16 16:00:00+00:00,H
5464,ZONE1,2025-08-16 16:00:00+00:00,2025-08-16 17:00:00+00:00,H
5465,ZONE1,2025-08-16 17:00:00+00:00,2025-08-16 18:00:00+00:00,H
5466,ZONE1,2025-08-16 18:00:00+00:00,2025-08-16 19:00:00+00:00,H
5467,ZONE1,2025-08-16 19:00:00+00:00,2025-08-16 20:00:00+00:00,H
5468,ZONE1,2025-08-16 20:00:00+00:00,2025-08-16 21:00:00+00:00,H
5469,ZONE1,2025-08-16 21:00:00+00:00,2025-08-16 22:00:00+00:00,H
5470,ZONE1,2025-08-16 22:00:00+00:00,2025-08-16 23:00:00+00:00,H
5471,ZONE1,2025-08-16 23:00:00+00:00,2025-08-17 00:00:00+00:00,H
5472,ZONE1,2025-08-17 00:00:00+00:00,2025-08-17 01:00:00+00:00,H
5473,ZONE1,2025-08-17 01:00:00+00:00,2025-08-17 02:00:00+00:00,H
5474,ZONE1,2025-08-17 02:00:00+00:00,2025-08-17 03:00:00+00:00,H
5475,ZONE1,2025-08-17 03:00:00+00:00,2025-08-17 04:00:00+00:00,H
5476,ZONE1,2025-08-17 04:00:00+00:00,2025-08-17 05:00:00+00:00,H
5477,ZONE1,2025-08-17 05:00:00+00:00,2025-08-17 06:00:00+00:00,H
5478,ZONE1,2025-08-17 06:00:00+00:00,2025-08-17 07:00:00+00:00,H
5479,ZONE1,2025-08-17 07:00:00+00:00,2025-08-17 08:00:00+00:00,H
5480,ZONE1,2025-08-17 08:00:00+00:00,2025-08-17 09:00:00+00:00,H
5481,ZONE1,2025-08-17 09:00:00+00:00,2025-08-17 10:00:00+00:00,H
5482,ZONE1,2025-08-17 10:00:00+00:00,2025-08-17 11:00:00+00:00,H
5483,ZONE1,2025-08-17 11:00:00+00:00,2025-08-17 12:00:00+00:00,H
5484,ZONE1,2025-08-17 12:00:00+00:00,2025-08-17 13:00:00+00:00,H
5485,ZONE1,2025-08-17 13:00:00+00:00,2025-08-17 14:00:00+00:00,H
5486,ZONE1,2025-08-17 14:00:00+00:00,2025-08-17 15:00:00+00:00,H
5487,ZONE1,2025-08-17 15:00:00+00:00,2025-08-17 16:00:00+00:00,H
5488,ZONE1,2025-08-17 16:00:00+00:00,2025-08-17 17:00:00+00:00,H
5489,ZONE1,2025-08-17 17:00:00+00:00,2025-08-17 18:00:00+00:00,H
5490,ZONE1,2025-08-17 18:00:00+00:00,2025-08-17 19:00:00+00:00,H
5491,ZONE1,2025-08-17 19:00:00+00:00,2025-08-17 20:00:00+00:00,H
5492,ZONE1,2025-08-17 20:00:00+00:00,2025-08-17 21:00:00+00:00,H
5493,ZONE1,2025-08-17 21:00:00+00:00,2025-08-17 22:00:00+00:00,H
5494,ZONE1,2025-08-17 22:00:00+00:00,2025-08-17 23:00:00+00:00,H
5495,ZONE1,2025-08-17 23:00:00+00:00,2025-08-18 00:00:00+00:00,H
5496,ZONE1,2025-08-18 00:00:00+00:00,2025-08-18 01:00:00+00:00,H
5497,ZONE1,2025-08-18 01:00:00+00:00,2025-08-18 02:00:00+00:00,H
5498,ZONE1,2025-08-18 02:00:00+00:00,2025-08-18 03:00:00+00:00,H
5499,ZONE1,2025-08-18 03:00:00+00:00,2025-08-18 04:00:00+00:00,H
5500,ZONE1,2025-08-18 04:00:00+00:00,2025-08-18 05:00:00+00:00,H
5501,ZONE1,2025-08-18 05:00:00+00:00,2025-08-18 06:00:00+00:00,H
5502,ZONE1,2025-08-18 06:00:00+00:00,2025-08-18 07:00:00+00:00,H
5503,ZONE1,2025-08-18 07:00:00+00:00,2025-08-18 08:00:00+00:00,H
5504,ZONE1,2025-08-18 08:00:00+00:00,2025-08-18 09:00:00+00:00,H
5505,ZONE1,2025-08-18 09:00:00+00:00,2025-08-18 10:00:00+00:00,H
5506,ZONE1,2025-08-18 10:00:00+00:00,2025-08-18 11:00:00+00:00,H
5507,ZONE1,2025-08-18 11:00:00+00:00,2025-08-18 12:00:00+00:00,H
5508,ZONE1,2025-08-18 12:00:00+00:00,2025-08-18 13:00:00+00:00,H
5509,ZONE1,2025-08-18 13:00:00+00:00,2025-08-18 14:00:00+00:00,H
5510,ZONE1,2025-08-18 14:00:00+00:00,2025-08-18 15:00:00+00:00,H
5511,ZONE1,2025-08-18 15:00:00+00:00,2025-08-18 16:00:00+00:00,H
5512,ZONE1,2025-08-18 16:00:00+00:00,2025-08-18 17:00:00+00:00,H
5513,ZONE1,2025-08-18 17:00:00+00:00,2025-08-18 18:00:00+00:00,H
5514,ZONE1,2025-08-18 18:00:00+00:00,2025-08-18 19:00:00+00:00,H
5515,ZONE1,2025-08-18 19:00:00+00:00,2025-08-18 20:00:00+00:00,H
5516,ZONE1,2025-08-18 20:00:00+00:00,2025-08-18 21:00:00+00:00,H
5517,ZONE1,2025-08-18 21:00:00+00:00,2025-08-18 22:00:00+00:00,H
5518,ZONE1,2025-08-18 22:00:00+00:00,2025-08-18 23:00:00+00:00,H
5519,ZONE1,2025-08-18 23:00:00+00:00,2025-08-19 00:00:00+00:00,H
5520,ZONE1,2025-08-19 00:00:00+00:00,2025-08-19 01:00:00+00:00,H
5521,ZONE1,2025-08-19 01:00:00+00:00,2025-08-19 02:00:00+00:00,H
5522,ZONE1,2025-08-19 02:00:00+00:00,2025-08-19 03:00:00+00:00,H
5523,ZONE1,2025-08-19 03:00:00+00:00,2025-08-19 04:00:00+00:00,H
5524,ZONE1,2025-08-19 04:00:00+00:00,2025-08-19 05:00:00+00:00,H
5525,ZONE1,2025-08-19 05:00:00+00:00,2025-08-19 06:00:00+00:00,H
5526,ZONE1,2025-08-19 06:00:00+00:00,2025-08-19 07:00:00+00:00,H
5527,ZONE1,2025-08-19 07:00:00+00:00,2025-08-19 08:00:00+00:00,H
5528,ZONE1,2025-08-19 08:00:00+00:00,2025-08-19 09:00:00+00:00,H
5529,ZONE1,2025-08-19 09:00:00+00:00,2025-08-19 10:00:00+00:00,H
5530,ZONE1,2025-08-19 10:00:00+00:00,2025-08-19 11:00:00+00:00,H
5531,ZONE1,2025-08-19 11:00:00+00:00,2025-08-19 12:00:00+00:00,H
5532,ZONE1,2025-08-19 12:00:00+00:00,2025-08-19 13:00:00+00:00,H
5533,ZONE1,2025-08-19 13:00:00+00:00,2025-08-19 14:00:00+00:00,H
5534,ZONE1,2025-08-19 14:00:00+00:00,2025-08-19 15:00:00+00:00,H
5535,ZONE1,2025-08-19 15:00:00+00:00,2025-08-19 16:00:00+00:00,H
5536,ZONE1,2025-08-19 16:00:00+00:00,2025-08-19 17:00:00+00:00,H
5537,ZONE1,2025-08-19 17:00:00+00:00,2025-08-19 18:00:00+00:00,H
5538,ZONE1,2025-08-19 18:00:00+00:00,2025-08-19 19:00:00+00:00,H
5539,ZONE1,2025-08-19 19:00:00+00:00,2025-08-19 20:00:00+00:00,H
5540,ZONE1,2025-08-19 20:00:00+00:00,2025-08-19 21:00:00+00:00,H
5541,ZONE1,2025-08-19 21:00:00+00:00,2025-08-19 22:00:00+00:00,H
5542,ZONE1,2025-08-19 22:00:00+00:00,2025-08-19 23:00:00+00:00,H
5543,ZONE1,2025-08-19 23:00:00+00:00,2025-08-20 00:00:00+00:00,H
5544,ZONE1,2025-08-20 00:00:00+00:00,2025-08-20 01:00:00+00:00,H
5545,ZONE1,2025-08-20 01:00:00+00:00,2025-08-20 02:00:00+00:00,H
5546,ZONE1,2025-08-20 02:00:00+00:00,2025-08-20 03:00:00+00:00,H
5547,ZONE1,2025-08-20 03:00:00+00:00,2025-08-20 04:00:00+00:00,H
5548,ZONE1,2025-08-20 04:00:00+00:00,2025-08-20 05:00:00+00:00,H
5549,ZONE1,2025-08-20 05:00:00+00:00,2025-08-20 06:00:00+00:00,H
5550,ZONE1,2025-08-20 06:00:00+00:00,2025-08-20 07:00:00+00:00,H
5551,ZONE1,2025-08-20 07:00:00+00:00,2025-08-20 08:00:00+00:00,H
5552,ZONE1,2025-08-20 08:00:00+00:00,2025-08-20 09:00:00+00:00,H
5553,ZONE1,2025-08-20 09:00:00+00:00,2025-08-20 10:00:00+00:00,H
5554,ZONE1,2025-08-20 10:00:00+00:00,2025-08-20 11:00:00+00:00,H
5555,ZONE1,2025-08-20 11:00:00+00:00,2025-08-20 12:00:00+00:00,H
5556,ZONE1,2025-08-20 12:00:00+00:00,2025-08-20 13:00:00+00:00,H
5557,ZONE1,2025-08-20 13:00:00+00:00,2025-08-20 14:00:00+00:00,H
5558,ZONE1,2025-08-20 14:00:00+00:00,2025-08-20 15:00:00+00:00,H
5559,ZONE1,2025-08-20 15:00:00+00:00,2025-08-20 16:00:00+00:00,H
5560,ZONE1,2025-08-20 16:00:00+00:00,2025-08-20 17:00:00+00:00,H
5561,ZONE1,2025-08-20 17:00:00+00:00,2025-08-20 18:00:00+00:00,H
5562,ZONE1,2025-08-20 18:00:00+00:00,2025-08-20 19:00:00+00:00,H
5563,ZONE1,2025-08-20 19:00:00+00:00,2025-08-20 20:00:00+00:00,H
5564,ZONE1,2025-08-20 20:00:00+00:00,2025-08-20 21:00:00+00:00,H
5565,ZONE1,2025-08-20 21:00:00+00:00,2025-08-20 22:00:00+00:00,H
5566,ZONE1,2025-08-20 22:00:00+00:00,2025-08-20 23:00:00+00:00,H
5567,ZONE1,2025-08-20 23:00:00+00:00,2025-08-21 00:00:00+00:00,H
5568,ZONE1,2025-08-21 00:00:00+00:00,2025-08-21 01:00:00+00:00,H
5569,ZONE1,2025-08-21 01:00:00+00:00,2025-08-21 02:00:00+00:00,H
5570,ZONE1,2025-08-21 02:00:00+00:00,2025-08-21 03:00:00+00:00,H
5571,ZONE1,2025-08-21 03:00:00+00:00,2025-08-21 04:00:00+00:00,H
5572,ZONE1,2025-08-21 04:00:00+00:00,2025-08-21 05:00:00+00:00,H
5573,ZONE1,2025-08-21 05:00:00+00:00,2025-08-21 06:00:00+00:00,H
5574,ZONE1,2025-08-21 06:00:00+00:00,2025-08-21 07:00:00+00:00,H
5575,ZONE1,2025-08-21 07:00:00+00:00,2025-08-21 08:00:00+00:00,H
5576,ZONE1,2025-08-21 08:00:00+00:00,2025-08-21 09:00:00+00:00,H
5577,ZONE1,2025-08-21 09:00:00+00:00,2025-08-21 10:00:00+00:00,H
5578,ZONE1,2025-08-21 10:00:00+00:00,2025-08-21 11:00:00+00:00,H
5579,ZONE1,2025-08-21 11:00:00+00:00,2025-08-21 12:00:00+00:00,H
5580,ZONE1,2025-08-21 12:00:00+00:00,2025-08-21 13:00:00+00:00,H
5581,ZONE1,2025-08-21 13:00:00+00:00,2025-08-21 14:00:00+00:00,H
5582,ZONE1,2025-08-21 14:00:00+00:00,2025-08-21 15:00:00+00:00,H
5583,ZONE1,2025-08-21 15:00:00+00:00,2025-08-21 16:00:00+00:00,H
5584,ZONE1,2025-08-21 16:00:00+00:00,2025-08-21 17:00:00+00:00,H
5585,ZONE1,2025-08-21 17:00:00+00:00,2025-08-21 18:00:00+00:00,H
5586,ZONE1,2025-08-21 18:00:00+00:00,2025-08-21 19:00:00+00:00,H
5587,ZONE1,2025-08-21 19:00:00+00:00,2025-08-21 20:00:00+00:00,H
5588,ZONE1,2025-08-21 20:00:00+00:00,2025-08-21 21:00:00+00:00,H
5589,ZONE1,2025-08-21 21:00:00+00:00,2025-08-21 22:00:00+00:00,H
5590,ZONE1,2025-08-21 22:00:00+00:00,2025-08-21 23:00:00+00:00,H
5591,ZONE1,2025-08-21 23:00:00+00:00,2025-08-22 00:00:00+00:00,H
5592,ZONE1,2025-08-22 00:00:00+00:00,2025-08-22 01:00:00+00:00,H
5593,ZONE1,2025-08-22 01:00:00+00:00,2025-08-22 02:00:00+00:00,H
5594,ZONE1,2025-08-22 02:00:00+00:00,2025-08-22 03:00:00+00:00,H
5595,ZONE1,2025-08-22 03:00:00+00:00,2025-08-22 04:00:00+00:00,H
5596,ZONE1,2025-08-22 04:00:00+00:00,2025-08-22 05:00:00+00:00,H
5597,ZONE1,2025-08-22 05:00:00+00:00,2025-08-22 06:00:00+00:00,H
5598,ZONE1,2025-08-22 06:00:00+00:00,2025-08-22 07:00:00+00:00,H
5599,ZONE1,2025-08-22 07:00:00+00:00,2025-08-22 08:00:00+00:00,H
5600,ZONE1,2025-08-22 08:00:00+00:00,2025-08-22 09:00:00+00:00,H
5601,ZONE1,2025-08-22 09:00:00+00:00,2025-08-22 10:00:00+00:00,H
5602,ZONE1,2025-08-22 10:00:00+00:00,2025-08-22 11:00:00+00:00,H
5603,ZONE1,2025-08-22 11:00:00+00:00,2025-08-22 12:00:00+00:00,H
5604,ZONE1,2025-08-22 12:00:00+00:00,2025-08-22 13:00:00+00:00,H
5605,ZONE1,2025-08-22 13:00:00+00:00,2025-08-22 14:00:00+00:00,H
5606,ZONE1,2025-08-22 14:00:00+00:00,2025-08-22 15:00:00+00:00,H
5607,ZONE1,2025-08-22 15:00:00+00:00,2025-08-22 16:00:00+00:00,H
5608,ZONE1,2025-08-22 16:00:00+00:00,2025-08-22 17:00:00+00:00,H
5609,ZONE1,2025-08-22 17:00:00+00:00,2025-08-22 18:00:00+00:00,H
5610,ZONE1,2025-08-22 18:00:00+00:00,2025-08-22 19:00:00+00:00,H
5611,ZONE1,2025-08-22 19:00:00+00:00,2025-08-22 20:00:00+00:00,H
5612,ZONE1,2025-08-22 20:00:00+00:00,2025-08-22 21:00:00+00:00,H
5613,ZONE1,2025-08-22 21:00:00+00:00,2025-08-22 22:00:00+00:00,H
5614,ZONE1,2025-08-22 22:00:00+00:00,2025-08-22 23:00:00+00:00,H
5615,ZONE1,2025-08-22 23:00:00+00:00,2025-08-23 00:00:00+00:00,H
5616,ZONE1,2025-08-23 00:00:00+00:00,2025-08-23 01:00:00+00:00,H
5617,ZONE1,2025-08-23 01:00:00+00:00,2025-08-23 02:00:00+00:00,H
5618,ZONE1,2025-08-23 02:00:00+00:00,2025-08-23 03:00:00+00:00,H
5619,ZONE1,2025-08-23 03:00:00+00:00,2025-08-23 04:00:00+00:00,H
5620,ZONE1,2025-08-23 04:00:00+00:00,2025-08-23 05:00:00+00:00,H
5621,ZONE1,2025-08-23 05:00:00+00:00,2025-08-23 06:00:00+00:00,H
5622,ZONE1,2025-08-23 06:00:00+00:00,2025-08-23 07:00:00+00:00,H
5623,ZONE1,2025-08-23 07:00:00+00:00,2025-08-23 08:00:00+00:00,H
5624,ZONE1,2025-08-23 08:00:00+00:00,2025-08-23 09:00:00+00:00,H
5625,ZONE1,2025-08-23 09:00:00+00:00,2025-08-23 10:00:00+00:00,H
5626,ZONE1,2025-08-23 10:00:00+00:00,2025-08-23 11:00:00+00:00,H
5627,ZONE1,2025-08-23 11:00:00+00:00,2025-08-23 12:00:00+00:00,H
5628,ZONE1,2025-08-23 12:00:00+00:00,2025-08-23 13:00:00+00:00,H
5629,ZONE1,2025-08-23 13:00:00+00:00,2025-08-23 14:00:00+00:00,H
5630,ZONE1,2025-08-23 14:00:00+00:00,2025-08-23 15:00:00+00:00,H
5631,ZONE1,2025-08-23 15:00:00+00:00,2025-08-23 16:00:00+00:00,H
5632,ZONE1,2025-08-23 16:00:00+00:00,2025-08-23 17:00:00+00:00,H
5633,ZONE1,2025-08-23 17:00:00+00:00,2025-08-23 18:00:00+00:00,H
5634,ZONE1,2025-08-23 18:00:00+00:00,2025-08-23 19:00:00+00:00,H
5635,ZONE1,2025-08-23 19:00:00+00:00,2025-08-23 20:00:00+00:00,H
5636,ZONE1,2025-08-23 20:00:00+00:00,2025-08-23 21:00:00+00:00,H
5637,ZONE1,2025-08-23 21:00:00+00:00,2025-08-23 22:00:00+00:00,H
5638,ZONE1,2025-08-23 22:00:00+00:00,2025-08-23 23:00:00+00:00,H
5639,ZONE1,2025-08-23 23:00:00+00:00,2025-08-24 00:00:00+00:00,H
5640,ZONE1,2025-08-24 00:00:00+00:00,2025-08-24 01:00:00+00:00,H
5641,ZONE1,2025-08-24 01:00:00+00:00,2025-08-24 02:00:00+00:00,H
5642,ZONE1,2025-08-24 02:00:00+00:00,2025-08-24 03:00:00+00:00,H
5643,ZONE1,2025-08-24 03:00:00+00:00,2025-08-24 04:00:00+00:00,H
5644,ZONE1,2025-08-24 04:00:00+00:00,2025-08-24 05:00:00+00:00,H
5645,ZONE1,2025-08-24 05:00:00+00:00,2025-08-24 06:00:00+00:00,H
5646,ZONE1,2025-08-24 06:00:00+00:00,2025-08-24 07:00:00+00:00,H
5647,ZONE1,2025-08-24 07:00:00+00:00,2025-08-24 08:00:00+00:00,H
5648,ZONE1,2025-08-24 08:00:00+00:00,2025-08-24 09:00:00+00:00,H
5649,ZONE1,2025-08-24 09:00:00+00:00,2025-08-24 10:00:00+00:00,H
5650,ZONE1,2025-08-24 10:00:00+00:00,2025-08-24 11:00:00+00:00,H
5651,ZONE1,2025-08-24 11:00:00+00:00,2025-08-24 12:00:00+00:00,H
5652,ZONE1,2025-08-24 12:00:00+00:00,2025-08-24 13:00:00+00:00,H
5653,ZONE1,2025-08-24 13:00:00+00:00,2025-08-24 14:00:00+00:00,H
5654,ZONE1,2025-08-24 14:00:00+00:00,2025-08-24 15:00:00+00:00,H
5655,ZONE1,2025-08-24 15:00:00+00:00,2025-08-24 16:00:00+00:00,H
5656,ZONE1,2025-08-24 16:00:00+00:00,2025-08-24 17:00:00+00:00,H
5657,ZONE1,2025-08-24 17:00:00+00:00,2025-08-24 18:00:00+00:00,H
5658,ZONE1,2025-08-24 18:00:00+00:00,2025-08-24 19:00:00+00:00,H
5659,ZONE1,2025-08-24 19:00:00+00:00,2025-08-24 20:00:00+00:00,H
5660,ZONE1,2025-08-24 20:00:00+00:00,2025-08-24 21:00:00+00:00,H
5661,ZONE1,2025-08-24 21:00:00+00:00,2025-08-24 22:00:00+00:00,H
5662,ZONE1,2025-08-24 22:00:00+00:00,2025-08-24 23:00:00+00:00,H
5663,ZONE1,2025-08-24 23:00:00+00:00,2025-08-25 00:00:00+00:00,H
5664,ZONE1,2025-08-25 00:00:00+00:00,2025-08-25 01:00:00+00:00,H
5665,ZONE1,2025-08-25 01:00:00+00:00,2025-08-25 02:00:00+00:00,H
5666,ZONE1,2025-08-25 02:00:00+00:00,2025-08-25 03:00:00+00:00,H
5667,ZONE1,2025-08-25 03:00:00+00:00,2025-08-25 04:00:00+00:00,H
5668,ZONE1,2025-08-25 04:00:00+00:00,2025-08-25 05:00:00+00:00,H
5669,ZONE1,2025-08-25 05:00:00+00:00,2025-08-25 06:00:00+00:00,H
5670,ZONE1,2025-08-25 06:00:00+00:00,2025-08-25 07:00:00+00:00,H
5671,ZONE1,2025-08-25 07:00:00+00:00,2025-08-25 08:00:00+00:00,H
5672,ZONE1,2025-08-25 08:00:00+00:00,2025-08-25 09:00:00+00:00,H
5673,ZONE1,2025-08-25 09:00:00+00:00,2025-08-25 10:00:00+00:00,H
5674,ZONE1,2025-08-25 10:00:00+00:00,2025-08-25 11:00:00+00:00,H
5675,ZONE1,2025-08-25 11:00:00+00:00,2025-08-25 12:00:00+00:00,H
5676,ZONE1,2025-08-25 12:00:00+00:00,2025-08-25 13:00:00+00:00,H
5677,ZONE1,2025-08-25 13:00:00+00:00,2025-08-25 14:00:00+00:00,H
5678,ZONE1,2025-08-25 14:00:00+00:00,2025-08-25 15:00:00+00:00,H
5679,ZONE1,2025-08-25 15:00:00+00:00,2025-08-25 16:00:00+00:00,H
5680,ZONE1,2025-08-25 16:00:00+00:00,2025-08-25 17:00:00+00:00,H
5681,ZONE1,2025-08-25 17:00:00+00:00,2025-08-25 18:00:00+00:00,H
5682,ZONE1,2025-08-25 18:00:00+00:00,2025-08-25 19:00:00+00:00,H
5683,ZONE1,2025-08-25 19:00:00+00:00,2025-08-25 20:00:00+00:00,H
5684,ZONE1,2025-08-25 20:00:00+00:00,2025-08-25 21:00:00+00:00,H
5685,ZONE1,2025-08-25 21:00:00+00:00,2025-08-25 22:00:00+00:00,H
5686,ZONE1,2025-08-25 22:00:00+00:00,2025-08-25 23:00:00+00:00,H
5687,ZONE1,2025-08-25 23:00:00+00:00,2025-08-26 00:00:00+00:00,H
5688,ZONE1,2025-08-26 00:00:00+00:00,2025-08-26 01:00:00+00:00,H
5689,ZONE1,2025-08-26 01:00:00+00:00,2025-08-26 02:00:00+00:00,H
5690,ZONE1,2025-08-26 02:00:00+00:00,2025-08-26 03:00:00+00:00,H
5691,ZONE1,2025-08-26 03:00:00+00:00,2025-08-26 04:00:00+00:00,H
5692,ZONE1,2025-08-26 04:00:00+00:00,2025-08-26 05:00:00+00:00,H
5693,ZONE1,2025-08-26 05:00:00+00:00,2025-08-26 06:00:00+00:00,H
5694,ZONE1,2025-08-26 06:00:00+00:00,2025-08-26 07:00:00+00:00,H
5695,ZONE1,2025-08-26 07:00:00+00:00,2025-08-26 08:00:00+00:00,H
5696,ZONE1,2025-08-26 08:00:00+00:00,2025-08-26 09:00:00+00:00,H
5697,ZONE1,2025-08-26 09:00:00+00:00,2025-08-26 10:00:00+00:00,H
5698,ZONE1,2025-08-26 10:00:00+00:00,2025-08-26 11:00:00+00:00,H
5699,ZONE1,2025-08-26 11:00:00+00:00,2025-08-26 12:00:00+00:00,H
5700,ZONE1,2025-08-26 12:00:00+00:00,2025-08-26 13:00:00+00:00,H
5701,ZONE1,2025-08-26 13:00:00+00:00,2025-08-26 14:00:00+00:00,H
5702,ZONE1,2025-08-26 14:00:00+00:00,2025-08-26 15:00:00+00:00,H
5703,ZONE1,2025-08-26 15:00:00+00:00,2025-08-26 16:00:00+00:00,H
5704,ZONE1,2025-08-26 16:00:00+00:00,2025-08-26 17:00:00+00:00,H
5705,ZONE1,2025-08-26 17:00:00+00:00,2025-08-26 18:00:00+00:00,H
5706,ZONE1,2025-08-26 18:00:00+00:00,2025-08-26 19:00:00+00:00,H
5707,ZONE1,2025-08-26 19:00:00+00:00,2025-08-26 20:00:00+00:00,H
5708,ZONE1,2025-08-26 20:00:00+00:00,2025-08-26 21:00:00+00:00,H
5709,ZONE1,2025-08-26 21:00:00+00:00,2025-08-26 22:00:00+00:00,H
5710,ZONE1,2025-08-26 22:00:00+00:00,2025-08-26 23:00:00+00:00,H
5711,ZONE1,2025-08-26 23:00:00+00:00,2025-08-27 00:00:00+00:00,H
5712,ZONE1,2025-08-27 00:00:00+00:00,2025-08-27 01:00:00+00:00,H
5713,ZONE1,2025-08-27 01:00:00+00:00,2025-08-27 02:00:00+00:00,H
5714,ZONE1,2025-08-27 02:00:00+00:00,2025-08-27 03:00:00+00:00,H
5715,ZONE1,2025-08-27 03:00:00+00:00,2025-08-27 04:00:00+00:00,H
5716,ZONE1,2025-08-27 04:00:00+00:00,2025-08-27 05:00:00+00:00,H
5717,ZONE1,2025-08-27 05:00:00+00:00,2025-08-27 06:00:00+00:00,H
5718,ZONE1,2025-08-27 06:00:00+00:00,2025-08-27 07:00:00+00:00,H
5719,ZONE1,2025-08-27 07:00:00+00:00,2025-08-27 08:00:00+00:00,H
5720,ZONE1,2025-08-27 08:00:00+00:00,2025-08-27 09:00:00+00:00,H
5721,ZONE1,2025-08-27 09:00:00+00:00,2025-08-27 10:00:00+00:00,H
5722,ZONE1,2025-08-27 10:00:00+00:00,2025-08-27 11:00:00+00:00,H
5723,ZONE1,2025-08-27 11:00:00+00:00,2025-08-27 12:00:00+00:00,H
5724,ZONE1,2025-08-27 12:00:00+00:00,2025-08-27 13:00:00+00:00,H
5725,ZONE1,2025-08-27 13:00:00+00:00,2025-08-27 14:00:00+00:00,H
5726,ZONE1,2025-08-27 14:00:00+00:00,2025-08-27 15:00:00+00:00,H
5727,ZONE1,2025-08-27 15:00:00+00:00,2025-08-27 16:00:00+00:00,H
5728,ZONE1,2025-08-27 16:00:00+00:00,2025-08-27 17:00:00+00:00,H
5729,ZONE1,2025-08-27 17:00:00+00:00,2025-08-27 18:00:00+00:00,H
5730,ZONE1,2025-08-27 18:00:00+00:00,2025-08-27 19:00:00+00:00,H
5731,ZONE1,2025-08-27 19:00:00+00:00,2025-08-27 20:00:00+00:00,H
5732,ZONE1,2025-08-27 20:00:00+00:00,2025-08-27 21:00:00+00:00,H
5733,ZONE1,2025-08-27 21:00:00+00:00,2025-08-27 22:00:00+00:00,H
5734,ZONE1,2025-08-27 22:00:00+00:00,2025-08-27 23:00:00+00:00,H
5735,ZONE1,2025-08-27 23:00:00+00:00,2025-08-28 00:00:00+00:00,H
5736,ZONE1,2025-08-28 00:00:00+00:00,2025-08-28 01:00:00+00:00,H
5737,ZONE1,2025-08-28 01:00:00+00:00,2025-08-28 02:00:00+00:00,H
5738,ZONE1,2025-08-28 02:00:00+00:00,2025-08-28 03:00:00+00:00,H
5739,ZONE1,2025-08-28 03:00:00+00:00,2025-08-28 04:00:00+00:00,H
5740,ZONE1,2025-08-28 04:00:00+00:00,2025-08-28 05:00:00+00:00,H
5741,ZONE1,2025-08-28 05:00:00+00:00,2025-08-28 06:00:00+00:00,H
5742,ZONE1,2025-08-28 06:00:00+00:00,2025-08-28 07:00:00+00:00,H
5743,ZONE1,2025-08-28 07:00:00+00:00,2025-08-28 08:00:00+00:00,H
5744,ZONE1,2025-08-28 08:00:00+00:00,2025-08-28 09:00:00+00:00,H
5745,ZONE1,2025-08-28 09:00:00+00:00,2025-08-28 10:00:00+00:00,H
5746,ZONE1,2025-08-28 10:00:00+00:00,2025-08-28 11:00:00+00:00,H
5747,ZONE1,2025-08-28 11:00:00+00:00,2025-08-28 12:00:00+00:00,H
5748,ZONE1,2025-08-28 12:00:00+00:00,2025-08-28 13:00:00+00:00,H
5749,ZONE1,2025-08-28 13:00:00+00:00,2025-08-28 14:00:00+00:00,H
5750,ZONE1,2025-08-28 14:00:00+00:00,2025-08-28 15:00:00+00:00,H
5751,ZONE1,2025-08-28 15:00:00+00:00,2025-08-28 16:00:00+00:00,H
5752,ZONE1,2025-08-28 16:00:00+00:00,2025-08-28 17:00:00+00:00,H
5753,ZONE1,2025-08-28 17:00:00+00:00,2025-08-28 18:00:00+00:00,H
5754,ZONE1,2025-08-28 18:00:00+00:00,2025-08-28 19:00:00+00:00,H
5755,ZONE1,2025-08-28 19:00:00+00:00,2025-08-28 20:00:00+00:00,H
5756,ZONE1,2025-08-28 20:00:00+00:00,2025-08-28 21:00:00+00:00,H
5757,ZONE1,2025-08-28 21:00:00+00:00,2025-08-28 22:00:00+00:00,H
5758,ZONE1,2025-08-28 22:00:00+00:00,2025-08-28 23:00:00+00:00,H
5759,ZONE1,2025-08-28 23:00:00+00:00,2025-08-29 00:00:00+00:00,H
5760,ZONE1,2025-08-29 00:00:00+00:00,2025-08-29 01:00:00+00:00,H
5761,ZONE1,2025-08-29 01:00:00+00:00,2025-08-29 02:00:00+00:00,H
5762,ZONE1,2025-08-29 02:00:00+00:00,2025-08-29 03:00:00+00:00,H
5763,ZONE1,2025-08-29 03:00:00+00:00,2025-08-29 04:00:00+00:00,H
5764,ZONE1,2025-08-29 04:00:00+00:00,2025-08-29 05:00:00+00:00,H
5765,ZONE1,2025-08-29 05:00:00+00:00,2025-08-29 06:00:00+00:00,H
5766,ZONE1,2025-08-29 06:00:00+00:00,2025-08-29 07:00:00+00:00,H
5767,ZONE1,2025-08-29 07:00:00+00:00,2025-08-29 08:00:00+00:00,H
5768,ZONE1,2025-08-29 08:00:00+00:00,2025-08-29 09:00:00+00:00,H
5769,ZONE1,2025-08-29 09:00:00+00:00,2025-08-29 10:00:00+00:00,H
5770,ZONE1,2025-08-29 10:00:00+00:00,2025-08-29 11:00:00+00:00,H
5771,ZONE1,2025-08-29 11:00:00+00:00,2025-08-29 12:00:00+00:00,H
5772,ZONE1,2025-08-29 12:00:00+00:00,2025-08-29 13:00:00+00:00,H
5773,ZONE1,2025-08-29 13:00:00+00:00,2025-08-29 14:00:00+00:00,H
5774,ZONE1,2025-08-29 14:00:00+00:00,2025-08-29 15:00:00+00:00,H
5775,ZONE1,2025-08-29 15:00:00+00:00,2025-08-29 16:00:00+00:00,H
5776,ZONE1,2025-08-29 16:00:00+00:00,2025-08-29 17:00:00+00:00,H
5777,ZONE1,2025-08-29 17:00:00+00:00,2025-08-29 18:00:00+00:00,H
5778,ZONE1,2025-08-29 18:00:00+00:00,2025-08-29 19:00:00+00:00,H
5779,ZONE1,2025-08-29 19:00:00+00:00,2025-08-29 20:00:00+00:00,H
5780,ZONE1,2025-08-29 20:00:00+00:00,2025-08-29 21:00:00+00:00,H
5781,ZONE1,2025-08-29 21:00:00+00:00,2025-08-29 22:00:00+00:00,H
5782,ZONE1,2025-08-29 22:00:00+00:00,2025-08-29 23:00:00+00:00,H
5783,ZONE1,2025-08-29 23:00:00+00:00,2025-08-30 00:00:00+00:00,H
5784,ZONE1,2025-08-30 00:00:00+00:00,2025-08-30 01:00:00+00:00,H
5785,ZONE1,2025-08-30 01:00:00+00:00,2025-08-30 02:00:00+00:00,H
5786,ZONE1,2025-08-30 02:00:00+00:00,2025-08-30 03:00:00+00:00,H
5787,ZONE1,2025-08-30 03:00:00+00:00,2025-08-30 04:00:00+00:00,H
5788,ZONE1,2025-08-30 04:00:00+00:00,2025-08-30 05:00:00+00:00,H
5789,ZONE1,2025-08-30 05:00:00+00:00,2025-08-30 06:00:00+00:00,H
5790,ZONE1,2025-08-30 06:00:00+00:00,2025-08-30 07:00:00+00:00,H
5791,ZONE1,2025-08-30 07:00:00+00:00,2025-08-30 08:00:00+00:00,H
5792,ZONE1,2025-08-30 08:00:00+00:00,2025-08-30 09:00:00+00:00,H
5793,ZONE1,2025-08-30 09:00:00+00:00,2025-08-30 10:00:00+00:00,H
5794,ZONE1,2025-08-30 10:00:00+00:00,2025-08-30 11:00:00+00:00,H
5795,ZONE1,2025-08-30 11:00:00+00:00,2025-08-30 12:00:00+00:00,H
5796,ZONE1,2025-08-30 12:00:00+00:00,2025-08-30 13:00:00+00:00,H
5797,ZONE1,2025-08-30 13:00:00+00:00,2025-08-30 14:00:00+00:00,H
5798,ZONE1,2025-08-30 14:00:00+00:00,2025-08-30 15:00:00+00:00,H
5799,ZONE1,2025-08-30 15:00:00+00:00,2025-08-30 16:00:00+00:00,H
5800,ZONE1,2025-08-30 16:00:00+00:00,2025-08-30 17:00:00+00:00,H
5801,ZONE1,2025-08-30 17:00:00+00:00,2025-08-30 18:00:00+00:00,H
5802,ZONE1,2025-08-30 18:00:00+00:00,2025-08-30 19:00:00+00:00,H
5803,ZONE1,2025-08-30 19:00:00+00:00,2025-08-30 20:00:00+00:00,H
5804,ZONE1,2025-08-30 20:00:00+00:00,2025-08-30 21:00:00+00:00,H
5805,ZONE1,2025-08-30 21:00:00+00:00,2025-08-30 22:00:00+00:00,H
5806,ZONE1,2025-08-30 22:00:00+00:00,2025-08-30 23:00:00+00:00,H
5807,ZONE1,2025-08-30 23:00:00+00:00,2025-08-31 00:00:00+00:00,H
5808,ZONE1,2025-08-31 00:00:00+00:00,2025-08-31 01:00:00+00:00,H
5809,ZONE1,2025-08-31 01:00:00+00:00,2025-08-31 02:00:00+00:00,H
5810,ZONE1,2025-08-31 02:00:00+00:00,2025-08-31 03:00:00+00:00,H
5811,ZONE1,2025-08-31 03:00:00+00:00,2025-08-31 04:00:00+00:00,H
5812,ZONE1,2025-08-31 04:00:00+00:00,2025-08-31 05:00:00+00:00,H
5813,ZONE1,2025-08-31 05:00:00+00:00,2025-08-31 06:00:00+00:00,H
5814,ZONE1,2025-08-31 06:00:00+00:00,2025-08-31 07:00:00+00:00,H
5815,ZONE1,2025-08-31 07:00:00+00:00,2025-08-31 08:00:00+00:00,H
5816,ZONE1,2025-08-31 08:00:00+00:00,2025-08-31 09:00:00+00:00,H
5817,ZONE1,2025-08-31 09:00:00+00:00,2025-08-31 10:00:00+00:00,H
5818,ZONE1,2025-08-31 10:00:00+00:00,2025-08-31 11:00:00+00:00,H
5819,ZONE1,2025-08-31 11:00:00+00:00,2025-08-31 12:00:00+00:00,H
5820,ZONE1,2025-08-31 12:00:00+00:00,2025-08-31 13:00:00+00:00,H
5821,ZONE1,2025-08-31 13:00:00+00:00,2025-08-31 14:00:00+00:00,H
5822,ZONE1,2025-08-31 14:00:00+00:00,2025-08-31 15:00:00+00:00,H
5823,ZONE1,2025-08-31 15:00:00+00:00,2025-08-31 16:00:00+00:00,H
5824,ZONE1,2025-08-31 16:00:00+00:00,2025-08-31 17:00:00+00:00,H
5825,ZONE1,2025-08-31 17:00:00+00:00,2025-08-31 18:00:00+00:00,H
5826,ZONE1,2025-08-31 18:00:00+00:00,2025-08-31 19:00:00+00:00,H
5827,ZONE1,2025-08-31 19:00:00+00:00,2025-08-31 20:00:00+00:00,H
5828,ZONE1,2025-08-31 20:00:00+00:00,2025-08-31 21:00:00+00:00,H
5829,ZONE1,2025-08-31 21:00:00+00:00,2025-08-31 22:00:00+00:00,H
5830,ZONE1,2025-08-31 22:00:00+00:00,2025-08-31 23:00:00+00:00,H
5831,ZONE1,2025-08-31 23:00:00+00:00,2025-09-01 00:00:00+00:00,H
5832,ZONE1,2025-09-01 00:00:00+00:00,2025-09-01 01:00:00+00:00,H
5833,ZONE1,2025-09-01 01:00:00+00:00,2025-09-01 02:00:00+00:00,H
5834,ZONE1,2025-09-01 02:00:00+00:00,2025-09-01 03:00:00+00:00,H
5835,ZONE1,2025-09-01 03:00:00+00:00,2025-09-01 04:00:00+00:00,H
5836,ZONE1,2025-09-01 04:00:00+00:00,2025-09-01 05:00:00+00:00,H
5837,ZONE1,2025-09-01 05:00:00+00:00,2025-09-01 06:00:00+00:00,H
5838,ZONE1,2025-09-01 06:00:00+00:00,2025-09-01 07:00:00+00:00,H
5839,ZONE1,2025-09-01 07:00:00+00:00,2025-09-01 08:00:00+00:00,H
5840,ZONE1,2025-09-01 08:00:00+00:00,2025-09-01 09:00:00+00:00,H
5841,ZONE1,2025-09-01 09:00:00+00:00,2025-09-01 10:00:00+00:00,H
5842,ZONE1,2025-09-01 10:00:00+00:00,2025-09-01 11:00:00+00:00,H
5843,ZONE1,2025-09-01 11:00:00+00:00,2025-09-01 12:00:00+00:00,H
5844,ZONE1,2025-09-01 12:00:00+00:00,2025-09-01 13:00:00+00:00,H
5845,ZONE1,2025-09-01 13:00:00+00:00,2025-09-01 14:00:00+00:00,H
5846,ZONE1,2025-09-01 14:00:00+00:00,2025-09-01 15:00:00+00:00,H
5847,ZONE1,2025-09-01 15:00:00+00:00,2025-09-01 16:00:00+00:00,H
5848,ZONE1,2025-09-01 16:00:00+00:00,2025-09-01 17:00:00+00:00,H
5849,ZONE1,2025-09-01 17:00:00+00:00,2025-09-01 18:00:00+00:00,H
5850,ZONE1,2025-09-01 18:00:00+00:00,2025-09-01 19:00:00+00:00,H
5851,ZONE1,2025-09-01 19:00:00+00:00,2025-09-01 20:00:00+00:00,H
5852,ZONE1,2025-09-01 20:00:00+00:00,2025-09-01 21:00:00+00:00,H
5853,ZONE1,2025-09-01 21:00:00+00:00,2025-09-01 22:00:00+00:00,H
5854,ZONE1,2025-09-01 22:00:00+00:00,2025-09-01 23:00:00+00:00,H
5855,ZONE1,2025-09-01 23:00:00+00:00,2025-09-02 00:00:00+00:00,H
5856,ZONE1,2025-09-02 00:00:00+00:00,2025-09-02 01:00:00+00:00,H
5857,ZONE1,2025-09-02 01:00:00+00:00,2025-09-02 02:00:00+00:00,H
5858,ZONE1,2025-09-02 02:00:00+00:00,2025-09-02 03:00:00+00:00,H
5859,ZONE1,2025-09-02 03:00:00+00:00,2025-09-02 04:00:00+00:00,H
5860,ZONE1,2025-09-02 04:00:00+00:00,2025-09-02 05:00:00+00:00,H
5861,ZONE1,2025-09-02 05:00:00+00:00,2025-09-02 06:00:00+00:00,H
5862,ZONE1,2025-09-02 06:00:00+00:00,2025-09-02 07:00:00+00:00,H
5863,ZONE1,2025-09-02 07:00:00+00:00,2025-09-02 08:00:00+00:00,H
5864,ZONE1,2025-09-02 08:00:00+00:00,2025-09-02 09:00:00+00:00,H
5865,ZONE1,2025-09-02 09:00:00+00:00,2025-09-02 10:00:00+00:00,H
5866,ZONE1,2025-09-02 10:00:00+00:00,2025-09-02 11:00:00+00:00,H
5867,ZONE1,2025-09-02 11:00:00+00:00,2025-09-02 12:00:00+00:00,H
5868,ZONE1,2025-09-02 12:00:00+00:00,2025-09-02 13:00:00+00:00,H
5869,ZONE1,2025-09-02 13:00:00+00:00,2025-09-02 14:00:00+00:00,H
5870,ZONE1,2025-09-02 14:00:00+00:00,2025-09-02 15:00:00+00:00,H
5871,ZONE1,2025-09-02 15:00:00+00:00,2025-09-02 16:00:00+00:00,H
5872,ZONE1,2025-09-02 16:00:00+00:00,2025-09-02 17:00:00+00:00,H
5873,ZONE1,2025-09-02 17:00:00+00:00,2025-09-02 18:00:00+00:00,H
5874,ZONE1,2025-09-02 18:00:00+00:00,2025-09-02 19:00:00+00:00,H
5875,ZONE1,2025-09-02 19:00:00+00:00,2025-09-02 20:00:00+00:00,H
5876,ZONE1,2025-09-02 20:00:00+00:00,2025-09-02 21:00:00+00:00,H
5877,ZONE1,2025-09-02 21:00:00+00:00,2025-09-02 22:00:00+00:00,H
5878,ZONE1,2025-09-02 22:00:00+00:00,2025-09-02 23:00:00+00:00,H
5879,ZONE1,2025-09-02 23:00:00+00:00,2025-09-03 00:00:00+00:00,H
5880,ZONE1,2025-09-03 00:00:00+00:00,2025-09-03 01:00:00+00:00,H
5881,ZONE1,2025-09-03 01:00:00+00:00,2025-09-03 02:00:00+00:00,H
5882,ZONE1,2025-09-03 02:00:00+00:00,2025-09-03 03:00:00+00:00,H
5883,ZONE1,2025-09-03 03:00:00+00:00,2025-09-03 04:00:00+00:00,H
5884,ZONE1,2025-09-03 04:00:00+00:00,2025-09-03 05:00:00+00:00,H
5885,ZONE1,2025-09-03 05:00:00+00:00,2025-09-03 06:00:00+00:00,H
5886,ZONE1,2025-09-03 06:00:00+00:00,2025-09-03 07:00:00+00:00,H
5887,ZONE1,2025-09-03 07:00:00+00:00,2025-09-03 08:00:00+00:00,H
5888,ZONE1,2025-09-03 08:00:00+00:00,2025-09-03 09:00:00+00:00,H
5889,ZONE1,2025-09-03 09:00:00+00:00,2025-09-03 10:00:00+00:00,H
5890,ZONE1,2025-09-03 10:00:00+00:00,2025-09-03 11:00:00+00:00,H
5891,ZONE1,2025-09-03 11:00:00+00:00,2025-09-03 12:00:00+00:00,H
5892,ZONE1,2025-09-03 12:00:00+00:00,2025-09-03 13:00:00+00:00,H
5893,ZONE1,2025-09-03 13:00:00+00:00,2025-09-03 14:00:00+00:00,H
5894,ZONE1,2025-09-03 14:00:00+00:00,2025-09-03 15:00:00+00:00,H
5895,ZONE1,2025-09-03 15:00:00+00:00,2025-09-03 16:00:00+00:00,H
5896,ZONE1,2025-09-03 16:00:00+00:00,2025-09-03 17:00:00+00:00,H
5897,ZONE1,2025-09-03 17:00:00+00:00,2025-09-03 18:00:00+00:00,H
5898,ZONE1,2025-09-03 18:00:00+00:00,2025-09-03 19:00:00+00:00,H
5899,ZONE1,2025-09-03 19:00:00+00:00,2025-09-03 20:00:00+00:00,H
5900,ZONE1,2025-09-03 20:00:00+00:00,2025-09-03 21:00:00+00:00,H
5901,ZONE1,2025-09-03 21:00:00+00:00,2025-09-03 22:00:00+00:00,H
5902,ZONE1,2025-09-03 22:00:00+00:00,2025-09-03 23:00:00+00:00,H
5903,ZONE1,2025-09-03 23:00:00+00:00,2025-09-04 00:00:00+00:00,H
5904,ZONE1,2025-09-04 00:00:00+00:00,2025-09-04 01:00:00+00:00,H
5905,ZONE1,2025-09-04 01:00:00+00:00,2025-09-04 02:00:00+00:00,H
5906,ZONE1,2025-09-04 02:00:00+00:00,2025-09-04 03:00:00+00:00,H
5907,ZONE1,2025-09-04 03:00:00+00:00,2025-09-04 04:00:00+00:00,H
5908,ZONE1,2025-09-04 04:00:00+00:00,2025-09-04 05:00:00+00:00,H
5909,ZONE1,2025-09-04 05:00:00+00:00,2025-09-04 06:00:00+00:00,H
5910,ZONE1,2025-09-04 06:00:00+00:00,2025-09-04 07:00:00+00:00,H
5911,ZONE1,2025-09-04 07:00:00+00:00,2025-09-04 08:00:00+00:00,H
5912,ZONE1,2025-09-04 08:00:00+00:00,2025-09-04 09:00:00+00:00,H
5913,ZONE1,2025-09-04 09:00:00+00:00,2025-09-04 10:00:00+00:00,H
5914,ZONE1,2025-09-04 10:00:00+00:00,2025-09-04 11:00:00+00:00,H
5915,ZONE1,2025-09-04 11:00:00+00:00,2025-09-04 12:00:00+00:00,H
5916,ZONE1,2025-09-04 12:00:00+00:00,2025-09-04 13:00:00+00:00,H
5917,ZONE1,2025-09-04 13:00:00+00:00,2025-09-04 14:00:00+00:00,H
5918,ZONE1,2025-09-04 14:00:00+00:00,2025-09-04 15:00:00+00:00,H
5919,ZONE1,2025-09-04 15:00:00+00:00,2025-09-04 16:00:00+00:00,H
5920,ZONE1,2025-09-04 16:00:00+00:00,2025-09-04 17:00:00+00:00,H
5921,ZONE1,2025-09-04 17:00:00+00:00,2025-09-04 18:00:00+00:00,H
5922,ZONE1,2025-09-04 18:00:00+00:00,2025-09-04 19:00:00+00:00,H
5923,ZONE1,2025-09-04 19:00:00+00:00,2025-09-04 20:00:00+00:00,H
5924,ZONE1,2025-09-04 20:00:00+00:00,2025-09-04 21:00:00+00:00,H
5925,ZONE1,2025-09-04 21:00:00+00:00,2025-09-04 22:00:00+00:00,H
5926,ZONE1,2025-09-04 22:00:00+00:00,2025-09-04 23:00:00+00:00,H
5927,ZONE1,2025-09-04 23:00:00+00:00,2025-09-05 00:00:00+00:00,H
5928,ZONE1,2025-09-05 00:00:00+00:00,2025-09-05 01:00:00+00:00,H
5929,ZONE1,2025-09-05 01:00:00+00:00,2025-09-05 02:00:00+00:00,H
5930,ZONE1,2025-09-05 02:00:00+00:00,2025-09-05 03:00:00+00:00,H
5931,ZONE1,2025-09-05 03:00:00+00:00,2025-09-05 04:00:00+00:00,H
5932,ZONE1,2025-09-05 04:00:00+00:00,2025-09-05 05:00:00+00:00,H
5933,ZONE1,2025-09-05 05:00:00+00:00,2025-09-05 06:00:00+00:00,H
5934,ZONE1,2025-09-05 06:00:00+00:00,2025-09-05 07:00:00+00:00,H
5935,ZONE1,2025-09-05 07:00:00+00:00,2025-09-05 08:00:00+00:00,H
5936,ZONE1,2025-09-05 08:00:00+00:00,2025-09-05 09:00:00+00:00,H
5937,ZONE1,2025-09-05 09:00:00+00:00,2025-09-05 10:00:00+00:00,H
5938,ZONE1,2025-09-05 10:00:00+00:00,2025-09-05 11:00:00+00:00,H
5939,ZONE1,2025-09-05 11:00:00+00:00,2025-09-05 12:00:00+00:00,H
5940,ZONE1,2025-09-05 12:00:00+00:00,2025-09-05 13:00:00+00:00,H
5941,ZONE1,2025-09-05 13:00:00+00:00,2025-09-05 14:00:00+00:00,H
5942,ZONE1,2025-09-05 14:00:00+00:00,2025-09-05 15:00:00+00:00,H
5943,ZONE1,2025-09-05 15:00:00+00:00,2025-09-05 16:00:00+00:00,H
5944,ZONE1,2025-09-05 16:00:00+00:00,2025-09-05 17:00:00+00:00,H
5945,ZONE1,2025-09-05 17:00:00+00:00,2025-09-05 18:00:00+00:00,H
5946,ZONE1,2025-09-05 18:00:00+00:00,2025-09-05 19:00:00+00:00,H
5947,ZONE1,2025-09-05 19:00:00+00:00,2025-09-05 20:00:00+00:00,H
5948,ZONE1,2025-09-05 20:00:00+00:00,2025-09-05 21:00:00+00:00,H
5949,ZONE1,2025-09-05 21:00:00+00:00,2025-09-05 22:00:00+00:00,H
5950,ZONE1,2025-09-05 22:00:00+00:00,2025-09-05 23:00:00+00:00,H
5951,ZONE1,2025-09-05 23:00:00+00:00,2025-09-06 00:00:00+00:00,H
5952,ZONE1,2025-09-06 00:00:00+00:00,2025-09-06 01:00:00+00:00,H
5953,ZONE1,2025-09-06 01:00:00+00:00,2025-09-06 02:00:00+00:00,H
5954,ZONE1,2025-09-06 02:00:00+00:00,2025-09-06 03:00:00+00:00,H
5955,ZONE1,2025-09-06 03:00:00+00:00,2025-09-06 04:00:00+00:00,H
5956,ZONE1,2025-09-06 04:00:00+00:00,2025-09-06 05:00:00+00:00,H
5957,ZONE1,2025-09-06 05:00:00+00:00,2025-09-06 06:00:00+00:00,H
5958,ZONE1,2025-09-06 06:00:00+00:00,2025-09-06 07:00:00+00:00,H
5959,ZONE1,2025-09-06 07:00:00+00:00,2025-09-06 08:00:00+00:00,H
5960,ZONE1,2025-09-06 08:00:00+00:00,2025-09-06 09:00:00+00:00,H
5961,ZONE1,2025-09-06 09:00:00+00:00,2025-09-06 10:00:00+00:00,H
5962,ZONE1,2025-09-06 10:00:00+00:00,2025-09-06 11:00:00+00:00,H
5963,ZONE1,2025-09-06 11:00:00+00:00,2025-09-06 12:00:00+00:00,H
5964,ZONE1,2025-09-06 12:00:00+00:00,2025-09-06 13:00:00+00:00,H
5965,ZONE1,2025-09-06 13:00:00+00:00,2025-09-06 14:00:00+00:00,H
5966,ZONE1,2025-09-06 14:00:00+00:00,2025-09-06 15:00:00+00:00,H
5967,ZONE1,2025-09-06 15:00:00+00:00,2025-09-06 16:00:00+00:00,H
5968,ZONE1,2025-09-06 16:00:00+00:00,2025-09-06 17:00:00+00:00,H
5969,ZONE1,2025-09-06 17:00:00+00:00,2025-09-06 18:00:00+00:00,H
5970,ZONE1,2025-09-06 18:00:00+00:00,2025-09-06 19:00:00+00:00,H
5971,ZONE1,2025-09-06 19:00:00+00:00,2025-09-06 20:00:00+00:00,H
5972,ZONE1,2025-09-06 20:00:00+00:00,2025-09-06 21:00:00+00:00,H
5973,ZONE1,2025-09-06 21:00:00+00:00,2025-09-06 22:00:00+00:00,H
5974,ZONE1,2025-09-06 22:00:00+00:00,2025-09-06 23:00:00+00:00,H
5975,ZONE1,2025-09-06 23:00:00+00:00,2025-09-07 00:00:00+00:00,H
5976,ZONE1,2025-09-07 00:00:00+00:00,2025-09-07 01:00:00+00:00,H
5977,ZONE1,2025-09-07 01:00:00+00:00,2025-09-07 02:00:00+00:00,H
5978,ZONE1,2025-09-07 02:00:00+00:00,2025-09-07 03:00:00+00:00,H
5979,ZONE1,2025-09-07 03:00:00+00:00,2025-09-07 04:00:00+00:00,H
5980,ZONE1,2025-09-07 04:00:00+00:00,2025-09-07 05:00:00+00:00,H
5981,ZONE1,2025-09-07 05:00:00+00:00,2025-09-07 06:00:00+00:00,H
5982,ZONE1,2025-09-07 06:00:00+00:00,2025-09-07 07:00:00+00:00,H
5983,ZONE1,2025-09-07 07:00:00+00:00,2025-09-07 08:00:00+00:00,H
5984,ZONE1,2025-09-07 08:00:00+00:00,2025-09-07 09:00:00+00:00,H
5985,ZONE1,2025-09-07 09:00:00+00:00,2025-09-07 10:00:00+00:00,H
5986,ZONE1,2025-09-07 10:00:00+00:00,2025-09-07 11:00:00+00:00,H
5987,ZONE1,2025-09-07 11:00:00+00:00,2025-09-07 12:00:00+00:00,H
5988,ZONE1,2025-09-07 12:00:00+00:00,2025-09-07 13:00:00+00:00,H
5989,ZONE1,2025-09-07 13:00:00+00:00,2025-09-07 14:00:00+00:00,H
5990,ZONE1,2025-09-07 14:00:00+00:00,2025-09-07 15:00:00+00:00,H
5991,ZONE1,2025-09-07 15:00:00+00:00,2025-09-07 16:00:00+00:00,H
5992,ZONE1,2025-09-07 16:00:00+00:00,2025-09-07 17:00:00+00:00,H
5993,ZONE1,2025-09-07 17:00:00+00:00,2025-09-07 18:00:00+00:00,H
5994,ZONE1,2025-09-07 18:00:00+00:00,2025-09-07 19:00:00+00:00,H
5995,ZONE1,2025-09-07 19:00:00+00:00,2025-09-07 20:00:00+00:00,H
5996,ZONE1,2025-09-07 20:00:00+00:00,2025-09-07 21:00:00+00:00,H
5997,ZONE1,2025-09-07 21:00:00+00:00,2025-09-07 22:00:00+00:00,H
5998,ZONE1,2025-09-07 22:00:00+00:00,2025-09-07 23:00:00+00:00,H
5999,ZONE1,2025-09-07 23:00:00+00:00,2025-09-08 00:00:00+00:00,H
6000,ZONE1,2025-09-08 00:00:00+00:00,2025-09-08 01:00:00+00:00,H
6001,ZONE1,2025-09-08 01:00:00+00:00,2025-09-08 02:00:00+00:00,H
6002,ZONE1,2025-09-08 02:00:00+00:00,2025-09-08 03:00:00+00:00,H
6003,ZONE1,2025-09-08 03:00:00+00:00,2025-09-08 04:00:00+00:00,H
6004,ZONE1,2025-09-08 04:00:00+00:00,2025-09-08 05:00:00+00:00,H
6005,ZONE1,2025-09-08 05:00:00+00:00,2025-09-08 06:00:00+00:00,H
6006,ZONE1,2025-09-08 06:00:00+00:00,2025-09-08 07:00:00+00:00,H
6007,ZONE1,2025-09-08 07:00:00+00:00,2025-09-08 08:00:00+00:00,H
6008,ZONE1,2025-09-08 08:00:00+00:00,2025-09-08 09:00:00+00:00,H
6009,ZONE1,2025-09-08 09:00:00+00:00,2025-09-08 10:00:00+00:00,H
6010,ZONE1,2025-09-08 10:00:00+00:00,2025-09-08 11:00:00+00:00,H
6011,ZONE1,2025-09-08 11:00:00+00:00,2025-09-08 12:00:00+00:00,H
6012,ZONE1,2025-09-08 12:00:00+00:00,2025-09-08 13:00:00+00:00,H
6013,ZONE1,2025-09-08 13:00:00+00:00,2025-09-08 14:00:00+00:00,H
6014,ZONE1,2025-09-08 14:00:00+00:00,2025-09-08 15:00:00+00:00,H
6015,ZONE1,2025-09-08 15:00:00+00:00,2025-09-08 16:00:00+00:00,H
6016,ZONE1,2025-09-08 16:00:00+00:00,2025-09-08 17:00:00+00:00,H
6017,ZONE1,2025-09-08 17:00:00+00:00,2025-09-08 18:00:00+00:00,H
6018,ZONE1,2025-09-08 18:00:00+00:00,2025-09-08 19:00:00+00:00,H
6019,ZONE1,2025-09-08 19:00:00+00:00,2025-09-08 20:00:00+00:00,H
6020,ZONE1,2025-09-08 20:00:00+00:00,2025-09-08 21:00:00+00:00,H
6021,ZONE1,2025-09-08 21:00:00+00:00,2025-09-08 22:00:00+00:00,H
6022,ZONE1,2025-09-08 22:00:00+00:00,2025-09-08 23:00:00+00:00,H
6023,ZONE1,2025-09-08 23:00:00+00:00,2025-09-09 00:00:00+00:00,H
6024,ZONE1,2025-09-09 00:00:00+00:00,2025-09-09 01:00:00+00:00,H
6025,ZONE1,2025-09-09 01:00:00+00:00,2025-09-09 02:00:00+00:00,H
6026,ZONE1,2025-09-09 02:00:00+00:00,2025-09-09 03:00:00+00:00,H
6027,ZONE1,2025-09-09 03:00:00+00:00,2025-09-09 04:00:00+00:00,H
6028,ZONE1,2025-09-09 04:00:00+00:00,2025-09-09 05:00:00+00:00,H
6029,ZONE1,2025-09-09 05:00:00+00:00,2025-09-09 06:00:00+00:00,H
6030,ZONE1,2025-09-09 06:00:00+00:00,2025-09-09 07:00:00+00:00,H
6031,ZONE1,2025-09-09 07:00:00+00:00,2025-09-09 08:00:00+00:00,H
6032,ZONE1,2025-09-09 08:00:00+00:00,2025-09-09 09:00:00+00:00,H
6033,ZONE1,2025-09-09 09:00:00+00:00,2025-09-09 10:00:00+00:00,H
6034,ZONE1,2025-09-09 10:00:00+00:00,2025-09-09 11:00:00+00:00,H
6035,ZONE1,2025-09-09 11:00:00+00:00,2025-09-09 12:00:00+00:00,H
6036,ZONE1,2025-09-09 12:00:00+00:00,2025-09-09 13:00:00+00:00,H
6037,ZONE1,2025-09-09 13:00:00+00:00,2025-09-09 14:00:00+00:00,H
6038,ZONE1,2025-09-09 14:00:00+00:00,2025-09-09 15:00:00+00:00,H
6039,ZONE1,2025-09-09 15:00:00+00:00,2025-09-09 16:00:00+00:00,H
6040,ZONE1,2025-09-09 16:00:00+00:00,2025-09-09 17:00:00+00:00,H
6041,ZONE1,2025-09-09 17:00:00+00:00,2025-09-09 18:00:00+00:00,H
6042,ZONE1,2025-09-09 18:00:00+00:00,2025-09-09 19:00:00+00:00,H
6043,ZONE1,2025-09-09 19:00:00+00:00,2025-09-09 20:00:00+00:00,H
6044,ZONE1,2025-09-09 20:00:00+00:00,2025-09-09 21:00:00+00:00,H
6045,ZONE1,2025-09-09 21:00:00+00:00,2025-09-09 22:00:00+00:00,H
6046,ZONE1,2025-09-09 22:00:00+00:00,2025-09-09 23:00:00+00:00,H
6047,ZONE1,2025-09-09 23:00:00+00:00,2025-09-10 00:00:00+00:00,H
6048,ZONE1,2025-09-10 00:00:00+00:00,2025-09-10 01:00:00+00:00,H
6049,ZONE1,2025-09-10 01:00:00+00:00,2025-09-10 02:00:00+00:00,H
6050,ZONE1,2025-09-10 02:00:00+00:00,2025-09-10 03:00:00+00:00,H
6051,ZONE1,2025-09-10 03:00:00+00:00,2025-09-10 04:00:00+00:00,H
6052,ZONE1,2025-09-10 04:00:00+00:00,2025-09-10 05:00:00+00:00,H
6053,ZONE1,2025-09-10 05:00:00+00:00,2025-09-10 06:00:00+00:00,H
6054,ZONE1,2025-09-10 06:00:00+00:00,2025-09-10 07:00:00+00:00,H
6055,ZONE1,2025-09-10 07:00:00+00:00,2025-09-10 08:00:00+00:00,H
6056,ZONE1,2025-09-10 08:00:00+00:00,2025-09-10 09:00:00+00:00,H
6057,ZONE1,2025-09-10 09:00:00+00:00,2025-09-10 10:00:00+00:00,H
6058,ZONE1,2025-09-10 10:00:00+00:00,2025-09-10 11:00:00+00:00,H
6059,ZONE1,2025-09-10 11:00:00+00:00,2025-09-10 12:00:00+00:00,H
6060,ZONE1,2025-09-10 12:00:00+00:00,2025-09-10 13:00:00+00:00,H
6061,ZONE1,2025-09-10 13:00:00+00:00,2025-09-10 14:00:00+00:00,H
6062,ZONE1,2025-09-10 14:00:00+00:00,2025-09-10 15:00:00+00:00,H
6063,ZONE1,2025-09-10 15:00:00+00:00,2025-09-10 16:00:00+00:00,H
6064,ZONE1,2025-09-10 16:00:00+00:00,2025-09-10 17:00:00+00:00,H
6065,ZONE1,2025-09-10 17:00:00+00:00,2025-09-10 18:00:00+00:00,H
6066,ZONE1,2025-09-10 18:00:00+00:00,2025-09-10 19:00:00+00:00,H
6067,ZONE1,2025-09-10 19:00:00+00:00,2025-09-10 20:00:00+00:00,H
6068,ZONE1,2025-09-10 20:00:00+00:00,2025-09-10 21:00:00+00:00,H
6069,ZONE1,2025-09-10 21:00:00+00:00,2025-09-10 22:00:00+00:00,H
6070,ZONE1,2025-09-10 22:00:00+00:00,2025-09-10 23:00:00+00:00,H
6071,ZONE1,2025-09-10 23:00:00+00:00,2025-09-11 00:00:00+00:00,H
6072,ZONE1,2025-09-11 00:00:00+00:00,2025-09-11 01:00:00+00:00,H
6073,ZONE1,2025-09-11 01:00:00+00:00,2025-09-11 02:00:00+00:00,H
6074,ZONE1,2025-09-11 02:00:00+00:00,2025-09-11 03:00:00+00:00,H
6075,ZONE1,2025-09-11 03:00:00+00:00,2025-09-11 04:00:00+00:00,H
6076,ZONE1,2025-09-11 04:00:00+00:00,2025-09-11 05:00:00+00:00,H
6077,ZONE1,2025-09-11 05:00:00+00:00,2025-09-11 06:00:00+00:00,H
6078,ZONE1,2025-09-11 06:00:00+00:00,2025-09-11 07:00:00+00:00,H
6079,ZONE1,2025-09-11 07:00:00+00:00,2025-09-11 08:00:00+00:00,H
6080,ZONE1,2025-09-11 08:00:00+00:00,2025-09-11 09:00:00+00:00,H
6081,ZONE1,2025-09-11 09:00:00+00:00,2025-09-11 10:00:00+00:00,H
6082,ZONE1,2025-09-11 10:00:00+00:00,2025-09-11 11:00:00+00:00,H
6083,ZONE1,2025-09-11 11:00:00+00:00,2025-09-11 12:00:00+00:00,H
6084,ZONE1,2025-09-11 12:00:00+00:00,2025-09-11 13:00:00+00:00,H
6085,ZONE1,2025-09-11 13:00:00+00:00,2025-09-11 14:00:00+00:00,H
6086,ZONE1,2025-09-11 14:00:00+00:00,2025-09-11 15:00:00+00:00,H
6087,ZONE1,2025-09-11 15:00:00+00:00,2025-09-11 16:00:00+00:00,H
6088,ZONE1,2025-09-11 16:00:00+00:00,2025-09-11 17:00:00+00:00,H
6089,ZONE1,2025-09-11 17:00:00+00:00,2025-09-11 18:00:00+00:00,H
6090,ZONE1,2025-09-11 18:00:00+00:00,2025-09-11 19:00:00+00:00,H
6091,ZONE1,2025-09-11 19:00:00+00:00,2025-09-11 20:00:00+00:00,H
6092,ZONE1,2025-09-11 20:00:00+00:00,2025-09-11 21:00:00+00:00,H
6093,ZONE1,2025-09-11 21:00:00+00:00,2025-09-11 22:00:00+00:00,H
6094,ZONE1,2025-09-11 22:00:00+00:00,2025-09-11 23:00:00+00:00,H
6095,ZONE1,2025-09-11 23:00:00+00:00,2025-09-12 00:00:00+00:00,H
6096,ZONE1,2025-09-12 00:00:00+00:00,2025-09-12 01:00:00+00:00,H
6097,ZONE1,2025-09-12 01:00:00+00:00,2025-09-12 02:00:00+00:00,H
6098,ZONE1,2025-09-12 02:00:00+00:00,2025-09-12 03:00:00+00:00,H
6099,ZONE1,2025-09-12 03:00:00+00:00,2025-09-12 04:00:00+00:00,H
6100,ZONE1,2025-09-12 04:00:00+00:00,2025-09-12 05:00:00+00:00,H
6101,ZONE1,2025-09-12 05:00:00+00:00,2025-09-12 06:00:00+00:00,H
6102,ZONE1,2025-09-12 06:00:00+00:00,2025-09-12 07:00:00+00:00,H
6103,ZONE1,2025-09-12 07:00:00+00:00,2025-09-12 08:00:00+00:00,H
6104,ZONE1,2025-09-12 08:00:00+00:00,2025-09-12 09:00:00+00:00,H
6105,ZONE1,2025-09-12 09:00:00+00:00,2025-09-12 10:00:00+00:00,H
6106,ZONE1,2025-09-12 10:00:00+00:00,2025-09-12 11:00:00+00:00,H
6107,ZONE1,2025-09-12 11:00:00+00:00,2025-09-12 12:00:00+00:00,H
6108,ZONE1,2025-09-12 12:00:00+00:00,2025-09-12 13:00:00+00:00,H
6109,ZONE1,2025-09-12 13:00:00+00:00,2025-09-12 14:00:00+00:00,H
6110,ZONE1,2025-09-12 14:00:00+00:00,2025-09-12 15:00:00+00:00,H
6111,ZONE1,2025-09-12 15:00:00+00:00,2025-09-12 16:00:00+00:00,H
6112,ZONE1,2025-09-12 16:00:00+00:00,2025-09-12 17:00:00+00:00,H
6113,ZONE1,2025-09-12 17:00:00+00:00,2025-09-12 18:00:00+00:00,H
6114,ZONE1,2025-09-12 18:00:00+00:00,2025-09-12 19:00:00+00:00,H
6115,ZONE1,2025-09-12 19:00:00+00:00,2025-09-12 20:00:00+00:00,H
6116,ZONE1,2025-09-12 20:00:00+00:00,2025-09-12 21:00:00+00:00,H
6117,ZONE1,2025-09-12 21:00:00+00:00,2025-09-12 22:00:00+00:00,H
6118,ZONE1,2025-09-12 22:00:00+00:00,2025-09-12 23:00:00+00:00,H
6119,ZONE1,2025-09-12 23:00:00+00:00,2025-09-13 00:00:00+00:00,H
6120,ZONE1,2025-09-13 00:00:00+00:00,2025-09-13 01:00:00+00:00,H
6121,ZONE1,2025-09-13 01:00:00+00:00,2025-09-13 02:00:00+00:00,H
6122,ZONE1,2025-09-13 02:00:00+00:00,2025-09-13 03:00:00+00:00,H
6123,ZONE1,2025-09-13 03:00:00+00:00,2025-09-13 04:00:00+00:00,H
6124,ZONE1,2025-09-13 04:00:00+00:00,2025-09-13 05:00:00+00:00,H
6125,ZONE1,2025-09-13 05:00:00+00:00,2025-09-13 06:00:00+00:00,H
6126,ZONE1,2025-09-13 06:00:00+00:00,2025-09-13 07:00:00+00:00,H
6127,ZONE1,2025-09-13 07:00:00+00:00,2025-09-13 08:00:00+00:00,H
6128,ZONE1,2025-09-13 08:00:00+00:00,2025-09-13 09:00:00+00:00,H
6129,ZONE1,2025-09-13 09:00:00+00:00,2025-09-13 10:00:00+00:00,H
6130,ZONE1,2025-09-13 10:00:00+00:00,2025-09-13 11:00:00+00:00,H
6131,ZONE1,2025-09-13 11:00:00+00:00,2025-09-13 12:00:00+00:00,H
6132,ZONE1,2025-09-13 12:00:00+00:00,2025-09-13 13:00:00+00:00,H
6133,ZONE1,2025-09-13 13:00:00+00:00,2025-09-13 14:00:00+00:00,H
6134,ZONE1,2025-09-13 14:00:00+00:00,2025-09-13 15:00:00+00:00,H
6135,ZONE1,2025-09-13 15:00:00+00:00,2025-09-13 16:00:00+00:00,H
6136,ZONE1,2025-09-13 16:00:00+00:00,2025-09-13 17:00:00+00:00,H
6137,ZONE1,2025-09-13 17:00:00+00:00,2025-09-13 18:00:00+00:00,H
6138,ZONE1,2025-09-13 18:00:00+00:00,2025-09-13 19:00:00+00:00,H
6139,ZONE1,2025-09-13 19:00:00+00:00,2025-09-13 20:00:00+00:00,H
6140,ZONE1,2025-09-13 20:00:00+00:00,2025-09-13 21:00:00+00:00,H
6141,ZONE1,2025-09-13 21:00:00+00:00,2025-09-13 22:00:00+00:00,H
6142,ZONE1,2025-09-13 22:00:00+00:00,2025-09-13 23:00:00+00:00,H
6143,ZONE1,2025-09-13 23:00:00+00:00,2025-09-14 00:00:00+00:00,H
6144,ZONE1,2025-09-14 00:00:00+00:00,2025-09-14 01:00:00+00:00,H
6145,ZONE1,2025-09-14 01:00:00+00:00,2025-09-14 02:00:00+00:00,H
6146,ZONE1,2025-09-14 02:00:00+00:00,2025-09-14 03:00:00+00:00,H
6147,ZONE1,2025-09-14 03:00:00+00:00,2025-09-14 04:00:00+00:00,H
6148,ZONE1,2025-09-14 04:00:00+00:00,2025-09-14 05:00:00+00:00,H
6149,ZONE1,2025-09-14 05:00:00+00:00,2025-09-14 06:00:00+00:00,H
6150,ZONE1,2025-09-14 06:00:00+00:00,2025-09-14 07:00:00+00:00,H
6151,ZONE1,2025-09-14 07:00:00+00:00,2025-09-14 08:00:00+00:00,H
6152,ZONE1,2025-09-14 08:00:00+00:00,2025-09-14 09:00:00+00:00,H
6153,ZONE1,2025-09-14 09:00:00+00:00,2025-09-14 10:00:00+00:00,H
6154,ZONE1,2025-09-14 10:00:00+00:00,2025-09-14 11:00:00+00:00,H
6155,ZONE1,2025-09-14 11:00:00+00:00,2025-09-14 12:00:00+00:00,H
6156,ZONE1,2025-09-14 12:00:00+00:00,2025-09-14 13:00:00+00:00,H
6157,ZONE1,2025-09-14 13:00:00+00:00,2025-09-14 14:00:00+00:00,H
6158,ZONE1,2025-09-14 14:00:00+00:00,2025-09-14 15:00:00+00:00,H
6159,ZONE1,2025-09-14 15:00:00+00:00,2025-09-14 16:00:00+00:00,H
6160,ZONE1,2025-09-14 16:00:00+00:00,2025-09-14 17:00:00+00:00,H
6161,ZONE1,2025-09-14 17:00:00+00:00,2025-09-14 18:00:00+00:00,H
6162,ZONE1,2025-09-14 18:00:00+00:00,2025-09-14 19:00:00+00:00,H
6163,ZONE1,2025-09-14 19:00:00+00:00,2025-09-14 20:00:00+00:00,H
6164,ZONE1,2025-09-14 20:00:00+00:00,2025-09-14 21:00:00+00:00,H
6165,ZONE1,2025-09-14 21:00:00+00:00,2025-09-14 22:00:00+00:00,H
6166,ZONE1,2025-09-14 22:00:00+00:00,2025-09-14 23:00:00+00:00,H
6167,ZONE1,2025-09-14 23:00:00+00:00,2025-09-15 00:00:00+00:00,H
6168,ZONE1,2025-09-15 00:00:00+00:00,2025-09-15 01:00:00+00:00,H
6169,ZONE1,2025-09-15 01:00:00+00:00,2025-09-15 02:00:00+00:00,H
6170,ZONE1,2025-09-15 02:00:00+00:00,2025-09-15 03:00:00+00:00,H
6171,ZONE1,2025-09-15 03:00:00+00:00,2025-09-15 04:00:00+00:00,H
6172,ZONE1,2025-09-15 04:00:00+00:00,2025-09-15 05:00:00+00:00,H
6173,ZONE1,2025-09-15 05:00:00+00:00,2025-09-15 06:00:00+00:00,H
6174,ZONE1,2025-09-15 06:00:00+00:00,2025-09-15 07:00:00+00:00,H
6175,ZONE1,2025-09-15 07:00:00+00:00,2025-09-15 08:00:00+00:00,H
6176,ZONE1,2025-09-15 08:00:00+00:00,2025-09-15 09:00:00+00:00,H
6177,ZONE1,2025-09-15 09:00:00+00:00,2025-09-15 10:00:00+00:00,H
6178,ZONE1,2025-09-15 10:00:00+00:00,2025-09-15 11:00:00+00:00,H
6179,ZONE1,2025-09-15 11:00:00+00:00,2025-09-15 12:00:00+00:00,H
6180,ZONE1,2025-09-15 12:00:00+00:00,2025-09-15 13:00:00+00:00,H
6181,ZONE1,2025-09-15 13:00:00+00:00,2025-09-15 14:00:00+00:00,H
6182,ZONE1,2025-09-15 14:00:00+00:00,2025-09-15 15:00:00+00:00,H
6183,ZONE1,2025-09-15 15:00:00+00:00,2025-09-15 16:00:00+00:00,H
6184,ZONE1,2025-09-15 16:00:00+00:00,2025-09-15 17:00:00+00:00,H
6185,ZONE1,2025-09-15 17:00:00+00:00,2025-09-15 18:00:00+00:00,H
6186,ZONE1,2025-09-15 18:00:00+00:00,2025-09-15 19:00:00+00:00,H
6187,ZONE1,2025-09-15 19:00:00+00:00,2025-09-15 20:00:00+00:00,H
6188,ZONE1,2025-09-15 20:00:00+00:00,2025-09-15 21:00:00+00:00,H
6189,ZONE1,2025-09-15 21:00:00+00:00,2025-09-15 22:00:00+00:00,H
6190,ZONE1,2025-09-15 22:00:00+00:00,2025-09-15 23:00:00+00:00,H
6191,ZONE1,2025-09-15 23:00:00+00:00,2025-09-16 00:00:00+00:00,H
6192,ZONE1,2025-09-16 00:00:00+00:00,2025-09-16 01:00:00+00:00,H
6193,ZONE1,2025-09-16 01:00:00+00:00,2025-09-16 02:00:00+00:00,H
6194,ZONE1,2025-09-16 02:00:00+00:00,2025-09-16 03:00:00+00:00,H
6195,ZONE1,2025-09-16 03:00:00+00:00,2025-09-16 04:00:00+00:00,H
6196,ZONE1,2025-09-16 04:00:00+00:00,2025-09-16 05:00:00+00:00,H
6197,ZONE1,2025-09-16 05:00:00+00:00,2025-09-16 06:00:00+00:00,H
6198,ZONE1,2025-09-16 06:00:00+00:00,2025-09-16 07:00:00+00:00,H
6199,ZONE1,2025-09-16 07:00:00+00:00,2025-09-16 08:00:00+00:00,H
6200,ZONE1,2025-09-16 08:00:00+00:00,2025-09-16 09:00:00+00:00,H
6201,ZONE1,2025-09-16 09:00:00+00:00,2025-09-16 10:00:00+00:00,H
6202,ZONE1,2025-09-16 10:00:00+00:00,2025-09-16 11:00:00+00:00,H
6203,ZONE1,2025-09-16 11:00:00+00:00,2025-09-16 12:00:00+00:00,H
6204,ZONE1,2025-09-16 12:00:00+00:00,2025-09-16 13:00:00+00:00,H
6205,ZONE1,2025-09-16 13:00:00+00:00,2025-09-16 14:00:00+00:00,H
6206,ZONE1,2025-09-16 14:00:00+00:00,2025-09-16 15:00:00+00:00,H
6207,ZONE1,2025-09-16 15:00:00+00:00,2025-09-16 16:00:00+00:00,H
6208,ZONE1,2025-09-16 16:00:00+00:00,2025-09-16 17:00:00+00:00,H
6209,ZONE1,2025-09-16 17:00:00+00:00,2025-09-16 18:00:00+00:00,H
6210,ZONE1,2025-09-16 18:00:00+00:00,2025-09-16 19:00:00+00:00,H
6211,ZONE1,2025-09-16 19:00:00+00:00,2025-09-16 20:00:00+00:00,H
6212,ZONE1,2025-09-16 20:00:00+00:00,2025-09-16 21:00:00+00:00,H
6213,ZONE1,2025-09-16 21:00:00+00:00,2025-09-16 22:00:00+00:00,H
6214,ZONE1,2025-09-16 22:00:00+00:00,2025-09-16 23:00:00+00:00,H
6215,ZONE1,2025-09-16 23:00:00+00:00,2025-09-17 00:00:00+00:00,H
6216,ZONE1,2025-09-17 00:00:00+00:00,2025-09-17 01:00:00+00:00,H
6217,ZONE1,2025-09-17 01:00:00+00:00,2025-09-17 02:00:00+00:00,H
6218,ZONE1,2025-09-17 02:00:00+00:00,2025-09-17 03:00:00+00:00,H
6219,ZONE1,2025-09-17 03:00:00+00:00,2025-09-17 04:00:00+00:00,H
6220,ZONE1,2025-09-17 04:00:00+00:00,2025-09-17 05:00:00+00:00,H
6221,ZONE1,2025-09-17 05:00:00+00:00,2025-09-17 06:00:00+00:00,H
6222,ZONE1,2025-09-17 06:00:00+00:00,2025-09-17 07:00:00+00:00,H
6223,ZONE1,2025-09-17 07:00:00+00:00,2025-09-17 08:00:00+00:00,H
6224,ZONE1,2025-09-17 08:00:00+00:00,2025-09-17 09:00:00+00:00,H
6225,ZONE1,2025-09-17 09:00:00+00:00,2025-09-17 10:00:00+00:00,H
6226,ZONE1,2025-09-17 10:00:00+00:00,2025-09-17 11:00:00+00:00,H
6227,ZONE1,2025-09-17 11:00:00+00:00,2025-09-17 12:00:00+00:00,H
6228,ZONE1,2025-09-17 12:00:00+00:00,2025-09-17 13:00:00+00:00,H
6229,ZONE1,2025-09-17 13:00:00+00:00,2025-09-17 14:00:00+00:00,H
6230,ZONE1,2025-09-17 14:00:00+00:00,2025-09-17 15:00:00+00:00,H
6231,ZONE1,2025-09-17 15:00:00+00:00,2025-09-17 16:00:00+00:00,H
6232,ZONE1,2025-09-17 16:00:00+00:00,2025-09-17 17:00:00+00:00,H
6233,ZONE1,2025-09-17 17:00:00+00:00,2025-09-17 18:00:00+00:00,H
6234,ZONE1,2025-09-17 18:00:00+00:00,2025-09-17 19:00:00+00:00,H
6235,ZONE1,2025-09-17 19:00:00+00:00,2025-09-17 20:00:00+00:00,H
6236,ZONE1,2025-09-17 20:00:00+00:00,2025-09-17 21:00:00+00:00,H
6237,ZONE1,2025-09-17 21:00:00+00:00,2025-09-17 22:00:00+00:00,H
6238,ZONE1,2025-09-17 22:00:00+00:00,2025-09-17 23:00:00+00:00,H
6239,ZONE1,2025-09-17 23:00:00+00:00,2025-09-18 00:00:00+00:00,H
6240,ZONE1,2025-09-18 00:00:00+00:00,2025-09-18 01:00:00+00:00,H
6241,ZONE1,2025-09-18 01:00:00+00:00,2025-09-18 02:00:00+00:00,H
6242,ZONE1,2025-09-18 02:00:00+00:00,2025-09-18 03:00:00+00:00,H
6243,ZONE1,2025-09-18 03:00:00+00:00,2025-09-18 04:00:00+00:00,H
6244,ZONE1,2025-09-18 04:00:00+00:00,2025-09-18 05:00:00+00:00,H
6245,ZONE1,2025-09-18 05:00:00+00:00,2025-09-18 06:00:00+00:00,H
6246,ZONE1,2025-09-18 06:00:00+00:00,2025-09-18 07:00:00+00:00,H
6247,ZONE1,2025-09-18 07:00:00+00:00,2025-09-18 08:00:00+00:00,H
6248,ZONE1,2025-09-18 08:00:00+00:00,2025-09-18 09:00:00+00:00,H
6249,ZONE1,2025-09-18 09:00:00+00:00,2025-09-18 10:00:00+00:00,H
6250,ZONE1,2025-09-18 10:00:00+00:00,2025-09-18 11:00:00+00:00,H
6251,ZONE1,2025-09-18 11:00:00+00:00,2025-09-18 12:00:00+00:00,H
6252,ZONE1,2025-09-18 12:00:00+00:00,2025-09-18 13:00:00+00:00,H
6253,ZONE1,2025-09-18 13:00:00+00:00,2025-09-18 14:00:00+00:00,H
6254,ZONE1,2025-09-18 14:00:00+00:00,2025-09-18 15:00:00+00:00,H
6255,ZONE1,2025-09-18 15:00:00+00:00,2025-09-18 16:00:00+00:00,H
6256,ZONE1,2025-09-18 16:00:00+00:00,2025-09-18 17:00:00+00:00,H
6257,ZONE1,2025-09-18 17:00:00+00:00,2025-09-18 18:00:00+00:00,H
6258,ZONE1,2025-09-18 18:00:00+00:00,2025-09-18 19:00:00+00:00,H
6259,ZONE1,2025-09-18 19:00:00+00:00,2025-09-18 20:00:00+00:00,H
6260,ZONE1,2025-09-18 20:00:00+00:00,2025-09-18 21:00:00+00:00,H
6261,ZONE1,2025-09-18 21:00:00+00:00,2025-09-18 22:00:00+00:00,H
6262,ZONE1,2025-09-18 22:00:00+00:00,2025-09-18 23:00:00+00:00,H
6263,ZONE1,2025-09-18 23:00:00+00:00,2025-09-19 00:00:00+00:00,H
6264,ZONE1,2025-09-19 00:00:00+00:00,2025-09-19 01:00:00+00:00,H
6265,ZONE1,2025-09-19 01:00:00+00:00,2025-09-19 02:00:00+00:00,H
6266,ZONE1,2025-09-19 02:00:00+00:00,2025-09-19 03:00:00+00:00,H
6267,ZONE1,2025-09-19 03:00:00+00:00,2025-09-19 04:00:00+00:00,H
6268,ZONE1,2025-09-19 04:00:00+00:00,2025-09-19 05:00:00+00:00,H
6269,ZONE1,2025-09-19 05:00:00+00:00,2025-09-19 06:00:00+00:00,H
6270,ZONE1,2025-09-19 06:00:00+00:00,2025-09-19 07:00:00+00:00,H
6271,ZONE1,2025-09-19 07:00:00+00:00,2025-09-19 08:00:00+00:00,H
6272,ZONE1,2025-09-19 08:00:00+00:00,2025-09-19 09:00:00+00:00,H
6273,ZONE1,2025-09-19 09:00:00+00:00,2025-09-19 10:00:00+00:00,H
6274,ZONE1,2025-09-19 10:00:00+00:00,2025-09-19 11:00:00+00:00,H
6275,ZONE1,2025-09-19 11:00:00+00:00,2025-09-19 12:00:00+00:00,H
6276,ZONE1,2025-09-19 12:00:00+00:00,2025-09-19 13:00:00+00:00,H
6277,ZONE1,2025-09-19 13:00:00+00:00,2025-09-19 14:00:00+00:00,H
6278,ZONE1,2025-09-19 14:00:00+00:00,2025-09-19 15:00:00+00:00,H
6279,ZONE1,2025-09-19 15:00:00+00:00,2025-09-19 16:00:00+00:00,H
6280,ZONE1,2025-09-19 16:00:00+00:00,2025-09-19 17:00:00+00:00,H
6281,ZONE1,2025-09-19 17:00:00+00:00,2025-09-19 18:00:00+00:00,H
6282,ZONE1,2025-09-19 18:00:00+00:00,2025-09-19 19:00:00+00:00,H
6283,ZONE1,2025-09-19 19:00:00+00:00,2025-09-19 20:00:00+00:00,H
6284,ZONE1,2025-09-19 20:00:00+00:00,2025-09-19 21:00:00+00:00,H
6285,ZONE1,2025-09-19 21:00:00+00:00,2025-09-19 22:00:00+00:00,H
6286,ZONE1,2025-09-19 22:00:00+00:00,2025-09-19 23:00:00+00:00,H
6287,ZONE1,2025-09-19 23:00:00+00:00,2025-09-20 00:00:00+00:00,H
6288,ZONE1,2025-09-20 00:00:00+00:00,2025-09-20 01:00:00+00:00,H
6289,ZONE1,2025-09-20 01:00:00+00:00,2025-09-20 02:00:00+00:00,H
6290,ZONE1,2025-09-20 02:00:00+00:00,2025-09-20 03:00:00+00:00,H
6291,ZONE1,2025-09-20 03:00:00+00:00,2025-09-20 04:00:00+00:00,H
6292,ZONE1,2025-09-20 04:00:00+00:00,2025-09-20 05:00:00+00:00,H
6293,ZONE1,2025-09-20 05:00:00+00:00,2025-09-20 06:00:00+00:00,H
6294,ZONE1,2025-09-20 06:00:00+00:00,2025-09-20 07:00:00+00:00,H
6295,ZONE1,2025-09-20 07:00:00+00:00,2025-09-20 08:00:00+00:00,H
6296,ZONE1,2025-09-20 08:00:00+00:00,2025-09-20 09:00:00+00:00,H
6297,ZONE1,2025-09-20 09:00:00+00:00,2025-09-20 10:00:00+00:00,H
6298,ZONE1,2025-09-20 10:00:00+00:00,2025-09-20 11:00:00+00:00,H
6299,ZONE1,2025-09-20 11:00:00+00:00,2025-09-20 12:00:00+00:00,H
6300,ZONE1,2025-09-20 12:00:00+00:00,2025-09-20 13:00:00+00:00,H
6301,ZONE1,2025-09-20 13:00:00+00:00,2025-09-20 14:00:00+00:00,H
6302,ZONE1,2025-09-20 14:00:00+00:00,2025-09-20 15:00:00+00:00,H
6303,ZONE1,2025-09-20 15:00:00+00:00,2025-09-20 16:00:00+00:00,H
6304,ZONE1,2025-09-20 16:00:00+00:00,2025-09-20 17:00:00+00:00,H
6305,ZONE1,2025-09-20 17:00:00+00:00,2025-09-20 18:00:00+00:00,H
6306,ZONE1,2025-09-20 18:00:00+00:00,2025-09-20 19:00:00+00:00,H
6307,ZONE1,2025-09-20 19:00:00+00:00,2025-09-20 20:00:00+00:00,H
6308,ZONE1,2025-09-20 20:00:00+00:00,2025-09-20 21:00:00+00:00,H
6309,ZONE1,2025-09-20 21:00:00+00:00,2025-09-20 22:00:00+00:00,H
6310,ZONE1,2025-09-20 22:00:00+00:00,2025-09-20 23:00:00+00:00,H
6311,ZONE1,2025-09-20 23:00:00+00:00,2025-09-21 00:00:00+00:00,H
6312,ZONE1,2025-09-21 00:00:00+00:00,2025-09-21 01:00:00+00:00,H
6313,ZONE1,2025-09-21 01:00:00+00:00,2025-09-21 02:00:00+00:00,H
6314,ZONE1,2025-09-21 02:00:00+00:00,2025-09-21 03:00:00+00:00,H
6315,ZONE1,2025-09-21 03:00:00+00:00,2025-09-21 04:00:00+00:00,H
6316,ZONE1,2025-09-21 04:00:00+00:00,2025-09-21 05:00:00+00:00,H
6317,ZONE1,2025-09-21 05:00:00+00:00,2025-09-21 06:00:00+00:00,H
6318,ZONE1,2025-09-21 06:00:00+00:00,2025-09-21 07:00:00+00:00,H
6319,ZONE1,2025-09-21 07:00:00+00:00,2025-09-21 08:00:00+00:00,H
6320,ZONE1,2025-09-21 08:00:00+00:00,2025-09-21 09:00:00+00:00,H
6321,ZONE1,2025-09-21 09:00:00+00:00,2025-09-21 10:00:00+00:00,H
6322,ZONE1,2025-09-21 10:00:00+00:00,2025-09-21 11:00:00+00:00,H
6323,ZONE1,2025-09-21 11:00:00+00:00,2025-09-21 12:00:00+00:00,H
6324,ZONE1,2025-09-21 12:00:00+00:00,2025-09-21 13:00:00+00:00,H
6325,ZONE1,2025-09-21 13:00:00+00:00,2025-09-21 14:00:00+00:00,H
6326,ZONE1,2025-09-21 14:00:00+00:00,2025-09-21 15:00:00+00:00,H
6327,ZONE1,2025-09-21 15:00:00+00:00,2025-09-21 16:00:00+00:00,H
6328,ZONE1,2025-09-21 16:00:00+00:00,2025-09-21 17:00:00+00:00,H
6329,ZONE1,2025-09-21 17:00:00+00:00,2025-09-21 18:00:00+00:00,H
6330,ZONE1,2025-09-21 18:00:00+00:00,2025-09-21 19:00:00+00:00,H
6331,ZONE1,2025-09-21 19:00:00+00:00,2025-09-21 20:00:00+00:00,H
6332,ZONE1,2025-09-21 20:00:00+00:00,2025-09-21 21:00:00+00:00,H
6333,ZONE1,2025-09-21 21:00:00+00:00,2025-09-21 22:00:00+00:00,H
6334,ZONE1,2025-09-21 22:00:00+00:00,2025-09-21 23:00:00+00:00,H
6335,ZONE1,2025-09-21 23:00:00+00:00,2025-09-22 00:00:00+00:00,H
6336,ZONE1,2025-09-22 00:00:00+00:00,2025-09-22 01:00:00+00:00,H
6337,ZONE1,2025-09-22 01:00:00+00:00,2025-09-22 02:00:00+00:00,H
6338,ZONE1,2025-09-22 02:00:00+00:00,2025-09-22 03:00:00+00:00,H
6339,ZONE1,2025-09-22 03:00:00+00:00,2025-09-22 04:00:00+00:00,H
6340,ZONE1,2025-09-22 04:00:00+00:00,2025-09-22 05:00:00+00:00,H
6341,ZONE1,2025-09-22 05:00:00+00:00,2025-09-22 06:00:00+00:00,H
6342,ZONE1,2025-09-22 06:00:00+00:00,2025-09-22 07:00:00+00:00,H
6343,ZONE1,2025-09-22 07:00:00+00:00,2025-09-22 08:00:00+00:00,H
6344,ZONE1,2025-09-22 08:00:00+00:00,2025-09-22 09:00:00+00:00,H
6345,ZONE1,2025-09-22 09:00:00+00:00,2025-09-22 10:00:00+00:00,H
6346,ZONE1,2025-09-22 10:00:00+00:00,2025-09-22 11:00:00+00:00,H
6347,ZONE1,2025-09-22 11:00:00+00:00,2025-09-22 12:00:00+00:00,H
6348,ZONE1,2025-09-22 12:00:00+00:00,2025-09-22 13:00:00+00:00,H
6349,ZONE1,2025-09-22 13:00:00+00:00,2025-09-22 14:00:00+00:00,H
6350,ZONE1,2025-09-22 14:00:00+00:00,2025-09-22 15:00:00+00:00,H
6351,ZONE1,2025-09-22 15:00:00+00:00,2025-09-22 16:00:00+00:00,H
6352,ZONE1,2025-09-22 16:00:00+00:00,2025-09-22 17:00:00+00:00,H
6353,ZONE1,2025-09-22 17:00:00+00:00,2025-09-22 18:00:00+00:00,H
6354,ZONE1,2025-09-22 18:00:00+00:00,2025-09-22 19:00:00+00:00,H
6355,ZONE1,2025-09-22 19:00:00+00:00,2025-09-22 20:00:00+00:00,H
6356,ZONE1,2025-09-22 20:00:00+00:00,2025-09-22 21:00:00+00:00,H
6357,ZONE1,2025-09-22 21:00:00+00:00,2025-09-22 22:00:00+00:00,H
6358,ZONE1,2025-09-22 22:00:00+00:00,2025-09-22 23:00:00+00:00,H
6359,ZONE1,2025-09-22 23:00:00+00:00,2025-09-23 00:00:00+00:00,H
6360,ZONE1,2025-09-23 00:00:00+00:00,2025-09-23 01:00:00+00:00,H
6361,ZONE1,2025-09-23 01:00:00+00:00,2025-09-23 02:00:00+00:00,H
6362,ZONE1,2025-09-23 02:00:00+00:00,2025-09-23 03:00:00+00:00,H
6363,ZONE1,2025-09-23 03:00:00+00:00,2025-09-23 04:00:00+00:00,H
6364,ZONE1,2025-09-23 04:00:00+00:00,2025-09-23 05:00:00+00:00,H
6365,ZONE1,2025-09-23 05:00:00+00:00,2025-09-23 06:00:00+00:00,H
6366,ZONE1,2025-09-23 06:00:00+00:00,2025-09-23 07:00:00+00:00,H
6367,ZONE1,2025-09-23 07:00:00+00:00,2025-09-23 08:00:00+00:00,H
6368,ZONE1,2025-09-23 08:00:00+00:00,2025-09-23 09:00:00+00:00,H
6369,ZONE1,2025-09-23 09:00:00+00:00,2025-09-23 10:00:00+00:00,H
6370,ZONE1,2025-09-23 10:00:00+00:00,2025-09-23 11:00:00+00:00,H
6371,ZONE1,2025-09-23 11:00:00+00:00,2025-09-23 12:00:00+00:00,H
6372,ZONE1,2025-09-23 12:00:00+00:00,2025-09-23 13:00:00+00:00,H
6373,ZONE1,2025-09-23 13:00:00+00:00,2025-09-23 14:00:00+00:00,H
6374,ZONE1,2025-09-23 14:00:00+00:00,2025-09-23 15:00:00+00:00,H
6375,ZONE1,2025-09-23 15:00:00+00:00,2025-09-23 16:00:00+00:00,H
6376,ZONE1,2025-09-23 16:00:00+00:00,2025-09-23 17:00:00+00:00,H
6377,ZONE1,2025-09-23 17:00:00+00:00,2025-09-23 18:00:00+00:00,H
6378,ZONE1,2025-09-23 18:00:00+00:00,2025-09-23 19:00:00+00:00,H
6379,ZONE1,2025-09-23 19:00:00+00:00,2025-09-23 20:00:00+00:00,H
6380,ZONE1,2025-09-23 20:00:00+00:00,2025-09-23 21:00:00+00:00,H
6381,ZONE1,2025-09-23 21:00:00+00:00,2025-09-23 22:00:00+00:00,H
6382,ZONE1,2025-09-23 22:00:00+00:00,2025-09-23 23:00:00+00:00,H
6383,ZONE1,2025-09-23 23:00:00+00:00,2025-09-24 00:00:00+00:00,H
6384,ZONE1,2025-09-24 00:00:00+00:00,2025-09-24 01:00:00+00:00,H
6385,ZONE1,2025-09-24 01:00:00+00:00,2025-09-24 02:00:00+00:00,H
6386,ZONE1,2025-09-24 02:00:00+00:00,2025-09-24 03:00:00+00:00,H
6387,ZONE1,2025-09-24 03:00:00+00:00,2025-09-24 04:00:00+00:00,H
6388,ZONE1,2025-09-24 04:00:00+00:00,2025-09-24 05:00:00+00:00,H
6389,ZONE1,2025-09-24 05:00:00+00:00,2025-09-24 06:00:00+00:00,H
6390,ZONE1,2025-09-24 06:00:00+00:00,2025-09-24 07:00:00+00:00,H
6391,ZONE1,2025-09-24 07:00:00+00:00,2025-09-24 08:00:00+00:00,H
6392,ZONE1,2025-09-24 08:00:00+00:00,2025-09-24 09:00:00+00:00,H
6393,ZONE1,2025-09-24 09:00:00+00:00,2025-09-24 10:00:00+00:00,H
6394,ZONE1,2025-09-24 10:00:00+00:00,2025-09-24 11:00:00+00:00,H
6395,ZONE1,2025-09-24 11:00:00+00:00,2025-09-24 12:00:00+00:00,H
6396,ZONE1,2025-09-24 12:00:00+00:00,2025-09-24 13:00:00+00:00,H
6397,ZONE1,2025-09-24 13:00:00+00:00,2025-09-24 14:00:00+00:00,H
6398,ZONE1,2025-09-24 14:00:00+00:00,2025-09-24 15:00:00+00:00,H
6399,ZONE1,2025-09-24 15:00:00+00:00,2025-09-24 16:00:00+00:00,H
6400,ZONE1,2025-09-24 16:00:00+00:00,2025-09-24 17:00:00+00:00,H
6401,ZONE1,2025-09-24 17:00:00+00:00,2025-09-24 18:00:00+00:00,H
6402,ZONE1,2025-09-24 18:00:00+00:00,2025-09-24 19:00:00+00:00,H
6403,ZONE1,2025-09-24 19:00:00+00:00,2025-09-24 20:00:00+00:00,H
6404,ZONE1,2025-09-24 20:00:00+00:00,2025-09-24 21:00:00+00:00,H
6405,ZONE1,2025-09-24 21:00:00+00:00,2025-09-24 22:00:00+00:00,H
6406,ZONE1,2025-09-24 22:00:00+00:00,2025-09-24 23:00:00+00:00,H
6407,ZONE1,2025-09-24 23:00:00+00:00,2025-09-25 00:00:00+00:00,H
6408,ZONE1,2025-09-25 00:00:00+00:00,2025-09-25 01:00:00+00:00,H
6409,ZONE1,2025-09-25 01:00:00+00:00,2025-09-25 02:00:00+00:00,H
6410,ZONE1,2025-09-25 02:00:00+00:00,2025-09-25 03:00:00+00:00,H
6411,ZONE1,2025-09-25 03:00:00+00:00,2025-09-25 04:00:00+00:00,H
6412,ZONE1,2025-09-25 04:00:00+00:00,2025-09-25 05:00:00+00:00,H
6413,ZONE1,2025-09-25 05:00:00+00:00,2025-09-25 06:00:00+00:00,H
6414,ZONE1,2025-09-25 06:00:00+00:00,2025-09-25 07:00:00+00:00,H
6415,ZONE1,2025-09-25 07:00:00+00:00,2025-09-25 08:00:00+00:00,H
6416,ZONE1,2025-09-25 08:00:00+00:00,2025-09-25 09:00:00+00:00,H
6417,ZONE1,2025-09-25 09:00:00+00:00,2025-09-25 10:00:00+00:00,H
6418,ZONE1,2025-09-25 10:00:00+00:00,2025-09-25 11:00:00+00:00,H
6419,ZONE1,2025-09-25 11:00:00+00:00,2025-09-25 12:00:00+00:00,H
6420,ZONE1,2025-09-25 12:00:00+00:00,2025-09-25 13:00:00+00:00,H
6421,ZONE1,2025-09-25 13:00:00+00:00,2025-09-25 14:00:00+00:00,H
6422,ZONE1,2025-09-25 14:00:00+00:00,2025-09-25 15:00:00+00:00,H
6423,ZONE1,2025-09-25 15:00:00+00:00,2025-09-25 16:00:00+00:00,H
6424,ZONE1,2025-09-25 16:00:00+00:00,2025-09-25 17:00:00+00:00,H
6425,ZONE1,2025-09-25 17:00:00+00:00,2025-09-25 18:00:00+00:00,H
6426,ZONE1,2025-09-25 18:00:00+00:00,2025-09-25 19:00:00+00:00,H
6427,ZONE1,2025-09-25 19:00:00+00:00,2025-09-25 20:00:00+00:00,H
6428,ZONE1,2025-09-25 20:00:00+00:00,2025-09-25 21:00:00+00:00,H
6429,ZONE1,2025-09-25 21:00:00+00:00,2025-09-25 22:00:00+00:00,H
6430,ZONE1,2025-09-25 22:00:00+00:00,2025-09-25 23:00:00+00:00,H
6431,ZONE1,2025-09-25 23:00:00+00:00,2025-09-26 00:00:00+00:00,H
6432,ZONE1,2025-09-26 00:00:00+00:00,2025-09-26 01:00:00+00:00,H
6433,ZONE1,2025-09-26 01:00:00+00:00,2025-09-26 02:00:00+00:00,H
6434,ZONE1,2025-09-26 02:00:00+00:00,2025-09-26 03:00:00+00:00,H
6435,ZONE1,2025-09-26 03:00:00+00:00,2025-09-26 04:00:00+00:00,H
6436,ZONE1,2025-09-26 04:00:00+00:00,2025-09-26 05:00:00+00:00,H
6437,ZONE1,2025-09-26 05:00:00+00:00,2025-09-26 06:00:00+00:00,H
6438,ZONE1,2025-09-26 06:00:00+00:00,2025-09-26 07:00:00+00:00,H
6439,ZONE1,2025-09-26 07:00:00+00:00,2025-09-26 08:00:00+00:00,H
6440,ZONE1,2025-09-26 08:00:00+00:00,2025-09-26 09:00:00+00:00,H
6441,ZONE1,2025-09-26 09:00:00+00:00,2025-09-26 10:00:00+00:00,H
6442,ZONE1,2025-09-26 10:00:00+00:00,2025-09-26 11:00:00+00:00,H
6443,ZONE1,2025-09-26 11:00:00+00:00,2025-09-26 12:00:00+00:00,H
6444,ZONE1,2025-09-26 12:00:00+00:00,2025-09-26 13:00:00+00:00,H
6445,ZONE1,2025-09-26 13:00:00+00:00,2025-09-26 14:00:00+00:00,H
6446,ZONE1,2025-09-26 14:00:00+00:00,2025-09-26 15:00:00+00:00,H
6447,ZONE1,2025-09-26 15:00:00+00:00,2025-09-26 16:00:00+00:00,H
6448,ZONE1,2025-09-26 16:00:00+00:00,2025-09-26 17:00:00+00:00,H
6449,ZONE1,2025-09-26 17:00:00+00:00,2025-09-26 18:00:00+00:00,H
6450,ZONE1,2025-09-26 18:00:00+00:00,2025-09-26 19:00:00+00:00,H
6451,ZONE1,2025-09-26 19:00:00+00:00,2025-09-26 20:00:00+00:00,H
6452,ZONE1,2025-09-26 20:00:00+00:00,2025-09-26 21:00:00+00:00,H
6453,ZONE1,2025-09-26 21:00:00+00:00,2025-09-26 22:00:00+00:00,H
6454,ZONE1,2025-09-26 22:00:00+00:00,2025-09-26 23:00:00+00:00,H
6455,ZONE1,2025-09-26 23:00:00+00:00,2025-09-27 00:00:00+00:00,H
6456,ZONE1,2025-09-27 00:00:00+00:00,2025-09-27 01:00:00+00:00,H
6457,ZONE1,2025-09-27 01:00:00+00:00,2025-09-27 02:00:00+00:00,H
6458,ZONE1,2025-09-27 02:00:00+00:00,2025-09-27 03:00:00+00:00,H
6459,ZONE1,2025-09-27 03:00:00+00:00,2025-09-27 04:00:00+00:00,H
6460,ZONE1,2025-09-27 04:00:00+00:00,2025-09-27 05:00:00+00:00,H
6461,ZONE1,2025-09-27 05:00:00+00:00,2025-09-27 06:00:00+00:00,H
6462,ZONE1,2025-09-27 06:00:00+00:00,2025-09-27 07:00:00+00:00,H
6463,ZONE1,2025-09-27 07:00:00+00:00,2025-09-27 08:00:00+00:00,H
6464,ZONE1,2025-09-27 08:00:00+00:00,2025-09-27 09:00:00+00:00,H
6465,ZONE1,2025-09-27 09:00:00+00:00,2025-09-27 10:00:00+00:00,H
6466,ZONE1,2025-09-27 10:00:00+00:00,2025-09-27 11:00:00+00:00,H
6467,ZONE1,2025-09-27 11:00:00+00:00,2025-09-27 12:00:00+00:00,H
6468,ZONE1,2025-09-27 12:00:00+00:00,2025-09-27 13:00:00+00:00,H
6469,ZONE1,2025-09-27 13:00:00+00:00,2025-09-27 14:00:00+00:00,H
6470,ZONE1,2025-09-27 14:00:00+00:00,2025-09-27 15:00:00+00:00,H
6471,ZONE1,2025-09-27 15:00:00+00:00,2025-09-27 16:00:00+00:00,H
6472,ZONE1,2025-09-27 16:00:00+00:00,2025-09-27 17:00:00+00:00,H
6473,ZONE1,2025-09-27 17:00:00+00:00,2025-09-27 18:00:00+00:00,H
6474,ZONE1,2025-09-27 18:00:00+00:00,2025-09-27 19:00:00+00:00,H
6475,ZONE1,2025-09-27 19:00:00+00:00,2025-09-27 20:00:00+00:00,H
6476,ZONE1,2025-09-27 20:00:00+00:00,2025-09-27 21:00:00+00:00,H
6477,ZONE1,2025-09-27 21:00:00+00:00,2025-09-27 22:00:00+00:00,H
6478,ZONE1,2025-09-27 22:00:00+00:00,2025-09-27 23:00:00+00:00,H
6479,ZONE1,2025-09-27 23:00:00+00:00,2025-09-28 00:00:00+00:00,H
6480,ZONE1,2025-09-28 00:00:00+00:00,2025-09-28 01:00:00+00:00,H
6481,ZONE1,2025-09-28 01:00:00+00:00,2025-09-28 02:00:00+00:00,H
6482,ZONE1,2025-09-28 02:00:00+00:00,2025-09-28 03:00:00+00:00,H
6483,ZONE1,2025-09-28 03:00:00+00:00,2025-09-28 04:00:00+00:00,H
6484,ZONE1,2025-09-28 04:00:00+00:00,2025-09-28 05:00:00+00:00,H
6485,ZONE1,2025-09-28 05:00:00+00:00,2025-09-28 06:00:00+00:00,H
6486,ZONE1,2025-09-28 06:00:00+00:00,2025-09-28 07:00:00+00:00,H
6487,ZONE1,2025-09-28 07:00:00+00:00,2025-09-28 08:00:00+00:00,H
6488,ZONE1,2025-09-28 08:00:00+00:00,2025-09-28 09:00:00+00:00,H
6489,ZONE1,2025-09-28 09:00:00+00:00,2025-09-28 10:00:00+00:00,H
6490,ZONE1,2025-09-28 10:00:00+00:00,2025-09-28 11:00:00+00:00,H
6491,ZONE1,2025-09-28 11:00:00+00:00,2025-09-28 12:00:00+00:00,H
6492,ZONE1,2025-09-28 12:00:00+00:00,2025-09-28 13:00:00+00:00,H
6493,ZONE1,2025-09-28 13:00:00+00:00,2025-09-28 14:00:00+00:00,H
6494,ZONE1,2025-09-28 14:00:00+00:00,2025-09-28 15:00:00+00:00,H
6495,ZONE1,2025-09-28 15:00:00+00:00,2025-09-28 16:00:00+00:00,H
6496,ZONE1,2025-09-28 16:00:00+00:00,2025-09-28 17:00:00+00:00,H
6497,ZONE1,2025-09-28 17:00:00+00:00,2025-09-28 18:00:00+00:00,H
6498,ZONE1,2025-09-28 18:00:00+00:00,2025-09-28 19:00:00+00:00,H
6499,ZONE1,2025-09-28 19:00:00+00:00,2025-09-28 20:00:00+00:00,H
6500,ZONE1,2025-09-28 20:00:00+00:00,2025-09-28 21:00:00+00:00,H
6501,ZONE1,2025-09-28 21:00:00+00:00,2025-09-28 22:00:00+00:00,H
6502,ZONE1,2025-09-28 22:00:00+00:00,2025-09-28 23:00:00+00:00,H
6503,ZONE1,2025-09-28 23:00:00+00:00,2025-09-29 00:00:00+00:00,H
6504,ZONE1,2025-09-29 00:00:00+00:00,2025-09-29 01:00:00+00:00,H
6505,ZONE1,2025-09-29 01:00:00+00:00,2025-09-29 02:00:00+00:00,H
6506,ZONE1,2025-09-29 02:00:00+00:00,2025-09-29 03:00:00+00:00,H
6507,ZONE1,2025-09-29 03:00:00+00:00,2025-09-29 04:00:00+00:00,H
6508,ZONE1,2025-09-29 04:00:00+00:00,2025-09-29 05:00:00+00:00,H
6509,ZONE1,2025-09-29 05:00:00+00:00,2025-09-29 06:00:00+00:00,H
6510,ZONE1,2025-09-29 06:00:00+00:00,2025-09-29 07:00:00+00:00,H
6511,ZONE1,2025-09-29 07:00:00+00:00,2025-09-29 08:00:00+00:00,H
6512,ZONE1,2025-09-29 08:00:00+00:00,2025-09-29 09:00:00+00:00,H
6513,ZONE1,2025-09-29 09:00:00+00:00,2025-09-29 10:00:00+00:00,H
6514,ZONE1,2025-09-29 10:00:00+00:00,2025-09-29 11:00:00+00:00,H
6515,ZONE1,2025-09-29 11:00:00+00:00,2025-09-29 12:00:00+00:00,H
6516,ZONE1,2025-09-29 12:00:00+00:00,2025-09-29 13:00:00+00:00,H
6517,ZONE1,2025-09-29 13:00:00+00:00,2025-09-29 14:00:00+00:00,H
6518,ZONE1,2025-09-29 14:00:00+00:00,2025-09-29 15:00:00+00:00,H
6519,ZONE1,2025-09-29 15:00:00+00:00,2025-09-29 16:00:00+00:00,H
6520,ZONE1,2025-09-29 16:00:00+00:00,2025-09-29 17:00:00+00:00,H
6521,ZONE1,2025-09-29 17:00:00+00:00,2025-09-29 18:00:00+00:00,H
6522,ZONE1,2025-09-29 18:00:00+00:00,2025-09-29 19:00:00+00:00,H
6523,ZONE1,2025-09-29 19:00:00+00:00,2025-09-29 20:00:00+00:00,H
6524,ZONE1,2025-09-29 20:00:00+00:00,2025-09-29 21:00:00+00:00,H
6525,ZONE1,2025-09-29 21:00:00+00:00,2025-09-29 22:00:00+00:00,H
6526,ZONE1,2025-09-29 22:00:00+00:00,2025-09-29 23:00:00+00:00,H
6527,ZONE1,2025-09-29 23:00:00+00:00,2025-09-30 00:00:00+00:00,H
6528,ZONE1,2025-09-30 00:00:00+00:00,2025-09-30 01:00:00+00:00,H
6529,ZONE1,2025-09-30 01:00:00+00:00,2025-09-30 02:00:00+00:00,H
6530,ZONE1,2025-09-30 02:00:00+00:00,2025-09-30 03:00:00+00:00,H
6531,ZONE1,2025-09-30 03:00:00+00:00,2025-09-30 04:00:00+00:00,H
6532,ZONE1,2025-09-30 04:00:00+00:00,2025-09-30 05:00:00+00:00,H
6533,ZONE1,2025-09-30 05:00:00+00:00,2025-09-30 06:00:00+00:00,H
6534,ZONE1,2025-09-30 06:00:00+00:00,2025-09-30 07:00:00+00:00,H
6535,ZONE1,2025-09-30 07:00:00+00:00,2025-09-30 08:00:00+00:00,H
6536,ZONE1,2025-09-30 08:00:00+00:00,2025-09-30 09:00:00+00:00,H
6537,ZONE1,2025-09-30 09:00:00+00:00,2025-09-30 10:00:00+00:00,H
6538,ZONE1,2025-09-30 10:00:00+00:00,2025-09-30 11:00:00+00:00,H
6539,ZONE1,2025-09-30 11:00:00+00:00,2025-09-30 12:00:00+00:00,H
6540,ZONE1,2025-09-30 12:00:00+00:00,2025-09-30 13:00:00+00:00,H
6541,ZONE1,2025-09-30 13:00:00+00:00,2025-09-30 14:00:00+00:00,H
6542,ZONE1,2025-09-30 14:00:00+00:00,2025-09-30 15:00:00+00:00,H
6543,ZONE1,2025-09-30 15:00:00+00:00,2025-09-30 16:00:00+00:00,H
6544,ZONE1,2025-09-30 16:00:00+00:00,2025-09-30 17:00:00+00:00,H
6545,ZONE1,2025-09-30 17:00:00+00:00,2025-09-30 18:00:00+00:00,H
6546,ZONE1,2025-09-30 18:00:00+00:00,2025-09-30 19:00:00+00:00,H
6547,ZONE1,2025-09-30 19:00:00+00:00,2025-09-30 20:00:00+00:00,H
6548,ZONE1,2025-09-30 20:00:00+00:00,2025-09-30 21:00:00+00:00,H
6549,ZONE1,2025-09-30 21:00:00+00:00,2025-09-30 22:00:00+00:00,H
6550,ZONE1,2025-09-30 22:00:00+00:00,2025-09-30 23:00:00+00:00,H
6551,ZONE1,2025-09-30 23:00:00+00:00,2025-10-01 00:00:00+00:00,H
6552,ZONE1,2025-10-01 00:00:00+00:00,2025-10-01 01:00:00+00:00,H
6553,ZONE1,2025-10-01 01:00:00+00:00,2025-10-01 02:00:00+00:00,H
6554,ZONE1,2025-10-01 02:00:00+00:00,2025-10-01 03:00:00+00:00,H
6555,ZONE1,2025-10-01 03:00:00+00:00,2025-10-01 04:00:00+00:00,H
6556,ZONE1,2025-10-01 04:00:00+00:00,2025-10-01 05:00:00+00:00,H
6557,ZONE1,2025-10-01 05:00:00+00:00,2025-10-01 06:00:00+00:00,H
6558,ZONE1,2025-10-01 06:00:00+00:00,2025-10-01 07:00:00+00:00,H
6559,ZONE1,2025-10-01 07:00:00+00:00,2025-10-01 08:00:00+00:00,H
6560,ZONE1,2025-10-01 08:00:00+00:00,2025-10-01 09:00:00+00:00,H
6561,ZONE1,2025-10-01 09:00:00+00:00,2025-10-01 10:00:00+00:00,H
6562,ZONE1,2025-10-01 10:00:00+00:00,2025-10-01 11:00:00+00:00,H
6563,ZONE1,2025-10-01 11:00:00+00:00,2025-10-01 12:00:00+00:00,H
6564,ZONE1,2025-10-01 12:00:00+00:00,2025-10-01 13:00:00+00:00,H
6565,ZONE1,2025-10-01 13:00:00+00:00,2025-10-01 14:00:00+00:00,H
6566,ZONE1,2025-10-01 14:00:00+00:00,2025-10-01 15:00:00+00:00,H
6567,ZONE1,2025-10-01 15:00:00+00:00,2025-10-01 16:00:00+00:00,H
6568,ZONE1,2025-10-01 16:00:00+00:00,2025-10-01 17:00:00+00:00,H
6569,ZONE1,2025-10-01 17:00:00+00:00,2025-10-01 18:00:00+00:00,H
6570,ZONE1,2025-10-01 18:00:00+00:00,2025-10-01 19:00:00+00:00,H
6571,ZONE1,2025-10-01 19:00:00+00:00,2025-10-01 20:00:00+00:00,H
6572,ZONE1,2025-10-01 20:00:00+00:00,2025-10-01 21:00:00+00:00,H
6573,ZONE1,2025-10-01 21:00:00+00:00,2025-10-01 22:00:00+00:00,H
6574,ZONE1,2025-10-01 22:00:00+00:00,2025-10-01 23:00:00+00:00,H
6575,ZONE1,2025-10-01 23:00:00+00:00,2025-10-02 00:00:00+00:00,H
6576,ZONE1,2025-10-02 00:00:00+00:00,2025-10-02 01:00:00+00:00,H
6577,ZONE1,2025-10-02 01:00:00+00:00,2025-10-02 02:00:00+00:00,H
6578,ZONE1,2025-10-02 02:00:00+00:00,2025-10-02 03:00:00+00:00,H
6579,ZONE1,2025-10-02 03:00:00+00:00,2025-10-02 04:00:00+00:00,H
6580,ZONE1,2025-10-02 04:00:00+00:00,2025-10-02 05:00:00+00:00,H
6581,ZONE1,2025-10-02 05:00:00+00:00,2025-10-02 06:00:00+00:00,H
6582,ZONE1,2025-10-02 06:00:00+00:00,2025-10-02 07:00:00+00:00,H
6583,ZONE1,2025-10-02 07:00:00+00:00,2025-10-02 08:00:00+00:00,H
6584,ZONE1,2025-10-02 08:00:00+00:00,2025-10-02 09:00:00+00:00,H
6585,ZONE1,2025-10-02 09:00:00+00:00,2025-10-02 10:00:00+00:00,H
6586,ZONE1,2025-10-02 10:00:00+00:00,2025-10-02 11:00:00+00:00,H
6587,ZONE1,2025-10-02 11:00:00+00:00,2025-10-02 12:00:00+00:00,H
6588,ZONE1,2025-10-02 12:00:00+00:00,2025-10-02 13:00:00+00:00,H
6589,ZONE1,2025-10-02 13:00:00+00:00,2025-10-02 14:00:00+00:00,H
6590,ZONE1,2025-10-02 14:00:00+00:00,2025-10-02 15:00:00+00:00,H
6591,ZONE1,2025-10-02 15:00:00+00:00,2025-10-02 16:00:00+00:00,H
6592,ZONE1,2025-10-02 16:00:00+00:00,2025-10-02 17:00:00+00:00,H
6593,ZONE1,2025-10-02 17:00:00+00:00,2025-10-02 18:00:00+00:00,H
6594,ZONE1,2025-10-02 18:00:00+00:00,2025-10-02 19:00:00+00:00,H
6595,ZONE1,2025-10-02 19:00:00+00:00,2025-10-02 20:00:00+00:00,H
6596,ZONE1,2025-10-02 20:00:00+00:00,2025-10-02 21:00:00+00:00,H
6597,ZONE1,2025-10-02 21:00:00+00:00,2025-10-02 22:00:00+00:00,H
6598,ZONE1,2025-10-02 22:00:00+00:00,2025-10-02 23:00:00+00:00,H
6599,ZONE1,2025-10-02 23:00:00+00:00,2025-10-03 00:00:00+00:00,H
6600,ZONE1,2025-10-03 00:00:00+00:00,2025-10-03 01:00:00+00:00,H
6601,ZONE1,2025-10-03 01:00:00+00:00,2025-10-03 02:00:00+00:00,H
6602,ZONE1,2025-10-03 02:00:00+00:00,2025-10-03 03:00:00+00:00,H
6603,ZONE1,2025-10-03 03:00:00+00:00,2025-10-03 04:00:00+00:00,H
6604,ZONE1,2025-10-03 04:00:00+00:00,2025-10-03 05:00:00+00:00,H
6605,ZONE1,2025-10-03 05:00:00+00:00,2025-10-03 06:00:00+00:00,H
6606,ZONE1,2025-10-03 06:00:00+00:00,2025-10-03 07:00:00+00:00,H
6607,ZONE1,2025-10-03 07:00:00+00:00,2025-10-03 08:00:00+00:00,H
6608,ZONE1,2025-10-03 08:00:00+00:00,2025-10-03 09:00:00+00:00,H
6609,ZONE1,2025-10-03 09:00:00+00:00,2025-10-03 10:00:00+00:00,H
6610,ZONE1,2025-10-03 10:00:00+00:00,2025-10-03 11:00:00+00:00,H
6611,ZONE1,2025-10-03 11:00:00+00:00,2025-10-03 12:00:00+00:00,H
6612,ZONE1,2025-10-03 12:00:00+00:00,2025-10-03 13:00:00+00:00,H
6613,ZONE1,2025-10-03 13:00:00+00:00,2025-10-03 14:00:00+00:00,H
6614,ZONE1,2025-10-03 14:00:00+00:00,2025-10-03 15:00:00+00:00,H
6615,ZONE1,2025-10-03 15:00:00+00:00,2025-10-03 16:00:00+00:00,H
6616,ZONE1,2025-10-03 16:00:00+00:00,2025-10-03 17:00:00+00:00,H
6617,ZONE1,2025-10-03 17:00:00+00:00,2025-10-03 18:00:00+00:00,H
6618,ZONE1,2025-10-03 18:00:00+00:00,2025-10-03 19:00:00+00:00,H
6619,ZONE1,2025-10-03 19:00:00+00:00,2025-10-03 20:00:00+00:00,H
6620,ZONE1,2025-10-03 20:00:00+00:00,2025-10-03 21:00:00+00:00,H
6621,ZONE1,2025-10-03 21:00:00+00:00,2025-10-03 22:00:00+00:00,H
6622,ZONE1,2025-10-03 22:00:00+00:00,2025-10-03 23:00:00+00:00,H
6623,ZONE1,2025-10-03 23:00:00+00:00,2025-10-04 00:00:00+00:00,H
6624,ZONE1,2025-10-04 00:00:00+00:00,2025-10-04 01:00:00+00:00,H
6625,ZONE1,2025-10-04 01:00:00+00:00,2025-10-04 02:00:00+00:00,H
6626,ZONE1,2025-10-04 02:00:00+00:00,2025-10-04 03:00:00+00:00,H
6627,ZONE1,2025-10-04 03:00:00+00:00,2025-10-04 04:00:00+00:00,H
6628,ZONE1,2025-10-04 04:00:00+00:00,2025-10-04 05:00:00+00:00,H
6629,ZONE1,2025-10-04 05:00:00+00:00,2025-10-04 06:00:00+00:00,H
6630,ZONE1,2025-10-04 06:00:00+00:00,2025-10-04 07:00:00+00:00,H
6631,ZONE1,2025-10-04 07:00:00+00:00,2025-10-04 08:00:00+00:00,H
6632,ZONE1,2025-10-04 08:00:00+00:00,2025-10-04 09:00:00+00:00,H
6633,ZONE1,2025-10-04 09:00:00+00:00,2025-10-04 10:00:00+00:00,H
6634,ZONE1,2025-10-04 10:00:00+00:00,2025-10-04 11:00:00+00:00,H
6635,ZONE1,2025-10-04 11:00:00+00:00,2025-10-04 12:00:00+00:00,H
6636,ZONE1,2025-10-04 12:00:00+00:00,2025-10-04 13:00:00+00:00,H
6637,ZONE1,2025-10-04 13:00:00+00:00,2025-10-04 14:00:00+00:00,H
6638,ZONE1,2025-10-04 14:00:00+00:00,2025-10-04 15:00:00+00:00,H
6639,ZONE1,2025-10-04 15:00:00+00:00,2025-10-04 16:00:00+00:00,H
6640,ZONE1,2025-10-04 16:00:00+00:00,2025-10-04 17:00:00+00:00,H
6641,ZONE1,2025-10-04 17:00:00+00:00,2025-10-04 18:00:00+00:00,H
6642,ZONE1,2025-10-04 18:00:00+00:00,2025-10-04 19:00:00+00:00,H
6643,ZONE1,2025-10-04 19:00:00+00:00,2025-10-04 20:00:00+00:00,H
6644,ZONE1,2025-10-04 20:00:00+00:00,2025-10-04 21:00:00+00:00,H
6645,ZONE1,2025-10-04 21:00:00+00:00,2025-10-04 22:00:00+00:00,H
6646,ZONE1,2025-10-04 22:00:00+00:00,2025-10-04 23:00:00+00:00,H
6647,ZONE1,2025-10-04 23:00:00+00:00,2025-10-05 00:00:00+00:00,H
6648,ZONE1,2025-10-05 00:00:00+00:00,2025-10-05 01:00:00+00:00,H
6649,ZONE1,2025-10-05 01:00:00+00:00,2025-10-05 02:00:00+00:00,H
6650,ZONE1,2025-10-05 02:00:00+00:00,2025-10-05 03:00:00+00:00,H
6651,ZONE1,2025-10-05 03:00:00+00:00,2025-10-05 04:00:00+00:00,H
6652,ZONE1,2025-10-05 04:00:00+00:00,2025-10-05 05:00:00+00:00,H
6653,ZONE1,2025-10-05 05:00:00+00:00,2025-10-05 06:00:00+00:00,H
6654,ZONE1,2025-10-05 06:00:00+00:00,2025-10-05 07:00:00+00:00,H
6655,ZONE1,2025-10-05 07:00:00+00:00,2025-10-05 08:00:00+00:00,H
6656,ZONE1,2025-10-05 08:00:00+00:00,2025-10-05 09:00:00+00:00,H
6657,ZONE1,2025-10-05 09:00:00+00:00,2025-10-05 10:00:00+00:00,H
6658,ZONE1,2025-10-05 10:00:00+00:00,2025-10-05 11:00:00+00:00,H
6659,ZONE1,2025-10-05 11:00:00+00:00,2025-10-05 12:00:00+00:00,H
6660,ZONE1,2025-10-05 12:00:00+00:00,2025-10-05 13:00:00+00:00,H
6661,ZONE1,2025-10-05 13:00:00+00:00,2025-10-05 14:00:00+00:00,H
6662,ZONE1,2025-10-05 14:00:00+00:00,2025-10-05 15:00:00+00:00,H
6663,ZONE1,2025-10-05 15:00:00+00:00,2025-10-05 16:00:00+00:00,H
6664,ZONE1,2025-10-05 16:00:00+00:00,2025-10-05 17:00:00+00:00,H
6665,ZONE1,2025-10-05 17:00:00+00:00,2025-10-05 18:00:00+00:00,H
6666,ZONE1,2025-10-05 18:00:00+00:00,2025-10-05 19:00:00+00:00,H
6667,ZONE1,2025-10-05 19:00:00+00:00,2025-10-05 20:00:00+00:00,H
6668,ZONE1,2025-10-05 20:00:00+00:00,2025-10-05 21:00:00+00:00,H
6669,ZONE1,2025-10-05 21:00:00+00:00,2025-10-05 22:00:00+00:00,H
6670,ZONE1,2025-10-05 22:00:00+00:00,2025-10-05 23:00:00+00:00,H
6671,ZONE1,2025-10-05 23:00:00+00:00,2025-10-06 00:00:00+00:00,H
6672,ZONE1,2025-10-06 00:00:00+00:00,2025-10-06 01:00:00+00:00,H
6673,ZONE1,2025-10-06 01:00:00+00:00,2025-10-06 02:00:00+00:00,H
6674,ZONE1,2025-10-06 02:00:00+00:00,2025-10-06 03:00:00+00:00,H
6675,ZONE1,2025-10-06 03:00:00+00:00,2025-10-06 04:00:00+00:00,H
6676,ZONE1,2025-10-06 04:00:00+00:00,2025-10-06 05:00:00+00:00,H
6677,ZONE1,2025-10-06 05:00:00+00:00,2025-10-06 06:00:00+00:00,H
6678,ZONE1,2025-10-06 06:00:00+00:00,2025-10-06 07:00:00+00:00,H
6679,ZONE1,2025-10-06 07:00:00+00:00,2025-10-06 08:00:00+00:00,H
6680,ZONE1,2025-10-06 08:00:00+00:00,2025-10-06 09:00:00+00:00,H
6681,ZONE1,2025-10-06 09:00:00+00:00,2025-10-06 10:00:00+00:00,H
6682,ZONE1,2025-10-06 10:00:00+00:00,2025-10-06 11:00:00+00:00,H
6683,ZONE1,2025-10-06 11:00:00+00:00,2025-10-06 12:00:00+00:00,H
6684,ZONE1,2025-10-06 12:00:00+00:00,2025-10-06 13:00:00+00:00,H
6685,ZONE1,2025-10-06 13:00:00+00:00,2025-10-06 14:00:00+00:00,H
6686,ZONE1,2025-10-06 14:00:00+00:00,2025-10-06 15:00:00+00:00,H
6687,ZONE1,2025-10-06 15:00:00+00:00,2025-10-06 16:00:00+00:00,H
6688,ZONE1,2025-10-06 16:00:00+00:00,2025-10-06 17:00:00+00:00,H
6689,ZONE1,2025-10-06 17:00:00+00:00,2025-10-06 18:00:00+00:00,H
6690,ZONE1,2025-10-06 18:00:00+00:00,2025-10-06 19:00:00+00:00,H
6691,ZONE1,2025-10-06 19:00:00+00:00,2025-10-06 20:00:00+00:00,H
6692,ZONE1,2025-10-06 20:00:00+00:00,2025-10-06 21:00:00+00:00,H
6693,ZONE1,2025-10-06 21:00:00+00:00,2025-10-06 22:00:00+00:00,H
6694,ZONE1,2025-10-06 22:00:00+00:00,2025-10-06 23:00:00+00:00,H
6695,ZONE1,2025-10-06 23:00:00+00:00,2025-10-07 00:00:00+00:00,H
6696,ZONE1,2025-10-07 00:00:00+00:00,2025-10-07 01:00:00+00:00,H
6697,ZONE1,2025-10-07 01:00:00+00:00,2025-10-07 02:00:00+00:00,H
6698,ZONE1,2025-10-07 02:00:00+00:00,2025-10-07 03:00:00+00:00,H
6699,ZONE1,2025-10-07 03:00:00+00:00,2025-10-07 04:00:00+00:00,H
6700,ZONE1,2025-10-07 04:00:00+00:00,2025-10-07 05:00:00+00:00,H
6701,ZONE1,2025-10-07 05:00:00+00:00,2025-10-07 06:00:00+00:00,H
6702,ZONE1,2025-10-07 06:00:00+00:00,2025-10-07 07:00:00+00:00,H
6703,ZONE1,2025-10-07 07:00:00+00:00,2025-10-07 08:00:00+00:00,H
6704,ZONE1,2025-10-07 08:00:00+00:00,2025-10-07 09:00:00+00:00,H
6705,ZONE1,2025-10-07 09:00:00+00:00,2025-10-07 10:00:00+00:00,H
6706,ZONE1,2025-10-07 10:00:00+00:00,2025-10-07 11:00:00+00:00,H
6707,ZONE1,2025-10-07 11:00:00+00:00,2025-10-07 12:00:00+00:00,H
6708,ZONE1,2025-10-07 12:00:00+00:00,2025-10-07 13:00:00+00:00,H
6709,ZONE1,2025-10-07 13:00:00+00:00,2025-10-07 14:00:00+00:00,H
6710,ZONE1,2025-10-07 14:00:00+00:00,2025-10-07 15:00:00+00:00,H
6711,ZONE1,2025-10-07 15:00:00+00:00,2025-10-07 16:00:00+00:00,H
6712,ZONE1,2025-10-07 16:00:00+00:00,2025-10-07 17:00:00+00:00,H
6713,ZONE1,2025-10-07 17:00:00+00:00,2025-10-07 18:00:00+00:00,H
6714,ZONE1,2025-10-07 18:00:00+00:00,2025-10-07 19:00:00+00:00,H
6715,ZONE1,2025-10-07 19:00:00+00:00,2025-10-07 20:00:00+00:00,H
6716,ZONE1,2025-10-07 20:00:00+00:00,2025-10-07 21:00:00+00:00,H
6717,ZONE1,2025-10-07 21:00:00+00:00,2025-10-07 22:00:00+00:00,H
6718,ZONE1,2025-10-07 22:00:00+00:00,2025-10-07 23:00:00+00:00,H
6719,ZONE1,2025-10-07 23:00:00+00:00,2025-10-08 00:00:00+00:00,H
6720,ZONE1,2025-10-08 00:00:00+00:00,2025-10-08 01:00:00+00:00,H
6721,ZONE1,2025-10-08 01:00:00+00:00,2025-10-08 02:00:00+00:00,H
6722,ZONE1,2025-10-08 02:00:00+00:00,2025-10-08 03:00:00+00:00,H
6723,ZONE1,2025-10-08 03:00:00+00:00,2025-10-08 04:00:00+00:00,H
6724,ZONE1,2025-10-08 04:00:00+00:00,2025-10-08 05:00:00+00:00,H
6725,ZONE1,2025-10-08 05:00:00+00:00,2025-10-08 06:00:00+00:00,H
6726,ZONE1,2025-10-08 06:00:00+00:00,2025-10-08 07:00:00+00:00,H
6727,ZONE1,2025-10-08 07:00:00+00:00,2025-10-08 08:00:00+00:00,H
6728,ZONE1,2025-10-08 08:00:00+00:00,2025-10-08 09:00:00+00:00,H
6729,ZONE1,2025-10-08 09:00:00+00:00,2025-10-08 10:00:00+00:00,H
6730,ZONE1,2025-10-08 10:00:00+00:00,2025-10-08 11:00:00+00:00,H
6731,ZONE1,2025-10-08 11:00:00+00:00,2025-10-08 12:00:00+00:00,H
6732,ZONE1,2025-10-08 12:00:00+00:00,2025-10-08 13:00:00+00:00,H
6733,ZONE1,2025-10-08 13:00:00+00:00,2025-10-08 14:00:00+00:00,H
6734,ZONE1,2025-10-08 14:00:00+00:00,2025-10-08 15:00:00+00:00,H
6735,ZONE1,2025-10-08 15:00:00+00:00,2025-10-08 16:00:00+00:00,H
6736,ZONE1,2025-10-08 16:00:00+00:00,2025-10-08 17:00:00+00:00,H
6737,ZONE1,2025-10-08 17:00:00+00:00,2025-10-08 18:00:00+00:00,H
6738,ZONE1,2025-10-08 18:00:00+00:00,2025-10-08 19:00:00+00:00,H
6739,ZONE1,2025-10-08 19:00:00+00:00,2025-10-08 20:00:00+00:00,H
6740,ZONE1,2025-10-08 20:00:00+00:00,2025-10-08 21:00:00+00:00,H
6741,ZONE1,2025-10-08 21:00:00+00:00,2025-10-08 22:00:00+00:00,H
6742,ZONE1,2025-10-08 22:00:00+00:00,2025-10-08 23:00:00+00:00,H
6743,ZONE1,2025-10-08 23:00:00+00:00,2025-10-09 00:00:00+00:00,H
6744,ZONE1,2025-10-09 00:00:00+00:00,2025-10-09 01:00:00+00:00,H
6745,ZONE1,2025-10-09 01:00:00+00:00,2025-10-09 02:00:00+00:00,H
6746,ZONE1,2025-10-09 02:00:00+00:00,2025-10-09 03:00:00+00:00,H
6747,ZONE1,2025-10-09 03:00:00+00:00,2025-10-09 04:00:00+00:00,H
6748,ZONE1,2025-10-09 04:00:00+00:00,2025-10-09 05:00:00+00:00,H
6749,ZONE1,2025-10-09 05:00:00+00:00,2025-10-09 06:00:00+00:00,H
6750,ZONE1,2025-10-09 06:00:00+00:00,2025-10-09 07:00:00+00:00,H
6751,ZONE1,2025-10-09 07:00:00+00:00,2025-10-09 08:00:00+00:00,H
6752,ZONE1,2025-10-09 08:00:00+00:00,2025-10-09 09:00:00+00:00,H
6753,ZONE1,2025-10-09 09:00:00+00:00,2025-10-09 10:00:00+00:00,H
6754,ZONE1,2025-10-09 10:00:00+00:00,2025-10-09 11:00:00+00:00,H
6755,ZONE1,2025-10-09 11:00:00+00:00,2025-10-09 12:00:00+00:00,H
6756,ZONE1,2025-10-09 12:00:00+00:00,2025-10-09 13:00:00+00:00,H
6757,ZONE1,2025-10-09 13:00:00+00:00,2025-10-09 14:00:00+00:00,H
6758,ZONE1,2025-10-09 14:00:00+00:00,2025-10-09 15:00:00+00:00,H
6759,ZONE1,2025-10-09 15:00:00+00:00,2025-10-09 16:00:00+00:00,H
6760,ZONE1,2025-10-09 16:00:00+00:00,2025-10-09 17:00:00+00:00,H
6761,ZONE1,2025-10-09 17:00:00+00:00,2025-10-09 18:00:00+00:00,H
6762,ZONE1,2025-10-09 18:00:00+00:00,2025-10-09 19:00:00+00:00,H
6763,ZONE1,2025-10-09 19:00:00+00:00,2025-10-09 20:00:00+00:00,H
6764,ZONE1,2025-10-09 20:00:00+00:00,2025-10-09 21:00:00+00:00,H
6765,ZONE1,2025-10-09 21:00:00+00:00,2025-10-09 22:00:00+00:00,H
6766,ZONE1,2025-10-09 22:00:00+00:00,2025-10-09 23:00:00+00:00,H
6767,ZONE1,2025-10-09 23:00:00+00:00,2025-10-10 00:00:00+00:00,H
6768,ZONE1,2025-10-10 00:00:00+00:00,2025-10-10 01:00:00+00:00,H
6769,ZONE1,2025-10-10 01:00:00+00:00,2025-10-10 02:00:00+00:00,H
6770,ZONE1,2025-10-10 02:00:00+00:00,2025-10-10 03:00:00+00:00,H
6771,ZONE1,2025-10-10 03:00:00+00:00,2025-10-10 04:00:00+00:00,H
6772,ZONE1,2025-10-10 04:00:00+00:00,2025-10-10 05:00:00+00:00,H
6773,ZONE1,2025-10-10 05:00:00+00:00,2025-10-10 06:00:00+00:00,H
6774,ZONE1,2025-10-10 06:00:00+00:00,2025-10-10 07:00:00+00:00,H
6775,ZONE1,2025-10-10 07:00:00+00:00,2025-10-10 08:00:00+00:00,H
6776,ZONE1,2025-10-10 08:00:00+00:00,2025-10-10 09:00:00+00:00,H
6777,ZONE1,2025-10-10 09:00:00+00:00,2025-10-10 10:00:00+00:00,H
6778,ZONE1,2025-10-10 10:00:00+00:00,2025-10-10 11:00:00+00:00,H
6779,ZONE1,2025-10-10 11:00:00+00:00,2025-10-10 12:00:00+00:00,H
6780,ZONE1,2025-10-10 12:00:00+00:00,2025-10-10 13:00:00+00:00,H
6781,ZONE1,2025-10-10 13:00:00+00:00,2025-10-10 14:00:00+00:00,H
6782,ZONE1,2025-10-10 14:00:00+00:00,2025-10-10 15:00:00+00:00,H
6783,ZONE1,2025-10-10 15:00:00+00:00,2025-10-10 16:00:00+00:00,H
6784,ZONE1,2025-10-10 16:00:00+00:00,2025-10-10 17:00:00+00:00,H
6785,ZONE1,2025-10-10 17:00:00+00:00,2025-10-10 18:00:00+00:00,H
6786,ZONE1,2025-10-10 18:00:00+00:00,2025-10-10 19:00:00+00:00,H
6787,ZONE1,2025-10-10 19:00:00+00:00,2025-10-10 20:00:00+00:00,H
6788,ZONE1,2025-10-10 20:00:00+00:00,2025-10-10 21:00:00+00:00,H
6789,ZONE1,2025-10-10 21:00:00+00:00,2025-10-10 22:00:00+00:00,H
6790,ZONE1,2025-10-10 22:00:00+00:00,2025-10-10 23:00:00+00:00,H
6791,ZONE1,2025-10-10 23:00:00+00:00,2025-10-11 00:00:00+00:00,H
6792,ZONE1,2025-10-11 00:00:00+00:00,2025-10-11 01:00:00+00:00,H
6793,ZONE1,2025-10-11 01:00:00+00:00,2025-10-11 02:00:00+00:00,H
6794,ZONE1,2025-10-11 02:00:00+00:00,2025-10-11 03:00:00+00:00,H
6795,ZONE1,2025-10-11 03:00:00+00:00,2025-10-11 04:00:00+00:00,H
6796,ZONE1,2025-10-11 04:00:00+00:00,2025-10-11 05:00:00+00:00,H
6797,ZONE1,2025-10-11 05:00:00+00:00,2025-10-11 06:00:00+00:00,H
6798,ZONE1,2025-10-11 06:00:00+00:00,2025-10-11 07:00:00+00:00,H
6799,ZONE1,2025-10-11 07:00:00+00:00,2025-10-11 08:00:00+00:00,H
6800,ZONE1,2025-10-11 08:00:00+00:00,2025-10-11 09:00:00+00:00,H
6801,ZONE1,2025-10-11 09:00:00+00:00,2025-10-11 10:00:00+00:00,H
6802,ZONE1,2025-10-11 10:00:00+00:00,2025-10-11 11:00:00+00:00,H
6803,ZONE1,2025-10-11 11:00:00+00:00,2025-10-11 12:00:00+00:00,H
6804,ZONE1,2025-10-11 12:00:00+00:00,2025-10-11 13:00:00+00:00,H
6805,ZONE1,2025-10-11 13:00:00+00:00,2025-10-11 14:00:00+00:00,H
6806,ZONE1,2025-10-11 14:00:00+00:00,2025-10-11 15:00:00+00:00,H
6807,ZONE1,2025-10-11 15:00:00+00:00,2025-10-11 16:00:00+00:00,H
6808,ZONE1,2025-10-11 16:00:00+00:00,2025-10-11 17:00:00+00:00,H
6809,ZONE1,2025-10-11 17:00:00+00:00,2025-10-11 18:00:00+00:00,H
6810,ZONE1,2025-10-11 18:00:00+00:00,2025-10-11 19:00:00+00:00,H
6811,ZONE1,2025-10-11 19:00:00+00:00,2025-10-11 20:00:00+00:00,H
6812,ZONE1,2025-10-11 20:00:00+00:00,2025-10-11 21:00:00+00:00,H
6813,ZONE1,2025-10-11 21:00:00+00:00,2025-10-11 22:00:00+00:00,H
6814,ZONE1,2025-10-11 22:00:00+00:00,2025-10-11 23:00:00+00:00,H
6815,ZONE1,2025-10-11 23:00:00+00:00,2025-10-12 00:00:00+00:00,H
6816,ZONE1,2025-10-12 00:00:00+00:00,2025-10-12 01:00:00+00:00,H
6817,ZONE1,2025-10-12 01:00:00+00:00,2025-10-12 02:00:00+00:00,H
6818,ZONE1,2025-10-12 02:00:00+00:00,2025-10-12 03:00:00+00:00,H
6819,ZONE1,2025-10-12 03:00:00+00:00,2025-10-12 04:00:00+00:00,H
6820,ZONE1,2025-10-12 04:00:00+00:00,2025-10-12 05:00:00+00:00,H
6821,ZONE1,2025-10-12 05:00:00+00:00,2025-10-12 06:00:00+00:00,H
6822,ZONE1,2025-10-12 06:00:00+00:00,2025-10-12 07:00:00+00:00,H
6823,ZONE1,2025-10-12 07:00:00+00:00,2025-10-12 08:00:00+00:00,H
6824,ZONE1,2025-10-12 08:00:00+00:00,2025-10-12 09:00:00+00:00,H
6825,ZONE1,2025-10-12 09:00:00+00:00,2025-10-12 10:00:00+00:00,H
6826,ZONE1,2025-10-12 10:00:00+00:00,2025-10-12 11:00:00+00:00,H
6827,ZONE1,2025-10-12 11:00:00+00:00,2025-10-12 12:00:00+00:00,H
6828,ZONE1,2025-10-12 12:00:00+00:00,2025-10-12 13:00:00+00:00,H
6829,ZONE1,2025-10-12 13:00:00+00:00,2025-10-12 14:00:00+00:00,H
6830,ZONE1,2025-10-12 14:00:00+00:00,2025-10-12 15:00:00+00:00,H
6831,ZONE1,2025-10-12 15:00:00+00:00,2025-10-12 16:00:00+00:00,H
6832,ZONE1,2025-10-12 16:00:00+00:00,2025-10-12 17:00:00+00:00,H
6833,ZONE1,2025-10-12 17:00:00+00:00,2025-10-12 18:00:00+00:00,H
6834,ZONE1,2025-10-12 18:00:00+00:00,2025-10-12 19:00:00+00:00,H
6835,ZONE1,2025-10-12 19:00:00+00:00,2025-10-12 20:00:00+00:00,H
6836,ZONE1,2025-10-12 20:00:00+00:00,2025-10-12 21:00:00+00:00,H
6837,ZONE1,2025-10-12 21:00:00+00:00,2025-10-12 22:00:00+00:00,H
6838,ZONE1,2025-10-12 22:00:00+00:00,2025-10-12 23:00:00+00:00,H
6839,ZONE1,2025-10-12 23:00:00+00:00,2025-10-13 00:00:00+00:00,H
6840,ZONE1,2025-10-13 00:00:00+00:00,2025-10-13 01:00:00+00:00,H
6841,ZONE1,2025-10-13 01:00:00+00:00,2025-10-13 02:00:00+00:00,H
6842,ZONE1,2025-10-13 02:00:00+00:00,2025-10-13 03:00:00+00:00,H
6843,ZONE1,2025-10-13 03:00:00+00:00,2025-10-13 04:00:00+00:00,H
6844,ZONE1,2025-10-13 04:00:00+00:00,2025-10-13 05:00:00+00:00,H
6845,ZONE1,2025-10-13 05:00:00+00:00,2025-10-13 06:00:00+00:00,H
6846,ZONE1,2025-10-13 06:00:00+00:00,2025-10-13 07:00:00+00:00,H
6847,ZONE1,2025-10-13 07:00:00+00:00,2025-10-13 08:00:00+00:00,H
6848,ZONE1,2025-10-13 08:00:00+00:00,2025-10-13 09:00:00+00:00,H
6849,ZONE1,2025-10-13 09:00:00+00:00,2025-10-13 10:00:00+00:00,H
6850,ZONE1,2025-10-13 10:00:00+00:00,2025-10-13 11:00:00+00:00,H
6851,ZONE1,2025-10-13 11:00:00+00:00,2025-10-13 12:00:00+00:00,H
6852,ZONE1,2025-10-13 12:00:00+00:00,2025-10-13 13:00:00+00:00,H
6853,ZONE1,2025-10-13 13:00:00+00:00,2025-10-13 14:00:00+00:00,H
6854,ZONE1,2025-10-13 14:00:00+00:00,2025-10-13 15:00:00+00:00,H
6855,ZONE1,2025-10-13 15:00:00+00:00,2025-10-13 16:00:00+00:00,H
6856,ZONE1,2025-10-13 16:00:00+00:00,2025-10-13 17:00:00+00:00,H
6857,ZONE1,2025-10-13 17:00:00+00:00,2025-10-13 18:00:00+00:00,H
6858,ZONE1,2025-10-13 18:00:00+00:00,2025-10-13 19:00:00+00:00,H
6859,ZONE1,2025-10-13 19:00:00+00:00,2025-10-13 20:00:00+00:00,H
6860,ZONE1,2025-10-13 20:00:00+00:00,2025-10-13 21:00:00+00:00,H
6861,ZONE1,2025-10-13 21:00:00+00:00,2025-10-13 22:00:00+00:00,H
6862,ZONE1,2025-10-13 22:00:00+00:00,2025-10-13 23:00:00+00:00,H
6863,ZONE1,2025-10-13 23:00:00+00:00,2025-10-14 00:00:00+00:00,H
6864,ZONE1,2025-10-14 00:00:00+00:00,2025-10-14 01:00:00+00:00,H
6865,ZONE1,2025-10-14 01:00:00+00:00,2025-10-14 02:00:00+00:00,H
6866,ZONE1,2025-10-14 02:00:00+00:00,2025-10-14 03:00:00+00:00,H
6867,ZONE1,2025-10-14 03:00:00+00:00,2025-10-14 04:00:00+00:00,H
6868,ZONE1,2025-10-14 04:00:00+00:00,2025-10-14 05:00:00+00:00,H
6869,ZONE1,2025-10-14 05:00:00+00:00,2025-10-14 06:00:00+00:00,H
6870,ZONE1,2025-10-14 06:00:00+00:00,2025-10-14 07:00:00+00:00,H
6871,ZONE1,2025-10-14 07:00:00+00:00,2025-10-14 08:00:00+00:00,H
6872,ZONE1,2025-10-14 08:00:00+00:00,2025-10-14 09:00:00+00:00,H
6873,ZONE1,2025-10-14 09:00:00+00:00,2025-10-14 10:00:00+00:00,H
6874,ZONE1,2025-10-14 10:00:00+00:00,2025-10-14 11:00:00+00:00,H
6875,ZONE1,2025-10-14 11:00:00+00:00,2025-10-14 12:00:00+00:00,H
6876,ZONE1,2025-10-14 12:00:00+00:00,2025-10-14 13:00:00+00:00,H
6877,ZONE1,2025-10-14 13:00:00+00:00,2025-10-14 14:00:00+00:00,H
6878,ZONE1,2025-10-14 14:00:00+00:00,2025-10-14 15:00:00+00:00,H
6879,ZONE1,2025-10-14 15:00:00+00:00,2025-10-14 16:00:00+00:00,H
6880,ZONE1,2025-10-14 16:00:00+00:00,2025-10-14 17:00:00+00:00,H
6881,ZONE1,2025-10-14 17:00:00+00:00,2025-10-14 18:00:00+00:00,H
6882,ZONE1,2025-10-14 18:00:00+00:00,2025-10-14 19:00:00+00:00,H
6883,ZONE1,2025-10-14 19:00:00+00:00,2025-10-14 20:00:00+00:00,H
6884,ZONE1,2025-10-14 20:00:00+00:00,2025-10-14 21:00:00+00:00,H
6885,ZONE1,2025-10-14 21:00:00+00:00,2025-10-14 22:00:00+00:00,H
6886,ZONE1,2025-10-14 22:00:00+00:00,2025-10-14 23:00:00+00:00,H
6887,ZONE1,2025-10-14 23:00:00+00:00,2025-10-15 00:00:00+00:00,H
6888,ZONE1,2025-10-15 00:00:00+00:00,2025-10-15 01:00:00+00:00,H
6889,ZONE1,2025-10-15 01:00:00+00:00,2025-10-15 02:00:00+00:00,H
6890,ZONE1,2025-10-15 02:00:00+00:00,2025-10-15 03:00:00+00:00,H
6891,ZONE1,2025-10-15 03:00:00+00:00,2025-10-15 04:00:00+00:00,H
6892,ZONE1,2025-10-15 04:00:00+00:00,2025-10-15 05:00:00+00:00,H
6893,ZONE1,2025-10-15 05:00:00+00:00,2025-10-15 06:00:00+00:00,H
6894,ZONE1,2025-10-15 06:00:00+00:00,2025-10-15 07:00:00+00:00,H
6895,ZONE1,2025-10-15 07:00:00+00:00,2025-10-15 08:00:00+00:00,H
6896,ZONE1,2025-10-15 08:00:00+00:00,2025-10-15 09:00:00+00:00,H
6897,ZONE1,2025-10-15 09:00:00+00:00,2025-10-15 10:00:00+00:00,H
6898,ZONE1,2025-10-15 10:00:00+00:00,2025-10-15 11:00:00+00:00,H
6899,ZONE1,2025-10-15 11:00:00+00:00,2025-10-15 12:00:00+00:00,H
6900,ZONE1,2025-10-15 12:00:00+00:00,2025-10-15 13:00:00+00:00,H
6901,ZONE1,2025-10-15 13:00:00+00:00,2025-10-15 14:00:00+00:00,H
6902,ZONE1,2025-10-15 14:00:00+00:00,2025-10-15 15:00:00+00:00,H
6903,ZONE1,2025-10-15 15:00:00+00:00,2025-10-15 16:00:00+00:00,H
6904,ZONE1,2025-10-15 16:00:00+00:00,2025-10-15 17:00:00+00:00,H
6905,ZONE1,2025-10-15 17:00:00+00:00,2025-10-15 18:00:00+00:00,H
6906,ZONE1,2025-10-15 18:00:00+00:00,2025-10-15 19:00:00+00:00,H
6907,ZONE1,2025-10-15 19:00:00+00:00,2025-10-15 20:00:00+00:00,H
6908,ZONE1,2025-10-15 20:00:00+00:00,2025-10-15 21:00:00+00:00,H
6909,ZONE1,2025-10-15 21:00:00+00:00,2025-10-15 22:00:00+00:00,H
6910,ZONE1,2025-10-15 22:00:00+00:00,2025-10-15 23:00:00+00:00,H
6911,ZONE1,2025-10-15 23:00:00+00:00,2025-10-16 00:00:00+00:00,H
6912,ZONE1,2025-10-16 00:00:00+00:00,2025-10-16 01:00:00+00:00,H
6913,ZONE1,2025-10-16 01:00:00+00:00,2025-10-16 02:00:00+00:00,H
6914,ZONE1,2025-10-16 02:00:00+00:00,2025-10-16 03:00:00+00:00,H
6915,ZONE1,2025-10-16 03:00:00+00:00,2025-10-16 04:00:00+00:00,H
6916,ZONE1,2025-10-16 04:00:00+00:00,2025-10-16 05:00:00+00:00,H
6917,ZONE1,2025-10-16 05:00:00+00:00,2025-10-16 06:00:00+00:00,H
6918,ZONE1,2025-10-16 06:00:00+00:00,2025-10-16 07:00:00+00:00,H
6919,ZONE1,2025-10-16 07:00:00+00:00,2025-10-16 08:00:00+00:00,H
6920,ZONE1,2025-10-16 08:00:00+00:00,2025-10-16 09:00:00+00:00,H
6921,ZONE1,2025-10-16 09:00:00+00:00,2025-10-16 10:00:00+00:00,H
6922,ZONE1,2025-10-16 10:00:00+00:00,2025-10-16 11:00:00+00:00,H
6923,ZONE1,2025-10-16 11:00:00+00:00,2025-10-16 12:00:00+00:00,H
6924,ZONE1,2025-10-16 12:00:00+00:00,2025-10-16 13:00:00+00:00,H
6925,ZONE1,2025-10-16 13:00:00+00:00,2025-10-16 14:00:00+00:00,H
6926,ZONE1,2025-10-16 14:00:00+00:00,2025-10-16 15:00:00+00:00,H
6927,ZONE1,2025-10-16 15:00:00+00:00,2025-10-16 16:00:00+00:00,H
6928,ZONE1,2025-10-16 16:00:00+00:00,2025-10-16 17:00:00+00:00,H
6929,ZONE1,2025-10-16 17:00:00+00:00,2025-10-16 18:00:00+00:00,H
6930,ZONE1,2025-10-16 18:00:00+00:00,2025-10-16 19:00:00+00:00,H
6931,ZONE1,2025-10-16 19:00:00+00:00,2025-10-16 20:00:00+00:00,H
6932,ZONE1,2025-10-16 20:00:00+00:00,2025-10-16 21:00:00+00:00,H
6933,ZONE1,2025-10-16 21:00:00+00:00,2025-10-16 22:00:00+00:00,H
6934,ZONE1,2025-10-16 22:00:00+00:00,2025-10-16 23:00:00+00:00,H
6935,ZONE1,2025-10-16 23:00:00+00:00,2025-10-17 00:00:00+00:00,H
6936,ZONE1,2025-10-17 00:00:00+00:00,2025-10-17 01:00:00+00:00,H
6937,ZONE1,2025-10-17 01:00:00+00:00,2025-10-17 02:00:00+00:00,H
6938,ZONE1,2025-10-17 02:00:00+00:00,2025-10-17 03:00:00+00:00,H
6939,ZONE1,2025-10-17 03:00:00+00:00,2025-10-17 04:00:00+00:00,H
6940,ZONE1,2025-10-17 04:00:00+00:00,2025-10-17 05:00:00+00:00,H
6941,ZONE1,2025-10-17 05:00:00+00:00,2025-10-17 06:00:00+00:00,H
6942,ZONE1,2025-10-17 06:00:00+00:00,2025-10-17 07:00:00+00:00,H
6943,ZONE1,2025-10-17 07:00:00+00:00,2025-10-17 08:00:00+00:00,H
6944,ZONE1,2025-10-17 08:00:00+00:00,2025-10-17 09:00:00+00:00,H
6945,ZONE1,2025-10-17 09:00:00+00:00,2025-10-17 10:00:00+00:00,H
6946,ZONE1,2025-10-17 10:00:00+00:00,2025-10-17 11:00:00+00:00,H
6947,ZONE1,2025-10-17 11:00:00+00:00,2025-10-17 12:00:00+00:00,H
6948,ZONE1,2025-10-17 12:00:00+00:00,2025-10-17 13:00:00+00:00,H
6949,ZONE1,2025-10-17 13:00:00+00:00,2025-10-17 14:00:00+00:00,H
6950,ZONE1,2025-10-17 14:00:00+00:00,2025-10-17 15:00:00+00:00,H
6951,ZONE1,2025-10-17 15:00:00+00:00,2025-10-17 16:00:00+00:00,H
6952,ZONE1,2025-10-17 16:00:00+00:00,2025-10-17 17:00:00+00:00,H
6953,ZONE1,2025-10-17 17:00:00+00:00,2025-10-17 18:00:00+00:00,H
6954,ZONE1,2025-10-17 18:00:00+00:00,2025-10-17 19:00:00+00:00,H
6955,ZONE1,2025-10-17 19:00:00+00:00,2025-10-17 20:00:00+00:00,H
6956,ZONE1,2025-10-17 20:00:00+00:00,2025-10-17 21:00:00+00:00,H
6957,ZONE1,2025-10-17 21:00:00+00:00,2025-10-17 22:00:00+00:00,H
6958,ZONE1,2025-10-17 22:00:00+00:00,2025-10-17 23:00:00+00:00,H
6959,ZONE1,2025-10-17 23:00:00+00:00,2025-10-18 00:00:00+00:00,H
6960,ZONE1,2025-10-18 00:00:00+00:00,2025-10-18 01:00:00+00:00,H
6961,ZONE1,2025-10-18 01:00:00+00:00,2025-10-18 02:00:00+00:00,H
6962,ZONE1,2025-10-18 02:00:00+00:00,2025-10-18 03:00:00+00:00,H
6963,ZONE1,2025-10-18 03:00:00+00:00,2025-10-18 04:00:00+00:00,H
6964,ZONE1,2025-10-18 04:00:00+00:00,2025-10-18 05:00:00+00:00,H
6965,ZONE1,2025-10-18 05:00:00+00:00,2025-10-18 06:00:00+00:00,H
6966,ZONE1,2025-10-18 06:00:00+00:00,2025-10-18 07:00:00+00:00,H
6967,ZONE1,2025-10-18 07:00:00+00:00,2025-10-18 08:00:00+00:00,H
6968,ZONE1,2025-10-18 08:00:00+00:00,2025-10-18 09:00:00+00:00,H
6969,ZONE1,2025-10-18 09:00:00+00:00,2025-10-18 10:00:00+00:00,H
6970,ZONE1,2025-10-18 10:00:00+00:00,2025-10-18 11:00:00+00:00,H
6971,ZONE1,2025-10-18 11:00:00+00:00,2025-10-18 12:00:00+00:00,H
6972,ZONE1,2025-10-18 12:00:00+00:00,2025-10-18 13:00:00+00:00,H
6973,ZONE1,2025-10-18 13:00:00+00:00,2025-10-18 14:00:00+00:00,H
6974,ZONE1,2025-10-18 14:00:00+00:00,2025-10-18 15:00:00+00:00,H
6975,ZONE1,2025-10-18 15:00:00+00:00,2025-10-18 16:00:00+00:00,H
6976,ZONE1,2025-10-18 16:00:00+00:00,2025-10-18 17:00:00+00:00,H
6977,ZONE1,2025-10-18 17:00:00+00:00,2025-10-18 18:00:00+00:00,H
6978,ZONE1,2025-10-18 18:00:00+00:00,2025-10-18 19:00:00+00:00,H
6979,ZONE1,2025-10-18 19:00:00+00:00,2025-10-18 20:00:00+00:00,H
6980,ZONE1,2025-10-18 20:00:00+00:00,2025-10-18 21:00:00+00:00,H
6981,ZONE1,2025-10-18 21:00:00+00:00,2025-10-18 22:00:00+00:00,H
6982,ZONE1,2025-10-18 22:00:00+00:00,2025-10-18 23:00:00+00:00,H
6983,ZONE1,2025-10-18 23:00:00+00:00,2025-10-19 00:00:00+00:00,H
6984,ZONE1,2025-10-19 00:00:00+00:00,2025-10-19 01:00:00+00:00,H
6985,ZONE1,2025-10-19 01:00:00+00:00,2025-10-19 02:00:00+00:00,H
6986,ZONE1,2025-10-19 02:00:00+00:00,2025-10-19 03:00:00+00:00,H
6987,ZONE1,2025-10-19 03:00:00+00:00,2025-10-19 04:00:00+00:00,H
6988,ZONE1,2025-10-19 04:00:00+00:00,2025-10-19 05:00:00+00:00,H
6989,ZONE1,2025-10-19 05:00:00+00:00,2025-10-19 06:00:00+00:00,H
6990,ZONE1,2025-10-19 06:00:00+00:00,2025-10-19 07:00:00+00:00,H
6991,ZONE1,2025-10-19 07:00:00+00:00,2025-10-19 08:00:00+00:00,H
6992,ZONE1,2025-10-19 08:00:00+00:00,2025-10-19 09:00:00+00:00,H
6993,ZONE1,2025-10-19 09:00:00+00:00,2025-10-19 10:00:00+00:00,H
6994,ZONE1,2025-10-19 10:00:00+00:00,2025-10-19 11:00:00+00:00,H
6995,ZONE1,2025-10-19 11:00:00+00:00,2025-10-19 12:00:00+00:00,H
6996,ZONE1,2025-10-19 12:00:00+00:00,2025-10-19 13:00:00+00:00,H
6997,ZONE1,2025-10-19 13:00:00+00:00,2025-10-19 14:00:00+00:00,H
6998,ZONE1,2025-10-19 14:00:00+00:00,2025-10-19 15:00:00+00:00,H
6999,ZONE1,2025-10-19 15:00:00+00:00,2025-10-19 16:00:00+00:00,H
7000,ZONE1,2025-10-19 16:00:00+00:00,2025-10-19 17:00:00+00:00,H
7001,ZONE1,2025-10-19 17:00:00+00:00,2025-10-19 18:00:00+00:00,H
7002,ZONE1,2025-10-19 18:00:00+00:00,2025-10-19 19:00:00+00:00,H
7003,ZONE1,2025-10-19 19:00:00+00:00,2025-10-19 20:00:00+00:00,H
7004,ZONE1,2025-10-19 20:00:00+00:00,2025-10-19 21:00:00+00:00,H
7005,ZONE1,2025-10-19 21:00:00+00:00,2025-10-19 22:00:00+00:00,H
7006,ZONE1,2025-10-19 22:00:00+00:00,2025-10-19 23:00:00+00:00,H
7007,ZONE1,2025-10-19 23:00:00+00:00,2025-10-20 00:00:00+00:00,H
7008,ZONE1,2025-10-20 00:00:00+00:00,2025-10-20 01:00:00+00:00,H
7009,ZONE1,2025-10-20 01:00:00+00:00,2025-10-20 02:00:00+00:00,H
7010,ZONE1,2025-10-20 02:00:00+00:00,2025-10-20 03:00:00+00:00,H
7011,ZONE1,2025-10-20 03:00:00+00:00,2025-10-20 04:00:00+00:00,H
7012,ZONE1,2025-10-20 04:00:00+00:00,2025-10-20 05:00:00+00:00,H
7013,ZONE1,2025-10-20 05:00:00+00:00,2025-10-20 06:00:00+00:00,H
7014,ZONE1,2025-10-20 06:00:00+00:00,2025-10-20 07:00:00+00:00,H
7015,ZONE1,2025-10-20 07:00:00+00:00,2025-10-20 08:00:00+00:00,H
7016,ZONE1,2025-10-20 08:00:00+00:00,2025-10-20 09:00:00+00:00,H
7017,ZONE1,2025-10-20 09:00:00+00:00,2025-10-20 10:00:00+00:00,H
7018,ZONE1,2025-10-20 10:00:00+00:00,2025-10-20 11:00:00+00:00,H
7019,ZONE1,2025-10-20 11:00:00+00:00,2025-10-20 12:00:00+00:00,H
7020,ZONE1,2025-10-20 12:00:00+00:00,2025-10-20 13:00:00+00:00,H
7021,ZONE1,2025-10-20 13:00:00+00:00,2025-10-20 14:00:00+00:00,H
7022,ZONE1,2025-10-20 14:00:00+00:00,2025-10-20 15:00:00+00:00,H
7023,ZONE1,2025-10-20 15:00:00+00:00,2025-10-20 16:00:00+00:00,H
7024,ZONE1,2025-10-20 16:00:00+00:00,2025-10-20 17:00:00+00:00,H
7025,ZONE1,2025-10-20 17:00:00+00:00,2025-10-20 18:00:00+00:00,H
7026,ZONE1,2025-10-20 18:00:00+00:00,2025-10-20 19:00:00+00:00,H
7027,ZONE1,2025-10-20 19:00:00+00:00,2025-10-20 20:00:00+00:00,H
7028,ZONE1,2025-10-20 20:00:00+00:00,2025-10-20 21:00:00+00:00,H
7029,ZONE1,2025-10-20 21:00:00+00:00,2025-10-20 22:00:00+00:00,H
7030,ZONE1,2025-10-20 22:00:00+00:00,2025-10-20 23:00:00+00:00,H
7031,ZONE1,2025-10-20 23:00:00+00:00,2025-10-21 00:00:00+00:00,H
7032,ZONE1,2025-10-21 00:00:00+00:00,2025-10-21 01:00:00+00:00,H
7033,ZONE1,2025-10-21 01:00:00+00:00,2025-10-21 02:00:00+00:00,H
7034,ZONE1,2025-10-21 02:00:00+00:00,2025-10-21 03:00:00+00:00,H
7035,ZONE1,2025-10-21 03:00:00+00:00,2025-10-21 04:00:00+00:00,H
7036,ZONE1,2025-10-21 04:00:00+00:00,2025-10-21 05:00:00+00:00,H
7037,ZONE1,2025-10-21 05:00:00+00:00,2025-10-21 06:00:00+00:00,H
7038,ZONE1,2025-10-21 06:00:00+00:00,2025-10-21 07:00:00+00:00,H
7039,ZONE1,2025-10-21 07:00:00+00:00,2025-10-21 08:00:00+00:00,H
7040,ZONE1,2025-10-21 08:00:00+00:00,2025-10-21 09:00:00+00:00,H
7041,ZONE1,2025-10-21 09:00:00+00:00,2025-10-21 10:00:00+00:00,H
7042,ZONE1,2025-10-21 10:00:00+00:00,2025-10-21 11:00:00+00:00,H
7043,ZONE1,2025-10-21 11:00:00+00:00,2025-10-21 12:00:00+00:00,H
7044,ZONE1,2025-10-21 12:00:00+00:00,2025-10-21 13:00:00+00:00,H
7045,ZONE1,2025-10-21 13:00:00+00:00,2025-10-21 14:00:00+00:00,H
7046,ZONE1,2025-10-21 14:00:00+00:00,2025-10-21 15:00:00+00:00,H
7047,ZONE1,2025-10-21 15:00:00+00:00,2025-10-21 16:00:00+00:00,H
7048,ZONE1,2025-10-21 16:00:00+00:00,2025-10-21 17:00:00+00:00,H
7049,ZONE1,2025-10-21 17:00:00+00:00,2025-10-21 18:00:00+00:00,H
7050,ZONE1,2025-10-21 18:00:00+00:00,2025-10-21 19:00:00+00:00,H
7051,ZONE1,2025-10-21 19:00:00+00:00,2025-10-21 20:00:00+00:00,H
7052,ZONE1,2025-10-21 20:00:00+00:00,2025-10-21 21:00:00+00:00,H
7053,ZONE1,2025-10-21 21:00:00+00:00,2025-10-21 22:00:00+00:00,H
7054,ZONE1,2025-10-21 22:00:00+00:00,2025-10-21 23:00:00+00:00,H
7055,ZONE1,2025-10-21 23:00:00+00:00,2025-10-22 00:00:00+00:00,H
7056,ZONE1,2025-10-22 00:00:00+00:00,2025-10-22 01:00:00+00:00,H
7057,ZONE1,2025-10-22 01:00:00+00:00,2025-10-22 02:00:00+00:00,H
7058,ZONE1,2025-10-22 02:00:00+00:00,2025-10-22 03:00:00+00:00,H
7059,ZONE1,2025-10-22 03:00:00+00:00,2025-10-22 04:00:00+00:00,H
7060,ZONE1,2025-10-22 04:00:00+00:00,2025-10-22 05:00:00+00:00,H
7061,ZONE1,2025-10-22 05:00:00+00:00,2025-10-22 06:00:00+00:00,H
7062,ZONE1,2025-10-22 06:00:00+00:00,2025-10-22 07:00:00+00:00,H
7063,ZONE1,2025-10-22 07:00:00+00:00,2025-10-22 08:00:00+00:00,H
7064,ZONE1,2025-10-22 08:00:00+00:00,2025-10-22 09:00:00+00:00,H
7065,ZONE1,2025-10-22 09:00:00+00:00,2025-10-22 10:00:00+00:00,H
7066,ZONE1,2025-10-22 10:00:00+00:00,2025-10-22 11:00:00+00:00,H
7067,ZONE1,2025-10-22 11:00:00+00:00,2025-10-22 12:00:00+00:00,H
7068,ZONE1,2025-10-22 12:00:00+00:00,2025-10-22 13:00:00+00:00,H
7069,ZONE1,2025-10-22 13:00:00+00:00,2025-10-22 14:00:00+00:00,H
7070,ZONE1,2025-10-22 14:00:00+00:00,2025-10-22 15:00:00+00:00,H
7071,ZONE1,2025-10-22 15:00:00+00:00,2025-10-22 16:00:00+00:00,H
7072,ZONE1,2025-10-22 16:00:00+00:00,2025-10-22 17:00:00+00:00,H
7073,ZONE1,2025-10-22 17:00:00+00:00,2025-10-22 18:00:00+00:00,H
7074,ZONE1,2025-10-22 18:00:00+00:00,2025-10-22 19:00:00+00:00,H
7075,ZONE1,2025-10-22 19:00:00+00:00,2025-10-22 20:00:00+00:00,H
7076,ZONE1,2025-10-22 20:00:00+00:00,2025-10-22 21:00:00+00:00,H
7077,ZONE1,2025-10-22 21:00:00+00:00,2025-10-22 22:00:00+00:00,H
7078,ZONE1,2025-10-22 22:00:00+00:00,2025-10-22 23:00:00+00:00,H
7079,ZONE1,2025-10-22 23:00:00+00:00,2025-10-23 00:00:00+00:00,H
7080,ZONE1,2025-10-23 00:00:00+00:00,2025-10-23 01:00:00+00:00,H
7081,ZONE1,2025-10-23 01:00:00+00:00,2025-10-23 02:00:00+00:00,H
7082,ZONE1,2025-10-23 02:00:00+00:00,2025-10-23 03:00:00+00:00,H
7083,ZONE1,2025-10-23 03:00:00+00:00,2025-10-23 04:00:00+00:00,H
7084,ZONE1,2025-10-23 04:00:00+00:00,2025-10-23 05:00:00+00:00,H
7085,ZONE1,2025-10-23 05:00:00+00:00,2025-10-23 06:00:00+00:00,H
7086,ZONE1,2025-10-23 06:00:00+00:00,2025-10-23 07:00:00+00:00,H
7087,ZONE1,2025-10-23 07:00:00+00:00,2025-10-23 08:00:00+00:00,H
7088,ZONE1,2025-10-23 08:00:00+00:00,2025-10-23 09:00:00+00:00,H
7089,ZONE1,2025-10-23 09:00:00+00:00,2025-10-23 10:00:00+00:00,H
7090,ZONE1,2025-10-23 10:00:00+00:00,2025-10-23 11:00:00+00:00,H
7091,ZONE1,2025-10-23 11:00:00+00:00,2025-10-23 12:00:00+00:00,H
7092,ZONE1,2025-10-23 12:00:00+00:00,2025-10-23 13:00:00+00:00,H
7093,ZONE1,2025-10-23 13:00:00+00:00,2025-10-23 14:00:00+00:00,H
7094,ZONE1,2025-10-23 14:00:00+00:00,2025-10-23 15:00:00+00:00,H
7095,ZONE1,2025-10-23 15:00:00+00:00,2025-10-23 16:00:00+00:00,H
7096,ZONE1,2025-10-23 16:00:00+00:00,2025-10-23 17:00:00+00:00,H
7097,ZONE1,2025-10-23 17:00:00+00:00,2025-10-23 18:00:00+00:00,H
7098,ZONE1,2025-10-23 18:00:00+00:00,2025-10-23 19:00:00+00:00,H
7099,ZONE1,2025-10-23 19:00:00+00:00,2025-10-23 20:00:00+00:00,H
7100,ZONE1,2025-10-23 20:00:00+00:00,2025-10-23 21:00:00+00:00,H
7101,ZONE1,2025-10-23 21:00:00+00:00,2025-10-23 22:00:00+00:00,H
7102,ZONE1,2025-10-23 22:00:00+00:00,2025-10-23 23:00:00+00:00,H
7103,ZONE1,2025-10-23 23:00:00+00:00,2025-10-24 00:00:00+00:00,H
7104,ZONE1,2025-10-24 00:00:00+00:00,2025-10-24 01:00:00+00:00,H
7105,ZONE1,2025-10-24 01:00:00+00:00,2025-10-24 02:00:00+00:00,H
7106,ZONE1,2025-10-24 02:00:00+00:00,2025-10-24 03:00:00+00:00,H
7107,ZONE1,2025-10-24 03:00:00+00:00,2025-10-24 04:00:00+00:00,H
7108,ZONE1,2025-10-24 04:00:00+00:00,2025-10-24 05:00:00+00:00,H
7109,ZONE1,2025-10-24 05:00:00+00:00,2025-10-24 06:00:00+00:00,H
7110,ZONE1,2025-10-24 06:00:00+00:00,2025-10-24 07:00:00+00:00,H
7111,ZONE1,2025-10-24 07:00:00+00:00,2025-10-24 08:00:00+00:00,H
7112,ZONE1,2025-10-24 08:00:00+00:00,2025-10-24 09:00:00+00:00,H
7113,ZONE1,2025-10-24 09:00:00+00:00,2025-10-24 10:00:00+00:00,H
7114,ZONE1,2025-10-24 10:00:00+00:00,2025-10-24 11:00:00+00:00,H
7115,ZONE1,2025-10-24 11:00:00+00:00,2025-10-24 12:00:00+00:00,H
7116,ZONE1,2025-10-24 12:00:00+00:00,2025-10-24 13:00:00+00:00,H
7117,ZONE1,2025-10-24 13:00:00+00:00,2025-10-24 14:00:00+00:00,H
7118,ZONE1,2025-10-24 14:00:00+00:00,2025-10-24 15:00:00+00:00,H
7119,ZONE1,2025-10-24 15:00:00+00:00,2025-10-24 16:00:00+00:00,H
7120,ZONE1,2025-10-24 16:00:00+00:00,2025-10-24 17:00:00+00:00,H
7121,ZONE1,2025-10-24 17:00:00+00:00,2025-10-24 18:00:00+00:00,H
7122,ZONE1,2025-10-24 18:00:00+00:00,2025-10-24 19:00:00+00:00,H
7123,ZONE1,2025-10-24 19:00:00+00:00,2025-10-24 20:00:00+00:00,H
7124,ZONE1,2025-10-24 20:00:00+00:00,2025-10-24 21:00:00+00:00,H
7125,ZONE1,2025-10-24 21:00:00+00:00,2025-10-24 22:00:00+00:00,H
7126,ZONE1,2025-10-24 22:00:00+00:00,2025-10-24 23:00:00+00:00,H
7127,ZONE1,2025-10-24 23:00:00+00:00,2025-10-25 00:00:00+00:00,H
7128,ZONE1,2025-10-25 00:00:00+00:00,2025-10-25 01:00:00+00:00,H
7129,ZONE1,2025-10-25 01:00:00+00:00,2025-10-25 02:00:00+00:00,H
7130,ZONE1,2025-10-25 02:00:00+00:00,2025-10-25 03:00:00+00:00,H
7131,ZONE1,2025-10-25 03:00:00+00:00,2025-10-25 04:00:00+00:00,H
7132,ZONE1,2025-10-25 04:00:00+00:00,2025-10-25 05:00:00+00:00,H
7133,ZONE1,2025-10-25 05:00:00+00:00,2025-10-25 06:00:00+00:00,H
7134,ZONE1,2025-10-25 06:00:00+00:00,2025-10-25 07:00:00+00:00,H
7135,ZONE1,2025-10-25 07:00:00+00:00,2025-10-25 08:00:00+00:00,H
7136,ZONE1,2025-10-25 08:00:00+00:00,2025-10-25 09:00:00+00:00,H
7137,ZONE1,2025-10-25 09:00:00+00:00,2025-10-25 10:00:00+00:00,H
7138,ZONE1,2025-10-25 10:00:00+00:00,2025-10-25 11:00:00+00:00,H
7139,ZONE1,2025-10-25 11:00:00+00:00,2025-10-25 12:00:00+00:00,H
7140,ZONE1,2025-10-25 12:00:00+00:00,2025-10-25 13:00:00+00:00,H
7141,ZONE1,2025-10-25 13:00:00+00:00,2025-10-25 14:00:00+00:00,H
7142,ZONE1,2025-10-25 14:00:00+00:00,2025-10-25 15:00:00+00:00,H
7143,ZONE1,2025-10-25 15:00:00+00:00,2025-10-25 16:00:00+00:00,H
7144,ZONE1,2025-10-25 16:00:00+00:00,2025-10-25 17:00:00+00:00,H
7145,ZONE1,2025-10-25 17:00:00+00:00,2025-10-25 18:00:00+00:00,H
7146,ZONE1,2025-10-25 18:00:00+00:00,2025-10-25 19:00:00+00:00,H
7147,ZONE1,2025-10-25 19:00:00+00:00,2025-10-25 20:00:00+00:00,H
7148,ZONE1,2025-10-25 20:00:00+00:00,2025-10-25 21:00:00+00:00,H
7149,ZONE1,2025-10-25 21:00:00+00:00,2025-10-25 22:00:00+00:00,H
7150,ZONE1,2025-10-25 22:00:00+00:00,2025-10-25 23:00:00+00:00,H
7151,ZONE1,2025-10-25 23:00:00+00:00,2025-10-26 00:00:00+00:00,H
7152,ZONE1,2025-10-26 00:00:00+00:00,2025-10-26 01:00:00+00:00,H
7153,ZONE1,2025-10-26 01:00:00+00:00,2025-10-26 02:00:00+00:00,H
7154,ZONE1,2025-10-26 02:00:00+00:00,2025-10-26 03:00:00+00:00,H
7155,ZONE1,2025-10-26 03:00:00+00:00,2025-10-26 04:00:00+00:00,H
7156,ZONE1,2025-10-26 04:00:00+00:00,2025-10-26 05:00:00+00:00,H
7157,ZONE1,2025-10-26 05:00:00+00:00,2025-10-26 06:00:00+00:00,H
7158,ZONE1,2025-10-26 06:00:00+00:00,2025-10-26 07:00:00+00:00,H
7159,ZONE1,2025-10-26 07:00:00+00:00,2025-10-26 08:00:00+00:00,H
7160,ZONE1,2025-10-26 08:00:00+00:00,2025-10-26 09:00:00+00:00,H
7161,ZONE1,2025-10-26 09:00:00+00:00,2025-10-26 10:00:00+00:00,H
7162,ZONE1,2025-10-26 10:00:00+00:00,2025-10-26 11:00:00+00:00,H
7163,ZONE1,2025-10-26 11:00:00+00:00,2025-10-26 12:00:00+00:00,H
7164,ZONE1,2025-10-26 12:00:00+00:00,2025-10-26 13:00:00+00:00,H
7165,ZONE1,2025-10-26 13:00:00+00:00,2025-10-26 14:00:00+00:00,H
7166,ZONE1,2025-10-26 14:00:00+00:00,2025-10-26 15:00:00+00:00,H
7167,ZONE1,2025-10-26 15:00:00+00:00,2025-10-26 16:00:00+00:00,H
7168,ZONE1,2025-10-26 16:00:00+00:00,2025-10-26 17:00:00+00:00,H
7169,ZONE1,2025-10-26 17:00:00+00:00,2025-10-26 18:00:00+00:00,H
7170,ZONE1,2025-10-26 18:00:00+00:00,2025-10-26 19:00:00+00:00,H
7171,ZONE1,2025-10-26 19:00:00+00:00,2025-10-26 20:00:00+00:00,H
7172,ZONE1,2025-10-26 20:00:00+00:00,2025-10-26 21:00:00+00:00,H
7173,ZONE1,2025-10-26 21:00:00+00:00,2025-10-26 22:00:00+00:00,H
7174,ZONE1,2025-10-26 22:00:00+00:00,2025-10-26 23:00:00+00:00,H
7175,ZONE1,2025-10-26 23:00:00+00:00,2025-10-27 00:00:00+00:00,H
7176,ZONE1,2025-10-27 00:00:00+00:00,2025-10-27 01:00:00+00:00,H
7177,ZONE1,2025-10-27 01:00:00+00:00,2025-10-27 02:00:00+00:00,H
7178,ZONE1,2025-10-27 02:00:00+00:00,2025-10-27 03:00:00+00:00,H
7179,ZONE1,2025-10-27 03:00:00+00:00,2025-10-27 04:00:00+00:00,H
7180,ZONE1,2025-10-27 04:00:00+00:00,2025-10-27 05:00:00+00:00,H
7181,ZONE1,2025-10-27 05:00:00+00:00,2025-10-27 06:00:00+00:00,H
7182,ZONE1,2025-10-27 06:00:00+00:00,2025-10-27 07:00:00+00:00,H
7183,ZONE1,2025-10-27 07:00:00+00:00,2025-10-27 08:00:00+00:00,H
7184,ZONE1,2025-10-27 08:00:00+00:00,2025-10-27 09:00:00+00:00,H
7185,ZONE1,2025-10-27 09:00:00+00:00,2025-10-27 10:00:00+00:00,H
7186,ZONE1,2025-10-27 10:00:00+00:00,2025-10-27 11:00:00+00:00,H
7187,ZONE1,2025-10-27 11:00:00+00:00,2025-10-27 12:00:00+00:00,H
7188,ZONE1,2025-10-27 12:00:00+00:00,2025-10-27 13:00:00+00:00,H
7189,ZONE1,2025-10-27 13:00:00+00:00,2025-10-27 14:00:00+00:00,H
7190,ZONE1,2025-10-27 14:00:00+00:00,2025-10-27 15:00:00+00:00,H
7191,ZONE1,2025-10-27 15:00:00+00:00,2025-10-27 16:00:00+00:00,H
7192,ZONE1,2025-10-27 16:00:00+00:00,2025-10-27 17:00:00+00:00,H
7193,ZONE1,2025-10-27 17:00:00+00:00,2025-10-27 18:00:00+00:00,H
7194,ZONE1,2025-10-27 18:00:00+00:00,2025-10-27 19:00:00+00:00,H
7195,ZONE1,2025-10-27 19:00:00+00:00,2025-10-27 20:00:00+00:00,H
7196,ZONE1,2025-10-27 20:00:00+00:00,2025-10-27 21:00:00+00:00,H
7197,ZONE1,2025-10-27 21:00:00+00:00,2025-10-27 22:00:00+00:00,H
7198,ZONE1,2025-10-27 22:00:00+00:00,2025-10-27 23:00:00+00:00,H
7199,ZONE1,2025-10-27 23:00:00+00:00,2025-10-28 00:00:00+00:00,H
7200,ZONE1,2025-10-28 00:00:00+00:00,2025-10-28 01:00:00+00:00,H
7201,ZONE1,2025-10-28 01:00:00+00:00,2025-10-28 02:00:00+00:00,H
7202,ZONE1,2025-10-28 02:00:00+00:00,2025-10-28 03:00:00+00:00,H
7203,ZONE1,2025-10-28 03:00:00+00:00,2025-10-28 04:00:00+00:00,H
7204,ZONE1,2025-10-28 04:00:00+00:00,2025-10-28 05:00:00+00:00,H
7205,ZONE1,2025-10-28 05:00:00+00:00,2025-10-28 06:00:00+00:00,H
7206,ZONE1,2025-10-28 06:00:00+00:00,2025-10-28 07:00:00+00:00,H
7207,ZONE1,2025-10-28 07:00:00+00:00,2025-10-28 08:00:00+00:00,H
7208,ZONE1,2025-10-28 08:00:00+00:00,2025-10-28 09:00:00+00:00,H
7209,ZONE1,2025-10-28 09:00:00+00:00,2025-10-28 10:00:00+00:00,H
7210,ZONE1,2025-10-28 10:00:00+00:00,2025-10-28 11:00:00+00:00,H
7211,ZONE1,2025-10-28 11:00:00+00:00,2025-10-28 12:00:00+00:00,H
7212,ZONE1,2025-10-28 12:00:00+00:00,2025-10-28 13:00:00+00:00,H
7213,ZONE1,2025-10-28 13:00:00+00:00,2025-10-28 14:00:00+00:00,H
7214,ZONE1,2025-10-28 14:00:00+00:00,2025-10-28 15:00:00+00:00,H
7215,ZONE1,2025-10-28 15:00:00+00:00,2025-10-28 16:00:00+00:00,H
7216,ZONE1,2025-10-28 16:00:00+00:00,2025-10-28 17:00:00+00:00,H
7217,ZONE1,2025-10-28 17:00:00+00:00,2025-10-28 18:00:00+00:00,H
7218,ZONE1,2025-10-28 18:00:00+00:00,2025-10-28 19:00:00+00:00,H
7219,ZONE1,2025-10-28 19:00:00+00:00,2025-10-28 20:00:00+00:00,H
7220,ZONE1,2025-10-28 20:00:00+00:00,2025-10-28 21:00:00+00:00,H
7221,ZONE1,2025-10-28 21:00:00+00:00,2025-10-28 22:00:00+00:00,H
7222,ZONE1,2025-10-28 22:00:00+00:00,2025-10-28 23:00:00+00:00,H
7223,ZONE1,2025-10-28 23:00:00+00:00,2025-10-29 00:00:00+00:00,H
7224,ZONE1,2025-10-29 00:00:00+00:00,2025-10-29 01:00:00+00:00,H
7225,ZONE1,2025-10-29 01:00:00+00:00,2025-10-29 02:00:00+00:00,H
7226,ZONE1,2025-10-29 02:00:00+00:00,2025-10-29 03:00:00+00:00,H
7227,ZONE1,2025-10-29 03:00:00+00:00,2025-10-29 04:00:00+00:00,H
7228,ZONE1,2025-10-29 04:00:00+00:00,2025-10-29 05:00:00+00:00,H
7229,ZONE1,2025-10-29 05:00:00+00:00,2025-10-29 06:00:00+00:00,H
7230,ZONE1,2025-10-29 06:00:00+00:00,2025-10-29 07:00:00+00:00,H
7231,ZONE1,2025-10-29 07:00:00+00:00,2025-10-29 08:00:00+00:00,H
7232,ZONE1,2025-10-29 08:00:00+00:00,2025-10-29 09:00:00+00:00,H
7233,ZONE1,2025-10-29 09:00:00+00:00,2025-10-29 10:00:00+00:00,H
7234,ZONE1,2025-10-29 10:00:00+00:00,2025-10-29 11:00:00+00:00,H
7235,ZONE1,2025-10-29 11:00:00+00:00,2025-10-29 12:00:00+00:00,H
7236,ZONE1,2025-10-29 12:00:00+00:00,2025-10-29 13:00:00+00:00,H
7237,ZONE1,2025-10-29 13:00:00+00:00,2025-10-29 14:00:00+00:00,H
7238,ZONE1,2025-10-29 14:00:00+00:00,2025-10-29 15:00:00+00:00,H
7239,ZONE1,2025-10-29 15:00:00+00:00,2025-10-29 16:00:00+00:00,H
7240,ZONE1,2025-10-29 16:00:00+00:00,2025-10-29 17:00:00+00:00,H
7241,ZONE1,2025-10-29 17:00:00+00:00,2025-10-29 18:00:00+00:00,H
7242,ZONE1,2025-10-29 18:00:00+00:00,2025-10-29 19:00:00+00:00,H
7243,ZONE1,2025-10-29 19:00:00+00:00,2025-10-29 20:00:00+00:00,H
7244,ZONE1,2025-10-29 20:00:00+00:00,2025-10-29 21:00:00+00:00,H
7245,ZONE1,2025-10-29 21:00:00+00:00,2025-10-29 22:00:00+00:00,H
7246,ZONE1,2025-10-29 22:00:00+00:00,2025-10-29 23:00:00+00:00,H
7247,ZONE1,2025-10-29 23:00:00+00:00,2025-10-30 00:00:00+00:00,H
7248,ZONE1,2025-10-30 00:00:00+00:00,2025-10-30 01:00:00+00:00,H
7249,ZONE1,2025-10-30 01:00:00+00:00,2025-10-30 02:00:00+00:00,H
7250,ZONE1,2025-10-30 02:00:00+00:00,2025-10-30 03:00:00+00:00,H
7251,ZONE1,2025-10-30 03:00:00+00:00,2025-10-30 04:00:00+00:00,H
7252,ZONE1,2025-10-30 04:00:00+00:00,2025-10-30 05:00:00+00:00,H
7253,ZONE1,2025-10-30 05:00:00+00:00,2025-10-30 06:00:00+00:00,H
7254,ZONE1,2025-10-30 06:00:00+00:00,2025-10-30 07:00:00+00:00,H
7255,ZONE1,2025-10-30 07:00:00+00:00,2025-10-30 08:00:00+00:00,H
7256,ZONE1,2025-10-30 08:00:00+00:00,2025-10-30 09:00:00+00:00,H
7257,ZONE1,2025-10-30 09:00:00+00:00,2025-10-30 10:00:00+00:00,H
7258,ZONE1,2025-10-30 10:00:00+00:00,2025-10-30 11:00:00+00:00,H
7259,ZONE1,2025-10-30 11:00:00+00:00,2025-10-30 12:00:00+00:00,H
7260,ZONE1,2025-10-30 12:00:00+00:00,2025-10-30 13:00:00+00:00,H
7261,ZONE1,2025-10-30 13:00:00+00:00,2025-10-30 14:00:00+00:00,H
7262,ZONE1,2025-10-30 14:00:00+00:00,2025-10-30 15:00:00+00:00,H
7263,ZONE1,2025-10-30 15:00:00+00:00,2025-10-30 16:00:00+00:00,H
7264,ZONE1,2025-10-30 16:00:00+00:00,2025-10-30 17:00:00+00:00,H
7265,ZONE1,2025-10-30 17:00:00+00:00,2025-10-30 18:00:00+00:00,H
7266,ZONE1,2025-10-30 18:00:00+00:00,2025-10-30 19:00:00+00:00,H
7267,ZONE1,2025-10-30 19:00:00+00:00,2025-10-30 20:00:00+00:00,H
7268,ZONE1,2025-10-30 20:00:00+00:00,2025-10-30 21:00:00+00:00,H
7269,ZONE1,2025-10-30 21:00:00+00:00,2025-10-30 22:00:00+00:00,H
7270,ZONE1,2025-10-30 22:00:00+00:00,2025-10-30 23:00:00+00:00,H
7271,ZONE1,2025-10-30 23:00:00+00:00,2025-10-31 00:00:00+00:00,H
7272,ZONE1,2025-10-31 00:00:00+00:00,2025-10-31 01:00:00+00:00,H
7273,ZONE1,2025-10-31 01:00:00+00:00,2025-10-31 02:00:00+00:00,H
7274,ZONE1,2025-10-31 02:00:00+00:00,2025-10-31 03:00:00+00:00,H
7275,ZONE1,2025-10-31 03:00:00+00:00,2025-10-31 04:00:00+00:00,H
7276,ZONE1,2025-10-31 04:00:00+00:00,2025-10-31 05:00:00+00:00,H
7277,ZONE1,2025-10-31 05:00:00+00:00,2025-10-31 06:00:00+00:00,H
7278,ZONE1,2025-10-31 06:00:00+00:00,2025-10-31 07:00:00+00:00,H
7279,ZONE1,2025-10-31 07:00:00+00:00,2025-10-31 08:00:00+00:00,H
7280,ZONE1,2025-10-31 08:00:00+00:00,2025-10-31 09:00:00+00:00,H
7281,ZONE1,2025-10-31 09:00:00+00:00,2025-10-31 10:00:00+00:00,H
7282,ZONE1,2025-10-31 10:00:00+00:00,2025-10-31 11:00:00+00:00,H
7283,ZONE1,2025-10-31 11:00:00+00:00,2025-10-31 12:00:00+00:00,H
7284,ZONE1,2025-10-31 12:00:00+00:00,2025-10-31 13:00:00+00:00,H
7285,ZONE1,2025-10-31 13:00:00+00:00,2025-10-31 14:00:00+00:00,H
7286,ZONE1,2025-10-31 14:00:00+00:00,2025-10-31 15:00:00+00:00,H
7287,ZONE1,2025-10-31 15:00:00+00:00,2025-10-31 16:00:00+00:00,H
7288,ZONE1,2025-10-31 16:00:00+00:00,2025-10-31 17:00:00+00:00,H
7289,ZONE1,2025-10-31 17:00:00+00:00,2025-10-31 18:00:00+00:00,H
7290,ZONE1,2025-10-31 18:00:00+00:00,2025-10-31 19:00:00+00:00,H
7291,ZONE1,2025-10-31 19:00:00+00:00,2025-10-31 20:00:00+00:00,H
7292,ZONE1,2025-10-31 20:00:00+00:00,2025-10-31 21:00:00+00:00,H
7293,ZONE1,2025-10-31 21:00:00+00:00,2025-10-31 22:00:00+00:00,H
7294,ZONE1,2025-10-31 22:00:00+00:00,2025-10-31 23:00:00+00:00,H
7295,ZONE1,2025-10-31 23:00:00+00:00,2025-11-01 00:00:00+00:00,H
7296,ZONE1,2025-11-01 00:00:00+00:00,2025-11-01 01:00:00+00:00,H
7297,ZONE1,2025-11-01 01:00:00+00:00,2025-11-01 02:00:00+00:00,H
7298,ZONE1,2025-11-01 02:00:00+00:00,2025-11-01 03:00:00+00:00,H
7299,ZONE1,2025-11-01 03:00:00+00:00,2025-11-01 04:00:00+00:00,H
7300,ZONE1,2025-11-01 04:00:00+00:00,2025-11-01 05:00:00+00:00,H
7301,ZONE1,2025-11-01 05:00:00+00:00,2025-11-01 06:00:00+00:00,H
7302,ZONE1,2025-11-01 06:00:00+00:00,2025-11-01 07:00:00+00:00,H
7303,ZONE1,2025-11-01 07:00:00+00:00,2025-11-01 08:00:00+00:00,H
7304,ZONE1,2025-11-01 08:00:00+00:00,2025-11-01 09:00:00+00:00,H
7305,ZONE1,2025-11-01 09:00:00+00:00,2025-11-01 10:00:00+00:00,H
7306,ZONE1,2025-11-01 10:00:00+00:00,2025-11-01 11:00:00+00:00,H
7307,ZONE1,2025-11-01 11:00:00+00:00,2025-11-01 12:00:00+00:00,H
7308,ZONE1,2025-11-01 12:00:00+00:00,2025-11-01 13:00:00+00:00,H
7309,ZONE1,2025-11-01 13:00:00+00:00,2025-11-01 14:00:00+00:00,H
7310,ZONE1,2025-11-01 14:00:00+00:00,2025-11-01 15:00:00+00:00,H
7311,ZONE1,2025-11-01 15:00:00+00:00,2025-11-01 16:00:00+00:00,H
7312,ZONE1,2025-11-01 16:00:00+00:00,2025-11-01 17:00:00+00:00,H
7313,ZONE1,2025-11-01 17:00:00+00:00,2025-11-01 18:00:00+00:00,H
7314,ZONE1,2025-11-01 18:00:00+00:00,2025-11-01 19:00:00+00:00,H
7315,ZONE1,2025-11-01 19:00:00+00:00,2025-11-01 20:00:00+00:00,H
7316,ZONE1,2025-11-01 20:00:00+00:00,2025-11-01 21:00:00+00:00,H
7317,ZONE1,2025-11-01 21:00:00+00:00,2025-11-01 22:00:00+00:00,H
7318,ZONE1,2025-11-01 22:00:00+00:00,2025-11-01 23:00:00+00:00,H
7319,ZONE1,2025-11-01 23:00:00+00:00,2025-11-02 00:00:00+00:00,H
7320,ZONE1,2025-11-02 00:00:00+00:00,2025-11-02 01:00:00+00:00,H
7321,ZONE1,2025-11-02 01:00:00+00:00,2025-11-02 02:00:00+00:00,H
7322,ZONE1,2025-11-02 02:00:00+00:00,2025-11-02 03:00:00+00:00,H
7323,ZONE1,2025-11-02 03:00:00+00:00,2025-11-02 04:00:00+00:00,H
7324,ZONE1,2025-11-02 04:00:00+00:00,2025-11-02 05:00:00+00:00,H
7325,ZONE1,2025-11-02 05:00:00+00:00,2025-11-02 06:00:00+00:00,H
7326,ZONE1,2025-11-02 06:00:00+00:00,2025-11-02 07:00:00+00:00,H
7327,ZONE1,2025-11-02 07:00:00+00:00,2025-11-02 08:00:00+00:00,H
7328,ZONE1,2025-11-02 08:00:00+00:00,2025-11-02 09:00:00+00:00,H
7329,ZONE1,2025-11-02 09:00:00+00:00,2025-11-02 10:00:00+00:00,H
7330,ZONE1,2025-11-02 10:00:00+00:00,2025-11-02 11:00:00+00:00,H
7331,ZONE1,2025-11-02 11:00:00+00:00,2025-11-02 12:00:00+00:00,H
7332,ZONE1,2025-11-02 12:00:00+00:00,2025-11-02 13:00:00+00:00,H
7333,ZONE1,2025-11-02 13:00:00+00:00,2025-11-02 14:00:00+00:00,H
7334,ZONE1,2025-11-02 14:00:00+00:00,2025-11-02 15:00:00+00:00,H
7335,ZONE1,2025-11-02 15:00:00+00:00,2025-11-02 16:00:00+00:00,H
7336,ZONE1,2025-11-02 16:00:00+00:00,2025-11-02 17:00:00+00:00,H
7337,ZONE1,2025-11-02 17:00:00+00:00,2025-11-02 18:00:00+00:00,H
7338,ZONE1,2025-11-02 18:00:00+00:00,2025-11-02 19:00:00+00:00,H
7339,ZONE1,2025-11-02 19:00:00+00:00,2025-11-02 20:00:00+00:00,H
7340,ZONE1,2025-11-02 20:00:00+00:00,2025-11-02 21:00:00+00:00,H
7341,ZONE1,2025-11-02 21:00:00+00:00,2025-11-02 22:00:00+00:00,H
7342,ZONE1,2025-11-02 22:00:00+00:00,2025-11-02 23:00:00+00:00,H
7343,ZONE1,2025-11-02 23:00:00+00:00,2025-11-03 00:00:00+00:00,H
7344,ZONE1,2025-11-03 00:00:00+00:00,2025-11-03 01:00:00+00:00,H
7345,ZONE1,2025-11-03 01:00:00+00:00,2025-11-03 02:00:00+00:00,H
7346,ZONE1,2025-11-03 02:00:00+00:00,2025-11-03 03:00:00+00:00,H
7347,ZONE1,2025-11-03 03:00:00+00:00,2025-11-03 04:00:00+00:00,H
7348,ZONE1,2025-11-03 04:00:00+00:00,2025-11-03 05:00:00+00:00,H
7349,ZONE1,2025-11-03 05:00:00+00:00,2025-11-03 06:00:00+00:00,H
7350,ZONE1,2025-11-03 06:00:00+00:00,2025-11-03 07:00:00+00:00,H
7351,ZONE1,2025-11-03 07:00:00+00:00,2025-11-03 08:00:00+00:00,H
7352,ZONE1,2025-11-03 08:00:00+00:00,2025-11-03 09:00:00+00:00,H
7353,ZONE1,2025-11-03 09:00:00+00:00,2025-11-03 10:00:00+00:00,H
7354,ZONE1,2025-11-03 10:00:00+00:00,2025-11-03 11:00:00+00:00,H
7355,ZONE1,2025-11-03 11:00:00+00:00,2025-11-03 12:00:00+00:00,H
7356,ZONE1,2025-11-03 12:00:00+00:00,2025-11-03 13:00:00+00:00,H
7357,ZONE1,2025-11-03 13:00:00+00:00,2025-11-03 14:00:00+00:00,H
7358,ZONE1,2025-11-03 14:00:00+00:00,2025-11-03 15:00:00+00:00,H
7359,ZONE1,2025-11-03 15:00:00+00:00,2025-11-03 16:00:00+00:00,H
7360,ZONE1,2025-11-03 16:00:00+00:00,2025-11-03 17:00:00+00:00,H
7361,ZONE1,2025-11-03 17:00:00+00:00,2025-11-03 18:00:00+00:00,H
7362,ZONE1,2025-11-03 18:00:00+00:00,2025-11-03 19:00:00+00:00,H
7363,ZONE1,2025-11-03 19:00:00+00:00,2025-11-03 20:00:00+00:00,H
7364,ZONE1,2025-11-03 20:00:00+00:00,2025-11-03 21:00:00+00:00,H
7365,ZONE1,2025-11-03 21:00:00+00:00,2025-11-03 22:00:00+00:00,H
7366,ZONE1,2025-11-03 22:00:00+00:00,2025-11-03 23:00:00+00:00,H
7367,ZONE1,2025-11-03 23:00:00+00:00,2025-11-04 00:00:00+00:00,H
7368,ZONE1,2025-11-04 00:00:00+00:00,2025-11-04 01:00:00+00:00,H
7369,ZONE1,2025-11-04 01:00:00+00:00,2025-11-04 02:00:00+00:00,H
7370,ZONE1,2025-11-04 02:00:00+00:00,2025-11-04 03:00:00+00:00,H
7371,ZONE1,2025-11-04 03:00:00+00:00,2025-11-04 04:00:00+00:00,H
7372,ZONE1,2025-11-04 04:00:00+00:00,2025-11-04 05:00:00+00:00,H
7373,ZONE1,2025-11-04 05:00:00+00:00,2025-11-04 06:00:00+00:00,H
7374,ZONE1,2025-11-04 06:00:00+00:00,2025-11-04 07:00:00+00:00,H
7375,ZONE1,2025-11-04 07:00:00+00:00,2025-11-04 08:00:00+00:00,H
7376,ZONE1,2025-11-04 08:00:00+00:00,2025-11-04 09:00:00+00:00,H
7377,ZONE1,2025-11-04 09:00:00+00:00,2025-11-04 10:00:00+00:00,H
7378,ZONE1,2025-11-04 10:00:00+00:00,2025-11-04 11:00:00+00:00,H
7379,ZONE1,2025-11-04 11:00:00+00:00,2025-11-04 12:00:00+00:00,H
7380,ZONE1,2025-11-04 12:00:00+00:00,2025-11-04 13:00:00+00:00,H
7381,ZONE1,2025-11-04 13:00:00+00:00,2025-11-04 14:00:00+00:00,H
7382,ZONE1,2025-11-04 14:00:00+00:00,2025-11-04 15:00:00+00:00,H
7383,ZONE1,2025-11-04 15:00:00+00:00,2025-11-04 16:00:00+00:00,H
7384,ZONE1,2025-11-04 16:00:00+00:00,2025-11-04 17:00:00+00:00,H
7385,ZONE1,2025-11-04 17:00:00+00:00,2025-11-04 18:00:00+00:00,H
7386,ZONE1,2025-11-04 18:00:00+00:00,2025-11-04 19:00:00+00:00,H
7387,ZONE1,2025-11-04 19:00:00+00:00,2025-11-04 20:00:00+00:00,H
7388,ZONE1,2025-11-04 20:00:00+00:00,2025-11-04 21:00:00+00:00,H
7389,ZONE1,2025-11-04 21:00:00+00:00,2025-11-04 22:00:00+00:00,H
7390,ZONE1,2025-11-04 22:00:00+00:00,2025-11-04 23:00:00+00:00,H
7391,ZONE1,2025-11-04 23:00:00+00:00,2025-11-05 00:00:00+00:00,H
7392,ZONE1,2025-11-05 00:00:00+00:00,2025-11-05 01:00:00+00:00,H
7393,ZONE1,2025-11-05 01:00:00+00:00,2025-11-05 02:00:00+00:00,H
7394,ZONE1,2025-11-05 02:00:00+00:00,2025-11-05 03:00:00+00:00,H
7395,ZONE1,2025-11-05 03:00:00+00:00,2025-11-05 04:00:00+00:00,H
7396,ZONE1,2025-11-05 04:00:00+00:00,2025-11-05 05:00:00+00:00,H
7397,ZONE1,2025-11-05 05:00:00+00:00,2025-11-05 06:00:00+00:00,H
7398,ZONE1,2025-11-05 06:00:00+00:00,2025-11-05 07:00:00+00:00,H
7399,ZONE1,2025-11-05 07:00:00+00:00,2025-11-05 08:00:00+00:00,H
7400,ZONE1,2025-11-05 08:00:00+00:00,2025-11-05 09:00:00+00:00,H
7401,ZONE1,2025-11-05 09:00:00+00:00,2025-11-05 10:00:00+00:00,H
7402,ZONE1,2025-11-05 10:00:00+00:00,2025-11-05 11:00:00+00:00,H
7403,ZONE1,2025-11-05 11:00:00+00:00,2025-11-05 12:00:00+00:00,H
7404,ZONE1,2025-11-05 12:00:00+00:00,2025-11-05 13:00:00+00:00,H
7405,ZONE1,2025-11-05 13:00:00+00:00,2025-11-05 14:00:00+00:00,H
7406,ZONE1,2025-11-05 14:00:00+00:00,2025-11-05 15:00:00+00:00,H
7407,ZONE1,2025-11-05 15:00:00+00:00,2025-11-05 16:00:00+00:00,H
7408,ZONE1,2025-11-05 16:00:00+00:00,2025-11-05 17:00:00+00:00,H
7409,ZONE1,2025-11-05 17:00:00+00:00,2025-11-05 18:00:00+00:00,H
7410,ZONE1,2025-11-05 18:00:00+00:00,2025-11-05 19:00:00+00:00,H
7411,ZONE1,2025-11-05 19:00:00+00:00,2025-11-05 20:00:00+00:00,H
7412,ZONE1,2025-11-05 20:00:00+00:00,2025-11-05 21:00:00+00:00,H
7413,ZONE1,2025-11-05 21:00:00+00:00,2025-11-05 22:00:00+00:00,H
7414,ZONE1,2025-11-05 22:00:00+00:00,2025-11-05 23:00:00+00:00,H
7415,ZONE1,2025-11-05 23:00:00+00:00,2025-11-06 00:00:00+00:00,H
7416,ZONE1,2025-11-06 00:00:00+00:00,2025-11-06 01:00:00+00:00,H
7417,ZONE1,2025-11-06 01:00:00+00:00,2025-11-06 02:00:00+00:00,H
7418,ZONE1,2025-11-06 02:00:00+00:00,2025-11-06 03:00:00+00:00,H
7419,ZONE1,2025-11-06 03:00:00+00:00,2025-11-06 04:00:00+00:00,H
7420,ZONE1,2025-11-06 04:00:00+00:00,2025-11-06 05:00:00+00:00,H
7421,ZONE1,2025-11-06 05:00:00+00:00,2025-11-06 06:00:00+00:00,H
7422,ZONE1,2025-11-06 06:00:00+00:00,2025-11-06 07:00:00+00:00,H
7423,ZONE1,2025-11-06 07:00:00+00:00,2025-11-06 08:00:00+00:00,H
7424,ZONE1,2025-11-06 08:00:00+00:00,2025-11-06 09:00:00+00:00,H
7425,ZONE1,2025-11-06 09:00:00+00:00,2025-11-06 10:00:00+00:00,H
7426,ZONE1,2025-11-06 10:00:00+00:00,2025-11-06 11:00:00+00:00,H
7427,ZONE1,2025-11-06 11:00:00+00:00,2025-11-06 12:00:00+00:00,H
7428,ZONE1,2025-11-06 12:00:00+00:00,2025-11-06 13:00:00+00:00,H
7429,ZONE1,2025-11-06 13:00:00+00:00,2025-11-06 14:00:00+00:00,H
7430,ZONE1,2025-11-06 14:00:00+00:00,2025-11-06 15:00:00+00:00,H
7431,ZONE1,2025-11-06 15:00:00+00:00,2025-11-06 16:00:00+00:00,H
7432,ZONE1,2025-11-06 16:00:00+00:00,2025-11-06 17:00:00+00:00,H
7433,ZONE1,2025-11-06 17:00:00+00:00,2025-11-06 18:00:00+00:00,H
7434,ZONE1,2025-11-06 18:00:00+00:00,2025-11-06 19:00:00+00:00,H
7435,ZONE1,2025-11-06 19:00:00+00:00,2025-11-06 20:00:00+00:00,H
7436,ZONE1,2025-11-06 20:00:00+00:00,2025-11-06 21:00:00+00:00,H
7437,ZONE1,2025-11-06 21:00:00+00:00,2025-11-06 22:00:00+00:00,H
7438,ZONE1,2025-11-06 22:00:00+00:00,2025-11-06 23:00:00+00:00,H
7439,ZONE1,2025-11-06 23:00:00+00:00,2025-11-07 00:00:00+00:00,H
7440,ZONE1,2025-11-07 00:00:00+00:00,2025-11-07 01:00:00+00:00,H
7441,ZONE1,2025-11-07 01:00:00+00:00,2025-11-07 02:00:00+00:00,H
7442,ZONE1,2025-11-07 02:00:00+00:00,2025-11-07 03:00:00+00:00,H
7443,ZONE1,2025-11-07 03:00:00+00:00,2025-11-07 04:00:00+00:00,H
7444,ZONE1,2025-11-07 04:00:00+00:00,2025-11-07 05:00:00+00:00,H
7445,ZONE1,2025-11-07 05:00:00+00:00,2025-11-07 06:00:00+00:00,H
7446,ZONE1,2025-11-07 06:00:00+00:00,2025-11-07 07:00:00+00:00,H
7447,ZONE1,2025-11-07 07:00:00+00:00,2025-11-07 08:00:00+00:00,H
7448,ZONE1,2025-11-07 08:00:00+00:00,2025-11-07 09:00:00+00:00,H
7449,ZONE1,2025-11-07 09:00:00+00:00,2025-11-07 10:00:00+00:00,H
7450,ZONE1,2025-11-07 10:00:00+00:00,2025-11-07 11:00:00+00:00,H
7451,ZONE1,2025-11-07 11:00:00+00:00,2025-11-07 12:00:00+00:00,H
7452,ZONE1,2025-11-07 12:00:00+00:00,2025-11-07 13:00:00+00:00,H
7453,ZONE1,2025-11-07 13:00:00+00:00,2025-11-07 14:00:00+00:00,H
7454,ZONE1,2025-11-07 14:00:00+00:00,2025-11-07 15:00:00+00:00,H
7455,ZONE1,2025-11-07 15:00:00+00:00,2025-11-07 16:00:00+00:00,H
7456,ZONE1,2025-11-07 16:00:00+00:00,2025-11-07 17:00:00+00:00,H
7457,ZONE1,2025-11-07 17:00:00+00:00,2025-11-07 18:00:00+00:00,H
7458,ZONE1,2025-11-07 18:00:00+00:00,2025-11-07 19:00:00+00:00,H
7459,ZONE1,2025-11-07 19:00:00+00:00,2025-11-07 20:00:00+00:00,H
7460,ZONE1,2025-11-07 20:00:00+00:00,2025-11-07 21:00:00+00:00,H
7461,ZONE1,2025-11-07 21:00:00+00:00,2025-11-07 22:00:00+00:00,H
7462,ZONE1,2025-11-07 22:00:00+00:00,2025-11-07 23:00:00+00:00,H
7463,ZONE1,2025-11-07 23:00:00+00:00,2025-11-08 00:00:00+00:00,H
7464,ZONE1,2025-11-08 00:00:00+00:00,2025-11-08 01:00:00+00:00,H
7465,ZONE1,2025-11-08 01:00:00+00:00,2025-11-08 02:00:00+00:00,H
7466,ZONE1,2025-11-08 02:00:00+00:00,2025-11-08 03:00:00+00:00,H
7467,ZONE1,2025-11-08 03:00:00+00:00,2025-11-08 04:00:00+00:00,H
7468,ZONE1,2025-11-08 04:00:00+00:00,2025-11-08 05:00:00+00:00,H
7469,ZONE1,2025-11-08 05:00:00+00:00,2025-11-08 06:00:00+00:00,H
7470,ZONE1,2025-11-08 06:00:00+00:00,2025-11-08 07:00:00+00:00,H
7471,ZONE1,2025-11-08 07:00:00+00:00,2025-11-08 08:00:00+00:00,H
7472,ZONE1,2025-11-08 08:00:00+00:00,2025-11-08 09:00:00+00:00,H
7473,ZONE1,2025-11-08 09:00:00+00:00,2025-11-08 10:00:00+00:00,H
7474,ZONE1,2025-11-08 10:00:00+00:00,2025-11-08 11:00:00+00:00,H
7475,ZONE1,2025-11-08 11:00:00+00:00,2025-11-08 12:00:00+00:00,H
7476,ZONE1,2025-11-08 12:00:00+00:00,2025-11-08 13:00:00+00:00,H
7477,ZONE1,2025-11-08 13:00:00+00:00,2025-11-08 14:00:00+00:00,H
7478,ZONE1,2025-11-08 14:00:00+00:00,2025-11-08 15:00:00+00:00,H
7479,ZONE1,2025-11-08 15:00:00+00:00,2025-11-08 16:00:00+00:00,H
7480,ZONE1,2025-11-08 16:00:00+00:00,2025-11-08 17:00:00+00:00,H
7481,ZONE1,2025-11-08 17:00:00+00:00,2025-11-08 18:00:00+00:00,H
7482,ZONE1,2025-11-08 18:00:00+00:00,2025-11-08 19:00:00+00:00,H
7483,ZONE1,2025-11-08 19:00:00+00:00,2025-11-08 20:00:00+00:00,H
7484,ZONE1,2025-11-08 20:00:00+00:00,2025-11-08 21:00:00+00:00,H
7485,ZONE1,2025-11-08 21:00:00+00:00,2025-11-08 22:00:00+00:00,H
7486,ZONE1,2025-11-08 22:00:00+00:00,2025-11-08 23:00:00+00:00,H
7487,ZONE1,2025-11-08 23:00:00+00:00,2025-11-09 00:00:00+00:00,H
7488,ZONE1,2025-11-09 00:00:00+00:00,2025-11-09 01:00:00+00:00,H
7489,ZONE1,2025-11-09 01:00:00+00:00,2025-11-09 02:00:00+00:00,H
7490,ZONE1,2025-11-09 02:00:00+00:00,2025-11-09 03:00:00+00:00,H
7491,ZONE1,2025-11-09 03:00:00+00:00,2025-11-09 04:00:00+00:00,H
7492,ZONE1,2025-11-09 04:00:00+00:00,2025-11-09 05:00:00+00:00,H
7493,ZONE1,2025-11-09 05:00:00+00:00,2025-11-09 06:00:00+00:00,H
7494,ZONE1,2025-11-09 06:00:00+00:00,2025-11-09 07:00:00+00:00,H
7495,ZONE1,2025-11-09 07:00:00+00:00,2025-11-09 08:00:00+00:00,H
7496,ZONE1,2025-11-09 08:00:00+00:00,2025-11-09 09:00:00+00:00,H
7497,ZONE1,2025-11-09 09:00:00+00:00,2025-11-09 10:00:00+00:00,H
7498,ZONE1,2025-11-09 10:00:00+00:00,2025-11-09 11:00:00+00:00,H
7499,ZONE1,2025-11-09 11:00:00+00:00,2025-11-09 12:00:00+00:00,H
7500,ZONE1,2025-11-09 12:00:00+00:00,2025-11-09 13:00:00+00:00,H
7501,ZONE1,2025-11-09 13:00:00+00:00,2025-11-09 14:00:00+00:00,H
7502,ZONE1,2025-11-09 14:00:00+00:00,2025-11-09 15:00:00+00:00,H
7503,ZONE1,2025-11-09 15:00:00+00:00,2025-11-09 16:00:00+00:00,H
7504,ZONE1,2025-11-09 16:00:00+00:00,2025-11-09 17:00:00+00:00,H
7505,ZONE1,2025-11-09 17:00:00+00:00,2025-11-09 18:00:00+00:00,H
7506,ZONE1,2025-11-09 18:00:00+00:00,2025-11-09 19:00:00+00:00,H
7507,ZONE1,2025-11-09 19:00:00+00:00,2025-11-09 20:00:00+00:00,H
7508,ZONE1,2025-11-09 20:00:00+00:00,2025-11-09 21:00:00+00:00,H
7509,ZONE1,2025-11-09 21:00:00+00:00,2025-11-09 22:00:00+00:00,H
7510,ZONE1,2025-11-09 22:00:00+00:00,2025-11-09 23:00:00+00:00,H
7511,ZONE1,2025-11-09 23:00:00+00:00,2025-11-10 00:00:00+00:00,H
7512,ZONE1,2025-11-10 00:00:00+00:00,2025-11-10 01:00:00+00:00,H
7513,ZONE1,2025-11-10 01:00:00+00:00,2025-11-10 02:00:00+00:00,H
7514,ZONE1,2025-11-10 02:00:00+00:00,2025-11-10 03:00:00+00:00,H
7515,ZONE1,2025-11-10 03:00:00+00:00,2025-11-10 04:00:00+00:00,H
7516,ZONE1,2025-11-10 04:00:00+00:00,2025-11-10 05:00:00+00:00,H
7517,ZONE1,2025-11-10 05:00:00+00:00,2025-11-10 06:00:00+00:00,H
7518,ZONE1,2025-11-10 06:00:00+00:00,2025-11-10 07:00:00+00:00,H
7519,ZONE1,2025-11-10 07:00:00+00:00,2025-11-10 08:00:00+00:00,H
7520,ZONE1,2025-11-10 08:00:00+00:00,2025-11-10 09:00:00+00:00,H
7521,ZONE1,2025-11-10 09:00:00+00:00,2025-11-10 10:00:00+00:00,H
7522,ZONE1,2025-11-10 10:00:00+00:00,2025-11-10 11:00:00+00:00,H
7523,ZONE1,2025-11-10 11:00:00+00:00,2025-11-10 12:00:00+00:00,H
7524,ZONE1,2025-11-10 12:00:00+00:00,2025-11-10 13:00:00+00:00,H
7525,ZONE1,2025-11-10 13:00:00+00:00,2025-11-10 14:00:00+00:00,H
7526,ZONE1,2025-11-10 14:00:00+00:00,2025-11-10 15:00:00+00:00,H
7527,ZONE1,2025-11-10 15:00:00+00:00,2025-11-10 16:00:00+00:00,H
7528,ZONE1,2025-11-10 16:00:00+00:00,2025-11-10 17:00:00+00:00,H
7529,ZONE1,2025-11-10 17:00:00+00:00,2025-11-10 18:00:00+00:00,H
7530,ZONE1,2025-11-10 18:00:00+00:00,2025-11-10 19:00:00+00:00,H
7531,ZONE1,2025-11-10 19:00:00+00:00,2025-11-10 20:00:00+00:00,H
7532,ZONE1,2025-11-10 20:00:00+00:00,2025-11-10 21:00:00+00:00,H
7533,ZONE1,2025-11-10 21:00:00+00:00,2025-11-10 22:00:00+00:00,H
7534,ZONE1,2025-11-10 22:00:00+00:00,2025-11-10 23:00:00+00:00,H
7535,ZONE1,2025-11-10 23:00:00+00:00,2025-11-11 00:00:00+00:00,H
7536,ZONE1,2025-11-11 00:00:00+00:00,2025-11-11 01:00:00+00:00,H
7537,ZONE1,2025-11-11 01:00:00+00:00,2025-11-11 02:00:00+00:00,H
7538,ZONE1,2025-11-11 02:00:00+00:00,2025-11-11 03:00:00+00:00,H
7539,ZONE1,2025-11-11 03:00:00+00:00,2025-11-11 04:00:00+00:00,H
7540,ZONE1,2025-11-11 04:00:00+00:00,2025-11-11 05:00:00+00:00,H
7541,ZONE1,2025-11-11 05:00:00+00:00,2025-11-11 06:00:00+00:00,H
7542,ZONE1,2025-11-11 06:00:00+00:00,2025-11-11 07:00:00+00:00,H
7543,ZONE1,2025-11-11 07:00:00+00:00,2025-11-11 08:00:00+00:00,H
7544,ZONE1,2025-11-11 08:00:00+00:00,2025-11-11 09:00:00+00:00,H
7545,ZONE1,2025-11-11 09:00:00+00:00,2025-11-11 10:00:00+00:00,H
7546,ZONE1,2025-11-11 10:00:00+00:00,2025-11-11 11:00:00+00:00,H
7547,ZONE1,2025-11-11 11:00:00+00:00,2025-11-11 12:00:00+00:00,H
7548,ZONE1,2025-11-11 12:00:00+00:00,2025-11-11 13:00:00+00:00,H
7549,ZONE1,2025-11-11 13:00:00+00:00,2025-11-11 14:00:00+00:00,H
7550,ZONE1,2025-11-11 14:00:00+00:00,2025-11-11 15:00:00+00:00,H
7551,ZONE1,2025-11-11 15:00:00+00:00,2025-11-11 16:00:00+00:00,H
7552,ZONE1,2025-11-11 16:00:00+00:00,2025-11-11 17:00:00+00:00,H
7553,ZONE1,2025-11-11 17:00:00+00:00,2025-11-11 18:00:00+00:00,H
7554,ZONE1,2025-11-11 18:00:00+00:00,2025-11-11 19:00:00+00:00,H
7555,ZONE1,2025-11-11 19:00:00+00:00,2025-11-11 20:00:00+00:00,H
7556,ZONE1,2025-11-11 20:00:00+00:00,2025-11-11 21:00:00+00:00,H
7557,ZONE1,2025-11-11 21:00:00+00:00,2025-11-11 22:00:00+00:00,H
7558,ZONE1,2025-11-11 22:00:00+00:00,2025-11-11 23:00:00+00:00,H
7559,ZONE1,2025-11-11 23:00:00+00:00,2025-11-12 00:00:00+00:00,H
7560,ZONE1,2025-11-12 00:00:00+00:00,2025-11-12 01:00:00+00:00,H
7561,ZONE1,2025-11-12 01:00:00+00:00,2025-11-12 02:00:00+00:00,H
7562,ZONE1,2025-11-12 02:00:00+00:00,2025-11-12 03:00:00+00:00,H
7563,ZONE1,2025-11-12 03:00:00+00:00,2025-11-12 04:00:00+00:00,H
7564,ZONE1,2025-11-12 04:00:00+00:00,2025-11-12 05:00:00+00:00,H
7565,ZONE1,2025-11-12 05:00:00+00:00,2025-11-12 06:00:00+00:00,H
7566,ZONE1,2025-11-12 06:00:00+00:00,2025-11-12 07:00:00+00:00,H
7567,ZONE1,2025-11-12 07:00:00+00:00,2025-11-12 08:00:00+00:00,H
7568,ZONE1,2025-11-12 08:00:00+00:00,2025-11-12 09:00:00+00:00,H
7569,ZONE1,2025-11-12 09:00:00+00:00,2025-11-12 10:00:00+00:00,H
7570,ZONE1,2025-11-12 10:00:00+00:00,2025-11-12 11:00:00+00:00,H
7571,ZONE1,2025-11-12 11:00:00+00:00,2025-11-12 12:00:00+00:00,H
7572,ZONE1,2025-11-12 12:00:00+00:00,2025-11-12 13:00:00+00:00,H
7573,ZONE1,2025-11-12 13:00:00+00:00,2025-11-12 14:00:00+00:00,H
7574,ZONE1,2025-11-12 14:00:00+00:00,2025-11-12 15:00:00+00:00,H
7575,ZONE1,2025-11-12 15:00:00+00:00,2025-11-12 16:00:00+00:00,H
7576,ZONE1,2025-11-12 16:00:00+00:00,2025-11-12 17:00:00+00:00,H
7577,ZONE1,2025-11-12 17:00:00+00:00,2025-11-12 18:00:00+00:00,H
7578,ZONE1,2025-11-12 18:00:00+00:00,2025-11-12 19:00:00+00:00,H
7579,ZONE1,2025-11-12 19:00:00+00:00,2025-11-12 20:00:00+00:00,H
7580,ZONE1,2025-11-12 20:00:00+00:00,2025-11-12 21:00:00+00:00,H
7581,ZONE1,2025-11-12 21:00:00+00:00,2025-11-12 22:00:00+00:00,H
7582,ZONE1,2025-11-12 22:00:00+00:00,2025-11-12 23:00:00+00:00,H
7583,ZONE1,2025-11-12 23:00:00+00:00,2025-11-13 00:00:00+00:00,H
7584,ZONE1,2025-11-13 00:00:00+00:00,2025-11-13 01:00:00+00:00,H
7585,ZONE1,2025-11-13 01:00:00+00:00,2025-11-13 02:00:00+00:00,H
7586,ZONE1,2025-11-13 02:00:00+00:00,2025-11-13 03:00:00+00:00,H
7587,ZONE1,2025-11-13 03:00:00+00:00,2025-11-13 04:00:00+00:00,H
7588,ZONE1,2025-11-13 04:00:00+00:00,2025-11-13 05:00:00+00:00,H
7589,ZONE1,2025-11-13 05:00:00+00:00,2025-11-13 06:00:00+00:00,H
7590,ZONE1,2025-11-13 06:00:00+00:00,2025-11-13 07:00:00+00:00,H
7591,ZONE1,2025-11-13 07:00:00+00:00,2025-11-13 08:00:00+00:00,H
7592,ZONE1,2025-11-13 08:00:00+00:00,2025-11-13 09:00:00+00:00,H
7593,ZONE1,2025-11-13 09:00:00+00:00,2025-11-13 10:00:00+00:00,H
7594,ZONE1,2025-11-13 10:00:00+00:00,2025-11-13 11:00:00+00:00,H
7595,ZONE1,2025-11-13 11:00:00+00:00,2025-11-13 12:00:00+00:00,H
7596,ZONE1,2025-11-13 12:00:00+00:00,2025-11-13 13:00:00+00:00,H
7597,ZONE1,2025-11-13 13:00:00+00:00,2025-11-13 14:00:00+00:00,H
7598,ZONE1,2025-11-13 14:00:00+00:00,2025-11-13 15:00:00+00:00,H
7599,ZONE1,2025-11-13 15:00:00+00:00,2025-11-13 16:00:00+00:00,H
7600,ZONE1,2025-11-13 16:00:00+00:00,2025-11-13 17:00:00+00:00,H
7601,ZONE1,2025-11-13 17:00:00+00:00,2025-11-13 18:00:00+00:00,H
7602,ZONE1,2025-11-13 18:00:00+00:00,2025-11-13 19:00:00+00:00,H
7603,ZONE1,2025-11-13 19:00:00+00:00,2025-11-13 20:00:00+00:00,H
7604,ZONE1,2025-11-13 20:00:00+00:00,2025-11-13 21:00:00+00:00,H
7605,ZONE1,2025-11-13 21:00:00+00:00,2025-11-13 22:00:00+00:00,H
7606,ZONE1,2025-11-13 22:00:00+00:00,2025-11-13 23:00:00+00:00,H
7607,ZONE1,2025-11-13 23:00:00+00:00,2025-11-14 00:00:00+00:00,H
7608,ZONE1,2025-11-14 00:00:00+00:00,2025-11-14 01:00:00+00:00,H
7609,ZONE1,2025-11-14 01:00:00+00:00,2025-11-14 02:00:00+00:00,H
7610,ZONE1,2025-11-14 02:00:00+00:00,2025-11-14 03:00:00+00:00,H
7611,ZONE1,2025-11-14 03:00:00+00:00,2025-11-14 04:00:00+00:00,H
7612,ZONE1,2025-11-14 04:00:00+00:00,2025-11-14 05:00:00+00:00,H
7613,ZONE1,2025-11-14 05:00:00+00:00,2025-11-14 06:00:00+00:00,H
7614,ZONE1,2025-11-14 06:00:00+00:00,2025-11-14 07:00:00+00:00,H
7615,ZONE1,2025-11-14 07:00:00+00:00,2025-11-14 08:00:00+00:00,H
7616,ZONE1,2025-11-14 08:00:00+00:00,2025-11-14 09:00:00+00:00,H
7617,ZONE1,2025-11-14 09:00:00+00:00,2025-11-14 10:00:00+00:00,H
7618,ZONE1,2025-11-14 10:00:00+00:00,2025-11-14 11:00:00+00:00,H
7619,ZONE1,2025-11-14 11:00:00+00:00,2025-11-14 12:00:00+00:00,H
7620,ZONE1,2025-11-14 12:00:00+00:00,2025-11-14 13:00:00+00:00,H
7621,ZONE1,2025-11-14 13:00:00+00:00,2025-11-14 14:00:00+00:00,H
7622,ZONE1,2025-11-14 14:00:00+00:00,2025-11-14 15:00:00+00:00,H
7623,ZONE1,2025-11-14 15:00:00+00:00,2025-11-14 16:00:00+00:00,H
7624,ZONE1,2025-11-14 16:00:00+00:00,2025-11-14 17:00:00+00:00,H
7625,ZONE1,2025-11-14 17:00:00+00:00,2025-11-14 18:00:00+00:00,H
7626,ZONE1,2025-11-14 18:00:00+00:00,2025-11-14 19:00:00+00:00,H
7627,ZONE1,2025-11-14 19:00:00+00:00,2025-11-14 20:00:00+00:00,H
7628,ZONE1,2025-11-14 20:00:00+00:00,2025-11-14 21:00:00+00:00,H
7629,ZONE1,2025-11-14 21:00:00+00:00,2025-11-14 22:00:00+00:00,H
7630,ZONE1,2025-11-14 22:00:00+00:00,2025-11-14 23:00:00+00:00,H
7631,ZONE1,2025-11-14 23:00:00+00:00,2025-11-15 00:00:00+00:00,H
7632,ZONE1,2025-11-15 00:00:00+00:00,2025-11-15 01:00:00+00:00,H
7633,ZONE1,2025-11-15 01:00:00+00:00,2025-11-15 02:00:00+00:00,H
7634,ZONE1,2025-11-15 02:00:00+00:00,2025-11-15 03:00:00+00:00,H
7635,ZONE1,2025-11-15 03:00:00+00:00,2025-11-15 04:00:00+00:00,H
7636,ZONE1,2025-11-15 04:00:00+00:00,2025-11-15 05:00:00+00:00,H
7637,ZONE1,2025-11-15 05:00:00+00:00,2025-11-15 06:00:00+00:00,H
7638,ZONE1,2025-11-15 06:00:00+00:00,2025-11-15 07:00:00+00:00,H
7639,ZONE1,2025-11-15 07:00:00+00:00,2025-11-15 08:00:00+00:00,H
7640,ZONE1,2025-11-15 08:00:00+00:00,2025-11-15 09:00:00+00:00,H
7641,ZONE1,2025-11-15 09:00:00+00:00,2025-11-15 10:00:00+00:00,H
7642,ZONE1,2025-11-15 10:00:00+00:00,2025-11-15 11:00:00+00:00,H
7643,ZONE1,2025-11-15 11:00:00+00:00,2025-11-15 12:00:00+00:00,H
7644,ZONE1,2025-11-15 12:00:00+00:00,2025-11-15 13:00:00+00:00,H
7645,ZONE1,2025-11-15 13:00:00+00:00,2025-11-15 14:00:00+00:00,H
7646,ZONE1,2025-11-15 14:00:00+00:00,2025-11-15 15:00:00+00:00,H
7647,ZONE1,2025-11-15 15:00:00+00:00,2025-11-15 16:00:00+00:00,H
7648,ZONE1,2025-11-15 16:00:00+00:00,2025-11-15 17:00:00+00:00,H
7649,ZONE1,2025-11-15 17:00:00+00:00,2025-11-15 18:00:00+00:00,H
7650,ZONE1,2025-11-15 18:00:00+00:00,2025-11-15 19:00:00+00:00,H
7651,ZONE1,2025-11-15 19:00:00+00:00,2025-11-15 20:00:00+00:00,H
7652,ZONE1,2025-11-15 20:00:00+00:00,2025-11-15 21:00:00+00:00,H
7653,ZONE1,2025-11-15 21:00:00+00:00,2025-11-15 22:00:00+00:00,H
7654,ZONE1,2025-11-15 22:00:00+00:00,2025-11-15 23:00:00+00:00,H
7655,ZONE1,2025-11-15 23:00:00+00:00,2025-11-16 00:00:00+00:00,H
7656,ZONE1,2025-11-16 00:00:00+00:00,2025-11-16 01:00:00+00:00,H
7657,ZONE1,2025-11-16 01:00:00+00:00,2025-11-16 02:00:00+00:00,H
7658,ZONE1,2025-11-16 02:00:00+00:00,2025-11-16 03:00:00+00:00,H
7659,ZONE1,2025-11-16 03:00:00+00:00,2025-11-16 04:00:00+00:00,H
7660,ZONE1,2025-11-16 04:00:00+00:00,2025-11-16 05:00:00+00:00,H
7661,ZONE1,2025-11-16 05:00:00+00:00,2025-11-16 06:00:00+00:00,H
7662,ZONE1,2025-11-16 06:00:00+00:00,2025-11-16 07:00:00+00:00,H
7663,ZONE1,2025-11-16 07:00:00+00:00,2025-11-16 08:00:00+00:00,H
7664,ZONE1,2025-11-16 08:00:00+00:00,2025-11-16 09:00:00+00:00,H
7665,ZONE1,2025-11-16 09:00:00+00:00,2025-11-16 10:00:00+00:00,H
7666,ZONE1,2025-11-16 10:00:00+00:00,2025-11-16 11:00:00+00:00,H
7667,ZONE1,2025-11-16 11:00:00+00:00,2025-11-16 12:00:00+00:00,H
7668,ZONE1,2025-11-16 12:00:00+00:00,2025-11-16 13:00:00+00:00,H
7669,ZONE1,2025-11-16 13:00:00+00:00,2025-11-16 14:00:00+00:00,H
7670,ZONE1,2025-11-16 14:00:00+00:00,2025-11-16 15:00:00+00:00,H
7671,ZONE1,2025-11-16 15:00:00+00:00,2025-11-16 16:00:00+00:00,H
7672,ZONE1,2025-11-16 16:00:00+00:00,2025-11-16 17:00:00+00:00,H
7673,ZONE1,2025-11-16 17:00:00+00:00,2025-11-16 18:00:00+00:00,H
7674,ZONE1,2025-11-16 18:00:00+00:00,2025-11-16 19:00:00+00:00,H
7675,ZONE1,2025-11-16 19:00:00+00:00,2025-11-16 20:00:00+00:00,H
7676,ZONE1,2025-11-16 20:00:00+00:00,2025-11-16 21:00:00+00:00,H
7677,ZONE1,2025-11-16 21:00:00+00:00,2025-11-16 22:00:00+00:00,H
7678,ZONE1,2025-11-16 22:00:00+00:00,2025-11-16 23:00:00+00:00,H
7679,ZONE1,2025-11-16 23:00:00+00:00,2025-11-17 00:00:00+00:00,H
7680,ZONE1,2025-11-17 00:00:00+00:00,2025-11-17 01:00:00+00:00,H
7681,ZONE1,2025-11-17 01:00:00+00:00,2025-11-17 02:00:00+00:00,H
7682,ZONE1,2025-11-17 02:00:00+00:00,2025-11-17 03:00:00+00:00,H
7683,ZONE1,2025-11-17 03:00:00+00:00,2025-11-17 04:00:00+00:00,H
7684,ZONE1,2025-11-17 04:00:00+00:00,2025-11-17 05:00:00+00:00,H
7685,ZONE1,2025-11-17 05:00:00+00:00,2025-11-17 06:00:00+00:00,H
7686,ZONE1,2025-11-17 06:00:00+00:00,2025-11-17 07:00:00+00:00,H
7687,ZONE1,2025-11-17 07:00:00+00:00,2025-11-17 08:00:00+00:00,H
7688,ZONE1,2025-11-17 08:00:00+00:00,2025-11-17 09:00:00+00:00,H
7689,ZONE1,2025-11-17 09:00:00+00:00,2025-11-17 10:00:00+00:00,H
7690,ZONE1,2025-11-17 10:00:00+00:00,2025-11-17 11:00:00+00:00,H
7691,ZONE1,2025-11-17 11:00:00+00:00,2025-11-17 12:00:00+00:00,H
7692,ZONE1,2025-11-17 12:00:00+00:00,2025-11-17 13:00:00+00:00,H
7693,ZONE1,2025-11-17 13:00:00+00:00,2025-11-17 14:00:00+00:00,H
7694,ZONE1,2025-11-17 14:00:00+00:00,2025-11-17 15:00:00+00:00,H
7695,ZONE1,2025-11-17 15:00:00+00:00,2025-11-17 16:00:00+00:00,H
7696,ZONE1,2025-11-17 16:00:00+00:00,2025-11-17 17:00:00+00:00,H
7697,ZONE1,2025-11-17 17:00:00+00:00,2025-11-17 18:00:00+00:00,H
7698,ZONE1,2025-11-17 18:00:00+00:00,2025-11-17 19:00:00+00:00,H
7699,ZONE1,2025-11-17 19:00:00+00:00,2025-11-17 20:00:00+00:00,H
7700,ZONE1,2025-11-17 20:00:00+00:00,2025-11-17 21:00:00+00:00,H
7701,ZONE1,2025-11-17 21:00:00+00:00,2025-11-17 22:00:00+00:00,H
7702,ZONE1,2025-11-17 22:00:00+00:00,2025-11-17 23:00:00+00:00,H
7703,ZONE1,2025-11-17 23:00:00+00:00,2025-11-18 00:00:00+00:00,H
7704,ZONE1,2025-11-18 00:00:00+00:00,2025-11-18 01:00:00+00:00,H
7705,ZONE1,2025-11-18 01:00:00+00:00,2025-11-18 02:00:00+00:00,H
7706,ZONE1,2025-11-18 02:00:00+00:00,2025-11-18 03:00:00+00:00,H
7707,ZONE1,2025-11-18 03:00:00+00:00,2025-11-18 04:00:00+00:00,H
7708,ZONE1,2025-11-18 04:00:00+00:00,2025-11-18 05:00:00+00:00,H
7709,ZONE1,2025-11-18 05:00:00+00:00,2025-11-18 06:00:00+00:00,H
7710,ZONE1,2025-11-18 06:00:00+00:00,2025-11-18 07:00:00+00:00,H
7711,ZONE1,2025-11-18 07:00:00+00:00,2025-11-18 08:00:00+00:00,H
7712,ZONE1,2025-11-18 08:00:00+00:00,2025-11-18 09:00:00+00:00,H
7713,ZONE1,2025-11-18 09:00:00+00:00,2025-11-18 10:00:00+00:00,H
7714,ZONE1,2025-11-18 10:00:00+00:00,2025-11-18 11:00:00+00:00,H
7715,ZONE1,2025-11-18 11:00:00+00:00,2025-11-18 12:00:00+00:00,H
7716,ZONE1,2025-11-18 12:00:00+00:00,2025-11-18 13:00:00+00:00,H
7717,ZONE1,2025-11-18 13:00:00+00:00,2025-11-18 14:00:00+00:00,H
7718,ZONE1,2025-11-18 14:00:00+00:00,2025-11-18 15:00:00+00:00,H
7719,ZONE1,2025-11-18 15:00:00+00:00,2025-11-18 16:00:00+00:00,H
7720,ZONE1,2025-11-18 16:00:00+00:00,2025-11-18 17:00:00+00:00,H
7721,ZONE1,2025-11-18 17:00:00+00:00,2025-11-18 18:00:00+00:00,H
7722,ZONE1,2025-11-18 18:00:00+00:00,2025-11-18 19:00:00+00:00,H
7723,ZONE1,2025-11-18 19:00:00+00:00,2025-11-18 20:00:00+00:00,H
7724,ZONE1,2025-11-18 20:00:00+00:00,2025-11-18 21:00:00+00:00,H
7725,ZONE1,2025-11-18 21:00:00+00:00,2025-11-18 22:00:00+00:00,H
7726,ZONE1,2025-11-18 22:00:00+00:00,2025-11-18 23:00:00+00:00,H
7727,ZONE1,2025-11-18 23:00:00+00:00,2025-11-19 00:00:00+00:00,H
7728,ZONE1,2025-11-19 00:00:00+00:00,2025-11-19 01:00:00+00:00,H
7729,ZONE1,2025-11-19 01:00:00+00:00,2025-11-19 02:00:00+00:00,H
7730,ZONE1,2025-11-19 02:00:00+00:00,2025-11-19 03:00:00+00:00,H
7731,ZONE1,2025-11-19 03:00:00+00:00,2025-11-19 04:00:00+00:00,H
7732,ZONE1,2025-11-19 04:00:00+00:00,2025-11-19 05:00:00+00:00,H
7733,ZONE1,2025-11-19 05:00:00+00:00,2025-11-19 06:00:00+00:00,H
7734,ZONE1,2025-11-19 06:00:00+00:00,2025-11-19 07:00:00+00:00,H
7735,ZONE1,2025-11-19 07:00:00+00:00,2025-11-19 08:00:00+00:00,H
7736,ZONE1,2025-11-19 08:00:00+00:00,2025-11-19 09:00:00+00:00,H
7737,ZONE1,2025-11-19 09:00:00+00:00,2025-11-19 10:00:00+00:00,H
7738,ZONE1,2025-11-19 10:00:00+00:00,2025-11-19 11:00:00+00:00,H
7739,ZONE1,2025-11-19 11:00:00+00:00,2025-11-19 12:00:00+00:00,H
7740,ZONE1,2025-11-19 12:00:00+00:00,2025-11-19 13:00:00+00:00,H
7741,ZONE1,2025-11-19 13:00:00+00:00,2025-11-19 14:00:00+00:00,H
7742,ZONE1,2025-11-19 14:00:00+00:00,2025-11-19 15:00:00+00:00,H
7743,ZONE1,2025-11-19 15:00:00+00:00,2025-11-19 16:00:00+00:00,H
7744,ZONE1,2025-11-19 16:00:00+00:00,2025-11-19 17:00:00+00:00,H
7745,ZONE1,2025-11-19 17:00:00+00:00,2025-11-19 18:00:00+00:00,H
7746,ZONE1,2025-11-19 18:00:00+00:00,2025-11-19 19:00:00+00:00,H
7747,ZONE1,2025-11-19 19:00:00+00:00,2025-11-19 20:00:00+00:00,H
7748,ZONE1,2025-11-19 20:00:00+00:00,2025-11-19 21:00:00+00:00,H
7749,ZONE1,2025-11-19 21:00:00+00:00,2025-11-19 22:00:00+00:00,H
7750,ZONE1,2025-11-19 22:00:00+00:00,2025-11-19 23:00:00+00:00,H
7751,ZONE1,2025-11-19 23:00:00+00:00,2025-11-20 00:00:00+00:00,H
7752,ZONE1,2025-11-20 00:00:00+00:00,2025-11-20 01:00:00+00:00,H
7753,ZONE1,2025-11-20 01:00:00+00:00,2025-11-20 02:00:00+00:00,H
7754,ZONE1,2025-11-20 02:00:00+00:00,2025-11-20 03:00:00+00:00,H
7755,ZONE1,2025-11-20 03:00:00+00:00,2025-11-20 04:00:00+00:00,H
7756,ZONE1,2025-11-20 04:00:00+00:00,2025-11-20 05:00:00+00:00,H
7757,ZONE1,2025-11-20 05:00:00+00:00,2025-11-20 06:00:00+00:00,H
7758,ZONE1,2025-11-20 06:00:00+00:00,2025-11-20 07:00:00+00:00,H
7759,ZONE1,2025-11-20 07:00:00+00:00,2025-11-20 08:00:00+00:00,H
7760,ZONE1,2025-11-20 08:00:00+00:00,2025-11-20 09:00:00+00:00,H
7761,ZONE1,2025-11-20 09:00:00+00:00,2025-11-20 10:00:00+00:00,H
7762,ZONE1,2025-11-20 10:00:00+00:00,2025-11-20 11:00:00+00:00,H
7763,ZONE1,2025-11-20 11:00:00+00:00,2025-11-20 12:00:00+00:00,H
7764,ZONE1,2025-11-20 12:00:00+00:00,2025-11-20 13:00:00+00:00,H
7765,ZONE1,2025-11-20 13:00:00+00:00,2025-11-20 14:00:00+00:00,H
7766,ZONE1,2025-11-20 14:00:00+00:00,2025-11-20 15:00:00+00:00,H
7767,ZONE1,2025-11-20 15:00:00+00:00,2025-11-20 16:00:00+00:00,H
7768,ZONE1,2025-11-20 16:00:00+00:00,2025-11-20 17:00:00+00:00,H
7769,ZONE1,2025-11-20 17:00:00+00:00,2025-11-20 18:00:00+00:00,H
7770,ZONE1,2025-11-20 18:00:00+00:00,2025-11-20 19:00:00+00:00,H
7771,ZONE1,2025-11-20 19:00:00+00:00,2025-11-20 20:00:00+00:00,H
7772,ZONE1,2025-11-20 20:00:00+00:00,2025-11-20 21:00:00+00:00,H
7773,ZONE1,2025-11-20 21:00:00+00:00,2025-11-20 22:00:00+00:00,H
7774,ZONE1,2025-11-20 22:00:00+00:00,2025-11-20 23:00:00+00:00,H
7775,ZONE1,2025-11-20 23:00:00+00:00,2025-11-21 00:00:00+00:00,H
7776,ZONE1,2025-11-21 00:00:00+00:00,2025-11-21 01:00:00+00:00,H
7777,ZONE1,2025-11-21 01:00:00+00:00,2025-11-21 02:00:00+00:00,H
7778,ZONE1,2025-11-21 02:00:00+00:00,2025-11-21 03:00:00+00:00,H
7779,ZONE1,2025-11-21 03:00:00+00:00,2025-11-21 04:00:00+00:00,H
7780,ZONE1,2025-11-21 04:00:00+00:00,2025-11-21 05:00:00+00:00,H
7781,ZONE1,2025-11-21 05:00:00+00:00,2025-11-21 06:00:00+00:00,H
7782,ZONE1,2025-11-21 06:00:00+00:00,2025-11-21 07:00:00+00:00,H
7783,ZONE1,2025-11-21 07:00:00+00:00,2025-11-21 08:00:00+00:00,H
7784,ZONE1,2025-11-21 08:00:00+00:00,2025-11-21 09:00:00+00:00,H
7785,ZONE1,2025-11-21 09:00:00+00:00,2025-11-21 10:00:00+00:00,H
7786,ZONE1,2025-11-21 10:00:00+00:00,2025-11-21 11:00:00+00:00,H
7787,ZONE1,2025-11-21 11:00:00+00:00,2025-11-21 12:00:00+00:00,H
7788,ZONE1,2025-11-21 12:00:00+00:00,2025-11-21 13:00:00+00:00,H
7789,ZONE1,2025-11-21 13:00:00+00:00,2025-11-21 14:00:00+00:00,H
7790,ZONE1,2025-11-21 14:00:00+00:00,2025-11-21 15:00:00+00:00,H
7791,ZONE1,2025-11-21 15:00:00+00:00,2025-11-21 16:00:00+00:00,H
7792,ZONE1,2025-11-21 16:00:00+00:00,2025-11-21 17:00:00+00:00,H
7793,ZONE1,2025-11-21 17:00:00+00:00,2025-11-21 18:00:00+00:00,H
7794,ZONE1,2025-11-21 18:00:00+00:00,2025-11-21 19:00:00+00:00,H
7795,ZONE1,2025-11-21 19:00:00+00:00,2025-11-21 20:00:00+00:00,H
7796,ZONE1,2025-11-21 20:00:00+00:00,2025-11-21 21:00:00+00:00,H
7797,ZONE1,2025-11-21 21:00:00+00:00,2025-11-21 22:00:00+00:00,H
7798,ZONE1,2025-11-21 22:00:00+00:00,2025-11-21 23:00:00+00:00,H
7799,ZONE1,2025-11-21 23:00:00+00:00,2025-11-22 00:00:00+00:00,H
7800,ZONE1,2025-11-22 00:00:00+00:00,2025-11-22 01:00:00+00:00,H
7801,ZONE1,2025-11-22 01:00:00+00:00,2025-11-22 02:00:00+00:00,H
7802,ZONE1,2025-11-22 02:00:00+00:00,2025-11-22 03:00:00+00:00,H
7803,ZONE1,2025-11-22 03:00:00+00:00,2025-11-22 04:00:00+00:00,H
7804,ZONE1,2025-11-22 04:00:00+00:00,2025-11-22 05:00:00+00:00,H
7805,ZONE1,2025-11-22 05:00:00+00:00,2025-11-22 06:00:00+00:00,H
7806,ZONE1,2025-11-22 06:00:00+00:00,2025-11-22 07:00:00+00:00,H
7807,ZONE1,2025-11-22 07:00:00+00:00,2025-11-22 08:00:00+00:00,H
7808,ZONE1,2025-11-22 08:00:00+00:00,2025-11-22 09:00:00+00:00,H
7809,ZONE1,2025-11-22 09:00:00+00:00,2025-11-22 10:00:00+00:00,H
7810,ZONE1,2025-11-22 10:00:00+00:00,2025-11-22 11:00:00+00:00,H
7811,ZONE1,2025-11-22 11:00:00+00:00,2025-11-22 12:00:00+00:00,H
7812,ZONE1,2025-11-22 12:00:00+00:00,2025-11-22 13:00:00+00:00,H
7813,ZONE1,2025-11-22 13:00:00+00:00,2025-11-22 14:00:00+00:00,H
7814,ZONE1,2025-11-22 14:00:00+00:00,2025-11-22 15:00:00+00:00,H
7815,ZONE1,2025-11-22 15:00:00+00:00,2025-11-22 16:00:00+00:00,H
7816,ZONE1,2025-11-22 16:00:00+00:00,2025-11-22 17:00:00+00:00,H
7817,ZONE1,2025-11-22 17:00:00+00:00,2025-11-22 18:00:00+00:00,H
7818,ZONE1,2025-11-22 18:00:00+00:00,2025-11-22 19:00:00+00:00,H
7819,ZONE1,2025-11-22 19:00:00+00:00,2025-11-22 20:00:00+00:00,H
7820,ZONE1,2025-11-22 20:00:00+00:00,2025-11-22 21:00:00+00:00,H
7821,ZONE1,2025-11-22 21:00:00+00:00,2025-11-22 22:00:00+00:00,H
7822,ZONE1,2025-11-22 22:00:00+00:00,2025-11-22 23:00:00+00:00,H
7823,ZONE1,2025-11-22 23:00:00+00:00,2025-11-23 00:00:00+00:00,H
7824,ZONE1,2025-11-23 00:00:00+00:00,2025-11-23 01:00:00+00:00,H
7825,ZONE1,2025-11-23 01:00:00+00:00,2025-11-23 02:00:00+00:00,H
7826,ZONE1,2025-11-23 02:00:00+00:00,2025-11-23 03:00:00+00:00,H
7827,ZONE1,2025-11-23 03:00:00+00:00,2025-11-23 04:00:00+00:00,H
7828,ZONE1,2025-11-23 04:00:00+00:00,2025-11-23 05:00:00+00:00,H
7829,ZONE1,2025-11-23 05:00:00+00:00,2025-11-23 06:00:00+00:00,H
7830,ZONE1,2025-11-23 06:00:00+00:00,2025-11-23 07:00:00+00:00,H
7831,ZONE1,2025-11-23 07:00:00+00:00,2025-11-23 08:00:00+00:00,H
7832,ZONE1,2025-11-23 08:00:00+00:00,2025-11-23 09:00:00+00:00,H
7833,ZONE1,2025-11-23 09:00:00+00:00,2025-11-23 10:00:00+00:00,H
7834,ZONE1,2025-11-23 10:00:00+00:00,2025-11-23 11:00:00+00:00,H
7835,ZONE1,2025-11-23 11:00:00+00:00,2025-11-23 12:00:00+00:00,H
7836,ZONE1,2025-11-23 12:00:00+00:00,2025-11-23 13:00:00+00:00,H
7837,ZONE1,2025-11-23 13:00:00+00:00,2025-11-23 14:00:00+00:00,H
7838,ZONE1,2025-11-23 14:00:00+00:00,2025-11-23 15:00:00+00:00,H
7839,ZONE1,2025-11-23 15:00:00+00:00,2025-11-23 16:00:00+00:00,H
7840,ZONE1,2025-11-23 16:00:00+00:00,2025-11-23 17:00:00+00:00,H
7841,ZONE1,2025-11-23 17:00:00+00:00,2025-11-23 18:00:00+00:00,H
7842,ZONE1,2025-11-23 18:00:00+00:00,2025-11-23 19:00:00+00:00,H
7843,ZONE1,2025-11-23 19:00:00+00:00,2025-11-23 20:00:00+00:00,H
7844,ZONE1,2025-11-23 20:00:00+00:00,2025-11-23 21:00:00+00:00,H
7845,ZONE1,2025-11-23 21:00:00+00:00,2025-11-23 22:00:00+00:00,H
7846,ZONE1,2025-11-23 22:00:00+00:00,2025-11-23 23:00:00+00:00,H
7847,ZONE1,2025-11-23 23:00:00+00:00,2025-11-24 00:00:00+00:00,H
7848,ZONE1,2025-11-24 00:00:00+00:00,2025-11-24 01:00:00+00:00,H
7849,ZONE1,2025-11-24 01:00:00+00:00,2025-11-24 02:00:00+00:00,H
7850,ZONE1,2025-11-24 02:00:00+00:00,2025-11-24 03:00:00+00:00,H
7851,ZONE1,2025-11-24 03:00:00+00:00,2025-11-24 04:00:00+00:00,H
7852,ZONE1,2025-11-24 04:00:00+00:00,2025-11-24 05:00:00+00:00,H
7853,ZONE1,2025-11-24 05:00:00+00:00,2025-11-24 06:00:00+00:00,H
7854,ZONE1,2025-11-24 06:00:00+00:00,2025-11-24 07:00:00+00:00,H
7855,ZONE1,2025-11-24 07:00:00+00:00,2025-11-24 08:00:00+00:00,H
7856,ZONE1,2025-11-24 08:00:00+00:00,2025-11-24 09:00:00+00:00,H
7857,ZONE1,2025-11-24 09:00:00+00:00,2025-11-24 10:00:00+00:00,H
7858,ZONE1,2025-11-24 10:00:00+00:00,2025-11-24 11:00:00+00:00,H
7859,ZONE1,2025-11-24 11:00:00+00:00,2025-11-24 12:00:00+00:00,H
7860,ZONE1,2025-11-24 12:00:00+00:00,2025-11-24 13:00:00+00:00,H
7861,ZONE1,2025-11-24 13:00:00+00:00,2025-11-24 14:00:00+00:00,H
7862,ZONE1,2025-11-24 14:00:00+00:00,2025-11-24 15:00:00+00:00,H
7863,ZONE1,2025-11-24 15:00:00+00:00,2025-11-24 16:00:00+00:00,H
7864,ZONE1,2025-11-24 16:00:00+00:00,2025-11-24 17:00:00+00:00,H
7865,ZONE1,2025-11-24 17:00:00+00:00,2025-11-24 18:00:00+00:00,H
7866,ZONE1,2025-11-24 18:00:00+00:00,2025-11-24 19:00:00+00:00,H
7867,ZONE1,2025-11-24 19:00:00+00:00,2025-11-24 20:00:00+00:00,H
7868,ZONE1,2025-11-24 20:00:00+00:00,2025-11-24 21:00:00+00:00,H
7869,ZONE1,2025-11-24 21:00:00+00:00,2025-11-24 22:00:00+00:00,H
7870,ZONE1,2025-11-24 22:00:00+00:00,2025-11-24 23:00:00+00:00,H
7871,ZONE1,2025-11-24 23:00:00+00:00,2025-11-25 00:00:00+00:00,H
7872,ZONE1,2025-11-25 00:00:00+00:00,2025-11-25 01:00:00+00:00,H
7873,ZONE1,2025-11-25 01:00:00+00:00,2025-11-25 02:00:00+00:00,H
7874,ZONE1,2025-11-25 02:00:00+00:00,2025-11-25 03:00:00+00:00,H
7875,ZONE1,2025-11-25 03:00:00+00:00,2025-11-25 04:00:00+00:00,H
7876,ZONE1,2025-11-25 04:00:00+00:00,2025-11-25 05:00:00+00:00,H
7877,ZONE1,2025-11-25 05:00:00+00:00,2025-11-25 06:00:00+00:00,H
7878,ZONE1,2025-11-25 06:00:00+00:00,2025-11-25 07:00:00+00:00,H
7879,ZONE1,2025-11-25 07:00:00+00:00,2025-11-25 08:00:00+00:00,H
7880,ZONE1,2025-11-25 08:00:00+00:00,2025-11-25 09:00:00+00:00,H
7881,ZONE1,2025-11-25 09:00:00+00:00,2025-11-25 10:00:00+00:00,H
7882,ZONE1,2025-11-25 10:00:00+00:00,2025-11-25 11:00:00+00:00,H
7883,ZONE1,2025-11-25 11:00:00+00:00,2025-11-25 12:00:00+00:00,H
7884,ZONE1,2025-11-25 12:00:00+00:00,2025-11-25 13:00:00+00:00,H
7885,ZONE1,2025-11-25 13:00:00+00:00,2025-11-25 14:00:00+00:00,H
7886,ZONE1,2025-11-25 14:00:00+00:00,2025-11-25 15:00:00+00:00,H
7887,ZONE1,2025-11-25 15:00:00+00:00,2025-11-25 16:00:00+00:00,H
7888,ZONE1,2025-11-25 16:00:00+00:00,2025-11-25 17:00:00+00:00,H
7889,ZONE1,2025-11-25 17:00:00+00:00,2025-11-25 18:00:00+00:00,H
7890,ZONE1,2025-11-25 18:00:00+00:00,2025-11-25 19:00:00+00:00,H
7891,ZONE1,2025-11-25 19:00:00+00:00,2025-11-25 20:00:00+00:00,H
7892,ZONE1,2025-11-25 20:00:00+00:00,2025-11-25 21:00:00+00:00,H
7893,ZONE1,2025-11-25 21:00:00+00:00,2025-11-25 22:00:00+00:00,H
7894,ZONE1,2025-11-25 22:00:00+00:00,2025-11-25 23:00:00+00:00,H
7895,ZONE1,2025-11-25 23:00:00+00:00,2025-11-26 00:00:00+00:00,H
7896,ZONE1,2025-11-26 00:00:00+00:00,2025-11-26 01:00:00+00:00,H
7897,ZONE1,2025-11-26 01:00:00+00:00,2025-11-26 02:00:00+00:00,H
7898,ZONE1,2025-11-26 02:00:00+00:00,2025-11-26 03:00:00+00:00,H
7899,ZONE1,2025-11-26 03:00:00+00:00,2025-11-26 04:00:00+00:00,H
7900,ZONE1,2025-11-26 04:00:00+00:00,2025-11-26 05:00:00+00:00,H
7901,ZONE1,2025-11-26 05:00:00+00:00,2025-11-26 06:00:00+00:00,H
7902,ZONE1,2025-11-26 06:00:00+00:00,2025-11-26 07:00:00+00:00,H
7903,ZONE1,2025-11-26 07:00:00+00:00,2025-11-26 08:00:00+00:00,H
7904,ZONE1,2025-11-26 08:00:00+00:00,2025-11-26 09:00:00+00:00,H
7905,ZONE1,2025-11-26 09:00:00+00:00,2025-11-26 10:00:00+00:00,H
7906,ZONE1,2025-11-26 10:00:00+00:00,2025-11-26 11:00:00+00:00,H
7907,ZONE1,2025-11-26 11:00:00+00:00,2025-11-26 12:00:00+00:00,H
7908,ZONE1,2025-11-26 12:00:00+00:00,2025-11-26 13:00:00+00:00,H
7909,ZONE1,2025-11-26 13:00:00+00:00,2025-11-26 14:00:00+00:00,H
7910,ZONE1,2025-11-26 14:00:00+00:00,2025-11-26 15:00:00+00:00,H
7911,ZONE1,2025-11-26 15:00:00+00:00,2025-11-26 16:00:00+00:00,H
7912,ZONE1,2025-11-26 16:00:00+00:00,2025-11-26 17:00:00+00:00,H
7913,ZONE1,2025-11-26 17:00:00+00:00,2025-11-26 18:00:00+00:00,H
7914,ZONE1,2025-11-26 18:00:00+00:00,2025-11-26 19:00:00+00:00,H
7915,ZONE1,2025-11-26 19:00:00+00:00,2025-11-26 20:00:00+00:00,H
7916,ZONE1,2025-11-26 20:00:00+00:00,2025-11-26 21:00:00+00:00,H
7917,ZONE1,2025-11-26 21:00:00+00:00,2025-11-26 22:00:00+00:00,H
7918,ZONE1,2025-11-26 22:00:00+00:00,2025-11-26 23:00:00+00:00,H
7919,ZONE1,2025-11-26 23:00:00+00:00,2025-11-27 00:00:00+00:00,H
7920,ZONE1,2025-11-27 00:00:00+00:00,2025-11-27 01:00:00+00:00,H
7921,ZONE1,2025-11-27 01:00:00+00:00,2025-11-27 02:00:00+00:00,H
7922,ZONE1,2025-11-27 02:00:00+00:00,2025-11-27 03:00:00+00:00,H
7923,ZONE1,2025-11-27 03:00:00+00:00,2025-11-27 04:00:00+00:00,H
7924,ZONE1,2025-11-27 04:00:00+00:00,2025-11-27 05:00:00+00:00,H
7925,ZONE1,2025-11-27 05:00:00+00:00,2025-11-27 06:00:00+00:00,H
7926,ZONE1,2025-11-27 06:00:00+00:00,2025-11-27 07:00:00+00:00,H
7927,ZONE1,2025-11-27 07:00:00+00:00,2025-11-27 08:00:00+00:00,H
7928,ZONE1,2025-11-27 08:00:00+00:00,2025-11-27 09:00:00+00:00,H
7929,ZONE1,2025-11-27 09:00:00+00:00,2025-11-27 10:00:00+00:00,H
7930,ZONE1,2025-11-27 10:00:00+00:00,2025-11-27 11:00:00+00:00,H
7931,ZONE1,2025-11-27 11:00:00+00:00,2025-11-27 12:00:00+00:00,H
7932,ZONE1,2025-11-27 12:00:00+00:00,2025-11-27 13:00:00+00:00,H
7933,ZONE1,2025-11-27 13:00:00+00:00,2025-11-27 14:00:00+00:00,H
7934,ZONE1,2025-11-27 14:00:00+00:00,2025-11-27 15:00:00+00:00,H
7935,ZONE1,2025-11-27 15:00:00+00:00,2025-11-27 16:00:00+00:00,H
7936,ZONE1,2025-11-27 16:00:00+00:00,2025-11-27 17:00:00+00:00,H
7937,ZONE1,2025-11-27 17:00:00+00:00,2025-11-27 18:00:00+00:00,H
7938,ZONE1,2025-11-27 18:00:00+00:00,2025-11-27 19:00:00+00:00,H
7939,ZONE1,2025-11-27 19:00:00+00:00,2025-11-27 20:00:00+00:00,H
7940,ZONE1,2025-11-27 20:00:00+00:00,2025-11-27 21:00:00+00:00,H
7941,ZONE1,2025-11-27 21:00:00+00:00,2025-11-27 22:00:00+00:00,H
7942,ZONE1,2025-11-27 22:00:00+00:00,2025-11-27 23:00:00+00:00,H
7943,ZONE1,2025-11-27 23:00:00+00:00,2025-11-28 00:00:00+00:00,H
7944,ZONE1,2025-11-28 00:00:00+00:00,2025-11-28 01:00:00+00:00,H
7945,ZONE1,2025-11-28 01:00:00+00:00,2025-11-28 02:00:00+00:00,H
7946,ZONE1,2025-11-28 02:00:00+00:00,2025-11-28 03:00:00+00:00,H
7947,ZONE1,2025-11-28 03:00:00+00:00,2025-11-28 04:00:00+00:00,H
7948,ZONE1,2025-11-28 04:00:00+00:00,2025-11-28 05:00:00+00:00,H
7949,ZONE1,2025-11-28 05:00:00+00:00,2025-11-28 06:00:00+00:00,H
7950,ZONE1,2025-11-28 06:00:00+00:00,2025-11-28 07:00:00+00:00,H
7951,ZONE1,2025-11-28 07:00:00+00:00,2025-11-28 08:00:00+00:00,H
7952,ZONE1,2025-11-28 08:00:00+00:00,2025-11-28 09:00:00+00:00,H
7953,ZONE1,2025-11-28 09:00:00+00:00,2025-11-28 10:00:00+00:00,H
7954,ZONE1,2025-11-28 10:00:00+00:00,2025-11-28 11:00:00+00:00,H
7955,ZONE1,2025-11-28 11:00:00+00:00,2025-11-28 12:00:00+00:00,H
7956,ZONE1,2025-11-28 12:00:00+00:00,2025-11-28 13:00:00+00:00,H
7957,ZONE1,2025-11-28 13:00:00+00:00,2025-11-28 14:00:00+00:00,H
7958,ZONE1,2025-11-28 14:00:00+00:00,2025-11-28 15:00:00+00:00,H
7959,ZONE1,2025-11-28 15:00:00+00:00,2025-11-28 16:00:00+00:00,H
7960,ZONE1,2025-11-28 16:00:00+00:00,2025-11-28 17:00:00+00:00,H
7961,ZONE1,2025-11-28 17:00:00+00:00,2025-11-28 18:00:00+00:00,H
7962,ZONE1,2025-11-28 18:00:00+00:00,2025-11-28 19:00:00+00:00,H
7963,ZONE1,2025-11-28 19:00:00+00:00,2025-11-28 20:00:00+00:00,H
7964,ZONE1,2025-11-28 20:00:00+00:00,2025-11-28 21:00:00+00:00,H
7965,ZONE1,2025-11-28 21:00:00+00:00,2025-11-28 22:00:00+00:00,H
7966,ZONE1,2025-11-28 22:00:00+00:00,2025-11-28 23:00:00+00:00,H
7967,ZONE1,2025-11-28 23:00:00+00:00,2025-11-29 00:00:00+00:00,H
7968,ZONE1,2025-11-29 00:00:00+00:00,2025-11-29 01:00:00+00:00,H
7969,ZONE1,2025-11-29 01:00:00+00:00,2025-11-29 02:00:00+00:00,H
7970,ZONE1,2025-11-29 02:00:00+00:00,2025-11-29 03:00:00+00:00,H
7971,ZONE1,2025-11-29 03:00:00+00:00,2025-11-29 04:00:00+00:00,H
7972,ZONE1,2025-11-29 04:00:00+00:00,2025-11-29 05:00:00+00:00,H
7973,ZONE1,2025-11-29 05:00:00+00:00,2025-11-29 06:00:00+00:00,H
7974,ZONE1,2025-11-29 06:00:00+00:00,2025-11-29 07:00:00+00:00,H
7975,ZONE1,2025-11-29 07:00:00+00:00,2025-11-29 08:00:00+00:00,H
7976,ZONE1,2025-11-29 08:00:00+00:00,2025-11-29 09:00:00+00:00,H
7977,ZONE1,2025-11-29 09:00:00+00:00,2025-11-29 10:00:00+00:00,H
7978,ZONE1,2025-11-29 10:00:00+00:00,2025-11-29 11:00:00+00:00,H
7979,ZONE1,2025-11-29 11:00:00+00:00,2025-11-29 12:00:00+00:00,H
7980,ZONE1,2025-11-29 12:00:00+00:00,2025-11-29 13:00:00+00:00,H
7981,ZONE1,2025-11-29 13:00:00+00:00,2025-11-29 14:00:00+00:00,H
7982,ZONE1,2025-11-29 14:00:00+00:00,2025-11-29 15:00:00+00:00,H
7983,ZONE1,2025-11-29 15:00:00+00:00,2025-11-29 16:00:00+00:00,H
7984,ZONE1,2025-11-29 16:00:00+00:00,2025-11-29 17:00:00+00:00,H
7985,ZONE1,2025-11-29 17:00:00+00:00,2025-11-29 18:00:00+00:00,H
7986,ZONE1,2025-11-29 18:00:00+00:00,2025-11-29 19:00:00+00:00,H
7987,ZONE1,2025-11-29 19:00:00+00:00,2025-11-29 20:00:00+00:00,H
7988,ZONE1,2025-11-29 20:00:00+00:00,2025-11-29 21:00:00+00:00,H
7989,ZONE1,2025-11-29 21:00:00+00:00,2025-11-29 22:00:00+00:00,H
7990,ZONE1,2025-11-29 22:00:00+00:00,2025-11-29 23:00:00+00:00,H
7991,ZONE1,2025-11-29 23:00:00+00:00,2025-11-30 00:00:00+00:00,H
7992,ZONE1,2025-11-30 00:00:00+00:00,2025-11-30 01:00:00+00:00,H
7993,ZONE1,2025-11-30 01:00:00+00:00,2025-11-30 02:00:00+00:00,H
7994,ZONE1,2025-11-30 02:00:00+00:00,2025-11-30 03:00:00+00:00,H
7995,ZONE1,2025-11-30 03:00:00+00:00,2025-11-30 04:00:00+00:00,H
7996,ZONE1,2025-11-30 04:00:00+00:00,2025-11-30 05:00:00+00:00,H
7997,ZONE1,2025-11-30 05:00:00+00:00,2025-11-30 06:00:00+00:00,H
7998,ZONE1,2025-11-30 06:00:00+00:00,2025-11-30 07:00:00+00:00,H
7999,ZONE1,2025-11-30 07:00:00+00:00,2025-11-30 08:00:00+00:00,H
8000,ZONE1,2025-11-30 08:00:00+00:00,2025-11-30 09:00:00+00:00,H
8001,ZONE1,2025-11-30 09:00:00+00:00,2025-11-30 10:00:00+00:00,H
8002,ZONE1,2025-11-30 10:00:00+00:00,2025-11-30 11:00:00+00:00,H
8003,ZONE1,2025-11-30 11:00:00+00:00,2025-11-30 12:00:00+00:00,H
8004,ZONE1,2025-11-30 12:00:00+00:00,2025-11-30 13:00:00+00:00,H
8005,ZONE1,2025-11-30 13:00:00+00:00,2025-11-30 14:00:00+00:00,H
8006,ZONE1,2025-11-30 14:00:00+00:00,2025-11-30 15:00:00+00:00,H
8007,ZONE1,2025-11-30 15:00:00+00:00,2025-11-30 16:00:00+00:00,H
8008,ZONE1,2025-11-30 16:00:00+00:00,2025-11-30 17:00:00+00:00,H
8009,ZONE1,2025-11-30 17:00:00+00:00,2025-11-30 18:00:00+00:00,H
8010,ZONE1,2025-11-30 18:00:00+00:00,2025-11-30 19:00:00+00:00,H
8011,ZONE1,2025-11-30 19:00:00+00:00,2025-11-30 20:00:00+00:00,H
8012,ZONE1,2025-11-30 20:00:00+00:00,2025-11-30 21:00:00+00:00,H
8013,ZONE1,2025-11-30 21:00:00+00:00,2025-11-30 22:00:00+00:00,H
8014,ZONE1,2025-11-30 22:00:00+00:00,2025-11-30 23:00:00+00:00,H
8015,ZONE1,2025-11-30 23:00:00+00:00,2025-12-01 00:00:00+00:00,H
8016,ZONE1,2025-12-01 00:00:00+00:00,2025-12-01 01:00:00+00:00,H
8017,ZONE1,2025-12-01 01:00:00+00:00,2025-12-01 02:00:00+00:00,H
8018,ZONE1,2025-12-01 02:00:00+00:00,2025-12-01 03:00:00+00:00,H
8019,ZONE1,2025-12-01 03:00:00+00:00,2025-12-01 04:00:00+00:00,H
8020,ZONE1,2025-12-01 04:00:00+00:00,2025-12-01 05:00:00+00:00,H
8021,ZONE1,2025-12-01 05:00:00+00:00,2025-12-01 06:00:00+00:00,H
8022,ZONE1,2025-12-01 06:00:00+00:00,2025-12-01 07:00:00+00:00,H
8023,ZONE1,2025-12-01 07:00:00+00:00,2025-12-01 08:00:00+00:00,H
8024,ZONE1,2025-12-01 08:00:00+00:00,2025-12-01 09:00:00+00:00,H
8025,ZONE1,2025-12-01 09:00:00+00:00,2025-12-01 10:00:00+00:00,H
8026,ZONE1,2025-12-01 10:00:00+00:00,2025-12-01 11:00:00+00:00,H
8027,ZONE1,2025-12-01 11:00:00+00:00,2025-12-01 12:00:00+00:00,H
8028,ZONE1,2025-12-01 12:00:00+00:00,2025-12-01 13:00:00+00:00,H
8029,ZONE1,2025-12-01 13:00:00+00:00,2025-12-01 14:00:00+00:00,H
8030,ZONE1,2025-12-01 14:00:00+00:00,2025-12-01 15:00:00+00:00,H
8031,ZONE1,2025-12-01 15:00:00+00:00,2025-12-01 16:00:00+00:00,H
8032,ZONE1,2025-12-01 16:00:00+00:00,2025-12-01 17:00:00+00:00,H
8033,ZONE1,2025-12-01 17:00:00+00:00,2025-12-01 18:00:00+00:00,H
8034,ZONE1,2025-12-01 18:00:00+00:00,2025-12-01 19:00:00+00:00,H
8035,ZONE1,2025-12-01 19:00:00+00:00,2025-12-01 20:00:00+00:00,H
8036,ZONE1,2025-12-01 20:00:00+00:00,2025-12-01 21:00:00+00:00,H
8037,ZONE1,2025-12-01 21:00:00+00:00,2025-12-01 22:00:00+00:00,H
8038,ZONE1,2025-12-01 22:00:00+00:00,2025-12-01 23:00:00+00:00,H
8039,ZONE1,2025-12-01 23:00:00+00:00,2025-12-02 00:00:00+00:00,H
8040,ZONE1,2025-12-02 00:00:00+00:00,2025-12-02 01:00:00+00:00,H
8041,ZONE1,2025-12-02 01:00:00+00:00,2025-12-02 02:00:00+00:00,H
8042,ZONE1,2025-12-02 02:00:00+00:00,2025-12-02 03:00:00+00:00,H
8043,ZONE1,2025-12-02 03:00:00+00:00,2025-12-02 04:00:00+00:00,H
8044,ZONE1,2025-12-02 04:00:00+00:00,2025-12-02 05:00:00+00:00,H
8045,ZONE1,2025-12-02 05:00:00+00:00,2025-12-02 06:00:00+00:00,H
8046,ZONE1,2025-12-02 06:00:00+00:00,2025-12-02 07:00:00+00:00,H
8047,ZONE1,2025-12-02 07:00:00+00:00,2025-12-02 08:00:00+00:00,H
8048,ZONE1,2025-12-02 08:00:00+00:00,2025-12-02 09:00:00+00:00,H
8049,ZONE1,2025-12-02 09:00:00+00:00,2025-12-02 10:00:00+00:00,H
8050,ZONE1,2025-12-02 10:00:00+00:00,2025-12-02 11:00:00+00:00,H
8051,ZONE1,2025-12-02 11:00:00+00:00,2025-12-02 12:00:00+00:00,H
8052,ZONE1,2025-12-02 12:00:00+00:00,2025-12-02 13:00:00+00:00,H
8053,ZONE1,2025-12-02 13:00:00+00:00,2025-12-02 14:00:00+00:00,H
8054,ZONE1,2025-12-02 14:00:00+00:00,2025-12-02 15:00:00+00:00,H
8055,ZONE1,2025-12-02 15:00:00+00:00,2025-12-02 16:00:00+00:00,H
8056,ZONE1,2025-12-02 16:00:00+00:00,2025-12-02 17:00:00+00:00,H
8057,ZONE1,2025-12-02 17:00:00+00:00,2025-12-02 18:00:00+00:00,H
8058,ZONE1,2025-12-02 18:00:00+00:00,2025-12-02 19:00:00+00:00,H
8059,ZONE1,2025-12-02 19:00:00+00:00,2025-12-02 20:00:00+00:00,H
8060,ZONE1,2025-12-02 20:00:00+00:00,2025-12-02 21:00:00+00:00,H
8061,ZONE1,2025-12-02 21:00:00+00:00,2025-12-02 22:00:00+00:00,H
8062,ZONE1,2025-12-02 22:00:00+00:00,2025-12-02 23:00:00+00:00,H
8063,ZONE1,2025-12-02 23:00:00+00:00,2025-12-03 00:00:00+00:00,H
8064,ZONE1,2025-12-03 00:00:00+00:00,2025-12-03 01:00:00+00:00,H
8065,ZONE1,2025-12-03 01:00:00+00:00,2025-12-03 02:00:00+00:00,H
8066,ZONE1,2025-12-03 02:00:00+00:00,2025-12-03 03:00:00+00:00,H
8067,ZONE1,2025-12-03 03:00:00+00:00,2025-12-03 04:00:00+00:00,H
8068,ZONE1,2025-12-03 04:00:00+00:00,2025-12-03 05:00:00+00:00,H
8069,ZONE1,2025-12-03 05:00:00+00:00,2025-12-03 06:00:00+00:00,H
8070,ZONE1,2025-12-03 06:00:00+00:00,2025-12-03 07:00:00+00:00,H
8071,ZONE1,2025-12-03 07:00:00+00:00,2025-12-03 08:00:00+00:00,H
8072,ZONE1,2025-12-03 08:00:00+00:00,2025-12-03 09:00:00+00:00,H
8073,ZONE1,2025-12-03 09:00:00+00:00,2025-12-03 10:00:00+00:00,H
8074,ZONE1,2025-12-03 10:00:00+00:00,2025-12-03 11:00:00+00:00,H
8075,ZONE1,2025-12-03 11:00:00+00:00,2025-12-03 12:00:00+00:00,H
8076,ZONE1,2025-12-03 12:00:00+00:00,2025-12-03 13:00:00+00:00,H
8077,ZONE1,2025-12-03 13:00:00+00:00,2025-12-03 14:00:00+00:00,H
8078,ZONE1,2025-12-03 14:00:00+00:00,2025-12-03 15:00:00+00:00,H
8079,ZONE1,2025-12-03 15:00:00+00:00,2025-12-03 16:00:00+00:00,H
8080,ZONE1,2025-12-03 16:00:00+00:00,2025-12-03 17:00:00+00:00,H
8081,ZONE1,2025-12-03 17:00:00+00:00,2025-12-03 18:00:00+00:00,H
8082,ZONE1,2025-12-03 18:00:00+00:00,2025-12-03 19:00:00+00:00,H
8083,ZONE1,2025-12-03 19:00:00+00:00,2025-12-03 20:00:00+00:00,H
8084,ZONE1,2025-12-03 20:00:00+00:00,2025-12-03 21:00:00+00:00,H
8085,ZONE1,2025-12-03 21:00:00+00:00,2025-12-03 22:00:00+00:00,H
8086,ZONE1,2025-12-03 22:00:00+00:00,2025-12-03 23:00:00+00:00,H
8087,ZONE1,2025-12-03 23:00:00+00:00,2025-12-04 00:00:00+00:00,H
8088,ZONE1,2025-12-04 00:00:00+00:00,2025-12-04 01:00:00+00:00,H
8089,ZONE1,2025-12-04 01:00:00+00:00,2025-12-04 02:00:00+00:00,H
8090,ZONE1,2025-12-04 02:00:00+00:00,2025-12-04 03:00:00+00:00,H
8091,ZONE1,2025-12-04 03:00:00+00:00,2025-12-04 04:00:00+00:00,H
8092,ZONE1,2025-12-04 04:00:00+00:00,2025-12-04 05:00:00+00:00,H
8093,ZONE1,2025-12-04 05:00:00+00:00,2025-12-04 06:00:00+00:00,H
8094,ZONE1,2025-12-04 06:00:00+00:00,2025-12-04 07:00:00+00:00,H
8095,ZONE1,2025-12-04 07:00:00+00:00,2025-12-04 08:00:00+00:00,H
8096,ZONE1,2025-12-04 08:00:00+00:00,2025-12-04 09:00:00+00:00,H
8097,ZONE1,2025-12-04 09:00:00+00:00,2025-12-04 10:00:00+00:00,H
8098,ZONE1,2025-12-04 10:00:00+00:00,2025-12-04 11:00:00+00:00,H
8099,ZONE1,2025-12-04 11:00:00+00:00,2025-12-04 12:00:00+00:00,H
8100,ZONE1,2025-12-04 12:00:00+00:00,2025-12-04 13:00:00+00:00,H
8101,ZONE1,2025-12-04 13:00:00+00:00,2025-12-04 14:00:00+00:00,H
8102,ZONE1,2025-12-04 14:00:00+00:00,2025-12-04 15:00:00+00:00,H
8103,ZONE1,2025-12-04 15:00:00+00:00,2025-12-04 16:00:00+00:00,H
8104,ZONE1,2025-12-04 16:00:00+00:00,2025-12-04 17:00:00+00:00,H
8105,ZONE1,2025-12-04 17:00:00+00:00,2025-12-04 18:00:00+00:00,H
8106,ZONE1,2025-12-04 18:00:00+00:00,2025-12-04 19:00:00+00:00,H
8107,ZONE1,2025-12-04 19:00:00+00:00,2025-12-04 20:00:00+00:00,H
8108,ZONE1,2025-12-04 20:00:00+00:00,2025-12-04 21:00:00+00:00,H
8109,ZONE1,2025-12-04 21:00:00+00:00,2025-12-04 22:00:00+00:00,H
8110,ZONE1,2025-12-04 22:00:00+00:00,2025-12-04 23:00:00+00:00,H
8111,ZONE1,2025-12-04 23:00:00+00:00,2025-12-05 00:00:00+00:00,H
8112,ZONE1,2025-12-05 00:00:00+00:00,2025-12-05 01:00:00+00:00,H
8113,ZONE1,2025-12-05 01:00:00+00:00,2025-12-05 02:00:00+00:00,H
8114,ZONE1,2025-12-05 02:00:00+00:00,2025-12-05 03:00:00+00:00,H
8115,ZONE1,2025-12-05 03:00:00+00:00,2025-12-05 04:00:00+00:00,H
8116,ZONE1,2025-12-05 04:00:00+00:00,2025-12-05 05:00:00+00:00,H
8117,ZONE1,2025-12-05 05:00:00+00:00,2025-12-05 06:00:00+00:00,H
8118,ZONE1,2025-12-05 06:00:00+00:00,2025-12-05 07:00:00+00:00,H
8119,ZONE1,2025-12-05 07:00:00+00:00,2025-12-05 08:00:00+00:00,H
8120,ZONE1,2025-12-05 08:00:00+00:00,2025-12-05 09:00:00+00:00,H
8121,ZONE1,2025-12-05 09:00:00+00:00,2025-12-05 10:00:00+00:00,H
8122,ZONE1,2025-12-05 10:00:00+00:00,2025-12-05 11:00:00+00:00,H
8123,ZONE1,2025-12-05 11:00:00+00:00,2025-12-05 12:00:00+00:00,H
8124,ZONE1,2025-12-05 12:00:00+00:00,2025-12-05 13:00:00+00:00,H
8125,ZONE1,2025-12-05 13:00:00+00:00,2025-12-05 14:00:00+00:00,H
8126,ZONE1,2025-12-05 14:00:00+00:00,2025-12-05 15:00:00+00:00,H
8127,ZONE1,2025-12-05 15:00:00+00:00,2025-12-05 16:00:00+00:00,H
8128,ZONE1,2025-12-05 16:00:00+00:00,2025-12-05 17:00:00+00:00,H
8129,ZONE1,2025-12-05 17:00:00+00:00,2025-12-05 18:00:00+00:00,H
8130,ZONE1,2025-12-05 18:00:00+00:00,2025-12-05 19:00:00+00:00,H
8131,ZONE1,2025-12-05 19:00:00+00:00,2025-12-05 20:00:00+00:00,H
8132,ZONE1,2025-12-05 20:00:00+00:00,2025-12-05 21:00:00+00:00,H
8133,ZONE1,2025-12-05 21:00:00+00:00,2025-12-05 22:00:00+00:00,H
8134,ZONE1,2025-12-05 22:00:00+00:00,2025-12-05 23:00:00+00:00,H
8135,ZONE1,2025-12-05 23:00:00+00:00,2025-12-06 00:00:00+00:00,H
8136,ZONE1,2025-12-06 00:00:00+00:00,2025-12-06 01:00:00+00:00,H
8137,ZONE1,2025-12-06 01:00:00+00:00,2025-12-06 02:00:00+00:00,H
8138,ZONE1,2025-12-06 02:00:00+00:00,2025-12-06 03:00:00+00:00,H
8139,ZONE1,2025-12-06 03:00:00+00:00,2025-12-06 04:00:00+00:00,H
8140,ZONE1,2025-12-06 04:00:00+00:00,2025-12-06 05:00:00+00:00,H
8141,ZONE1,2025-12-06 05:00:00+00:00,2025-12-06 06:00:00+00:00,H
8142,ZONE1,2025-12-06 06:00:00+00:00,2025-12-06 07:00:00+00:00,H
8143,ZONE1,2025-12-06 07:00:00+00:00,2025-12-06 08:00:00+00:00,H
8144,ZONE1,2025-12-06 08:00:00+00:00,2025-12-06 09:00:00+00:00,H
8145,ZONE1,2025-12-06 09:00:00+00:00,2025-12-06 10:00:00+00:00,H
8146,ZONE1,2025-12-06 10:00:00+00:00,2025-12-06 11:00:00+00:00,H
8147,ZONE1,2025-12-06 11:00:00+00:00,2025-12-06 12:00:00+00:00,H
8148,ZONE1,2025-12-06 12:00:00+00:00,2025-12-06 13:00:00+00:00,H
8149,ZONE1,2025-12-06 13:00:00+00:00,2025-12-06 14:00:00+00:00,H
8150,ZONE1,2025-12-06 14:00:00+00:00,2025-12-06 15:00:00+00:00,H
8151,ZONE1,2025-12-06 15:00:00+00:00,2025-12-06 16:00:00+00:00,H
8152,ZONE1,2025-12-06 16:00:00+00:00,2025-12-06 17:00:00+00:00,H
8153,ZONE1,2025-12-06 17:00:00+00:00,2025-12-06 18:00:00+00:00,H
8154,ZONE1,2025-12-06 18:00:00+00:00,2025-12-06 19:00:00+00:00,H
8155,ZONE1,2025-12-06 19:00:00+00:00,2025-12-06 20:00:00+00:00,H
8156,ZONE1,2025-12-06 20:00:00+00:00,2025-12-06 21:00:00+00:00,H
8157,ZONE1,2025-12-06 21:00:00+00:00,2025-12-06 22:00:00+00:00,H
8158,ZONE1,2025-12-06 22:00:00+00:00,2025-12-06 23:00:00+00:00,H
8159,ZONE1,2025-12-06 23:00:00+00:00,2025-12-07 00:00:00+00:00,H
8160,ZONE1,2025-12-07 00:00:00+00:00,2025-12-07 01:00:00+00:00,H
8161,ZONE1,2025-12-07 01:00:00+00:00,2025-12-07 02:00:00+00:00,H
8162,ZONE1,2025-12-07 02:00:00+00:00,2025-12-07 03:00:00+00:00,H
8163,ZONE1,2025-12-07 03:00:00+00:00,2025-12-07 04:00:00+00:00,H
8164,ZONE1,2025-12-07 04:00:00+00:00,2025-12-07 05:00:00+00:00,H
8165,ZONE1,2025-12-07 05:00:00+00:00,2025-12-07 06:00:00+00:00,H
8166,ZONE1,2025-12-07 06:00:00+00:00,2025-12-07 07:00:00+00:00,H
8167,ZONE1,2025-12-07 07:00:00+00:00,2025-12-07 08:00:00+00:00,H
8168,ZONE1,2025-12-07 08:00:00+00:00,2025-12-07 09:00:00+00:00,H
8169,ZONE1,2025-12-07 09:00:00+00:00,2025-12-07 10:00:00+00:00,H
8170,ZONE1,2025-12-07 10:00:00+00:00,2025-12-07 11:00:00+00:00,H
8171,ZONE1,2025-12-07 11:00:00+00:00,2025-12-07 12:00:00+00:00,H
8172,ZONE1,2025-12-07 12:00:00+00:00,2025-12-07 13:00:00+00:00,H
8173,ZONE1,2025-12-07 13:00:00+00:00,2025-12-07 14:00:00+00:00,H
8174,ZONE1,2025-12-07 14:00:00+00:00,2025-12-07 15:00:00+00:00,H
8175,ZONE1,2025-12-07 15:00:00+00:00,2025-12-07 16:00:00+00:00,H
8176,ZONE1,2025-12-07 16:00:00+00:00,2025-12-07 17:00:00+00:00,H
8177,ZONE1,2025-12-07 17:00:00+00:00,2025-12-07 18:00:00+00:00,H
8178,ZONE1,2025-12-07 18:00:00+00:00,2025-12-07 19:00:00+00:00,H
8179,ZONE1,2025-12-07 19:00:00+00:00,2025-12-07 20:00:00+00:00,H
8180,ZONE1,2025-12-07 20:00:00+00:00,2025-12-07 21:00:00+00:00,H
8181,ZONE1,2025-12-07 21:00:00+00:00,2025-12-07 22:00:00+00:00,H
8182,ZONE1,2025-12-07 22:00:00+00:00,2025-12-07 23:00:00+00:00,H
8183,ZONE1,2025-12-07 23:00:00+00:00,2025-12-08 00:00:00+00:00,H
8184,ZONE1,2025-12-08 00:00:00+00:00,2025-12-08 01:00:00+00:00,H
8185,ZONE1,2025-12-08 01:00:00+00:00,2025-12-08 02:00:00+00:00,H
8186,ZONE1,2025-12-08 02:00:00+00:00,2025-12-08 03:00:00+00:00,H
8187,ZONE1,2025-12-08 03:00:00+00:00,2025-12-08 04:00:00+00:00,H
8188,ZONE1,2025-12-08 04:00:00+00:00,2025-12-08 05:00:00+00:00,H
8189,ZONE1,2025-12-08 05:00:00+00:00,2025-12-08 06:00:00+00:00,H
8190,ZONE1,2025-12-08 06:00:00+00:00,2025-12-08 07:00:00+00:00,H
8191,ZONE1,2025-12-08 07:00:00+00:00,2025-12-08 08:00:00+00:00,H
8192,ZONE1,2025-12-08 08:00:00+00:00,2025-12-08 09:00:00+00:00,H
8193,ZONE1,2025-12-08 09:00:00+00:00,2025-12-08 10:00:00+00:00,H
8194,ZONE1,2025-12-08 10:00:00+00:00,2025-12-08 11:00:00+00:00,H
8195,ZONE1,2025-12-08 11:00:00+00:00,2025-12-08 12:00:00+00:00,H
8196,ZONE1,2025-12-08 12:00:00+00:00,2025-12-08 13:00:00+00:00,H
8197,ZONE1,2025-12-08 13:00:00+00:00,2025-12-08 14:00:00+00:00,H
8198,ZONE1,2025-12-08 14:00:00+00:00,2025-12-08 15:00:00+00:00,H
8199,ZONE1,2025-12-08 15:00:00+00:00,2025-12-08 16:00:00+00:00,H
8200,ZONE1,2025-12-08 16:00:00+00:00,2025-12-08 17:00:00+00:00,H
8201,ZONE1,2025-12-08 17:00:00+00:00,2025-12-08 18:00:00+00:00,H
8202,ZONE1,2025-12-08 18:00:00+00:00,2025-12-08 19:00:00+00:00,H
8203,ZONE1,2025-12-08 19:00:00+00:00,2025-12-08 20:00:00+00:00,H
8204,ZONE1,2025-12-08 20:00:00+00:00,2025-12-08 21:00:00+00:00,H
8205,ZONE1,2025-12-08 21:00:00+00:00,2025-12-08 22:00:00+00:00,H
8206,ZONE1,2025-12-08 22:00:00+00:00,2025-12-08 23:00:00+00:00,H
8207,ZONE1,2025-12-08 23:00:00+00:00,2025-12-09 00:00:00+00:00,H
8208,ZONE1,2025-12-09 00:00:00+00:00,2025-12-09 01:00:00+00:00,H
8209,ZONE1,2025-12-09 01:00:00+00:00,2025-12-09 02:00:00+00:00,H
8210,ZONE1,2025-12-09 02:00:00+00:00,2025-12-09 03:00:00+00:00,H
8211,ZONE1,2025-12-09 03:00:00+00:00,2025-12-09 04:00:00+00:00,H
8212,ZONE1,2025-12-09 04:00:00+00:00,2025-12-09 05:00:00+00:00,H
8213,ZONE1,2025-12-09 05:00:00+00:00,2025-12-09 06:00:00+00:00,H
8214,ZONE1,2025-12-09 06:00:00+00:00,2025-12-09 07:00:00+00:00,H
8215,ZONE1,2025-12-09 07:00:00+00:00,2025-12-09 08:00:00+00:00,H
8216,ZONE1,2025-12-09 08:00:00+00:00,2025-12-09 09:00:00+00:00,H
8217,ZONE1,2025-12-09 09:00:00+00:00,2025-12-09 10:00:00+00:00,H
8218,ZONE1,2025-12-09 10:00:00+00:00,2025-12-09 11:00:00+00:00,H
8219,ZONE1,2025-12-09 11:00:00+00:00,2025-12-09 12:00:00+00:00,H
8220,ZONE1,2025-12-09 12:00:00+00:00,2025-12-09 13:00:00+00:00,H
8221,ZONE1,2025-12-09 13:00:00+00:00,2025-12-09 14:00:00+00:00,H
8222,ZONE1,2025-12-09 14:00:00+00:00,2025-12-09 15:00:00+00:00,H
8223,ZONE1,2025-12-09 15:00:00+00:00,2025-12-09 16:00:00+00:00,H
8224,ZONE1,2025-12-09 16:00:00+00:00,2025-12-09 17:00:00+00:00,H
8225,ZONE1,2025-12-09 17:00:00+00:00,2025-12-09 18:00:00+00:00,H
8226,ZONE1,2025-12-09 18:00:00+00:00,2025-12-09 19:00:00+00:00,H
8227,ZONE1,2025-12-09 19:00:00+00:00,2025-12-09 20:00:00+00:00,H
8228,ZONE1,2025-12-09 20:00:00+00:00,2025-12-09 21:00:00+00:00,H
8229,ZONE1,2025-12-09 21:00:00+00:00,2025-12-09 22:00:00+00:00,H
8230,ZONE1,2025-12-09 22:00:00+00:00,2025-12-09 23:00:00+00:00,H
8231,ZONE1,2025-12-09 23:00:00+00:00,2025-12-10 00:00:00+00:00,H
8232,ZONE1,2025-12-10 00:00:00+00:00,2025-12-10 01:00:00+00:00,H
8233,ZONE1,2025-12-10 01:00:00+00:00,2025-12-10 02:00:00+00:00,H
8234,ZONE1,2025-12-10 02:00:00+00:00,2025-12-10 03:00:00+00:00,H
8235,ZONE1,2025-12-10 03:00:00+00:00,2025-12-10 04:00:00+00:00,H
8236,ZONE1,2025-12-10 04:00:00+00:00,2025-12-10 05:00:00+00:00,H
8237,ZONE1,2025-12-10 05:00:00+00:00,2025-12-10 06:00:00+00:00,H
8238,ZONE1,2025-12-10 06:00:00+00:00,2025-12-10 07:00:00+00:00,H
8239,ZONE1,2025-12-10 07:00:00+00:00,2025-12-10 08:00:00+00:00,H
8240,ZONE1,2025-12-10 08:00:00+00:00,2025-12-10 09:00:00+00:00,H
8241,ZONE1,2025-12-10 09:00:00+00:00,2025-12-10 10:00:00+00:00,H
8242,ZONE1,2025-12-10 10:00:00+00:00,2025-12-10 11:00:00+00:00,H
8243,ZONE1,2025-12-10 11:00:00+00:00,2025-12-10 12:00:00+00:00,H
8244,ZONE1,2025-12-10 12:00:00+00:00,2025-12-10 13:00:00+00:00,H
8245,ZONE1,2025-12-10 13:00:00+00:00,2025-12-10 14:00:00+00:00,H
8246,ZONE1,2025-12-10 14:00:00+00:00,2025-12-10 15:00:00+00:00,H
8247,ZONE1,2025-12-10 15:00:00+00:00,2025-12-10 16:00:00+00:00,H
8248,ZONE1,2025-12-10 16:00:00+00:00,2025-12-10 17:00:00+00:00,H
8249,ZONE1,2025-12-10 17:00:00+00:00,2025-12-10 18:00:00+00:00,H
8250,ZONE1,2025-12-10 18:00:00+00:00,2025-12-10 19:00:00+00:00,H
8251,ZONE1,2025-12-10 19:00:00+00:00,2025-12-10 20:00:00+00:00,H
8252,ZONE1,2025-12-10 20:00:00+00:00,2025-12-10 21:00:00+00:00,H
8253,ZONE1,2025-12-10 21:00:00+00:00,2025-12-10 22:00:00+00:00,H
8254,ZONE1,2025-12-10 22:00:00+00:00,2025-12-10 23:00:00+00:00,H
8255,ZONE1,2025-12-10 23:00:00+00:00,2025-12-11 00:00:00+00:00,H
8256,ZONE1,2025-12-11 00:00:00+00:00,2025-12-11 01:00:00+00:00,H
8257,ZONE1,2025-12-11 01:00:00+00:00,2025-12-11 02:00:00+00:00,H
8258,ZONE1,2025-12-11 02:00:00+00:00,2025-12-11 03:00:00+00:00,H
8259,ZONE1,2025-12-11 03:00:00+00:00,2025-12-11 04:00:00+00:00,H
8260,ZONE1,2025-12-11 04:00:00+00:00,2025-12-11 05:00:00+00:00,H
8261,ZONE1,2025-12-11 05:00:00+00:00,2025-12-11 06:00:00+00:00,H
8262,ZONE1,2025-12-11 06:00:00+00:00,2025-12-11 07:00:00+00:00,H
8263,ZONE1,2025-12-11 07:00:00+00:00,2025-12-11 08:00:00+00:00,H
8264,ZONE1,2025-12-11 08:00:00+00:00,2025-12-11 09:00:00+00:00,H
8265,ZONE1,2025-12-11 09:00:00+00:00,2025-12-11 10:00:00+00:00,H
8266,ZONE1,2025-12-11 10:00:00+00:00,2025-12-11 11:00:00+00:00,H
8267,ZONE1,2025-12-11 11:00:00+00:00,2025-12-11 12:00:00+00:00,H
8268,ZONE1,2025-12-11 12:00:00+00:00,2025-12-11 13:00:00+00:00,H
8269,ZONE1,2025-12-11 13:00:00+00:00,2025-12-11 14:00:00+00:00,H
8270,ZONE1,2025-12-11 14:00:00+00:00,2025-12-11 15:00:00+00:00,H
8271,ZONE1,2025-12-11 15:00:00+00:00,2025-12-11 16:00:00+00:00,H
8272,ZONE1,2025-12-11 16:00:00+00:00,2025-12-11 17:00:00+00:00,H
8273,ZONE1,2025-12-11 17:00:00+00:00,2025-12-11 18:00:00+00:00,H
8274,ZONE1,2025-12-11 18:00:00+00:00,2025-12-11 19:00:00+00:00,H
8275,ZONE1,2025-12-11 19:00:00+00:00,2025-12-11 20:00:00+00:00,H
8276,ZONE1,2025-12-11 20:00:00+00:00,2025-12-11 21:00:00+00:00,H
8277,ZONE1,2025-12-11 21:00:00+00:00,2025-12-11 22:00:00+00:00,H
8278,ZONE1,2025-12-11 22:00:00+00:00,2025-12-11 23:00:00+00:00,H
8279,ZONE1,2025-12-11 23:00:00+00:00,2025-12-12 00:00:00+00:00,H
8280,ZONE1,2025-12-12 00:00:00+00:00,2025-12-12 01:00:00+00:00,H
8281,ZONE1,2025-12-12 01:00:00+00:00,2025-12-12 02:00:00+00:00,H
8282,ZONE1,2025-12-12 02:00:00+00:00,2025-12-12 03:00:00+00:00,H
8283,ZONE1,2025-12-12 03:00:00+00:00,2025-12-12 04:00:00+00:00,H
8284,ZONE1,2025-12-12 04:00:00+00:00,2025-12-12 05:00:00+00:00,H
8285,ZONE1,2025-12-12 05:00:00+00:00,2025-12-12 06:00:00+00:00,H
8286,ZONE1,2025-12-12 06:00:00+00:00,2025-12-12 07:00:00+00:00,H
8287,ZONE1,2025-12-12 07:00:00+00:00,2025-12-12 08:00:00+00:00,H
8288,ZONE1,2025-12-12 08:00:00+00:00,2025-12-12 09:00:00+00:00,H
8289,ZONE1,2025-12-12 09:00:00+00:00,2025-12-12 10:00:00+00:00,H
8290,ZONE1,2025-12-12 10:00:00+00:00,2025-12-12 11:00:00+00:00,H
8291,ZONE1,2025-12-12 11:00:00+00:00,2025-12-12 12:00:00+00:00,H
8292,ZONE1,2025-12-12 12:00:00+00:00,2025-12-12 13:00:00+00:00,H
8293,ZONE1,2025-12-12 13:00:00+00:00,2025-12-12 14:00:00+00:00,H
8294,ZONE1,2025-12-12 14:00:00+00:00,2025-12-12 15:00:00+00:00,H
8295,ZONE1,2025-12-12 15:00:00+00:00,2025-12-12 16:00:00+00:00,H
8296,ZONE1,2025-12-12 16:00:00+00:00,2025-12-12 17:00:00+00:00,H
8297,ZONE1,2025-12-12 17:00:00+00:00,2025-12-12 18:00:00+00:00,H
8298,ZONE1,2025-12-12 18:00:00+00:00,2025-12-12 19:00:00+00:00,H
8299,ZONE1,2025-12-12 19:00:00+00:00,2025-12-12 20:00:00+00:00,H
8300,ZONE1,2025-12-12 20:00:00+00:00,2025-12-12 21:00:00+00:00,H
8301,ZONE1,2025-12-12 21:00:00+00:00,2025-12-12 22:00:00+00:00,H
8302,ZONE1,2025-12-12 22:00:00+00:00,2025-12-12 23:00:00+00:00,H
8303,ZONE1,2025-12-12 23:00:00+00:00,2025-12-13 00:00:00+00:00,H
8304,ZONE1,2025-12-13 00:00:00+00:00,2025-12-13 01:00:00+00:00,H
8305,ZONE1,2025-12-13 01:00:00+00:00,2025-12-13 02:00:00+00:00,H
8306,ZONE1,2025-12-13 02:00:00+00:00,2025-12-13 03:00:00+00:00,H
8307,ZONE1,2025-12-13 03:00:00+00:00,2025-12-13 04:00:00+00:00,H
8308,ZONE1,2025-12-13 04:00:00+00:00,2025-12-13 05:00:00+00:00,H
8309,ZONE1,2025-12-13 05:00:00+00:00,2025-12-13 06:00:00+00:00,H
8310,ZONE1,2025-12-13 06:00:00+00:00,2025-12-13 07:00:00+00:00,H
8311,ZONE1,2025-12-13 07:00:00+00:00,2025-12-13 08:00:00+00:00,H
8312,ZONE1,2025-12-13 08:00:00+00:00,2025-12-13 09:00:00+00:00,H
8313,ZONE1,2025-12-13 09:00:00+00:00,2025-12-13 10:00:00+00:00,H
8314,ZONE1,2025-12-13 10:00:00+00:00,2025-12-13 11:00:00+00:00,H
8315,ZONE1,2025-12-13 11:00:00+00:00,2025-12-13 12:00:00+00:00,H
8316,ZONE1,2025-12-13 12:00:00+00:00,2025-12-13 13:00:00+00:00,H
8317,ZONE1,2025-12-13 13:00:00+00:00,2025-12-13 14:00:00+00:00,H
8318,ZONE1,2025-12-13 14:00:00+00:00,2025-12-13 15:00:00+00:00,H
8319,ZONE1,2025-12-13 15:00:00+00:00,2025-12-13 16:00:00+00:00,H
8320,ZONE1,2025-12-13 16:00:00+00:00,2025-12-13 17:00:00+00:00,H
8321,ZONE1,2025-12-13 17:00:00+00:00,2025-12-13 18:00:00+00:00,H
8322,ZONE1,2025-12-13 18:00:00+00:00,2025-12-13 19:00:00+00:00,H
8323,ZONE1,2025-12-13 19:00:00+00:00,2025-12-13 20:00:00+00:00,H
8324,ZONE1,2025-12-13 20:00:00+00:00,2025-12-13 21:00:00+00:00,H
8325,ZONE1,2025-12-13 21:00:00+00:00,2025-12-13 22:00:00+00:00,H
8326,ZONE1,2025-12-13 22:00:00+00:00,2025-12-13 23:00:00+00:00,H
8327,ZONE1,2025-12-13 23:00:00+00:00,2025-12-14 00:00:00+00:00,H
8328,ZONE1,2025-12-14 00:00:00+00:00,2025-12-14 01:00:00+00:00,H
8329,ZONE1,2025-12-14 01:00:00+00:00,2025-12-14 02:00:00+00:00,H
8330,ZONE1,2025-12-14 02:00:00+00:00,2025-12-14 03:00:00+00:00,H
8331,ZONE1,2025-12-14 03:00:00+00:00,2025-12-14 04:00:00+00:00,H
8332,ZONE1,2025-12-14 04:00:00+00:00,2025-12-14 05:00:00+00:00,H
8333,ZONE1,2025-12-14 05:00:00+00:00,2025-12-14 06:00:00+00:00,H
8334,ZONE1,2025-12-14 06:00:00+00:00,2025-12-14 07:00:00+00:00,H
8335,ZONE1,2025-12-14 07:00:00+00:00,2025-12-14 08:00:00+00:00,H
8336,ZONE1,2025-12-14 08:00:00+00:00,2025-12-14 09:00:00+00:00,H
8337,ZONE1,2025-12-14 09:00:00+00:00,2025-12-14 10:00:00+00:00,H
8338,ZONE1,2025-12-14 10:00:00+00:00,2025-12-14 11:00:00+00:00,H
8339,ZONE1,2025-12-14 11:00:00+00:00,2025-12-14 12:00:00+00:00,H
8340,ZONE1,2025-12-14 12:00:00+00:00,2025-12-14 13:00:00+00:00,H
8341,ZONE1,2025-12-14 13:00:00+00:00,2025-12-14 14:00:00+00:00,H
8342,ZONE1,2025-12-14 14:00:00+00:00,2025-12-14 15:00:00+00:00,H
8343,ZONE1,2025-12-14 15:00:00+00:00,2025-12-14 16:00:00+00:00,H
8344,ZONE1,2025-12-14 16:00:00+00:00,2025-12-14 17:00:00+00:00,H
8345,ZONE1,2025-12-14 17:00:00+00:00,2025-12-14 18:00:00+00:00,H
8346,ZONE1,2025-12-14 18:00:00+00:00,2025-12-14 19:00:00+00:00,H
8347,ZONE1,2025-12-14 19:00:00+00:00,2025-12-14 20:00:00+00:00,H
8348,ZONE1,2025-12-14 20:00:00+00:00,2025-12-14 21:00:00+00:00,H
8349,ZONE1,2025-12-14 21:00:00+00:00,2025-12-14 22:00:00+00:00,H
8350,ZONE1,2025-12-14 22:00:00+00:00,2025-12-14 23:00:00+00:00,H
8351,ZONE1,2025-12-14 23:00:00+00:00,2025-12-15 00:00:00+00:00,H
8352,ZONE1,2025-12-15 00:00:00+00:00,2025-12-15 01:00:00+00:00,H
8353,ZONE1,2025-12-15 01:00:00+00:00,2025-12-15 02:00:00+00:00,H
8354,ZONE1,2025-12-15 02:00:00+00:00,2025-12-15 03:00:00+00:00,H
8355,ZONE1,2025-12-15 03:00:00+00:00,2025-12-15 04:00:00+00:00,H
8356,ZONE1,2025-12-15 04:00:00+00:00,2025-12-15 05:00:00+00:00,H
8357,ZONE1,2025-12-15 05:00:00+00:00,2025-12-15 06:00:00+00:00,H
8358,ZONE1,2025-12-15 06:00:00+00:00,2025-12-15 07:00:00+00:00,H
8359,ZONE1,2025-12-15 07:00:00+00:00,2025-12-15 08:00:00+00:00,H
8360,ZONE1,2025-12-15 08:00:00+00:00,2025-12-15 09:00:00+00:00,H
8361,ZONE1,2025-12-15 09:00:00+00:00,2025-12-15 10:00:00+00:00,H
8362,ZONE1,2025-12-15 10:00:00+00:00,2025-12-15 11:00:00+00:00,H
8363,ZONE1,2025-12-15 11:00:00+00:00,2025-12-15 12:00:00+00:00,H
8364,ZONE1,2025-12-15 12:00:00+00:00,2025-12-15 13:00:00+00:00,H
8365,ZONE1,2025-12-15 13:00:00+00:00,2025-12-15 14:00:00+00:00,H
8366,ZONE1,2025-12-15 14:00:00+00:00,2025-12-15 15:00:00+00:00,H
8367,ZONE1,2025-12-15 15:00:00+00:00,2025-12-15 16:00:00+00:00,H
8368,ZONE1,2025-12-15 16:00:00+00:00,2025-12-15 17:00:00+00:00,H
8369,ZONE1,2025-12-15 17:00:00+00:00,2025-12-15 18:00:00+00:00,H
8370,ZONE1,2025-12-15 18:00:00+00:00,2025-12-15 19:00:00+00:00,H
8371,ZONE1,2025-12-15 19:00:00+00:00,2025-12-15 20:00:00+00:00,H
8372,ZONE1,2025-12-15 20:00:00+00:00,2025-12-15 21:00:00+00:00,H
8373,ZONE1,2025-12-15 21:00:00+00:00,2025-12-15 22:00:00+00:00,H
8374,ZONE1,2025-12-15 22:00:00+00:00,2025-12-15 23:00:00+00:00,H
8375,ZONE1,2025-12-15 23:00:00+00:00,2025-12-16 00:00:00+00:00,H
8376,ZONE1,2025-12-16 00:00:00+00:00,2025-12-16 01:00:00+00:00,H
8377,ZONE1,2025-12-16 01:00:00+00:00,2025-12-16 02:00:00+00:00,H
8378,ZONE1,2025-12-16 02:00:00+00:00,2025-12-16 03:00:00+00:00,H
8379,ZONE1,2025-12-16 03:00:00+00:00,2025-12-16 04:00:00+00:00,H
8380,ZONE1,2025-12-16 04:00:00+00:00,2025-12-16 05:00:00+00:00,H
8381,ZONE1,2025-12-16 05:00:00+00:00,2025-12-16 06:00:00+00:00,H
8382,ZONE1,2025-12-16 06:00:00+00:00,2025-12-16 07:00:00+00:00,H
8383,ZONE1,2025-12-16 07:00:00+00:00,2025-12-16 08:00:00+00:00,H
8384,ZONE1,2025-12-16 08:00:00+00:00,2025-12-16 09:00:00+00:00,H
8385,ZONE1,2025-12-16 09:00:00+00:00,2025-12-16 10:00:00+00:00,H
8386,ZONE1,2025-12-16 10:00:00+00:00,2025-12-16 11:00:00+00:00,H
8387,ZONE1,2025-12-16 11:00:00+00:00,2025-12-16 12:00:00+00:00,H
8388,ZONE1,2025-12-16 12:00:00+00:00,2025-12-16 13:00:00+00:00,H
8389,ZONE1,2025-12-16 13:00:00+00:00,2025-12-16 14:00:00+00:00,H
8390,ZONE1,2025-12-16 14:00:00+00:00,2025-12-16 15:00:00+00:00,H
8391,ZONE1,2025-12-16 15:00:00+00:00,2025-12-16 16:00:00+00:00,H
8392,ZONE1,2025-12-16 16:00:00+00:00,2025-12-16 17:00:00+00:00,H
8393,ZONE1,2025-12-16 17:00:00+00:00,2025-12-16 18:00:00+00:00,H
8394,ZONE1,2025-12-16 18:00:00+00:00,2025-12-16 19:00:00+00:00,H
8395,ZONE1,2025-12-16 19:00:00+00:00,2025-12-16 20:00:00+00:00,H
8396,ZONE1,2025-12-16 20:00:00+00:00,2025-12-16 21:00:00+00:00,H
8397,ZONE1,2025-12-16 21:00:00+00:00,2025-12-16 22:00:00+00:00,H
8398,ZONE1,2025-12-16 22:00:00+00:00,2025-12-16 23:00:00+00:00,H
8399,ZONE1,2025-12-16 23:00:00+00:00,2025-12-17 00:00:00+00:00,H
8400,ZONE1,2025-12-17 00:00:00+00:00,2025-12-17 01:00:00+00:00,H
8401,ZONE1,2025-12-17 01:00:00+00:00,2025-12-17 02:00:00+00:00,H
8402,ZONE1,2025-12-17 02:00:00+00:00,2025-12-17 03:00:00+00:00,H
8403,ZONE1,2025-12-17 03:00:00+00:00,2025-12-17 04:00:00+00:00,H
8404,ZONE1,2025-12-17 04:00:00+00:00,2025-12-17 05:00:00+00:00,H
8405,ZONE1,2025-12-17 05:00:00+00:00,2025-12-17 06:00:00+00:00,H
8406,ZONE1,2025-12-17 06:00:00+00:00,2025-12-17 07:00:00+00:00,H
8407,ZONE1,2025-12-17 07:00:00+00:00,2025-12-17 08:00:00+00:00,H
8408,ZONE1,2025-12-17 08:00:00+00:00,2025-12-17 09:00:00+00:00,H
8409,ZONE1,2025-12-17 09:00:00+00:00,2025-12-17 10:00:00+00:00,H
8410,ZONE1,2025-12-17 10:00:00+00:00,2025-12-17 11:00:00+00:00,H
8411,ZONE1,2025-12-17 11:00:00+00:00,2025-12-17 12:00:00+00:00,H
8412,ZONE1,2025-12-17 12:00:00+00:00,2025-12-17 13:00:00+00:00,H
8413,ZONE1,2025-12-17 13:00:00+00:00,2025-12-17 14:00:00+00:00,H
8414,ZONE1,2025-12-17 14:00:00+00:00,2025-12-17 15:00:00+00:00,H
8415,ZONE1,2025-12-17 15:00:00+00:00,2025-12-17 16:00:00+00:00,H
8416,ZONE1,2025-12-17 16:00:00+00:00,2025-12-17 17:00:00+00:00,H
8417,ZONE1,2025-12-17 17:00:00+00:00,2025-12-17 18:00:00+00:00,H
8418,ZONE1,2025-12-17 18:00:00+00:00,2025-12-17 19:00:00+00:00,H
8419,ZONE1,2025-12-17 19:00:00+00:00,2025-12-17 20:00:00+00:00,H
8420,ZONE1,2025-12-17 20:00:00+00:00,2025-12-17 21:00:00+00:00,H
8421,ZONE1,2025-12-17 21:00:00+00:00,2025-12-17 22:00:00+00:00,H
8422,ZONE1,2025-12-17 22:00:00+00:00,2025-12-17 23:00:00+00:00,H
8423,ZONE1,2025-12-17 23:00:00+00:00,2025-12-18 00:00:00+00:00,H
8424,ZONE1,2025-12-18 00:00:00+00:00,2025-12-18 01:00:00+00:00,H
8425,ZONE1,2025-12-18 01:00:00+00:00,2025-12-18 02:00:00+00:00,H
8426,ZONE1,2025-12-18 02:00:00+00:00,2025-12-18 03:00:00+00:00,H
8427,ZONE1,2025-12-18 03:00:00+00:00,2025-12-18 04:00:00+00:00,H
8428,ZONE1,2025-12-18 04:00:00+00:00,2025-12-18 05:00:00+00:00,H
8429,ZONE1,2025-12-18 05:00:00+00:00,2025-12-18 06:00:00+00:00,H
8430,ZONE1,2025-12-18 06:00:00+00:00,2025-12-18 07:00:00+00:00,H
8431,ZONE1,2025-12-18 07:00:00+00:00,2025-12-18 08:00:00+00:00,H
8432,ZONE1,2025-12-18 08:00:00+00:00,2025-12-18 09:00:00+00:00,H
8433,ZONE1,2025-12-18 09:00:00+00:00,2025-12-18 10:00:00+00:00,H
8434,ZONE1,2025-12-18 10:00:00+00:00,2025-12-18 11:00:00+00:00,H
8435,ZONE1,2025-12-18 11:00:00+00:00,2025-12-18 12:00:00+00:00,H
8436,ZONE1,2025-12-18 12:00:00+00:00,2025-12-18 13:00:00+00:00,H
8437,ZONE1,2025-12-18 13:00:00+00:00,2025-12-18 14:00:00+00:00,H
8438,ZONE1,2025-12-18 14:00:00+00:00,2025-12-18 15:00:00+00:00,H
8439,ZONE1,2025-12-18 15:00:00+00:00,2025-12-18 16:00:00+00:00,H
8440,ZONE1,2025-12-18 16:00:00+00:00,2025-12-18 17:00:00+00:00,H
8441,ZONE1,2025-12-18 17:00:00+00:00,2025-12-18 18:00:00+00:00,H
8442,ZONE1,2025-12-18 18:00:00+00:00,2025-12-18 19:00:00+00:00,H
8443,ZONE1,2025-12-18 19:00:00+00:00,2025-12-18 20:00:00+00:00,H
8444,ZONE1,2025-12-18 20:00:00+00:00,2025-12-18 21:00:00+00:00,H
8445,ZONE1,2025-12-18 21:00:00+00:00,2025-12-18 22:00:00+00:00,H
8446,ZONE1,2025-12-18 22:00:00+00:00,2025-12-18 23:00:00+00:00,H
8447,ZONE1,2025-12-18 23:00:00+00:00,2025-12-19 00:00:00+00:00,H
8448,ZONE1,2025-12-19 00:00:00+00:00,2025-12-19 01:00:00+00:00,H
8449,ZONE1,2025-12-19 01:00:00+00:00,2025-12-19 02:00:00+00:00,H
8450,ZONE1,2025-12-19 02:00:00+00:00,2025-12-19 03:00:00+00:00,H
8451,ZONE1,2025-12-19 03:00:00+00:00,2025-12-19 04:00:00+00:00,H
8452,ZONE1,2025-12-19 04:00:00+00:00,2025-12-19 05:00:00+00:00,H
8453,ZONE1,2025-12-19 05:00:00+00:00,2025-12-19 06:00:00+00:00,H
8454,ZONE1,2025-12-19 06:00:00+00:00,2025-12-19 07:00:00+00:00,H
8455,ZONE1,2025-12-19 07:00:00+00:00,2025-12-19 08:00:00+00:00,H
8456,ZONE1,2025-12-19 08:00:00+00:00,2025-12-19 09:00:00+00:00,H
8457,ZONE1,2025-12-19 09:00:00+00:00,2025-12-19 10:00:00+00:00,H
8458,ZONE1,2025-12-19 10:00:00+00:00,2025-12-19 11:00:00+00:00,H
8459,ZONE1,2025-12-19 11:00:00+00:00,2025-12-19 12:00:00+00:00,H
8460,ZONE1,2025-12-19 12:00:00+00:00,2025-12-19 13:00:00+00:00,H
8461,ZONE1,2025-12-19 13:00:00+00:00,2025-12-19 14:00:00+00:00,H
8462,ZONE1,2025-12-19 14:00:00+00:00,2025-12-19 15:00:00+00:00,H
8463,ZONE1,2025-12-19 15:00:00+00:00,2025-12-19 16:00:00+00:00,H
8464,ZONE1,2025-12-19 16:00:00+00:00,2025-12-19 17:00:00+00:00,H
8465,ZONE1,2025-12-19 17:00:00+00:00,2025-12-19 18:00:00+00:00,H
8466,ZONE1,2025-12-19 18:00:00+00:00,2025-12-19 19:00:00+00:00,H
8467,ZONE1,2025-12-19 19:00:00+00:00,2025-12-19 20:00:00+00:00,H
8468,ZONE1,2025-12-19 20:00:00+00:00,2025-12-19 21:00:00+00:00,H
8469,ZONE1,2025-12-19 21:00:00+00:00,2025-12-19 22:00:00+00:00,H
8470,ZONE1,2025-12-19 22:00:00+00:00,2025-12-19 23:00:00+00:00,H
8471,ZONE1,2025-12-19 23:00:00+00:00,2025-12-20 00:00:00+00:00,H
8472,ZONE1,2025-12-20 00:00:00+00:00,2025-12-20 01:00:00+00:00,H
8473,ZONE1,2025-12-20 01:00:00+00:00,2025-12-20 02:00:00+00:00,H
8474,ZONE1,2025-12-20 02:00:00+00:00,2025-12-20 03:00:00+00:00,H
8475,ZONE1,2025-12-20 03:00:00+00:00,2025-12-20 04:00:00+00:00,H
8476,ZONE1,2025-12-20 04:00:00+00:00,2025-12-20 05:00:00+00:00,H
8477,ZONE1,2025-12-20 05:00:00+00:00,2025-12-20 06:00:00+00:00,H
8478,ZONE1,2025-12-20 06:00:00+00:00,2025-12-20 07:00:00+00:00,H
8479,ZONE1,2025-12-20 07:00:00+00:00,2025-12-20 08:00:00+00:00,H
8480,ZONE1,2025-12-20 08:00:00+00:00,2025-12-20 09:00:00+00:00,H
8481,ZONE1,2025-12-20 09:00:00+00:00,2025-12-20 10:00:00+00:00,H
8482,ZONE1,2025-12-20 10:00:00+00:00,2025-12-20 11:00:00+00:00,H
8483,ZONE1,2025-12-20 11:00:00+00:00,2025-12-20 12:00:00+00:00,H
8484,ZONE1,2025-12-20 12:00:00+00:00,2025-12-20 13:00:00+00:00,H
8485,ZONE1,2025-12-20 13:00:00+00:00,2025-12-20 14:00:00+00:00,H
8486,ZONE1,2025-12-20 14:00:00+00:00,2025-12-20 15:00:00+00:00,H
8487,ZONE1,2025-12-20 15:00:00+00:00,2025-12-20 16:00:00+00:00,H
8488,ZONE1,2025-12-20 16:00:00+00:00,2025-12-20 17:00:00+00:00,H
8489,ZONE1,2025-12-20 17:00:00+00:00,2025-12-20 18:00:00+00:00,H
8490,ZONE1,2025-12-20 18:00:00+00:00,2025-12-20 19:00:00+00:00,H
8491,ZONE1,2025-12-20 19:00:00+00:00,2025-12-20 20:00:00+00:00,H
8492,ZONE1,2025-12-20 20:00:00+00:00,2025-12-20 21:00:00+00:00,H
8493,ZONE1,2025-12-20 21:00:00+00:00,2025-12-20 22:00:00+00:00,H
8494,ZONE1,2025-12-20 22:00:00+00:00,2025-12-20 23:00:00+00:00,H
8495,ZONE1,2025-12-20 23:00:00+00:00,2025-12-21 00:00:00+00:00,H
8496,ZONE1,2025-12-21 00:00:00+00:00,2025-12-21 01:00:00+00:00,H
8497,ZONE1,2025-12-21 01:00:00+00:00,2025-12-21 02:00:00+00:00,H
8498,ZONE1,2025-12-21 02:00:00+00:00,2025-12-21 03:00:00+00:00,H
8499,ZONE1,2025-12-21 03:00:00+00:00,2025-12-21 04:00:00+00:00,H
8500,ZONE1,2025-12-21 04:00:00+00:00,2025-12-21 05:00:00+00:00,H
8501,ZONE1,2025-12-21 05:00:00+00:00,2025-12-21 06:00:00+00:00,H
8502,ZONE1,2025-12-21 06:00:00+00:00,2025-12-21 07:00:00+00:00,H
8503,ZONE1,2025-12-21 07:00:00+00:00,2025-12-21 08:00:00+00:00,H
8504,ZONE1,2025-12-21 08:00:00+00:00,2025-12-21 09:00:00+00:00,H
8505,ZONE1,2025-12-21 09:00:00+00:00,2025-12-21 10:00:00+00:00,H
8506,ZONE1,2025-12-21 10:00:00+00:00,2025-12-21 11:00:00+00:00,H
8507,ZONE1,2025-12-21 11:00:00+00:00,2025-12-21 12:00:00+00:00,H
8508,ZONE1,2025-12-21 12:00:00+00:00,2025-12-21 13:00:00+00:00,H
8509,ZONE1,2025-12-21 13:00:00+00:00,2025-12-21 14:00:00+00:00,H
8510,ZONE1,2025-12-21 14:00:00+00:00,2025-12-21 15:00:00+00:00,H
8511,ZONE1,2025-12-21 15:00:00+00:00,2025-12-21 16:00:00+00:00,H
8512,ZONE1,2025-12-21 16:00:00+00:00,2025-12-21 17:00:00+00:00,H
8513,ZONE1,2025-12-21 17:00:00+00:00,2025-12-21 18:00:00+00:00,H
8514,ZONE1,2025-12-21 18:00:00+00:00,2025-12-21 19:00:00+00:00,H
8515,ZONE1,2025-12-21 19:00:00+00:00,2025-12-21 20:00:00+00:00,H
8516,ZONE1,2025-12-21 20:00:00+00:00,2025-12-21 21:00:00+00:00,H
8517,ZONE1,2025-12-21 21:00:00+00:00,2025-12-21 22:00:00+00:00,H
8518,ZONE1,2025-12-21 22:00:00+00:00,2025-12-21 23:00:00+00:00,H
8519,ZONE1,2025-12-21 23:00:00+00:00,2025-12-22 00:00:00+00:00,H
8520,ZONE1,2025-12-22 00:00:00+00:00,2025-12-22 01:00:00+00:00,H
8521,ZONE1,2025-12-22 01:00:00+00:00,2025-12-22 02:00:00+00:00,H
8522,ZONE1,2025-12-22 02:00:00+00:00,2025-12-22 03:00:00+00:00,H
8523,ZONE1,2025-12-22 03:00:00+00:00,2025-12-22 04:00:00+00:00,H
8524,ZONE1,2025-12-22 04:00:00+00:00,2025-12-22 05:00:00+00:00,H
8525,ZONE1,2025-12-22 05:00:00+00:00,2025-12-22 06:00:00+00:00,H
8526,ZONE1,2025-12-22 06:00:00+00:00,2025-12-22 07:00:00+00:00,H
8527,ZONE1,2025-12-22 07:00:00+00:00,2025-12-22 08:00:00+00:00,H
8528,ZONE1,2025-12-22 08:00:00+00:00,2025-12-22 09:00:00+00:00,H
8529,ZONE1,2025-12-22 09:00:00+00:00,2025-12-22 10:00:00+00:00,H
8530,ZONE1,2025-12-22 10:00:00+00:00,2025-12-22 11:00:00+00:00,H
8531,ZONE1,2025-12-22 11:00:00+00:00,2025-12-22 12:00:00+00:00,H
8532,ZONE1,2025-12-22 12:00:00+00:00,2025-12-22 13:00:00+00:00,H
8533,ZONE1,2025-12-22 13:00:00+00:00,2025-12-22 14:00:00+00:00,H
8534,ZONE1,2025-12-22 14:00:00+00:00,2025-12-22 15:00:00+00:00,H
8535,ZONE1,2025-12-22 15:00:00+00:00,2025-12-22 16:00:00+00:00,H
8536,ZONE1,2025-12-22 16:00:00+00:00,2025-12-22 17:00:00+00:00,H
8537,ZONE1,2025-12-22 17:00:00+00:00,2025-12-22 18:00:00+00:00,H
8538,ZONE1,2025-12-22 18:00:00+00:00,2025-12-22 19:00:00+00:00,H
8539,ZONE1,2025-12-22 19:00:00+00:00,2025-12-22 20:00:00+00:00,H
8540,ZONE1,2025-12-22 20:00:00+00:00,2025-12-22 21:00:00+00:00,H
8541,ZONE1,2025-12-22 21:00:00+00:00,2025-12-22 22:00:00+00:00,H
8542,ZONE1,2025-12-22 22:00:00+00:00,2025-12-22 23:00:00+00:00,H
8543,ZONE1,2025-12-22 23:00:00+00:00,2025-12-23 00:00:00+00:00,H
8544,ZONE1,2025-12-23 00:00:00+00:00,2025-12-23 01:00:00+00:00,H
8545,ZONE1,2025-12-23 01:00:00+00:00,2025-12-23 02:00:00+00:00,H
8546,ZONE1,2025-12-23 02:00:00+00:00,2025-12-23 03:00:00+00:00,H
8547,ZONE1,2025-12-23 03:00:00+00:00,2025-12-23 04:00:00+00:00,H
8548,ZONE1,2025-12-23 04:00:00+00:00,2025-12-23 05:00:00+00:00,H
8549,ZONE1,2025-12-23 05:00:00+00:00,2025-12-23 06:00:00+00:00,H
8550,ZONE1,2025-12-23 06:00:00+00:00,2025-12-23 07:00:00+00:00,H
8551,ZONE1,2025-12-23 07:00:00+00:00,2025-12-23 08:00:00+00:00,H
8552,ZONE1,2025-12-23 08:00:00+00:00,2025-12-23 09:00:00+00:00,H
8553,ZONE1,2025-12-23 09:00:00+00:00,2025-12-23 10:00:00+00:00,H
8554,ZONE1,2025-12-23 10:00:00+00:00,2025-12-23 11:00:00+00:00,H
8555,ZONE1,2025-12-23 11:00:00+00:00,2025-12-23 12:00:00+00:00,H
8556,ZONE1,2025-12-23 12:00:00+00:00,2025-12-23 13:00:00+00:00,H
8557,ZONE1,2025-12-23 13:00:00+00:00,2025-12-23 14:00:00+00:00,H
8558,ZONE1,2025-12-23 14:00:00+00:00,2025-12-23 15:00:00+00:00,H
8559,ZONE1,2025-12-23 15:00:00+00:00,2025-12-23 16:00:00+00:00,H
8560,ZONE1,2025-12-23 16:00:00+00:00,2025-12-23 17:00:00+00:00,H
8561,ZONE1,2025-12-23 17:00:00+00:00,2025-12-23 18:00:00+00:00,H
8562,ZONE1,2025-12-23 18:00:00+00:00,2025-12-23 19:00:00+00:00,H
8563,ZONE1,2025-12-23 19:00:00+00:00,2025-12-23 20:00:00+00:00,H
8564,ZONE1,2025-12-23 20:00:00+00:00,2025-12-23 21:00:00+00:00,H
8565,ZONE1,2025-12-23 21:00:00+00:00,2025-12-23 22:00:00+00:00,H
8566,ZONE1,2025-12-23 22:00:00+00:00,2025-12-23 23:00:00+00:00,H
8567,ZONE1,2025-12-23 23:00:00+00:00,2025-12-24 00:00:00+00:00,H
8568,ZONE1,2025-12-24 00:00:00+00:00,2025-12-24 01:00:00+00:00,H
8569,ZONE1,2025-12-24 01:00:00+00:00,2025-12-24 02:00:00+00:00,H
8570,ZONE1,2025-12-24 02:00:00+00:00,2025-12-24 03:00:00+00:00,H
8571,ZONE1,2025-12-24 03:00:00+00:00,2025-12-24 04:00:00+00:00,H
8572,ZONE1,2025-12-24 04:00:00+00:00,2025-12-24 05:00:00+00:00,H
8573,ZONE1,2025-12-24 05:00:00+00:00,2025-12-24 06:00:00+00:00,H
8574,ZONE1,2025-12-24 06:00:00+00:00,2025-12-24 07:00:00+00:00,H
8575,ZONE1,2025-12-24 07:00:00+00:00,2025-12-24 08:00:00+00:00,H
8576,ZONE1,2025-12-24 08:00:00+00:00,2025-12-24 09:00:00+00:00,H
8577,ZONE1,2025-12-24 09:00:00+00:00,2025-12-24 10:00:00+00:00,H
8578,ZONE1,2025-12-24 10:00:00+00:00,2025-12-24 11:00:00+00:00,H
8579,ZONE1,2025-12-24 11:00:00+00:00,2025-12-24 12:00:00+00:00,H
8580,ZONE1,2025-12-24 12:00:00+00:00,2025-12-24 13:00:00+00:00,H
8581,ZONE1,2025-12-24 13:00:00+00:00,2025-12-24 14:00:00+00:00,H
8582,ZONE1,2025-12-24 14:00:00+00:00,2025-12-24 15:00:00+00:00,H
8583,ZONE1,2025-12-24 15:00:00+00:00,2025-12-24 16:00:00+00:00,H
8584,ZONE1,2025-12-24 16:00:00+00:00,2025-12-24 17:00:00+00:00,H
8585,ZONE1,2025-12-24 17:00:00+00:00,2025-12-24 18:00:00+00:00,H
8586,ZONE1,2025-12-24 18:00:00+00:00,2025-12-24 19:00:00+00:00,H
8587,ZONE1,2025-12-24 19:00:00+00:00,2025-12-24 20:00:00+00:00,H
8588,ZONE1,2025-12-24 20:00:00+00:00,2025-12-24 21:00:00+00:00,H
8589,ZONE1,2025-12-24 21:00:00+00:00,2025-12-24 22:00:00+00:00,H
8590,ZONE1,2025-12-24 22:00:00+00:00,2025-12-24 23:00:00+00:00,H
8591,ZONE1,2025-12-24 23:00:00+00:00,2025-12-25 00:00:00+00:00,H
8592,ZONE1,2025-12-25 00:00:00+00:00,2025-12-25 01:00:00+00:00,H
8593,ZONE1,2025-12-25 01:00:00+00:00,2025-12-25 02:00:00+00:00,H
8594,ZONE1,2025-12-25 02:00:00+00:00,2025-12-25 03:00:00+00:00,H
8595,ZONE1,2025-12-25 03:00:00+00:00,2025-12-25 04:00:00+00:00,H
8596,ZONE1,2025-12-25 04:00:00+00:00,2025-12-25 05:00:00+00:00,H
8597,ZONE1,2025-12-25 05:00:00+00:00,2025-12-25 06:00:00+00:00,H
8598,ZONE1,2025-12-25 06:00:00+00:00,2025-12-25 07:00:00+00:00,H
8599,ZONE1,2025-12-25 07:00:00+00:00,2025-12-25 08:00:00+00:00,H
8600,ZONE1,2025-12-25 08:00:00+00:00,2025-12-25 09:00:00+00:00,H
8601,ZONE1,2025-12-25 09:00:00+00:00,2025-12-25 10:00:00+00:00,H
8602,ZONE1,2025-12-25 10:00:00+00:00,2025-12-25 11:00:00+00:00,H
8603,ZONE1,2025-12-25 11:00:00+00:00,2025-12-25 12:00:00+00:00,H
8604,ZONE1,2025-12-25 12:00:00+00:00,2025-12-25 13:00:00+00:00,H
8605,ZONE1,2025-12-25 13:00:00+00:00,2025-12-25 14:00:00+00:00,H
8606,ZONE1,2025-12-25 14:00:00+00:00,2025-12-25 15:00:00+00:00,H
8607,ZONE1,2025-12-25 15:00:00+00:00,2025-12-25 16:00:00+00:00,H
8608,ZONE1,2025-12-25 16:00:00+00:00,2025-12-25 17:00:00+00:00,H
8609,ZONE1,2025-12-25 17:00:00+00:00,2025-12-25 18:00:00+00:00,H
8610,ZONE1,2025-12-25 18:00:00+00:00,2025-12-25 19:00:00+00:00,H
8611,ZONE1,2025-12-25 19:00:00+00:00,2025-12-25 20:00:00+00:00,H
8612,ZONE1,2025-12-25 20:00:00+00:00,2025-12-25 21:00:00+00:00,H
8613,ZONE1,2025-12-25 21:00:00+00:00,2025-12-25 22:00:00+00:00,H
8614,ZONE1,2025-12-25 22:00:00+00:00,2025-12-25 23:00:00+00:00,H
8615,ZONE1,2025-12-25 23:00:00+00:00,2025-12-26 00:00:00+00:00,H
8616,ZONE1,2025-12-26 00:00:00+00:00,2025-12-26 01:00:00+00:00,H
8617,ZONE1,2025-12-26 01:00:00+00:00,2025-12-26 02:00:00+00:00,H
8618,ZONE1,2025-12-26 02:00:00+00:00,2025-12-26 03:00:00+00:00,H
8619,ZONE1,2025-12-26 03:00:00+00:00,2025-12-26 04:00:00+00:00,H
8620,ZONE1,2025-12-26 04:00:00+00:00,2025-12-26 05:00:00+00:00,H
8621,ZONE1,2025-12-26 05:00:00+00:00,2025-12-26 06:00:00+00:00,H
8622,ZONE1,2025-12-26 06:00:00+00:00,2025-12-26 07:00:00+00:00,H
8623,ZONE1,2025-12-26 07:00:00+00:00,2025-12-26 08:00:00+00:00,H
8624,ZONE1,2025-12-26 08:00:00+00:00,2025-12-26 09:00:00+00:00,H
8625,ZONE1,2025-12-26 09:00:00+00:00,2025-12-26 10:00:00+00:00,H
8626,ZONE1,2025-12-26 10:00:00+00:00,2025-12-26 11:00:00+00:00,H
8627,ZONE1,2025-12-26 11:00:00+00:00,2025-12-26 12:00:00+00:00,H
8628,ZONE1,2025-12-26 12:00:00+00:00,2025-12-26 13:00:00+00:00,H
8629,ZONE1,2025-12-26 13:00:00+00:00,2025-12-26 14:00:00+00:00,H
8630,ZONE1,2025-12-26 14:00:00+00:00,2025-12-26 15:00:00+00:00,H
8631,ZONE1,2025-12-26 15:00:00+00:00,2025-12-26 16:00:00+00:00,H
8632,ZONE1,2025-12-26 16:00:00+00:00,2025-12-26 17:00:00+00:00,H
8633,ZONE1,2025-12-26 17:00:00+00:00,2025-12-26 18:00:00+00:00,H
8634,ZONE1,2025-12-26 18:00:00+00:00,2025-12-26 19:00:00+00:00,H
8635,ZONE1,2025-12-26 19:00:00+00:00,2025-12-26 20:00:00+00:00,H
8636,ZONE1,2025-12-26 20:00:00+00:00,2025-12-26 21:00:00+00:00,H
8637,ZONE1,2025-12-26 21:00:00+00:00,2025-12-26 22:00:00+00:00,H
8638,ZONE1,2025-12-26 22:00:00+00:00,2025-12-26 23:00:00+00:00,H
8639,ZONE1,2025-12-26 23:00:00+00:00,2025-12-27 00:00:00+00:00,H
8640,ZONE1,2025-12-27 00:00:00+00:00,2025-12-27 01:00:00+00:00,H
8641,ZONE1,2025-12-27 01:00:00+00:00,2025-12-27 02:00:00+00:00,H
8642,ZONE1,2025-12-27 02:00:00+00:00,2025-12-27 03:00:00+00:00,H
8643,ZONE1,2025-12-27 03:00:00+00:00,2025-12-27 04:00:00+00:00,H
8644,ZONE1,2025-12-27 04:00:00+00:00,2025-12-27 05:00:00+00:00,H
8645,ZONE1,2025-12-27 05:00:00+00:00,2025-12-27 06:00:00+00:00,H
8646,ZONE1,2025-12-27 06:00:00+00:00,2025-12-27 07:00:00+00:00,H
8647,ZONE1,2025-12-27 07:00:00+00:00,2025-12-27 08:00:00+00:00,H
8648,ZONE1,2025-12-27 08:00:00+00:00,2025-12-27 09:00:00+00:00,H
8649,ZONE1,2025-12-27 09:00:00+00:00,2025-12-27 10:00:00+00:00,H
8650,ZONE1,2025-12-27 10:00:00+00:00,2025-12-27 11:00:00+00:00,H
8651,ZONE1,2025-12-27 11:00:00+00:00,2025-12-27 12:00:00+00:00,H
8652,ZONE1,2025-12-27 12:00:00+00:00,2025-12-27 13:00:00+00:00,H
8653,ZONE1,2025-12-27 13:00:00+00:00,2025-12-27 14:00:00+00:00,H
8654,ZONE1,2025-12-27 14:00:00+00:00,2025-12-27 15:00:00+00:00,H
8655,ZONE1,2025-12-27 15:00:00+00:00,2025-12-27 16:00:00+00:00,H
8656,ZONE1,2025-12-27 16:00:00+00:00,2025-12-27 17:00:00+00:00,H
8657,ZONE1,2025-12-27 17:00:00+00:00,2025-12-27 18:00:00+00:00,H
8658,ZONE1,2025-12-27 18:00:00+00:00,2025-12-27 19:00:00+00:00,H
8659,ZONE1,2025-12-27 19:00:00+00:00,2025-12-27 20:00:00+00:00,H
8660,ZONE1,2025-12-27 20:00:00+00:00,2025-12-27 21:00:00+00:00,H
8661,ZONE1,2025-12-27 21:00:00+00:00,2025-12-27 22:00:00+00:00,H
8662,ZONE1,2025-12-27 22:00:00+00:00,2025-12-27 23:00:00+00:00,H
8663,ZONE1,2025-12-27 23:00:00+00:00,2025-12-28 00:00:00+00:00,H
8664,ZONE1,2025-12-28 00:00:00+00:00,2025-12-28 01:00:00+00:00,H
8665,ZONE1,2025-12-28 01:00:00+00:00,2025-12-28 02:00:00+00:00,H
8666,ZONE1,2025-12-28 02:00:00+00:00,2025-12-28 03:00:00+00:00,H
8667,ZONE1,2025-12-28 03:00:00+00:00,2025-12-28 04:00:00+00:00,H
8668,ZONE1,2025-12-28 04:00:00+00:00,2025-12-28 05:00:00+00:00,H
8669,ZONE1,2025-12-28 05:00:00+00:00,2025-12-28 06:00:00+00:00,H
8670,ZONE1,2025-12-28 06:00:00+00:00,2025-12-28 07:00:00+00:00,H
8671,ZONE1,2025-12-28 07:00:00+00:00,2025-12-28 08:00:00+00:00,H
8672,ZONE1,2025-12-28 08:00:00+00:00,2025-12-28 09:00:00+00:00,H
8673,ZONE1,2025-12-28 09:00:00+00:00,2025-12-28 10:00:00+00:00,H
8674,ZONE1,2025-12-28 10:00:00+00:00,2025-12-28 11:00:00+00:00,H
8675,ZONE1,2025-12-28 11:00:00+00:00,2025-12-28 12:00:00+00:00,H
8676,ZONE1,2025-12-28 12:00:00+00:00,2025-12-28 13:00:00+00:00,H
8677,ZONE1,2025-12-28 13:00:00+00:00,2025-12-28 14:00:00+00:00,H
8678,ZONE1,2025-12-28 14:00:00+00:00,2025-12-28 15:00:00+00:00,H
8679,ZONE1,2025-12-28 15:00:00+00:00,2025-12-28 16:00:00+00:00,H
8680,ZONE1,2025-12-28 16:00:00+00:00,2025-12-28 17:00:00+00:00,H
8681,ZONE1,2025-12-28 17:00:00+00:00,2025-12-28 18:00:00+00:00,H
8682,ZONE1,2025-12-28 18:00:00+00:00,2025-12-28 19:00:00+00:00,H
8683,ZONE1,2025-12-28 19:00:00+00:00,2025-12-28 20:00:00+00:00,H
8684,ZONE1,2025-12-28 20:00:00+00:00,2025-12-28 21:00:00+00:00,H
8685,ZONE1,2025-12-28 21:00:00+00:00,2025-12-28 22:00:00+00:00,H
8686,ZONE1,2025-12-28 22:00:00+00:00,2025-12-28 23:00:00+00:00,H
8687,ZONE1,2025-12-28 23:00:00+00:00,2025-12-29 00:00:00+00:00,H
8688,ZONE1,2025-12-29 00:00:00+00:00,2025-12-29 01:00:00+00:00,H
8689,ZONE1,2025-12-29 01:00:00+00:00,2025-12-29 02:00:00+00:00,H
8690,ZONE1,2025-12-29 02:00:00+00:00,2025-12-29 03:00:00+00:00,H
8691,ZONE1,2025-12-29 03:00:00+00:00,2025-12-29 04:00:00+00:00,H
8692,ZONE1,2025-12-29 04:00:00+00:00,2025-12-29 05:00:00+00:00,H
8693,ZONE1,2025-12-29 05:00:00+00:00,2025-12-29 06:00:00+00:00,H
8694,ZONE1,2025-12-29 06:00:00+00:00,2025-12-29 07:00:00+00:00,H
8695,ZONE1,2025-12-29 07:00:00+00:00,2025-12-29 08:00:00+00:00,H
8696,ZONE1,2025-12-29 08:00:00+00:00,2025-12-29 09:00:00+00:00,H
8697,ZONE1,2025-12-29 09:00:00+00:00,2025-12-29 10:00:00+00:00,H
8698,ZONE1,2025-12-29 10:00:00+00:00,2025-12-29 11:00:00+00:00,H
8699,ZONE1,2025-12-29 11:00:00+00:00,2025-12-29 12:00:00+00:00,H
8700,ZONE1,2025-12-29 12:00:00+00:00,2025-12-29 13:00:00+00:00,H
8701,ZONE1,2025-12-29 13:00:00+00:00,2025-12-29 14:00:00+00:00,H
8702,ZONE1,2025-12-29 14:00:00+00:00,2025-12-29 15:00:00+00:00,H
8703,ZONE1,2025-12-29 15:00:00+00:00,2025-12-29 16:00:00+00:00,H
8704,ZONE1,2025-12-29 16:00:00+00:00,2025-12-29 17:00:00+00:00,H
8705,ZONE1,2025-12-29 17:00:00+00:00,2025-12-29 18:00:00+00:00,H
8706,ZONE1,2025-12-29 18:00:00+00:00,2025-12-29 19:00:00+00:00,H
8707,ZONE1,2025-12-29 19:00:00+00:00,2025-12-29 20:00:00+00:00,H
8708,ZONE1,2025-12-29 20:00:00+00:00,2025-12-29 21:00:00+00:00,H
8709,ZONE1,2025-12-29 21:00:00+00:00,2025-12-29 22:00:00+00:00,H
8710,ZONE1,2025-12-29 22:00:00+00:00,2025-12-29 23:00:00+00:00,H
8711,ZONE1,2025-12-29 23:00:00+00:00,2025-12-30 00:00:00+00:00,H
8712,ZONE1,2025-12-30 00:00:00+00:00,2025-12-30 01:00:00+00:00,H
8713,ZONE1,2025-12-30 01:00:00+00:00,2025-12-30 02:00:00+00:00,H
8714,ZONE1,2025-12-30 02:00:00+00:00,2025-12-30 03:00:00+00:00,H
8715,ZONE1,2025-12-30 03:00:00+00:00,2025-12-30 04:00:00+00:00,H
8716,ZONE1,2025-12-30 04:00:00+00:00,2025-12-30 05:00:00+00:00,H
8717,ZONE1,2025-12-30 05:00:00+00:00,2025-12-30 06:00:00+00:00,H
8718,ZONE1,2025-12-30 06:00:00+00:00,2025-12-30 07:00:00+00:00,H
8719,ZONE1,2025-12-30 07:00:00+00:00,2025-12-30 08:00:00+00:00,H
8720,ZONE1,2025-12-30 08:00:00+00:00,2025-12-30 09:00:00+00:00,H
8721,ZONE1,2025-12-30 09:00:00+00:00,2025-12-30 10:00:00+00:00,H
8722,ZONE1,2025-12-30 10:00:00+00:00,2025-12-30 11:00:00+00:00,H
8723,ZONE1,2025-12-30 11:00:00+00:00,2025-12-30 12:00:00+00:00,H
8724,ZONE1,2025-12-30 12:00:00+00:00,2025-12-30 13:00:00+00:00,H
8725,ZONE1,2025-12-30 13:00:00+00:00,2025-12-30 14:00:00+00:00,H
8726,ZONE1,2025-12-30 14:00:00+00:00,2025-12-30 15:00:00+00:00,H
8727,ZONE1,2025-12-30 15:00:00+00:00,2025-12-30 16:00:00+00:00,H
8728,ZONE1,2025-12-30 16:00:00+00:00,2025-12-30 17:00:00+00:00,H
8729,ZONE1,2025-12-30 17:00:00+00:00,2025-12-30 18:00:00+00:00,H
8730,ZONE1,2025-12-30 18:00:00+00:00,2025-12-30 19:00:00+00:00,H
8731,ZONE1,2025-12-30 19:00:00+00:00,2025-12-30 20:00:00+00:00,H
8732,ZONE1,2025-12-30 20:00:00+00:00,2025-12-30 21:00:00+00:00,H
8733,ZONE1,2025-12-30 21:00:00+00:00,2025-12-30 22:00:00+00:00,H
8734,ZONE1,2025-12-30 22:00:00+00:00,2025-12-30 23:00:00+00:00,H
8735,ZONE1,2025-12-30 23:00:00+00:00,2025-12-31 00:00:00+00:00,H
8736,ZONE1,2025-12-31 00:00:00+00:00,2025-12-31 01:00:00+00:00,H
8737,ZONE1,2025-12-31 01:00:00+00:00,2025-12-31 02:00:00+00:00,H
8738,ZONE1,2025-12-31 02:00:00+00:00,2025-12-31 03:00:00+00:00,H
8739,ZONE1,2025-12-31 03:00:00+00:00,2025-12-31 04:00:00+00:00,H
8740,ZONE1,2025-12-31 04:00:00+00:00,2025-12-31 05:00:00+00:00,H
8741,ZONE1,2025-12-31 05:00:00+00:00,2025-12-31 06:00:00+00:00,H
8742,ZONE1,2025-12-31 06:00:00+00:00,2025-12-31 07:00:00+00:00,H
8743,ZONE1,2025-12-31 07:00:00+00:00,2025-12-31 08:00:00+00:00,H
8744,ZONE1,2025-12-31 08:00:00+00:00,2025-12-31 09:00:00+00:00,H
8745,ZONE1,2025-12-31 09:00:00+00:00,2025-12-31 10:00:00+00:00,H
8746,ZONE1,2025-12-31 10:00:00+00:00,2025-12-31 11:00:00+00:00,H
8747,ZONE1,2025-12-31 11:00:00+00:00,2025-12-31 12:00:00+00:00,H
8748,ZONE1,2025-12-31 12:00:00+00:00,2025-12-31 13:00:00+00:00,H
8749,ZONE1,2025-12-31 13:00:00+00:00,2025-12-31 14:00:00+00:00,H
8750,ZONE1,2025-12-31 14:00:00+00:00,2025-12-31 15:00:00+00:00,H
8751,ZONE1,2025-12-31 15:00:00+00:00,2025-12-31 16:00:00+00:00,H
8752,ZONE1,2025-12-31 16:00:00+00:00,2025-12-31 17:00:00+00:00,H
8753,ZONE1,2025-12-31 17:00:00+00:00,2025-12-31 18:00:00+00:00,H
8754,ZONE1,2025-12-31 18:00:00+00:00,2025-12-31 19:00:00+00:00,H
8755,ZONE1,2025-12-31 19:00:00+00:00,2025-12-31 20:00:00+00:00,H
8756,ZONE1,2025-12-31 20:00:00+00:00,2025-12-31 21:00:00+00:00,H
8757,ZONE1,2025-12-31 21:00:00+00:00,2025-12-31 22:00:00+00:00,H
8758,ZONE1,2025-12-31 22:00:00+00:00,2025-12-31 23:00:00+00:00,H
8759,ZONE1,2025-12-31 23:00:00+00:00,2026-01-01 00:00:00+00:00,H
8760,ZONE1,2026-01-01 00:00:00+00:00,2026-01-01 01:00:00+00:00,H
8761,ZONE1,2026-01-01 01:00:00+00:00,2026-01-01 02:00:00+00:00,H
8762,ZONE1,2026-01-01 02:00:00+00:00,2026-01-01 03:00:00+00:00,H
8763,ZONE1,2026-01-01 03:00:00+00:00,2026-01-01 04:00:00+00:00,H
8764,ZONE1,2026-01-01 04:00:00+00:00,2026-01-01 05:00:00+00:00,H
8765,ZONE1,2026-01-01 05:00:00+00:00,2026-01-01 06:00:00+00:00,H
8766,ZONE1,2026-01-01 06:00:00+00:00,2026-01-01 07:00:00+00:00,H
8767,ZONE1,2026-01-01 07:00:00+00:00,2026-01-01 08:00:00+00:00,H
8768,ZONE1,2026-01-01 08:00:00+00:00,2026-01-01 09:00:00+00:00,H
8769,ZONE1,2026-01-01 09:00:00+00:00,2026-01-01 10:00:00+00:00,H
8770,ZONE1,2026-01-01 10:00:00+00:00,2026-01-01 11:00:00+00:00,H
8771,ZONE1,2026-01-01 11:00:00+00:00,2026-01-01 12:00:00+00:00,H
8772,ZONE1,2026-01-01 12:00:00+00:00,2026-01-01 13:00:00+00:00,H
8773,ZONE1,2026-01-01 13:00:00+00:00,2026-01-01 14:00:00+00:00,H
8774,ZONE1,2026-01-01 14:00:00+00:00,2026-01-01 15:00:00+00:00,H
8775,ZONE1,2026-01-01 15:00:00+00:00,2026-01-01 16:00:00+00:00,H
8776,ZONE1,2026-01-01 16:00:00+00:00,2026-01-01 17:00:00+00:00,H
8777,ZONE1,2026-01-01 17:00:00+00:00,2026-01-01 18:00:00+00:00,H
8778,ZONE1,2026-01-01 18:00:00+00:00,2026-01-01 19:00:00+00:00,H
8779,ZONE1,2026-01-01 19:00:00+00:00,2026-01-01 20:00:00+00:00,H
8780,ZONE1,2026-01-01 20:00:00+00:00,2026-01-01 21:00:00+00:00,H
8781,ZONE1,2026-01-01 21:00:00+00:00,2026-01-01 22:00:00+00:00,H
8782,ZONE1,2026-01-01 22:00:00+00:00,2026-01-01 23:00:00+00:00,H
8783,ZONE1,2026-01-01 23:00:00+00:00,2026-01-02 00:00:00+00:00,H
8784,ZONE1,2026-01-02 00:00:00+00:00,2026-01-02 01:00:00+00:00,H
8785,ZONE1,2026-01-02 01:00:00+00:00,2026-01-02 02:00:00+00:00,H
8786,ZONE1,2026-01-02 02:00:00+00:00,2026-01-02 03:00:00+00:00,H
8787,ZONE1,2026-01-02 03:00:00+00:00,2026-01-02 04:00:00+00:00,H
8788,ZONE1,2026-01-02 04:00:00+00:00,2026-01-02 05:00:00+00:00,H
8789,ZONE1,2026-01-02 05:00:00+00:00,2026-01-02 06:00:00+00:00,H
8790,ZONE1,2026-01-02 06:00:00+00:00,2026-01-02 07:00:00+00:00,H
8791,ZONE1,2026-01-02 07:00:00+00:00,2026-01-02 08:00:00+00:00,H
8792,ZONE1,2026-01-02 08:00:00+00:00,2026-01-02 09:00:00+00:00,H
8793,ZONE1,2026-01-02 09:00:00+00:00,2026-01-02 10:00:00+00:00,H
8794,ZONE1,2026-01-02 10:00:00+00:00,2026-01-02 11:00:00+00:00,H
8795,ZONE1,2026-01-02 11:00:00+00:00,2026-01-02 12:00:00+00:00,H
8796,ZONE1,2026-01-02 12:00:00+00:00,2026-01-02 13:00:00+00:00,H
8797,ZONE1,2026-01-02 13:00:00+00:00,2026-01-02 14:00:00+00:00,H
8798,ZONE1,2026-01-02 14:00:00+00:00,2026-01-02 15:00:00+00:00,H
8799,ZONE1,2026-01-02 15:00:00+00:00,2026-01-02 16:00:00+00:00,H
8800,ZONE1,2026-01-02 16:00:00+00:00,2026-01-02 17:00:00+00:00,H
8801,ZONE1,2026-01-02 17:00:00+00:00,2026-01-02 18:00:00+00:00,H
8802,ZONE1,2026-01-02 18:00:00+00:00,2026-01-02 19:00:00+00:00,H
8803,ZONE1,2026-01-02 19:00:00+00:00,2026-01-02 20:00:00+00:00,H
8804,ZONE1,2026-01-02 20:00:00+00:00,2026-01-02 21:00:00+00:00,H
8805,ZONE1,2026-01-02 21:00:00+00:00,2026-01-02 22:00:00+00:00,H
8806,ZONE1,2026-01-02 22:00:00+00:00,2026-01-02 23:00:00+00:00,H
8807,ZONE1,2026-01-02 23:00:00+00:00,2026-01-03 00:00:00+00:00,H
8808,ZONE1,2026-01-03 00:00:00+00:00,2026-01-03 01:00:00+00:00,H
8809,ZONE1,2026-01-03 01:00:00+00:00,2026-01-03 02:00:00+00:00,H
8810,ZONE1,2026-01-03 02:00:00+00:00,2026-01-03 03:00:00+00:00,H
8811,ZONE1,2026-01-03 03:00:00+00:00,2026-01-03 04:00:00+00:00,H
8812,ZONE1,2026-01-03 04:00:00+00:00,2026-01-03 05:00:00+00:00,H
8813,ZONE1,2026-01-03 05:00:00+00:00,2026-01-03 06:00:00+00:00,H
8814,ZONE1,2026-01-03 06:00:00+00:00,2026-01-03 07:00:00+00:00,H
8815,ZONE1,2026-01-03 07:00:00+00:00,2026-01-03 08:00:00+00:00,H
8816,ZONE1,2026-01-03 08:00:00+00:00,2026-01-03 09:00:00+00:00,H
8817,ZONE1,2026-01-03 09:00:00+00:00,2026-01-03 10:00:00+00:00,H
8818,ZONE1,2026-01-03 10:00:00+00:00,2026-01-03 11:00:00+00:00,H
8819,ZONE1,2026-01-03 11:00:00+00:00,2026-01-03 12:00:00+00:00,H
8820,ZONE1,2026-01-03 12:00:00+00:00,2026-01-03 13:00:00+00:00,H
8821,ZONE1,2026-01-03 13:00:00+00:00,2026-01-03 14:00:00+00:00,H
8822,ZONE1,2026-01-03 14:00:00+00:00,2026-01-03 15:00:00+00:00,H
8823,ZONE1,2026-01-03 15:00:00+00:00,2026-01-03 16:00:00+00:00,H
8824,ZONE1,2026-01-03 16:00:00+00:00,2026-01-03 17:00:00+00:00,H
8825,ZONE1,2026-01-03 17:00:00+00:00,2026-01-03 18:00:00+00:00,H
8826,ZONE1,2026-01-03 18:00:00+00:00,2026-01-03 19:00:00+00:00,H
8827,ZONE1,2026-01-03 19:00:00+00:00,2026-01-03 20:00:00+00:00,H
8828,ZONE1,2026-01-03 20:00:00+00:00,2026-01-03 21:00:00+00:00,H
8829,ZONE1,2026-01-03 21:00:00+00:00,2026-01-03 22:00:00+00:00,H
8830,ZONE1,2026-01-03 22:00:00+00:00,2026-01-03 23:00:00+00:00,H
8831,ZONE1,2026-01-03 23:00:00+00:00,2026-01-04 00:00:00+00:00,H
8832,ZONE1,2026-01-04 00:00:00+00:00,2026-01-04 01:00:00+00:00,H
8833,ZONE1,2026-01-04 01:00:00+00:00,2026-01-04 02:00:00+00:00,H
8834,ZONE1,2026-01-04 02:00:00+00:00,2026-01-04 03:00:00+00:00,H
8835,ZONE1,2026-01-04 03:00:00+00:00,2026-01-04 04:00:00+00:00,H
8836,ZONE1,2026-01-04 04:00:00+00:00,2026-01-04 05:00:00+00:00,H
8837,ZONE1,2026-01-04 05:00:00+00:00,2026-01-04 06:00:00+00:00,H
8838,ZONE1,2026-01-04 06:00:00+00:00,2026-01-04 07:00:00+00:00,H
8839,ZONE1,2026-01-04 07:00:00+00:00,2026-01-04 08:00:00+00:00,H
8840,ZONE1,2026-01-04 08:00:00+00:00,2026-01-04 09:00:00+00:00,H
8841,ZONE1,2026-01-04 09:00:00+00:00,2026-01-04 10:00:00+00:00,H
8842,ZONE1,2026-01-04 10:00:00+00:00,2026-01-04 11:00:00+00:00,H
8843,ZONE1,2026-01-04 11:00:00+00:00,2026-01-04 12:00:00+00:00,H
8844,ZONE1,2026-01-04 12:00:00+00:00,2026-01-04 13:00:00+00:00,H
8845,ZONE1,2026-01-04 13:00:00+00:00,2026-01-04 14:00:00+00:00,H
8846,ZONE1,2026-01-04 14:00:00+00:00,2026-01-04 15:00:00+00:00,H
8847,ZONE1,2026-01-04 15:00:00+00:00,2026-01-04 16:00:00+00:00,H
8848,ZONE1,2026-01-04 16:00:00+00:00,2026-01-04 17:00:00+00:00,H
8849,ZONE1,2026-01-04 17:00:00+00:00,2026-01-04 18:00:00+00:00,H
8850,ZONE1,2026-01-04 18:00:00+00:00,2026-01-04 19:00:00+00:00,H
8851,ZONE1,2026-01-04 19:00:00+00:00,2026-01-04 20:00:00+00:00,H
8852,ZONE1,2026-01-04 20:00:00+00:00,2026-01-04 21:00:00+00:00,H
8853,ZONE1,2026-01-04 21:00:00+00:00,2026-01-04 22:00:00+00:00,H
8854,ZONE1,2026-01-04 22:00:00+00:00,2026-01-04 23:00:00+00:00,H
8855,ZONE1,2026-01-04 23:00:00+00:00,2026-01-05 00:00:00+00:00,H
8856,ZONE1,2026-01-05 00:00:00+00:00,2026-01-05 01:00:00+00:00,H
8857,ZONE1,2026-01-05 01:00:00+00:00,2026-01-05 02:00:00+00:00,H
8858,ZONE1,2026-01-05 02:00:00+00:00,2026-01-05 03:00:00+00:00,H
8859,ZONE1,2026-01-05 03:00:00+00:00,2026-01-05 04:00:00+00:00,H
8860,ZONE1,2026-01-05 04:00:00+00:00,2026-01-05 05:00:00+00:00,H
8861,ZONE1,2026-01-05 05:00:00+00:00,2026-01-05 06:00:00+00:00,H
8862,ZONE1,2026-01-05 06:00:00+00:00,2026-01-05 07:00:00+00:00,H
8863,ZONE1,2026-01-05 07:00:00+00:00,2026-01-05 08:00:00+00:00,H
8864,ZONE1,2026-01-05 08:00:00+00:00,2026-01-05 09:00:00+00:00,H
8865,ZONE1,2026-01-05 09:00:00+00:00,2026-01-05 10:00:00+00:00,H
8866,ZONE1,2026-01-05 10:00:00+00:00,2026-01-05 11:00:00+00:00,H
8867,ZONE1,2026-01-05 11:00:00+00:00,2026-01-05 12:00:00+00:00,H
8868,ZONE1,2026-01-05 12:00:00+00:00,2026-01-05 13:00:00+00:00,H
8869,ZONE1,2026-01-05 13:00:00+00:00,2026-01-05 14:00:00+00:00,H
8870,ZONE1,2026-01-05 14:00:00+00:00,2026-01-05 15:00:00+00:00,H
8871,ZONE1,2026-01-05 15:00:00+00:00,2026-01-05 16:00:00+00:00,H
8872,ZONE1,2026-01-05 16:00:00+00:00,2026-01-05 17:00:00+00:00,H
8873,ZONE1,2026-01-05 17:00:00+00:00,2026-01-05 18:00:00+00:00,H
8874,ZONE1,2026-01-05 18:00:00+00:00,2026-01-05 19:00:00+00:00,H
8875,ZONE1,2026-01-05 19:00:00+00:00,2026-01-05 20:00:00+00:00,H
8876,ZONE1,2026-01-05 20:00:00+00:00,2026-01-05 21:00:00+00:00,H
8877,ZONE1,2026-01-05 21:00:00+00:00,2026-01-05 22:00:00+00:00,H
8878,ZONE1,2026-01-05 22:00:00+00:00,2026-01-05 23:00:00+00:00,H
8879,ZONE1,2026-01-05 23:00:00+00:00,2026-01-06 00:00:00+00:00,H
8880,ZONE1,2026-01-06 00:00:00+00:00,2026-01-06 01:00:00+00:00,H
8881,ZONE1,2026-01-06 01:00:00+00:00,2026-01-06 02:00:00+00:00,H
8882,ZONE1,2026-01-06 02:00:00+00:00,2026-01-06 03:00:00+00:00,H
8883,ZONE1,2026-01-06 03:00:00+00:00,2026-01-06 04:00:00+00:00,H
8884,ZONE1,2026-01-06 04:00:00+00:00,2026-01-06 05:00:00+00:00,H
8885,ZONE1,2026-01-06 05:00:00+00:00,2026-01-06 06:00:00+00:00,H
8886,ZONE1,2026-01-06 06:00:00+00:00,2026-01-06 07:00:00+00:00,H
8887,ZONE1,2026-01-06 07:00:00+00:00,2026-01-06 08:00:00+00:00,H
8888,ZONE1,2026-01-06 08:00:00+00:00,2026-01-06 09:00:00+00:00,H
8889,ZONE1,2026-01-06 09:00:00+00:00,2026-01-06 10:00:00+00:00,H
8890,ZONE1,2026-01-06 10:00:00+00:00,2026-01-06 11:00:00+00:00,H
8891,ZONE1,2026-01-06 11:00:00+00:00,2026-01-06 12:00:00+00:00,H
8892,ZONE1,2026-01-06 12:00:00+00:00,2026-01-06 13:00:00+00:00,H
8893,ZONE1,2026-01-06 13:00:00+00:00,2026-01-06 14:00:00+00:00,H
8894,ZONE1,2026-01-06 14:00:00+00:00,2026-01-06 15:00:00+00:00,H
8895,ZONE1,2026-01-06 15:00:00+00:00,2026-01-06 16:00:00+00:00,H
8896,ZONE1,2026-01-06 16:00:00+00:00,2026-01-06 17:00:00+00:00,H
8897,ZONE1,2026-01-06 17:00:00+00:00,2026-01-06 18:00:00+00:00,H
8898,ZONE1,2026-01-06 18:00:00+00:00,2026-01-06 19:00:00+00:00,H
8899,ZONE1,2026-01-06 19:00:00+00:00,2026-01-06 20:00:00+00:00,H
8900,ZONE1,2026-01-06 20:00:00+00:00,2026-01-06 21:00:00+00:00,H
8901,ZONE1,2026-01-06 21:00:00+00:00,2026-01-06 22:00:00+00:00,H
8902,ZONE1,2026-01-06 22:00:00+00:00,2026-01-06 23:00:00+00:00,H
8903,ZONE1,2026-01-06 23:00:00+00:00,2026-01-07 00:00:00+00:00,H
8904,ZONE1,2026-01-07 00:00:00+00:00,2026-01-07 01:00:00+00:00,H
8905,ZONE1,2026-01-07 01:00:00+00:00,2026-01-07 02:00:00+00:00,H
8906,ZONE1,2026-01-07 02:00:00+00:00,2026-01-07 03:00:00+00:00,H
8907,ZONE1,2026-01-07 03:00:00+00:00,2026-01-07 04:00:00+00:00,H
8908,ZONE1,2026-01-07 04:00:00+00:00,2026-01-07 05:00:00+00:00,H
8909,ZONE1,2026-01-07 05:00:00+00:00,2026-01-07 06:00:00+00:00,H
8910,ZONE1,2026-01-07 06:00:00+00:00,2026-01-07 07:00:00+00:00,H
8911,ZONE1,2026-01-07 07:00:00+00:00,2026-01-07 08:00:00+00:00,H
8912,ZONE1,2026-01-07 08:00:00+00:00,2026-01-07 09:00:00+00:00,H
8913,ZONE1,2026-01-07 09:00:00+00:00,2026-01-07 10:00:00+00:00,H
8914,ZONE1,2026-01-07 10:00:00+00:00,2026-01-07 11:00:00+00:00,H
8915,ZONE1,2026-01-07 11:00:00+00:00,2026-01-07 12:00:00+00:00,H
8916,ZONE1,2026-01-07 12:00:00+00:00,2026-01-07 13:00:00+00:00,H
8917,ZONE1,2026-01-07 13:00:00+00:00,2026-01-07 14:00:00+00:00,H
8918,ZONE1,2026-01-07 14:00:00+00:00,2026-01-07 15:00:00+00:00,H
8919,ZONE1,2026-01-07 15:00:00+00:00,2026-01-07 16:00:00+00:00,H
8920,ZONE1,2026-01-07 16:00:00+00:00,2026-01-07 17:00:00+00:00,H
8921,ZONE1,2026-01-07 17:00:00+00:00,2026-01-07 18:00:00+00:00,H
8922,ZONE1,2026-01-07 18:00:00+00:00,2026-01-07 19:00:00+00:00,H
8923,ZONE1,2026-01-07 19:00:00+00:00,2026-01-07 20:00:00+00:00,H
8924,ZONE1,2026-01-07 20:00:00+00:00,2026-01-07 21:00:00+00:00,H
8925,ZONE1,2026-01-07 21:00:00+00:00,2026-01-07 22:00:00+00:00,H
8926,ZONE1,2026-01-07 22:00:00+00:00,2026-01-07 23:00:00+00:00,H
8927,ZONE1,2026-01-07 23:00:00+00:00,2026-01-08 00:00:00+00:00,H
8928,ZONE1,2026-01-08 00:00:00+00:00,2026-01-08 01:00:00+00:00,H
8929,ZONE1,2026-01-08 01:00:00+00:00,2026-01-08 02:00:00+00:00,H
8930,ZONE1,2026-01-08 02:00:00+00:00,2026-01-08 03:00:00+00:00,H
8931,ZONE1,2026-01-08 03:00:00+00:00,2026-01-08 04:00:00+00:00,H
8932,ZONE1,2026-01-08 04:00:00+00:00,2026-01-08 05:00:00+00:00,H
8933,ZONE1,2026-01-08 05:00:00+00:00,2026-01-08 06:00:00+00:00,H
8934,ZONE1,2026-01-08 06:00:00+00:00,2026-01-08 07:00:00+00:00,H
8935,ZONE1,2026-01-08 07:00:00+00:00,2026-01-08 08:00:00+00:00,H
8936,ZONE1,2026-01-08 08:00:00+00:00,2026-01-08 09:00:00+00:00,H
8937,ZONE1,2026-01-08 09:00:00+00:00,2026-01-08 10:00:00+00:00,H
8938,ZONE1,2026-01-08 10:00:00+00:00,2026-01-08 11:00:00+00:00,H
8939,ZONE1,2026-01-08 11:00:00+00:00,2026-01-08 12:00:00+00:00,H
8940,ZONE1,2026-01-08 12:00:00+00:00,2026-01-08 13:00:00+00:00,H
8941,ZONE1,2026-01-08 13:00:00+00:00,2026-01-08 14:00:00+00:00,H
8942,ZONE1,2026-01-08 14:00:00+00:00,2026-01-08 15:00:00+00:00,H
8943,ZONE1,2026-01-08 15:00:00+00:00,2026-01-08 16:00:00+00:00,H
8944,ZONE1,2026-01-08 16:00:00+00:00,2026-01-08 17:00:00+00:00,H
8945,ZONE1,2026-01-08 17:00:00+00:00,2026-01-08 18:00:00+00:00,H
8946,ZONE1,2026-01-08 18:00:00+00:00,2026-01-08 19:00:00+00:00,H
8947,ZONE1,2026-01-08 19:00:00+00:00,2026-01-08 20:00:00+00:00,H
8948,ZONE1,2026-01-08 20:00:00+00:00,2026-01-08 21:00:00+00:00,H
8949,ZONE1,2026-01-08 21:00:00+00:00,2026-01-08 22:00:00+00:00,H
8950,ZONE1,2026-01-08 22:00:00+00:00,2026-01-08 23:00:00+00:00,H
8951,ZONE1,2026-01-08 23:00:00+00:00,2026-01-09 00:00:00+00:00,H
8952,ZONE1,2026-01-09 00:00:00+00:00,2026-01-09 01:00:00+00:00,H
8953,ZONE1,2026-01-09 01:00:00+00:00,2026-01-09 02:00:00+00:00,H
8954,ZONE1,2026-01-09 02:00:00+00:00,2026-01-09 03:00:00+00:00,H
8955,ZONE1,2026-01-09 03:00:00+00:00,2026-01-09 04:00:00+00:00,H
8956,ZONE1,2026-01-09 04:00:00+00:00,2026-01-09 05:00:00+00:00,H
8957,ZONE1,2026-01-09 05:00:00+00:00,2026-01-09 06:00:00+00:00,H
8958,ZONE1,2026-01-09 06:00:00+00:00,2026-01-09 07:00:00+00:00,H
8959,ZONE1,2026-01-09 07:00:00+00:00,2026-01-09 08:00:00+00:00,H
8960,ZONE1,2026-01-09 08:00:00+00:00,2026-01-09 09:00:00+00:00,H
8961,ZONE1,2026-01-09 09:00:00+00:00,2026-01-09 10:00:00+00:00,H
8962,ZONE1,2026-01-09 10:00:00+00:00,2026-01-09 11:00:00+00:00,H
8963,ZONE1,2026-01-09 11:00:00+00:00,2026-01-09 12:00:00+00:00,H
8964,ZONE1,2026-01-09 12:00:00+00:00,2026-01-09 13:00:00+00:00,H
8965,ZONE1,2026-01-09 13:00:00+00:00,2026-01-09 14:00:00+00:00,H
8966,ZONE1,2026-01-09 14:00:00+00:00,2026-01-09 15:00:00+00:00,H
8967,ZONE1,2026-01-09 15:00:00+00:00,2026-01-09 16:00:00+00:00,H
8968,ZONE1,2026-01-09 16:00:00+00:00,2026-01-09 17:00:00+00:00,H
8969,ZONE1,2026-01-09 17:00:00+00:00,2026-01-09 18:00:00+00:00,H
8970,ZONE1,2026-01-09 18:00:00+00:00,2026-01-09 19:00:00+00:00,H
8971,ZONE1,2026-01-09 19:00:00+00:00,2026-01-09 20:00:00+00:00,H
8972,ZONE1,2026-01-09 20:00:00+00:00,2026-01-09 21:00:00+00:00,H
8973,ZONE1,2026-01-09 21:00:00+00:00,2026-01-09 22:00:00+00:00,H
8974,ZONE1,2026-01-09 22:00:00+00:00,2026-01-09 23:00:00+00:00,H
8975,ZONE1,2026-01-09 23:00:00+00:00,2026-01-10 00:00:00+00:00,H
8976,ZONE1,2026-01-10 00:00:00+00:00,2026-01-10 01:00:00+00:00,H
8977,ZONE1,2026-01-10 01:00:00+00:00,2026-01-10 02:00:00+00:00,H
8978,ZONE1,2026-01-10 02:00:00+00:00,2026-01-10 03:00:00+00:00,H
8979,ZONE1,2026-01-10 03:00:00+00:00,2026-01-10 04:00:00+00:00,H
8980,ZONE1,2026-01-10 04:00:00+00:00,2026-01-10 05:00:00+00:00,H
8981,ZONE1,2026-01-10 05:00:00+00:00,2026-01-10 06:00:00+00:00,H
8982,ZONE1,2026-01-10 06:00:00+00:00,2026-01-10 07:00:00+00:00,H
8983,ZONE1,2026-01-10 07:00:00+00:00,2026-01-10 08:00:00+00:00,H
8984,ZONE1,2026-01-10 08:00:00+00:00,2026-01-10 09:00:00+00:00,H
8985,ZONE1,2026-01-10 09:00:00+00:00,2026-01-10 10:00:00+00:00,H
8986,ZONE1,2026-01-10 10:00:00+00:00,2026-01-10 11:00:00+00:00,H
8987,ZONE1,2026-01-10 11:00:00+00:00,2026-01-10 12:00:00+00:00,H
8988,ZONE1,2026-01-10 12:00:00+00:00,2026-01-10 13:00:00+00:00,H
8989,ZONE1,2026-01-10 13:00:00+00:00,2026-01-10 14:00:00+00:00,H
8990,ZONE1,2026-01-10 14:00:00+00:00,2026-01-10 15:00:00+00:00,H
8991,ZONE1,2026-01-10 15:00:00+00:00,2026-01-10 16:00:00+00:00,H
8992,ZONE1,2026-01-10 16:00:00+00:00,2026-01-10 17:00:00+00:00,H
8993,ZONE1,2026-01-10 17:00:00+00:00,2026-01-10 18:00:00+00:00,H
8994,ZONE1,2026-01-10 18:00:00+00:00,2026-01-10 19:00:00+00:00,H
8995,ZONE1,2026-01-10 19:00:00+00:00,2026-01-10 20:00:00+00:00,H
8996,ZONE1,2026-01-10 20:00:00+00:00,2026-01-10 21:00:00+00:00,H
8997,ZONE1,2026-01-10 21:00:00+00:00,2026-01-10 22:00:00+00:00,H
8998,ZONE1,2026-01-10 22:00:00+00:00,2026-01-10 23:00:00+00:00,H
8999,ZONE1,2026-01-10 23:00:00+00:00,2026-01-11 00:00:00+00:00,H
9000,ZONE1,2026-01-11 00:00:00+00:00,2026-01-11 01:00:00+00:00,H
9001,ZONE1,2026-01-11 01:00:00+00:00,2026-01-11 02:00:00+00:00,H
9002,ZONE1,2026-01-11 02:00:00+00:00,2026-01-11 03:00:00+00:00,H
9003,ZONE1,2026-01-11 03:00:00+00:00,2026-01-11 04:00:00+00:00,H
9004,ZONE1,2026-01-11 04:00:00+00:00,2026-01-11 05:00:00+00:00,H
9005,ZONE1,2026-01-11 05:00:00+00:00,2026-01-11 06:00:00+00:00,H
9006,ZONE1,2026-01-11 06:00:00+00:00,2026-01-11 07:00:00+00:00,H
9007,ZONE1,2026-01-11 07:00:00+00:00,2026-01-11 08:00:00+00:00,H
9008,ZONE1,2026-01-11 08:00:00+00:00,2026-01-11 09:00:00+00:00,H
9009,ZONE1,2026-01-11 09:00:00+00:00,2026-01-11 10:00:00+00:00,H
9010,ZONE1,2026-01-11 10:00:00+00:00,2026-01-11 11:00:00+00:00,H
9011,ZONE1,2026-01-11 11:00:00+00:00,2026-01-11 12:00:00+00:00,H
9012,ZONE1,2026-01-11 12:00:00+00:00,2026-01-11 13:00:00+00:00,H
9013,ZONE1,2026-01-11 13:00:00+00:00,2026-01-11 14:00:00+00:00,H
9014,ZONE1,2026-01-11 14:00:00+00:00,2026-01-11 15:00:00+00:00,H
9015,ZONE1,2026-01-11 15:00:00+00:00,2026-01-11 16:00:00+00:00,H
9016,ZONE1,2026-01-11 16:00:00+00:00,2026-01-11 17:00:00+00:00,H
9017,ZONE1,2026-01-11 17:00:00+00:00,2026-01-11 18:00:00+00:00,H
9018,ZONE1,2026-01-11 18:00:00+00:00,2026-01-11 19:00:00+00:00,H
9019,ZONE1,2026-01-11 19:00:00+00:00,2026-01-11 20:00:00+00:00,H
9020,ZONE1,2026-01-11 20:00:00+00:00,2026-01-11 21:00:00+00:00,H
9021,ZONE1,2026-01-11 21:00:00+00:00,2026-01-11 22:00:00+00:00,H
9022,ZONE1,2026-01-11 22:00:00+00:00,2026-01-11 23:00:00+00:00,H
9023,ZONE1,2026-01-11 23:00:00+00:00,2026-01-12 00:00:00+00:00,H
9024,ZONE1,2026-01-12 00:00:00+00:00,2026-01-12 01:00:00+00:00,H
9025,ZONE1,2026-01-12 01:00:00+00:00,2026-01-12 02:00:00+00:00,H
9026,ZONE1,2026-01-12 02:00:00+00:00,2026-01-12 03:00:00+00:00,H
9027,ZONE1,2026-01-12 03:00:00+00:00,2026-01-12 04:00:00+00:00,H
9028,ZONE1,2026-01-12 04:00:00+00:00,2026-01-12 05:00:00+00:00,H
9029,ZONE1,2026-01-12 05:00:00+00:00,2026-01-12 06:00:00+00:00,H
9030,ZONE1,2026-01-12 06:00:00+00:00,2026-01-12 07:00:00+00:00,H
9031,ZONE1,2026-01-12 07:00:00+00:00,2026-01-12 08:00:00+00:00,H
9032,ZONE1,2026-01-12 08:00:00+00:00,2026-01-12 09:00:00+00:00,H
9033,ZONE1,2026-01-12 09:00:00+00:00,2026-01-12 10:00:00+00:00,H
9034,ZONE1,2026-01-12 10:00:00+00:00,2026-01-12 11:00:00+00:00,H
9035,ZONE1,2026-01-12 11:00:00+00:00,2026-01-12 12:00:00+00:00,H
9036,ZONE1,2026-01-12 12:00:00+00:00,2026-01-12 13:00:00+00:00,H
9037,ZONE1,2026-01-12 13:00:00+00:00,2026-01-12 14:00:00+00:00,H
9038,ZONE1,2026-01-12 14:00:00+00:00,2026-01-12 15:00:00+00:00,H
9039,ZONE1,2026-01-12 15:00:00+00:00,2026-01-12 16:00:00+00:00,H
9040,ZONE1,2026-01-12 16:00:00+00:00,2026-01-12 17:00:00+00:00,H
9041,ZONE1,2026-01-12 17:00:00+00:00,2026-01-12 18:00:00+00:00,H
9042,ZONE1,2026-01-12 18:00:00+00:00,2026-01-12 19:00:00+00:00,H
9043,ZONE1,2026-01-12 19:00:00+00:00,2026-01-12 20:00:00+00:00,H
9044,ZONE1,2026-01-12 20:00:00+00:00,2026-01-12 21:00:00+00:00,H
9045,ZONE1,2026-01-12 21:00:00+00:00,2026-01-12 22:00:00+00:00,H
9046,ZONE1,2026-01-12 22:00:00+00:00,2026-01-12 23:00:00+00:00,H
9047,ZONE1,2026-01-12 23:00:00+00:00,2026-01-13 00:00:00+00:00,H
9048,ZONE1,2026-01-13 00:00:00+00:00,2026-01-13 01:00:00+00:00,H
9049,ZONE1,2026-01-13 01:00:00+00:00,2026-01-13 02:00:00+00:00,H
9050,ZONE1,2026-01-13 02:00:00+00:00,2026-01-13 03:00:00+00:00,H
9051,ZONE1,2026-01-13 03:00:00+00:00,2026-01-13 04:00:00+00:00,H
9052,ZONE1,2026-01-13 04:00:00+00:00,2026-01-13 05:00:00+00:00,H
9053,ZONE1,2026-01-13 05:00:00+00:00,2026-01-13 06:00:00+00:00,H
9054,ZONE1,2026-01-13 06:00:00+00:00,2026-01-13 07:00:00+00:00,H
9055,ZONE1,2026-01-13 07:00:00+00:00,2026-01-13 08:00:00+00:00,H
9056,ZONE1,2026-01-13 08:00:00+00:00,2026-01-13 09:00:00+00:00,H
9057,ZONE1,2026-01-13 09:00:00+00:00,2026-01-13 10:00:00+00:00,H
9058,ZONE1,2026-01-13 10:00:00+00:00,2026-01-13 11:00:00+00:00,H
9059,ZONE1,2026-01-13 11:00:00+00:00,2026-01-13 12:00:00+00:00,H
9060,ZONE1,2026-01-13 12:00:00+00:00,2026-01-13 13:00:00+00:00,H
9061,ZONE1,2026-01-13 13:00:00+00:00,2026-01-13 14:00:00+00:00,H
9062,ZONE1,2026-01-13 14:00:00+00:00,2026-01-13 15:00:00+00:00,H
9063,ZONE1,2026-01-13 15:00:00+00:00,2026-01-13 16:00:00+00:00,H
9064,ZONE1,2026-01-13 16:00:00+00:00,2026-01-13 17:00:00+00:00,H
9065,ZONE1,2026-01-13 17:00:00+00:00,2026-01-13 18:00:00+00:00,H
9066,ZONE1,2026-01-13 18:00:00+00:00,2026-01-13 19:00:00+00:00,H
9067,ZONE1,2026-01-13 19:00:00+00:00,2026-01-13 20:00:00+00:00,H
9068,ZONE1,2026-01-13 20:00:00+00:00,2026-01-13 21:00:00+00:00,H
9069,ZONE1,2026-01-13 21:00:00+00:00,2026-01-13 22:00:00+00:00,H
9070,ZONE1,2026-01-13 22:00:00+00:00,2026-01-13 23:00:00+00:00,H
9071,ZONE1,2026-01-13 23:00:00+00:00,2026-01-14 00:00:00+00:00,H
9072,ZONE1,2026-01-14 00:00:00+00:00,2026-01-14 01:00:00+00:00,H
9073,ZONE1,2026-01-14 01:00:00+00:00,2026-01-14 02:00:00+00:00,H
9074,ZONE1,2026-01-14 02:00:00+00:00,2026-01-14 03:00:00+00:00,H
9075,ZONE1,2026-01-14 03:00:00+00:00,2026-01-14 04:00:00+00:00,H
9076,ZONE1,2026-01-14 04:00:00+00:00,2026-01-14 05:00:00+00:00,H
9077,ZONE1,2026-01-14 05:00:00+00:00,2026-01-14 06:00:00+00:00,H
9078,ZONE1,2026-01-14 06:00:00+00:00,2026-01-14 07:00:00+00:00,H
9079,ZONE1,2026-01-14 07:00:00+00:00,2026-01-14 08:00:00+00:00,H
9080,ZONE1,2026-01-14 08:00:00+00:00,2026-01-14 09:00:00+00:00,H
9081,ZONE1,2026-01-14 09:00:00+00:00,2026-01-14 10:00:00+00:00,H
9082,ZONE1,2026-01-14 10:00:00+00:00,2026-01-14 11:00:00+00:00,H
9083,ZONE1,2026-01-14 11:00:00+00:00,2026-01-14 12:00:00+00:00,H
9084,ZONE1,2026-01-14 12:00:00+00:00,2026-01-14 13:00:00+00:00,H
9085,ZONE1,2026-01-14 13:00:00+00:00,2026-01-14 14:00:00+00:00,H
9086,ZONE1,2026-01-14 14:00:00+00:00,2026-01-14 15:00:00+00:00,H
9087,ZONE1,2026-01-14 15:00:00+00:00,2026-01-14 16:00:00+00:00,H
9088,ZONE1,2026-01-14 16:00:00+00:00,2026-01-14 17:00:00+00:00,H
9089,ZONE1,2026-01-14 17:00:00+00:00,2026-01-14 18:00:00+00:00,H
9090,ZONE1,2026-01-14 18:00:00+00:00,2026-01-14 19:00:00+00:00,H
9091,ZONE1,2026-01-14 19:00:00+00:00,2026-01-14 20:00:00+00:00,H
9092,ZONE1,2026-01-14 20:00:00+00:00,2026-01-14 21:00:00+00:00,H
9093,ZONE1,2026-01-14 21:00:00+00:00,2026-01-14 22:00:00+00:00,H
9094,ZONE1,2026-01-14 22:00:00+00:00,2026-01-14 23:00:00+00:00,H
9095,ZONE1,2026-01-14 23:00:00+00:00,2026-01-15 00:00:00+00:00,H
9096,ZONE1,2026-01-15 00:00:00+00:00,2026-01-15 01:00:00+00:00,H
9097,ZONE1,2026-01-15 01:00:00+00:00,2026-01-15 02:00:00+00:00,H
9098,ZONE1,2026-01-15 02:00:00+00:00,2026-01-15 03:00:00+00:00,H
9099,ZONE1,2026-01-15 03:00:00+00:00,2026-01-15 04:00:00+00:00,H
9100,ZONE1,2026-01-15 04:00:00+00:00,2026-01-15 05:00:00+00:00,H
9101,ZONE1,2026-01-15 05:00:00+00:00,2026-01-15 06:00:00+00:00,H
9102,ZONE1,2026-01-15 06:00:00+00:00,2026-01-15 07:00:00+00:00,H
9103,ZONE1,2026-01-15 07:00:00+00:00,2026-01-15 08:00:00+00:00,H
9104,ZONE1,2026-01-15 08:00:00+00:00,2026-01-15 09:00:00+00:00,H
9105,ZONE1,2026-01-15 09:00:00+00:00,2026-01-15 10:00:00+00:00,H
9106,ZONE1,2026-01-15 10:00:00+00:00,2026-01-15 11:00:00+00:00,H
9107,ZONE1,2026-01-15 11:00:00+00:00,2026-01-15 12:00:00+00:00,H
9108,ZONE1,2026-01-15 12:00:00+00:00,2026-01-15 13:00:00+00:00,H
9109,ZONE1,2026-01-15 13:00:00+00:00,2026-01-15 14:00:00+00:00,H
9110,ZONE1,2026-01-15 14:00:00+00:00,2026-01-15 15:00:00+00:00,H
9111,ZONE1,2026-01-15 15:00:00+00:00,2026-01-15 16:00:00+00:00,H
9112,ZONE1,2026-01-15 16:00:00+00:00,2026-01-15 17:00:00+00:00,H
9113,ZONE1,2026-01-15 17:00:00+00:00,2026-01-15 18:00:00+00:00,H
9114,ZONE1,2026-01-15 18:00:00+00:00,2026-01-15 19:00:00+00:00,H
9115,ZONE1,2026-01-15 19:00:00+00:00,2026-01-15 20:00:00+00:00,H
9116,ZONE1,2026-01-15 20:00:00+00:00,2026-01-15 21:00:00+00:00,H
9117,ZONE1,2026-01-15 21:00:00+00:00,2026-01-15 22:00:00+00:00,H
9118,ZONE1,2026-01-15 22:00:00+00:00,2026-01-15 23:00:00+00:00,H
9119,ZONE1,2026-01-15 23:00:00+00:00,2026-01-16 00:00:00+00:00,H
9120,ZONE1,2026-01-16 00:00:00+00:00,2026-01-16 01:00:00+00:00,H
9121,ZONE1,2026-01-16 01:00:00+00:00,2026-01-16 02:00:00+00:00,H
9122,ZONE1,2026-01-16 02:00:00+00:00,2026-01-16 03:00:00+00:00,H
9123,ZONE1,2026-01-16 03:00:00+00:00,2026-01-16 04:00:00+00:00,H
9124,ZONE1,2026-01-16 04:00:00+00:00,2026-01-16 05:00:00+00:00,H
9125,ZONE1,2026-01-16 05:00:00+00:00,2026-01-16 06:00:00+00:00,H
9126,ZONE1,2026-01-16 06:00:00+00:00,2026-01-16 07:00:00+00:00,H
9127,ZONE1,2026-01-16 07:00:00+00:00,2026-01-16 08:00:00+00:00,H
9128,ZONE1,2026-01-16 08:00:00+00:00,2026-01-16 09:00:00+00:00,H
9129,ZONE1,2026-01-16 09:00:00+00:00,2026-01-16 10:00:00+00:00,H
9130,ZONE1,2026-01-16 10:00:00+00:00,2026-01-16 11:00:00+00:00,H
9131,ZONE1,2026-01-16 11:00:00+00:00,2026-01-16 12:00:00+00:00,H
9132,ZONE1,2026-01-16 12:00:00+00:00,2026-01-16 13:00:00+00:00,H
9133,ZONE1,2026-01-16 13:00:00+00:00,2026-01-16 14:00:00+00:00,H
9134,ZONE1,2026-01-16 14:00:00+00:00,2026-01-16 15:00:00+00:00,H
9135,ZONE1,2026-01-16 15:00:00+00:00,2026-01-16 16:00:00+00:00,H
9136,ZONE1,2026-01-16 16:00:00+00:00,2026-01-16 17:00:00+00:00,H
9137,ZONE1,2026-01-16 17:00:00+00:00,2026-01-16 18:00:00+00:00,H
9138,ZONE1,2026-01-16 18:00:00+00:00,2026-01-16 19:00:00+00:00,H
9139,ZONE1,2026-01-16 19:00:00+00:00,2026-01-16 20:00:00+00:00,H
9140,ZONE1,2026-01-16 20:00:00+00:00,2026-01-16 21:00:00+00:00,H
9141,ZONE1,2026-01-16 21:00:00+00:00,2026-01-16 22:00:00+00:00,H
9142,ZONE1,2026-01-16 22:00:00+00:00,2026-01-16 23:00:00+00:00,H
9143,ZONE1,2026-01-16 23:00:00+00:00,2026-01-17 00:00:00+00:00,H
9144,ZONE1,2026-01-17 00:00:00+00:00,2026-01-17 01:00:00+00:00,H
9145,ZONE1,2026-01-17 01:00:00+00:00,2026-01-17 02:00:00+00:00,H
9146,ZONE1,2026-01-17 02:00:00+00:00,2026-01-17 03:00:00+00:00,H
9147,ZONE1,2026-01-17 03:00:00+00:00,2026-01-17 04:00:00+00:00,H
9148,ZONE1,2026-01-17 04:00:00+00:00,2026-01-17 05:00:00+00:00,H
9149,ZONE1,2026-01-17 05:00:00+00:00,2026-01-17 06:00:00+00:00,H
9150,ZONE1,2026-01-17 06:00:00+00:00,2026-01-17 07:00:00+00:00,H
9151,ZONE1,2026-01-17 07:00:00+00:00,2026-01-17 08:00:00+00:00,H
9152,ZONE1,2026-01-17 08:00:00+00:00,2026-01-17 09:00:00+00:00,H
9153,ZONE1,2026-01-17 09:00:00+00:00,2026-01-17 10:00:00+00:00,H
9154,ZONE1,2026-01-17 10:00:00+00:00,2026-01-17 11:00:00+00:00,H
9155,ZONE1,2026-01-17 11:00:00+00:00,2026-01-17 12:00:00+00:00,H
9156,ZONE1,2026-01-17 12:00:00+00:00,2026-01-17 13:00:00+00:00,H
9157,ZONE1,2026-01-17 13:00:00+00:00,2026-01-17 14:00:00+00:00,H
9158,ZONE1,2026-01-17 14:00:00+00:00,2026-01-17 15:00:00+00:00,H
9159,ZONE1,2026-01-17 15:00:00+00:00,2026-01-17 16:00:00+00:00,H
9160,ZONE1,2026-01-17 16:00:00+00:00,2026-01-17 17:00:00+00:00,H
9161,ZONE1,2026-01-17 17:00:00+00:00,2026-01-17 18:00:00+00:00,H
9162,ZONE1,2026-01-17 18:00:00+00:00,2026-01-17 19:00:00+00:00,H
9163,ZONE1,2026-01-17 19:00:00+00:00,2026-01-17 20:00:00+00:00,H
9164,ZONE1,2026-01-17 20:00:00+00:00,2026-01-17 21:00:00+00:00,H
9165,ZONE1,2026-01-17 21:00:00+00:00,2026-01-17 22:00:00+00:00,H
9166,ZONE1,2026-01-17 22:00:00+00:00,2026-01-17 23:00:00+00:00,H
9167,ZONE1,2026-01-17 23:00:00+00:00,2026-01-18 00:00:00+00:00,H
9168,ZONE1,2026-01-18 00:00:00+00:00,2026-01-18 01:00:00+00:00,H
9169,ZONE1,2026-01-18 01:00:00+00:00,2026-01-18 02:00:00+00:00,H
9170,ZONE1,2026-01-18 02:00:00+00:00,2026-01-18 03:00:00+00:00,H
9171,ZONE1,2026-01-18 03:00:00+00:00,2026-01-18 04:00:00+00:00,H
9172,ZONE1,2026-01-18 04:00:00+00:00,2026-01-18 05:00:00+00:00,H
9173,ZONE1,2026-01-18 05:00:00+00:00,2026-01-18 06:00:00+00:00,H
9174,ZONE1,2026-01-18 06:00:00+00:00,2026-01-18 07:00:00+00:00,H
9175,ZONE1,2026-01-18 07:00:00+00:00,2026-01-18 08:00:00+00:00,H
9176,ZONE1,2026-01-18 08:00:00+00:00,2026-01-18 09:00:00+00:00,H
9177,ZONE1,2026-01-18 09:00:00+00:00,2026-01-18 10:00:00+00:00,H
9178,ZONE1,2026-01-18 10:00:00+00:00,2026-01-18 11:00:00+00:00,H
9179,ZONE1,2026-01-18 11:00:00+00:00,2026-01-18 12:00:00+00:00,H
9180,ZONE1,2026-01-18 12:00:00+00:00,2026-01-18 13:00:00+00:00,H
9181,ZONE1,2026-01-18 13:00:00+00:00,2026-01-18 14:00:00+00:00,H
9182,ZONE1,2026-01-18 14:00:00+00:00,2026-01-18 15:00:00+00:00,H
9183,ZONE1,2026-01-18 15:00:00+00:00,2026-01-18 16:00:00+00:00,H
9184,ZONE1,2026-01-18 16:00:00+00:00,2026-01-18 17:00:00+00:00,H
9185,ZONE1,2026-01-18 17:00:00+00:00,2026-01-18 18:00:00+00:00,H
9186,ZONE1,2026-01-18 18:00:00+00:00,2026-01-18 19:00:00+00:00,H
9187,ZONE1,2026-01-18 19:00:00+00:00,2026-01-18 20:00:00+00:00,H
9188,ZONE1,2026-01-18 20:00:00+00:00,2026-01-18 21:00:00+00:00,H
9189,ZONE1,2026-01-18 21:00:00+00:00,2026-01-18 22:00:00+00:00,H
9190,ZONE1,2026-01-18 22:00:00+00:00,2026-01-18 23:00:00+00:00,H
9191,ZONE1,2026-01-18 23:00:00+00:00,2026-01-19 00:00:00+00:00,H
9192,ZONE1,2026-01-19 00:00:00+00:00,2026-01-19 01:00:00+00:00,H
9193,ZONE1,2026-01-19 01:00:00+00:00,2026-01-19 02:00:00+00:00,H
9194,ZONE1,2026-01-19 02:00:00+00:00,2026-01-19 03:00:00+00:00,H
9195,ZONE1,2026-01-19 03:00:00+00:00,2026-01-19 04:00:00+00:00,H
9196,ZONE1,2026-01-19 04:00:00+00:00,2026-01-19 05:00:00+00:00,H
9197,ZONE1,2026-01-19 05:00:00+00:00,2026-01-19 06:00:00+00:00,H
9198,ZONE1,2026-01-19 06:00:00+00:00,2026-01-19 07:00:00+00:00,H
9199,ZONE1,2026-01-19 07:00:00+00:00,2026-01-19 08:00:00+00:00,H
9200,ZONE1,2026-01-19 08:00:00+00:00,2026-01-19 09:00:00+00:00,H
9201,ZONE1,2026-01-19 09:00:00+00:00,2026-01-19 10:00:00+00:00,H
9202,ZONE1,2026-01-19 10:00:00+00:00,2026-01-19 11:00:00+00:00,H
9203,ZONE1,2026-01-19 11:00:00+00:00,2026-01-19 12:00:00+00:00,H
9204,ZONE1,2026-01-19 12:00:00+00:00,2026-01-19 13:00:00+00:00,H
9205,ZONE1,2026-01-19 13:00:00+00:00,2026-01-19 14:00:00+00:00,H
9206,ZONE1,2026-01-19 14:00:00+00:00,2026-01-19 15:00:00+00:00,H
9207,ZONE1,2026-01-19 15:00:00+00:00,2026-01-19 16:00:00+00:00,H
9208,ZONE1,2026-01-19 16:00:00+00:00,2026-01-19 17:00:00+00:00,H
9209,ZONE1,2026-01-19 17:00:00+00:00,2026-01-19 18:00:00+00:00,H
9210,ZONE1,2026-01-19 18:00:00+00:00,2026-01-19 19:00:00+00:00,H
9211,ZONE1,2026-01-19 19:00:00+00:00,2026-01-19 20:00:00+00:00,H
9212,ZONE1,2026-01-19 20:00:00+00:00,2026-01-19 21:00:00+00:00,H
9213,ZONE1,2026-01-19 21:00:00+00:00,2026-01-19 22:00:00+00:00,H
9214,ZONE1,2026-01-19 22:00:00+00:00,2026-01-19 23:00:00+00:00,H
9215,ZONE1,2026-01-19 23:00:00+00:00,2026-01-20 00:00:00+00:00,H
9216,ZONE1,2026-01-20 00:00:00+00:00,2026-01-20 01:00:00+00:00,H
9217,ZONE1,2026-01-20 01:00:00+00:00,2026-01-20 02:00:00+00:00,H
9218,ZONE1,2026-01-20 02:00:00+00:00,2026-01-20 03:00:00+00:00,H
9219,ZONE1,2026-01-20 03:00:00+00:00,2026-01-20 04:00:00+00:00,H
9220,ZONE1,2026-01-20 04:00:00+00:00,2026-01-20 05:00:00+00:00,H
9221,ZONE1,2026-01-20 05:00:00+00:00,2026-01-20 06:00:00+00:00,H
9222,ZONE1,2026-01-20 06:00:00+00:00,2026-01-20 07:00:00+00:00,H
9223,ZONE1,2026-01-20 07:00:00+00:00,2026-01-20 08:00:00+00:00,H
9224,ZONE1,2026-01-20 08:00:00+00:00,2026-01-20 09:00:00+00:00,H
9225,ZONE1,2026-01-20 09:00:00+00:00,2026-01-20 10:00:00+00:00,H
9226,ZONE1,2026-01-20 10:00:00+00:00,2026-01-20 11:00:00+00:00,H
9227,ZONE1,2026-01-20 11:00:00+00:00,2026-01-20 12:00:00+00:00,H
9228,ZONE1,2026-01-20 12:00:00+00:00,2026-01-20 13:00:00+00:00,H
9229,ZONE1,2026-01-20 13:00:00+00:00,2026-01-20 14:00:00+00:00,H
9230,ZONE1,2026-01-20 14:00:00+00:00,2026-01-20 15:00:00+00:00,H
9231,ZONE1,2026-01-20 15:00:00+00:00,2026-01-20 16:00:00+00:00,H
9232,ZONE1,2026-01-20 16:00:00+00:00,2026-01-20 17:00:00+00:00,H
9233,ZONE1,2026-01-20 17:00:00+00:00,2026-01-20 18:00:00+00:00,H
9234,ZONE1,2026-01-20 18:00:00+00:00,2026-01-20 19:00:00+00:00,H
9235,ZONE1,2026-01-20 19:00:00+00:00,2026-01-20 20:00:00+00:00,H
9236,ZONE1,2026-01-20 20:00:00+00:00,2026-01-20 21:00:00+00:00,H
9237,ZONE1,2026-01-20 21:00:00+00:00,2026-01-20 22:00:00+00:00,H
9238,ZONE1,2026-01-20 22:00:00+00:00,2026-01-20 23:00:00+00:00,H
9239,ZONE1,2026-01-20 23:00:00+00:00,2026-01-21 00:00:00+00:00,H
9240,ZONE1,2026-01-21 00:00:00+00:00,2026-01-21 01:00:00+00:00,H
9241,ZONE1,2026-01-21 01:00:00+00:00,2026-01-21 02:00:00+00:00,H
9242,ZONE1,2026-01-21 02:00:00+00:00,2026-01-21 03:00:00+00:00,H
9243,ZONE1,2026-01-21 03:00:00+00:00,2026-01-21 04:00:00+00:00,H
9244,ZONE1,2026-01-21 04:00:00+00:00,2026-01-21 05:00:00+00:00,H
9245,ZONE1,2026-01-21 05:00:00+00:00,2026-01-21 06:00:00+00:00,H
9246,ZONE1,2026-01-21 06:00:00+00:00,2026-01-21 07:00:00+00:00,H
9247,ZONE1,2026-01-21 07:00:00+00:00,2026-01-21 08:00:00+00:00,H
9248,ZONE1,2026-01-21 08:00:00+00:00,2026-01-21 09:00:00+00:00,H
9249,ZONE1,2026-01-21 09:00:00+00:00,2026-01-21 10:00:00+00:00,H
9250,ZONE1,2026-01-21 10:00:00+00:00,2026-01-21 11:00:00+00:00,H
9251,ZONE1,2026-01-21 11:00:00+00:00,2026-01-21 12:00:00+00:00,H
9252,ZONE1,2026-01-21 12:00:00+00:00,2026-01-21 13:00:00+00:00,H
9253,ZONE1,2026-01-21 13:00:00+00:00,2026-01-21 14:00:00+00:00,H
9254,ZONE1,2026-01-21 14:00:00+00:00,2026-01-21 15:00:00+00:00,H
9255,ZONE1,2026-01-21 15:00:00+00:00,2026-01-21 16:00:00+00:00,H
9256,ZONE1,2026-01-21 16:00:00+00:00,2026-01-21 17:00:00+00:00,H
9257,ZONE1,2026-01-21 17:00:00+00:00,2026-01-21 18:00:00+00:00,H
9258,ZONE1,2026-01-21 18:00:00+00:00,2026-01-21 19:00:00+00:00,H
9259,ZONE1,2026-01-21 19:00:00+00:00,2026-01-21 20:00:00+00:00,H
9260,ZONE1,2026-01-21 20:00:00+00:00,2026-01-21 21:00:00+00:00,H
9261,ZONE1,2026-01-21 21:00:00+00:00,2026-01-21 22:00:00+00:00,H
9262,ZONE1,2026-01-21 22:00:00+00:00,2026-01-21 23:00:00+00:00,H
9263,ZONE1,2026-01-21 23:00:00+00:00,2026-01-22 00:00:00+00:00,H
9264,ZONE1,2026-01-22 00:00:00+00:00,2026-01-22 01:00:00+00:00,H
9265,ZONE1,2026-01-22 01:00:00+00:00,2026-01-22 02:00:00+00:00,H
9266,ZONE1,2026-01-22 02:00:00+00:00,2026-01-22 03:00:00+00:00,H
9267,ZONE1,2026-01-22 03:00:00+00:00,2026-01-22 04:00:00+00:00,H
9268,ZONE1,2026-01-22 04:00:00+00:00,2026-01-22 05:00:00+00:00,H
9269,ZONE1,2026-01-22 05:00:00+00:00,2026-01-22 06:00:00+00:00,H
9270,ZONE1,2026-01-22 06:00:00+00:00,2026-01-22 07:00:00+00:00,H
9271,ZONE1,2026-01-22 07:00:00+00:00,2026-01-22 08:00:00+00:00,H
9272,ZONE1,2026-01-22 08:00:00+00:00,2026-01-22 09:00:00+00:00,H
9273,ZONE1,2026-01-22 09:00:00+00:00,2026-01-22 10:00:00+00:00,H
9274,ZONE1,2026-01-22 10:00:00+00:00,2026-01-22 11:00:00+00:00,H
9275,ZONE1,2026-01-22 11:00:00+00:00,2026-01-22 12:00:00+00:00,H
9276,ZONE1,2026-01-22 12:00:00+00:00,2026-01-22 13:00:00+00:00,H
9277,ZONE1,2026-01-22 13:00:00+00:00,2026-01-22 14:00:00+00:00,H
9278,ZONE1,2026-01-22 14:00:00+00:00,2026-01-22 15:00:00+00:00,H
9279,ZONE1,2026-01-22 15:00:00+00:00,2026-01-22 16:00:00+00:00,H
9280,ZONE1,2026-01-22 16:00:00+00:00,2026-01-22 17:00:00+00:00,H
9281,ZONE1,2026-01-22 17:00:00+00:00,2026-01-22 18:00:00+00:00,H
9282,ZONE1,2026-01-22 18:00:00+00:00,2026-01-22 19:00:00+00:00,H
9283,ZONE1,2026-01-22 19:00:00+00:00,2026-01-22 20:00:00+00:00,H
9284,ZONE1,2026-01-22 20:00:00+00:00,2026-01-22 21:00:00+00:00,H
9285,ZONE1,2026-01-22 21:00:00+00:00,2026-01-22 22:00:00+00:00,H
9286,ZONE1,2026-01-22 22:00:00+00:00,2026-01-22 23:00:00+00:00,H
9287,ZONE1,2026-01-22 23:00:00+00:00,2026-01-23 00:00:00+00:00,H
9288,ZONE1,2026-01-23 00:00:00+00:00,2026-01-23 01:00:00+00:00,H
9289,ZONE1,2026-01-23 01:00:00+00:00,2026-01-23 02:00:00+00:00,H
9290,ZONE1,2026-01-23 02:00:00+00:00,2026-01-23 03:00:00+00:00,H
9291,ZONE1,2026-01-23 03:00:00+00:00,2026-01-23 04:00:00+00:00,H
9292,ZONE1,2026-01-23 04:00:00+00:00,2026-01-23 05:00:00+00:00,H
9293,ZONE1,2026-01-23 05:00:00+00:00,2026-01-23 06:00:00+00:00,H
9294,ZONE1,2026-01-23 06:00:00+00:00,2026-01-23 07:00:00+00:00,H
9295,ZONE1,2026-01-23 07:00:00+00:00,2026-01-23 08:00:00+00:00,H
9296,ZONE1,2026-01-23 08:00:00+00:00,2026-01-23 09:00:00+00:00,H
9297,ZONE1,2026-01-23 09:00:00+00:00,2026-01-23 10:00:00+00:00,H
9298,ZONE1,2026-01-23 10:00:00+00:00,2026-01-23 11:00:00+00:00,H
9299,ZONE1,2026-01-23 11:00:00+00:00,2026-01-23 12:00:00+00:00,H
9300,ZONE1,2026-01-23 12:00:00+00:00,2026-01-23 13:00:00+00:00,H
9301,ZONE1,2026-01-23 13:00:00+00:00,2026-01-23 14:00:00+00:00,H
9302,ZONE1,2026-01-23 14:00:00+00:00,2026-01-23 15:00:00+00:00,H
9303,ZONE1,2026-01-23 15:00:00+00:00,2026-01-23 16:00:00+00:00,H
9304,ZONE1,2026-01-23 16:00:00+00:00,2026-01-23 17:00:00+00:00,H
9305,ZONE1,2026-01-23 17:00:00+00:00,2026-01-23 18:00:00+00:00,H
9306,ZONE1,2026-01-23 18:00:00+00:00,2026-01-23 19:00:00+00:00,H
9307,ZONE1,2026-01-23 19:00:00+00:00,2026-01-23 20:00:00+00:00,H
9308,ZONE1,2026-01-23 20:00:00+00:00,2026-01-23 21:00:00+00:00,H
9309,ZONE1,2026-01-23 21:00:00+00:00,2026-01-23 22:00:00+00:00,H
9310,ZONE1,2026-01-23 22:00:00+00:00,2026-01-23 23:00:00+00:00,H
9311,ZONE1,2026-01-23 23:00:00+00:00,2026-01-24 00:00:00+00:00,H
9312,ZONE1,2026-01-24 00:00:00+00:00,2026-01-24 01:00:00+00:00,H
9313,ZONE1,2026-01-24 01:00:00+00:00,2026-01-24 02:00:00+00:00,H
9314,ZONE1,2026-01-24 02:00:00+00:00,2026-01-24 03:00:00+00:00,H
9315,ZONE1,2026-01-24 03:00:00+00:00,2026-01-24 04:00:00+00:00,H
9316,ZONE1,2026-01-24 04:00:00+00:00,2026-01-24 05:00:00+00:00,H
9317,ZONE1,2026-01-24 05:00:00+00:00,2026-01-24 06:00:00+00:00,H
9318,ZONE1,2026-01-24 06:00:00+00:00,2026-01-24 07:00:00+00:00,H
9319,ZONE1,2026-01-24 07:00:00+00:00,2026-01-24 08:00:00+00:00,H
9320,ZONE1,2026-01-24 08:00:00+00:00,2026-01-24 09:00:00+00:00,H
9321,ZONE1,2026-01-24 09:00:00+00:00,2026-01-24 10:00:00+00:00,H
9322,ZONE1,2026-01-24 10:00:00+00:00,2026-01-24 11:00:00+00:00,H
9323,ZONE1,2026-01-24 11:00:00+00:00,2026-01-24 12:00:00+00:00,H
9324,ZONE1,2026-01-24 12:00:00+00:00,2026-01-24 13:00:00+00:00,H
9325,ZONE1,2026-01-24 13:00:00+00:00,2026-01-24 14:00:00+00:00,H
9326,ZONE1,2026-01-24 14:00:00+00:00,2026-01-24 15:00:00+00:00,H
9327,ZONE1,2026-01-24 15:00:00+00:00,2026-01-24 16:00:00+00:00,H
9328,ZONE1,2026-01-24 16:00:00+00:00,2026-01-24 17:00:00+00:00,H
9329,ZONE1,2026-01-24 17:00:00+00:00,2026-01-24 18:00:00+00:00,H
9330,ZONE1,2026-01-24 18:00:00+00:00,2026-01-24 19:00:00+00:00,H
9331,ZONE1,2026-01-24 19:00:00+00:00,2026-01-24 20:00:00+00:00,H
9332,ZONE1,2026-01-24 20:00:00+00:00,2026-01-24 21:00:00+00:00,H
9333,ZONE1,2026-01-24 21:00:00+00:00,2026-01-24 22:00:00+00:00,H
9334,ZONE1,2026-01-24 22:00:00+00:00,2026-01-24 23:00:00+00:00,H
9335,ZONE1,2026-01-24 23:00:00+00:00,2026-01-25 00:00:00+00:00,H
9336,ZONE1,2026-01-25 00:00:00+00:00,2026-01-25 01:00:00+00:00,H
9337,ZONE1,2026-01-25 01:00:00+00:00,2026-01-25 02:00:00+00:00,H
9338,ZONE1,2026-01-25 02:00:00+00:00,2026-01-25 03:00:00+00:00,H
9339,ZONE1,2026-01-25 03:00:00+00:00,2026-01-25 04:00:00+00:00,H
9340,ZONE1,2026-01-25 04:00:00+00:00,2026-01-25 05:00:00+00:00,H
9341,ZONE1,2026-01-25 05:00:00+00:00,2026-01-25 06:00:00+00:00,H
9342,ZONE1,2026-01-25 06:00:00+00:00,2026-01-25 07:00:00+00:00,H
9343,ZONE1,2026-01-25 07:00:00+00:00,2026-01-25 08:00:00+00:00,H
9344,ZONE1,2026-01-25 08:00:00+00:00,2026-01-25 09:00:00+00:00,H
9345,ZONE1,2026-01-25 09:00:00+00:00,2026-01-25 10:00:00+00:00,H
9346,ZONE1,2026-01-25 10:00:00+00:00,2026-01-25 11:00:00+00:00,H
9347,ZONE1,2026-01-25 11:00:00+00:00,2026-01-25 12:00:00+00:00,H
9348,ZONE1,2026-01-25 12:00:00+00:00,2026-01-25 13:00:00+00:00,H
9349,ZONE1,2026-01-25 13:00:00+00:00,2026-01-25 14:00:00+00:00,H
9350,ZONE1,2026-01-25 14:00:00+00:00,2026-01-25 15:00:00+00:00,H
9351,ZONE1,2026-01-25 15:00:00+00:00,2026-01-25 16:00:00+00:00,H
9352,ZONE1,2026-01-25 16:00:00+00:00,2026-01-25 17:00:00+00:00,H
9353,ZONE1,2026-01-25 17:00:00+00:00,2026-01-25 18:00:00+00:00,H
9354,ZONE1,2026-01-25 18:00:00+00:00,2026-01-25 19:00:00+00:00,H
9355,ZONE1,2026-01-25 19:00:00+00:00,2026-01-25 20:00:00+00:00,H
9356,ZONE1,2026-01-25 20:00:00+00:00,2026-01-25 21:00:00+00:00,H
9357,ZONE1,2026-01-25 21:00:00+00:00,2026-01-25 22:00:00+00:00,H
9358,ZONE1,2026-01-25 22:00:00+00:00,2026-01-25 23:00:00+00:00,H
9359,ZONE1,2026-01-25 23:00:00+00:00,2026-01-26 00:00:00+00:00,H
9360,ZONE1,2026-01-26 00:00:00+00:00,2026-01-26 01:00:00+00:00,H
9361,ZONE1,2026-01-26 01:00:00+00:00,2026-01-26 02:00:00+00:00,H
9362,ZONE1,2026-01-26 02:00:00+00:00,2026-01-26 03:00:00+00:00,H
9363,ZONE1,2026-01-26 03:00:00+00:00,2026-01-26 04:00:00+00:00,H
9364,ZONE1,2026-01-26 04:00:00+00:00,2026-01-26 05:00:00+00:00,H
9365,ZONE1,2026-01-26 05:00:00+00:00,2026-01-26 06:00:00+00:00,H
9366,ZONE1,2026-01-26 06:00:00+00:00,2026-01-26 07:00:00+00:00,H
9367,ZONE1,2026-01-26 07:00:00+00:00,2026-01-26 08:00:00+00:00,H
9368,ZONE1,2026-01-26 08:00:00+00:00,2026-01-26 09:00:00+00:00,H
9369,ZONE1,2026-01-26 09:00:00+00:00,2026-01-26 10:00:00+00:00,H
9370,ZONE1,2026-01-26 10:00:00+00:00,2026-01-26 11:00:00+00:00,H
9371,ZONE1,2026-01-26 11:00:00+00:00,2026-01-26 12:00:00+00:00,H
9372,ZONE1,2026-01-26 12:00:00+00:00,2026-01-26 13:00:00+00:00,H
9373,ZONE1,2026-01-26 13:00:00+00:00,2026-01-26 14:00:00+00:00,H
9374,ZONE1,2026-01-26 14:00:00+00:00,2026-01-26 15:00:00+00:00,H
9375,ZONE1,2026-01-26 15:00:00+00:00,2026-01-26 16:00:00+00:00,H
9376,ZONE1,2026-01-26 16:00:00+00:00,2026-01-26 17:00:00+00:00,H
9377,ZONE1,2026-01-26 17:00:00+00:00,2026-01-26 18:00:00+00:00,H
9378,ZONE1,2026-01-26 18:00:00+00:00,2026-01-26 19:00:00+00:00,H
9379,ZONE1,2026-01-26 19:00:00+00:00,2026-01-26 20:00:00+00:00,H
9380,ZONE1,2026-01-26 20:00:00+00:00,2026-01-26 21:00:00+00:00,H
9381,ZONE1,2026-01-26 21:00:00+00:00,2026-01-26 22:00:00+00:00,H
9382,ZONE1,2026-01-26 22:00:00+00:00,2026-01-26 23:00:00+00:00,H
9383,ZONE1,2026-01-26 23:00:00+00:00,2026-01-27 00:00:00+00:00,H
9384,ZONE1,2026-01-27 00:00:00+00:00,2026-01-27 01:00:00+00:00,H
9385,ZONE1,2026-01-27 01:00:00+00:00,2026-01-27 02:00:00+00:00,H
9386,ZONE1,2026-01-27 02:00:00+00:00,2026-01-27 03:00:00+00:00,H
9387,ZONE1,2026-01-27 03:00:00+00:00,2026-01-27 04:00:00+00:00,H
9388,ZONE1,2026-01-27 04:00:00+00:00,2026-01-27 05:00:00+00:00,H
9389,ZONE1,2026-01-27 05:00:00+00:00,2026-01-27 06:00:00+00:00,H
9390,ZONE1,2026-01-27 06:00:00+00:00,2026-01-27 07:00:00+00:00,H
9391,ZONE1,2026-01-27 07:00:00+00:00,2026-01-27 08:00:00+00:00,H
9392,ZONE1,2026-01-27 08:00:00+00:00,2026-01-27 09:00:00+00:00,H
9393,ZONE1,2026-01-27 09:00:00+00:00,2026-01-27 10:00:00+00:00,H
9394,ZONE1,2026-01-27 10:00:00+00:00,2026-01-27 11:00:00+00:00,H
9395,ZONE1,2026-01-27 11:00:00+00:00,2026-01-27 12:00:00+00:00,H
9396,ZONE1,2026-01-27 12:00:00+00:00,2026-01-27 13:00:00+00:00,H
9397,ZONE1,2026-01-27 13:00:00+00:00,2026-01-27 14:00:00+00:00,H
9398,ZONE1,2026-01-27 14:00:00+00:00,2026-01-27 15:00:00+00:00,H
9399,ZONE1,2026-01-27 15:00:00+00:00,2026-01-27 16:00:00+00:00,H
9400,ZONE1,2026-01-27 16:00:00+00:00,2026-01-27 17:00:00+00:00,H
9401,ZONE1,2026-01-27 17:00:00+00:00,2026-01-27 18:00:00+00:00,H
9402,ZONE1,2026-01-27 18:00:00+00:00,2026-01-27 19:00:00+00:00,H
9403,ZONE1,2026-01-27 19:00:00+00:00,2026-01-27 20:00:00+00:00,H
9404,ZONE1,2026-01-27 20:00:00+00:00,2026-01-27 21:00:00+00:00,H
9405,ZONE1,2026-01-27 21:00:00+00:00,2026-01-27 22:00:00+00:00,H
9406,ZONE1,2026-01-27 22:00:00+00:00,2026-01-27 23:00:00+00:00,H
9407,ZONE1,2026-01-27 23:00:00+00:00,2026-01-28 00:00:00+00:00,H
9408,ZONE1,2026-01-28 00:00:00+00:00,2026-01-28 01:00:00+00:00,H
9409,ZONE1,2026-01-28 01:00:00+00:00,2026-01-28 02:00:00+00:00,H
9410,ZONE1,2026-01-28 02:00:00+00:00,2026-01-28 03:00:00+00:00,H
9411,ZONE1,2026-01-28 03:00:00+00:00,2026-01-28 04:00:00+00:00,H
9412,ZONE1,2026-01-28 04:00:00+00:00,2026-01-28 05:00:00+00:00,H
9413,ZONE1,2026-01-28 05:00:00+00:00,2026-01-28 06:00:00+00:00,H
9414,ZONE1,2026-01-28 06:00:00+00:00,2026-01-28 07:00:00+00:00,H
9415,ZONE1,2026-01-28 07:00:00+00:00,2026-01-28 08:00:00+00:00,H
9416,ZONE1,2026-01-28 08:00:00+00:00,2026-01-28 09:00:00+00:00,H
9417,ZONE1,2026-01-28 09:00:00+00:00,2026-01-28 10:00:00+00:00,H
9418,ZONE1,2026-01-28 10:00:00+00:00,2026-01-28 11:00:00+00:00,H
9419,ZONE1,2026-01-28 11:00:00+00:00,2026-01-28 12:00:00+00:00,H
9420,ZONE1,2026-01-28 12:00:00+00:00,2026-01-28 13:00:00+00:00,H
9421,ZONE1,2026-01-28 13:00:00+00:00,2026-01-28 14:00:00+00:00,H
9422,ZONE1,2026-01-28 14:00:00+00:00,2026-01-28 15:00:00+00:00,H
9423,ZONE1,2026-01-28 15:00:00+00:00,2026-01-28 16:00:00+00:00,H
9424,ZONE1,2026-01-28 16:00:00+00:00,2026-01-28 17:00:00+00:00,H
9425,ZONE1,2026-01-28 17:00:00+00:00,2026-01-28 18:00:00+00:00,H
9426,ZONE1,2026-01-28 18:00:00+00:00,2026-01-28 19:00:00+00:00,H
9427,ZONE1,2026-01-28 19:00:00+00:00,2026-01-28 20:00:00+00:00,H
9428,ZONE1,2026-01-28 20:00:00+00:00,2026-01-28 21:00:00+00:00,H
9429,ZONE1,2026-01-28 21:00:00+00:00,2026-01-28 22:00:00+00:00,H
9430,ZONE1,2026-01-28 22:00:00+00:00,2026-01-28 23:00:00+00:00,H
9431,ZONE1,2026-01-28 23:00:00+00:00,2026-01-29 00:00:00+00:00,H
9432,ZONE1,2026-01-29 00:00:00+00:00,2026-01-29 01:00:00+00:00,H
9433,ZONE1,2026-01-29 01:00:00+00:00,2026-01-29 02:00:00+00:00,H
9434,ZONE1,2026-01-29 02:00:00+00:00,2026-01-29 03:00:00+00:00,H
9435,ZONE1,2026-01-29 03:00:00+00:00,2026-01-29 04:00:00+00:00,H
9436,ZONE1,2026-01-29 04:00:00+00:00,2026-01-29 05:00:00+00:00,H
9437,ZONE1,2026-01-29 05:00:00+00:00,2026-01-29 06:00:00+00:00,H
9438,ZONE1,2026-01-29 06:00:00+00:00,2026-01-29 07:00:00+00:00,H
9439,ZONE1,2026-01-29 07:00:00+00:00,2026-01-29 08:00:00+00:00,H
9440,ZONE1,2026-01-29 08:00:00+00:00,2026-01-29 09:00:00+00:00,H
9441,ZONE1,2026-01-29 09:00:00+00:00,2026-01-29 10:00:00+00:00,H
9442,ZONE1,2026-01-29 10:00:00+00:00,2026-01-29 11:00:00+00:00,H
9443,ZONE1,2026-01-29 11:00:00+00:00,2026-01-29 12:00:00+00:00,H
9444,ZONE1,2026-01-29 12:00:00+00:00,2026-01-29 13:00:00+00:00,H
9445,ZONE1,2026-01-29 13:00:00+00:00,2026-01-29 14:00:00+00:00,H
9446,ZONE1,2026-01-29 14:00:00+00:00,2026-01-29 15:00:00+00:00,H
9447,ZONE1,2026-01-29 15:00:00+00:00,2026-01-29 16:00:00+00:00,H
9448,ZONE1,2026-01-29 16:00:00+00:00,2026-01-29 17:00:00+00:00,H
9449,ZONE1,2026-01-29 17:00:00+00:00,2026-01-29 18:00:00+00:00,H
9450,ZONE1,2026-01-29 18:00:00+00:00,2026-01-29 19:00:00+00:00,H
9451,ZONE1,2026-01-29 19:00:00+00:00,2026-01-29 20:00:00+00:00,H
9452,ZONE1,2026-01-29 20:00:00+00:00,2026-01-29 21:00:00+00:00,H
9453,ZONE1,2026-01-29 21:00:00+00:00,2026-01-29 22:00:00+00:00,H
9454,ZONE1,2026-01-29 22:00:00+00:00,2026-01-29 23:00:00+00:00,H
9455,ZONE1,2026-01-29 23:00:00+00:00,2026-01-30 00:00:00+00:00,H
9456,ZONE1,2026-01-30 00:00:00+00:00,2026-01-30 01:00:00+00:00,H
9457,ZONE1,2026-01-30 01:00:00+00:00,2026-01-30 02:00:00+00:00,H
9458,ZONE1,2026-01-30 02:00:00+00:00,2026-01-30 03:00:00+00:00,H
9459,ZONE1,2026-01-30 03:00:00+00:00,2026-01-30 04:00:00+00:00,H
9460,ZONE1,2026-01-30 04:00:00+00:00,2026-01-30 05:00:00+00:00,H
9461,ZONE1,2026-01-30 05:00:00+00:00,2026-01-30 06:00:00+00:00,H
9462,ZONE1,2026-01-30 06:00:00+00:00,2026-01-30 07:00:00+00:00,H
9463,ZONE1,2026-01-30 07:00:00+00:00,2026-01-30 08:00:00+00:00,H
9464,ZONE1,2026-01-30 08:00:00+00:00,2026-01-30 09:00:00+00:00,H
9465,ZONE1,2026-01-30 09:00:00+00:00,2026-01-30 10:00:00+00:00,H
9466,ZONE1,2026-01-30 10:00:00+00:00,2026-01-30 11:00:00+00:00,H
9467,ZONE1,2026-01-30 11:00:00+00:00,2026-01-30 12:00:00+00:00,H
9468,ZONE1,2026-01-30 12:00:00+00:00,2026-01-30 13:00:00+00:00,H
9469,ZONE1,2026-01-30 13:00:00+00:00,2026-01-30 14:00:00+00:00,H
9470,ZONE1,2026-01-30 14:00:00+00:00,2026-01-30 15:00:00+00:00,H
9471,ZONE1,2026-01-30 15:00:00+00:00,2026-01-30 16:00:00+00:00,H
9472,ZONE1,2026-01-30 16:00:00+00:00,2026-01-30 17:00:00+00:00,H
9473,ZONE1,2026-01-30 17:00:00+00:00,2026-01-30 18:00:00+00:00,H
9474,ZONE1,2026-01-30 18:00:00+00:00,2026-01-30 19:00:00+00:00,H
9475,ZONE1,2026-01-30 19:00:00+00:00,2026-01-30 20:00:00+00:00,H
9476,ZONE1,2026-01-30 20:00:00+00:00,2026-01-30 21:00:00+00:00,H
9477,ZONE1,2026-01-30 21:00:00+00:00,2026-01-30 22:00:00+00:00,H
9478,ZONE1,2026-01-30 22:00:00+00:00,2026-01-30 23:00:00+00:00,H
9479,ZONE1,2026-01-30 23:00:00+00:00,2026-01-31 00:00:00+00:00,H
9480,ZONE1,2026-01-31 00:00:00+00:00,2026-01-31 01:00:00+00:00,H
9481,ZONE1,2026-01-31 01:00:00+00:00,2026-01-31 02:00:00+00:00,H
9482,ZONE1,2026-01-31 02:00:00+00:00,2026-01-31 03:00:00+00:00,H
9483,ZONE1,2026-01-31 03:00:00+00:00,2026-01-31 04:00:00+00:00,H
9484,ZONE1,2026-01-31 04:00:00+00:00,2026-01-31 05:00:00+00:00,H
9485,ZONE1,2026-01-31 05:00:00+00:00,2026-01-31 06:00:00+00:00,H
9486,ZONE1,2026-01-31 06:00:00+00:00,2026-01-31 07:00:00+00:00,H
9487,ZONE1,2026-01-31 07:00:00+00:00,2026-01-31 08:00:00+00:00,H
9488,ZONE1,2026-01-31 08:00:00+00:00,2026-01-31 09:00:00+00:00,H
9489,ZONE1,2026-01-31 09:00:00+00:00,2026-01-31 10:00:00+00:00,H
9490,ZONE1,2026-01-31 10:00:00+00:00,2026-01-31 11:00:00+00:00,H
9491,ZONE1,2026-01-31 11:00:00+00:00,2026-01-31 12:00:00+00:00,H
9492,ZONE1,2026-01-31 12:00:00+00:00,2026-01-31 13:00:00+00:00,H
9493,ZONE1,2026-01-31 13:00:00+00:00,2026-01-31 14:00:00+00:00,H
9494,ZONE1,2026-01-31 14:00:00+00:00,2026-01-31 15:00:00+00:00,H
9495,ZONE1,2026-01-31 15:00:00+00:00,2026-01-31 16:00:00+00:00,H
9496,ZONE1,2026-01-31 16:00:00+00:00,2026-01-31 17:00:00+00:00,H
9497,ZONE1,2026-01-31 17:00:00+00:00,2026-01-31 18:00:00+00:00,H
9498,ZONE1,2026-01-31 18:00:00+00:00,2026-01-31 19:00:00+00:00,H
9499,ZONE1,2026-01-31 19:00:00+00:00,2026-01-31 20:00:00+00:00,H
9500,ZONE1,2026-01-31 20:00:00+00:00,2026-01-31 21:00:00+00:00,H
9501,ZONE1,2026-01-31 21:00:00+00:00,2026-01-31 22:00:00+00:00,H
9502,ZONE1,2026-01-31 22:00:00+00:00,2026-01-31 23:00:00+00:00,H
9503,ZONE1,2026-01-31 23:00:00+00:00,2026-02-01 00:00:00+00:00,H
9504,ZONE1,2026-02-01 00:00:00+00:00,2026-02-01 01:00:00+00:00,H
9505,ZONE1,2026-02-01 01:00:00+00:00,2026-02-01 02:00:00+00:00,H
9506,ZONE1,2026-02-01 02:00:00+00:00,2026-02-01 03:00:00+00:00,H
9507,ZONE1,2026-02-01 03:00:00+00:00,2026-02-01 04:00:00+00:00,H
9508,ZONE1,2026-02-01 04:00:00+00:00,2026-02-01 05:00:00+00:00,H
9509,ZONE1,2026-02-01 05:00:00+00:00,2026-02-01 06:00:00+00:00,H
9510,ZONE1,2026-02-01 06:00:00+00:00,2026-02-01 07:00:00+00:00,H
9511,ZONE1,2026-02-01 07:00:00+00:00,2026-02-01 08:00:00+00:00,H
9512,ZONE1,2026-02-01 08:00:00+00:00,2026-02-01 09:00:00+00:00,H
9513,ZONE1,2026-02-01 09:00:00+00:00,2026-02-01 10:00:00+00:00,H
9514,ZONE1,2026-02-01 10:00:00+00:00,2026-02-01 11:00:00+00:00,H
9515,ZONE1,2026-02-01 11:00:00+00:00,2026-02-01 12:00:00+00:00,H
9516,ZONE1,2026-02-01 12:00:00+00:00,2026-02-01 13:00:00+00:00,H
9517,ZONE1,2026-02-01 13:00:00+00:00,2026-02-01 14:00:00+00:00,H
9518,ZONE1,2026-02-01 14:00:00+00:00,2026-02-01 15:00:00+00:00,H
9519,ZONE1,2026-02-01 15:00:00+00:00,2026-02-01 16:00:00+00:00,H
9520,ZONE1,2026-02-01 16:00:00+00:00,2026-02-01 17:00:00+00:00,H
9521,ZONE1,2026-02-01 17:00:00+00:00,2026-02-01 18:00:00+00:00,H
9522,ZONE1,2026-02-01 18:00:00+00:00,2026-02-01 19:00:00+00:00,H
9523,ZONE1,2026-02-01 19:00:00+00:00,2026-02-01 20:00:00+00:00,H
9524,ZONE1,2026-02-01 20:00:00+00:00,2026-02-01 21:00:00+00:00,H
9525,ZONE1,2026-02-01 21:00:00+00:00,2026-02-01 22:00:00+00:00,H
9526,ZONE1,2026-02-01 22:00:00+00:00,2026-02-01 23:00:00+00:00,H
9527,ZONE1,2026-02-01 23:00:00+00:00,2026-02-02 00:00:00+00:00,H
9528,ZONE1,2026-02-02 00:00:00+00:00,2026-02-02 01:00:00+00:00,H
9529,ZONE1,2026-02-02 01:00:00+00:00,2026-02-02 02:00:00+00:00,H
9530,ZONE1,2026-02-02 02:00:00+00:00,2026-02-02 03:00:00+00:00,H
9531,ZONE1,2026-02-02 03:00:00+00:00,2026-02-02 04:00:00+00:00,H
9532,ZONE1,2026-02-02 04:00:00+00:00,2026-02-02 05:00:00+00:00,H
9533,ZONE1,2026-02-02 05:00:00+00:00,2026-02-02 06:00:00+00:00,H
9534,ZONE1,2026-02-02 06:00:00+00:00,2026-02-02 07:00:00+00:00,H
9535,ZONE1,2026-02-02 07:00:00+00:00,2026-02-02 08:00:00+00:00,H
9536,ZONE1,2026-02-02 08:00:00+00:00,2026-02-02 09:00:00+00:00,H
9537,ZONE1,2026-02-02 09:00:00+00:00,2026-02-02 10:00:00+00:00,H
9538,ZONE1,2026-02-02 10:00:00+00:00,2026-02-02 11:00:00+00:00,H
9539,ZONE1,2026-02-02 11:00:00+00:00,2026-02-02 12:00:00+00:00,H
9540,ZONE1,2026-02-02 12:00:00+00:00,2026-02-02 13:00:00+00:00,H
9541,ZONE1,2026-02-02 13:00:00+00:00,2026-02-02 14:00:00+00:00,H
9542,ZONE1,2026-02-02 14:00:00+00:00,2026-02-02 15:00:00+00:00,H
9543,ZONE1,2026-02-02 15:00:00+00:00,2026-02-02 16:00:00+00:00,H
9544,ZONE1,2026-02-02 16:00:00+00:00,2026-02-02 17:00:00+00:00,H
9545,ZONE1,2026-02-02 17:00:00+00:00,2026-02-02 18:00:00+00:00,H
9546,ZONE1,2026-02-02 18:00:00+00:00,2026-02-02 19:00:00+00:00,H
9547,ZONE1,2026-02-02 19:00:00+00:00,2026-02-02 20:00:00+00:00,H
9548,ZONE1,2026-02-02 20:00:00+00:00,2026-02-02 21:00:00+00:00,H
9549,ZONE1,2026-02-02 21:00:00+00:00,2026-02-02 22:00:00+00:00,H
9550,ZONE1,2026-02-02 22:00:00+00:00,2026-02-02 23:00:00+00:00,H
9551,ZONE1,2026-02-02 23:00:00+00:00,2026-02-03 00:00:00+00:00,H
9552,ZONE1,2026-02-03 00:00:00+00:00,2026-02-03 01:00:00+00:00,H
9553,ZONE1,2026-02-03 01:00:00+00:00,2026-02-03 02:00:00+00:00,H
9554,ZONE1,2026-02-03 02:00:00+00:00,2026-02-03 03:00:00+00:00,H
9555,ZONE1,2026-02-03 03:00:00+00:00,2026-02-03 04:00:00+00:00,H
9556,ZONE1,2026-02-03 04:00:00+00:00,2026-02-03 05:00:00+00:00,H
9557,ZONE1,2026-02-03 05:00:00+00:00,2026-02-03 06:00:00+00:00,H
9558,ZONE1,2026-02-03 06:00:00+00:00,2026-02-03 07:00:00+00:00,H
9559,ZONE1,2026-02-03 07:00:00+00:00,2026-02-03 08:00:00+00:00,H
9560,ZONE1,2026-02-03 08:00:00+00:00,2026-02-03 09:00:00+00:00,H
9561,ZONE1,2026-02-03 09:00:00+00:00,2026-02-03 10:00:00+00:00,H
9562,ZONE1,2026-02-03 10:00:00+00:00,2026-02-03 11:00:00+00:00,H
9563,ZONE1,2026-02-03 11:00:00+00:00,2026-02-03 12:00:00+00:00,H
9564,ZONE1,2026-02-03 12:00:00+00:00,2026-02-03 13:00:00+00:00,H
9565,ZONE1,2026-02-03 13:00:00+00:00,2026-02-03 14:00:00+00:00,H
9566,ZONE1,2026-02-03 14:00:00+00:00,2026-02-03 15:00:00+00:00,H
9567,ZONE1,2026-02-03 15:00:00+00:00,2026-02-03 16:00:00+00:00,H
9568,ZONE1,2026-02-03 16:00:00+00:00,2026-02-03 17:00:00+00:00,H
9569,ZONE1,2026-02-03 17:00:00+00:00,2026-02-03 18:00:00+00:00,H
9570,ZONE1,2026-02-03 18:00:00+00:00,2026-02-03 19:00:00+00:00,H
9571,ZONE1,2026-02-03 19:00:00+00:00,2026-02-03 20:00:00+00:00,H
9572,ZONE1,2026-02-03 20:00:00+00:00,2026-02-03 21:00:00+00:00,H
9573,ZONE1,2026-02-03 21:00:00+00:00,2026-02-03 22:00:00+00:00,H
9574,ZONE1,2026-02-03 22:00:00+00:00,2026-02-03 23:00:00+00:00,H
9575,ZONE1,2026-02-03 23:00:00+00:00,2026-02-04 00:00:00+00:00,H
9576,ZONE1,2026-02-04 00:00:00+00:00,2026-02-04 01:00:00+00:00,H
9577,ZONE1,2026-02-04 01:00:00+00:00,2026-02-04 02:00:00+00:00,H
9578,ZONE1,2026-02-04 02:00:00+00:00,2026-02-04 03:00:00+00:00,H
9579,ZONE1,2026-02-04 03:00:00+00:00,2026-02-04 04:00:00+00:00,H
9580,ZONE1,2026-02-04 04:00:00+00:00,2026-02-04 05:00:00+00:00,H
9581,ZONE1,2026-02-04 05:00:00+00:00,2026-02-04 06:00:00+00:00,H
9582,ZONE1,2026-02-04 06:00:00+00:00,2026-02-04 07:00:00+00:00,H
9583,ZONE1,2026-02-04 07:00:00+00:00,2026-02-04 08:00:00+00:00,H
9584,ZONE1,2026-02-04 08:00:00+00:00,2026-02-04 09:00:00+00:00,H
9585,ZONE1,2026-02-04 09:00:00+00:00,2026-02-04 10:00:00+00:00,H
9586,ZONE1,2026-02-04 10:00:00+00:00,2026-02-04 11:00:00+00:00,H
9587,ZONE1,2026-02-04 11:00:00+00:00,2026-02-04 12:00:00+00:00,H
9588,ZONE1,2026-02-04 12:00:00+00:00,2026-02-04 13:00:00+00:00,H
9589,ZONE1,2026-02-04 13:00:00+00:00,2026-02-04 14:00:00+00:00,H
9590,ZONE1,2026-02-04 14:00:00+00:00,2026-02-04 15:00:00+00:00,H
9591,ZONE1,2026-02-04 15:00:00+00:00,2026-02-04 16:00:00+00:00,H
9592,ZONE1,2026-02-04 16:00:00+00:00,2026-02-04 17:00:00+00:00,H
9593,ZONE1,2026-02-04 17:00:00+00:00,2026-02-04 18:00:00+00:00,H
9594,ZONE1,2026-02-04 18:00:00+00:00,2026-02-04 19:00:00+00:00,H
9595,ZONE1,2026-02-04 19:00:00+00:00,2026-02-04 20:00:00+00:00,H
9596,ZONE1,2026-02-04 20:00:00+00:00,2026-02-04 21:00:00+00:00,H
9597,ZONE1,2026-02-04 21:00:00+00:00,2026-02-04 22:00:00+00:00,H
9598,ZONE1,2026-02-04 22:00:00+00:00,2026-02-04 23:00:00+00:00,H
9599,ZONE1,2026-02-04 23:00:00+00:00,2026-02-05 00:00:00+00:00,H
9600,ZONE1,2026-02-05 00:00:00+00:00,2026-02-05 01:00:00+00:00,H
9601,ZONE1,2026-02-05 01:00:00+00:00,2026-02-05 02:00:00+00:00,H
9602,ZONE1,2026-02-05 02:00:00+00:00,2026-02-05 03:00:00+00:00,H
9603,ZONE1,2026-02-05 03:00:00+00:00,2026-02-05 04:00:00+00:00,H
9604,ZONE1,2026-02-05 04:00:00+00:00,2026-02-05 05:00:00+00:00,H
9605,ZONE1,2026-02-05 05:00:00+00:00,2026-02-05 06:00:00+00:00,H
9606,ZONE1,2026-02-05 06:00:00+00:00,2026-02-05 07:00:00+00:00,H
9607,ZONE1,2026-02-05 07:00:00+00:00,2026-02-05 08:00:00+00:00,H
9608,ZONE1,2026-02-05 08:00:00+00:00,2026-02-05 09:00:00+00:00,H
9609,ZONE1,2026-02-05 09:00:00+00:00,2026-02-05 10:00:00+00:00,H
9610,ZONE1,2026-02-05 10:00:00+00:00,2026-02-05 11:00:00+00:00,H
9611,ZONE1,2026-02-05 11:00:00+00:00,2026-02-05 12:00:00+00:00,H
9612,ZONE1,2026-02-05 12:00:00+00:00,2026-02-05 13:00:00+00:00,H
9613,ZONE1,2026-02-05 13:00:00+00:00,2026-02-05 14:00:00+00:00,H
9614,ZONE1,2026-02-05 14:00:00+00:00,2026-02-05 15:00:00+00:00,H
9615,ZONE1,2026-02-05 15:00:00+00:00,2026-02-05 16:00:00+00:00,H
9616,ZONE1,2026-02-05 16:00:00+00:00,2026-02-05 17:00:00+00:00,H
9617,ZONE1,2026-02-05 17:00:00+00:00,2026-02-05 18:00:00+00:00,H
9618,ZONE1,2026-02-05 18:00:00+00:00,2026-02-05 19:00:00+00:00,H
9619,ZONE1,2026-02-05 19:00:00+00:00,2026-02-05 20:00:00+00:00,H
9620,ZONE1,2026-02-05 20:00:00+00:00,2026-02-05 21:00:00+00:00,H
9621,ZONE1,2026-02-05 21:00:00+00:00,2026-02-05 22:00:00+00:00,H
9622,ZONE1,2026-02-05 22:00:00+00:00,2026-02-05 23:00:00+00:00,H
9623,ZONE1,2026-02-05 23:00:00+00:00,2026-02-06 00:00:00+00:00,H
9624,ZONE1,2026-02-06 00:00:00+00:00,2026-02-06 01:00:00+00:00,H
9625,ZONE1,2026-02-06 01:00:00+00:00,2026-02-06 02:00:00+00:00,H
9626,ZONE1,2026-02-06 02:00:00+00:00,2026-02-06 03:00:00+00:00,H
9627,ZONE1,2026-02-06 03:00:00+00:00,2026-02-06 04:00:00+00:00,H
9628,ZONE1,2026-02-06 04:00:00+00:00,2026-02-06 05:00:00+00:00,H
9629,ZONE1,2026-02-06 05:00:00+00:00,2026-02-06 06:00:00+00:00,H
9630,ZONE1,2026-02-06 06:00:00+00:00,2026-02-06 07:00:00+00:00,H
9631,ZONE1,2026-02-06 07:00:00+00:00,2026-02-06 08:00:00+00:00,H
9632,ZONE1,2026-02-06 08:00:00+00:00,2026-02-06 09:00:00+00:00,H
9633,ZONE1,2026-02-06 09:00:00+00:00,2026-02-06 10:00:00+00:00,H
9634,ZONE1,2026-02-06 10:00:00+00:00,2026-02-06 11:00:00+00:00,H
9635,ZONE1,2026-02-06 11:00:00+00:00,2026-02-06 12:00:00+00:00,H
9636,ZONE1,2026-02-06 12:00:00+00:00,2026-02-06 13:00:00+00:00,H
9637,ZONE1,2026-02-06 13:00:00+00:00,2026-02-06 14:00:00+00:00,H
9638,ZONE1,2026-02-06 14:00:00+00:00,2026-02-06 15:00:00+00:00,H
9639,ZONE1,2026-02-06 15:00:00+00:00,2026-02-06 16:00:00+00:00,H
9640,ZONE1,2026-02-06 16:00:00+00:00,2026-02-06 17:00:00+00:00,H
9641,ZONE1,2026-02-06 17:00:00+00:00,2026-02-06 18:00:00+00:00,H
9642,ZONE1,2026-02-06 18:00:00+00:00,2026-02-06 19:00:00+00:00,H
9643,ZONE1,2026-02-06 19:00:00+00:00,2026-02-06 20:00:00+00:00,H
9644,ZONE1,2026-02-06 20:00:00+00:00,2026-02-06 21:00:00+00:00,H
9645,ZONE1,2026-02-06 21:00:00+00:00,2026-02-06 22:00:00+00:00,H
9646,ZONE1,2026-02-06 22:00:00+00:00,2026-02-06 23:00:00+00:00,H
9647,ZONE1,2026-02-06 23:00:00+00:00,2026-02-07 00:00:00+00:00,H
9648,ZONE1,2026-02-07 00:00:00+00:00,2026-02-07 01:00:00+00:00,H
9649,ZONE1,2026-02-07 01:00:00+00:00,2026-02-07 02:00:00+00:00,H
9650,ZONE1,2026-02-07 02:00:00+00:00,2026-02-07 03:00:00+00:00,H
9651,ZONE1,2026-02-07 03:00:00+00:00,2026-02-07 04:00:00+00:00,H
9652,ZONE1,2026-02-07 04:00:00+00:00,2026-02-07 05:00:00+00:00,H
9653,ZONE1,2026-02-07 05:00:00+00:00,2026-02-07 06:00:00+00:00,H
9654,ZONE1,2026-02-07 06:00:00+00:00,2026-02-07 07:00:00+00:00,H
9655,ZONE1,2026-02-07 07:00:00+00:00,2026-02-07 08:00:00+00:00,H
9656,ZONE1,2026-02-07 08:00:00+00:00,2026-02-07 09:00:00+00:00,H
9657,ZONE1,2026-02-07 09:00:00+00:00,2026-02-07 10:00:00+00:00,H
9658,ZONE1,2026-02-07 10:00:00+00:00,2026-02-07 11:00:00+00:00,H
9659,ZONE1,2026-02-07 11:00:00+00:00,2026-02-07 12:00:00+00:00,H
9660,ZONE1,2026-02-07 12:00:00+00:00,2026-02-07 13:00:00+00:00,H
9661,ZONE1,2026-02-07 13:00:00+00:00,2026-02-07 14:00:00+00:00,H
9662,ZONE1,2026-02-07 14:00:00+00:00,2026-02-07 15:00:00+00:00,H
9663,ZONE1,2026-02-07 15:00:00+00:00,2026-02-07 16:00:00+00:00,H
9664,ZONE1,2026-02-07 16:00:00+00:00,2026-02-07 17:00:00+00:00,H
9665,ZONE1,2026-02-07 17:00:00+00:00,2026-02-07 18:00:00+00:00,H
9666,ZONE1,2026-02-07 18:00:00+00:00,2026-02-07 19:00:00+00:00,H
9667,ZONE1,2026-02-07 19:00:00+00:00,2026-02-07 20:00:00+00:00,H
9668,ZONE1,2026-02-07 20:00:00+00:00,2026-02-07 21:00:00+00:00,H
9669,ZONE1,2026-02-07 21:00:00+00:00,2026-02-07 22:00:00+00:00,H
9670,ZONE1,2026-02-07 22:00:00+00:00,2026-02-07 23:00:00+00:00,H
9671,ZONE1,2026-02-07 23:00:00+00:00,2026-02-08 00:00:00+00:00,H
9672,ZONE1,2026-02-08 00:00:00+00:00,2026-02-08 01:00:00+00:00,H
9673,ZONE1,2026-02-08 01:00:00+00:00,2026-02-08 02:00:00+00:00,H
9674,ZONE1,2026-02-08 02:00:00+00:00,2026-02-08 03:00:00+00:00,H
9675,ZONE1,2026-02-08 03:00:00+00:00,2026-02-08 04:00:00+00:00,H
9676,ZONE1,2026-02-08 04:00:00+00:00,2026-02-08 05:00:00+00:00,H
9677,ZONE1,2026-02-08 05:00:00+00:00,2026-02-08 06:00:00+00:00,H
9678,ZONE1,2026-02-08 06:00:00+00:00,2026-02-08 07:00:00+00:00,H
9679,ZONE1,2026-02-08 07:00:00+00:00,2026-02-08 08:00:00+00:00,H
9680,ZONE1,2026-02-08 08:00:00+00:00,2026-02-08 09:00:00+00:00,H
9681,ZONE1,2026-02-08 09:00:00+00:00,2026-02-08 10:00:00+00:00,H
9682,ZONE1,2026-02-08 10:00:00+00:00,2026-02-08 11:00:00+00:00,H
9683,ZONE1,2026-02-08 11:00:00+00:00,2026-02-08 12:00:00+00:00,H
9684,ZONE1,2026-02-08 12:00:00+00:00,2026-02-08 13:00:00+00:00,H
9685,ZONE1,2026-02-08 13:00:00+00:00,2026-02-08 14:00:00+00:00,H
9686,ZONE1,2026-02-08 14:00:00+00:00,2026-02-08 15:00:00+00:00,H
9687,ZONE1,2026-02-08 15:00:00+00:00,2026-02-08 16:00:00+00:00,H
9688,ZONE1,2026-02-08 16:00:00+00:00,2026-02-08 17:00:00+00:00,H
9689,ZONE1,2026-02-08 17:00:00+00:00,2026-02-08 18:00:00+00:00,H
9690,ZONE1,2026-02-08 18:00:00+00:00,2026-02-08 19:00:00+00:00,H
9691,ZONE1,2026-02-08 19:00:00+00:00,2026-02-08 20:00:00+00:00,H
9692,ZONE1,2026-02-08 20:00:00+00:00,2026-02-08 21:00:00+00:00,H
9693,ZONE1,2026-02-08 21:00:00+00:00,2026-02-08 22:00:00+00:00,H
9694,ZONE1,2026-02-08 22:00:00+00:00,2026-02-08 23:00:00+00:00,H
9695,ZONE1,2026-02-08 23:00:00+00:00,2026-02-09 00:00:00+00:00,H
9696,ZONE1,2026-02-09 00:00:00+00:00,2026-02-09 01:00:00+00:00,H
9697,ZONE1,2026-02-09 01:00:00+00:00,2026-02-09 02:00:00+00:00,H
9698,ZONE1,2026-02-09 02:00:00+00:00,2026-02-09 03:00:00+00:00,H
9699,ZONE1,2026-02-09 03:00:00+00:00,2026-02-09 04:00:00+00:00,H
9700,ZONE1,2026-02-09 04:00:00+00:00,2026-02-09 05:00:00+00:00,H
9701,ZONE1,2026-02-09 05:00:00+00:00,2026-02-09 06:00:00+00:00,H
9702,ZONE1,2026-02-09 06:00:00+00:00,2026-02-09 07:00:00+00:00,H
9703,ZONE1,2026-02-09 07:00:00+00:00,2026-02-09 08:00:00+00:00,H
9704,ZONE1,2026-02-09 08:00:00+00:00,2026-02-09 09:00:00+00:00,H
9705,ZONE1,2026-02-09 09:00:00+00:00,2026-02-09 10:00:00+00:00,H
9706,ZONE1,2026-02-09 10:00:00+00:00,2026-02-09 11:00:00+00:00,H
9707,ZONE1,2026-02-09 11:00:00+00:00,2026-02-09 12:00:00+00:00,H
9708,ZONE1,2026-02-09 12:00:00+00:00,2026-02-09 13:00:00+00:00,H
9709,ZONE1,2026-02-09 13:00:00+00:00,2026-02-09 14:00:00+00:00,H
9710,ZONE1,2026-02-09 14:00:00+00:00,2026-02-09 15:00:00+00:00,H
9711,ZONE1,2026-02-09 15:00:00+00:00,2026-02-09 16:00:00+00:00,H
9712,ZONE1,2026-02-09 16:00:00+00:00,2026-02-09 17:00:00+00:00,H
9713,ZONE1,2026-02-09 17:00:00+00:00,2026-02-09 18:00:00+00:00,H
9714,ZONE1,2026-02-09 18:00:00+00:00,2026-02-09 19:00:00+00:00,H
9715,ZONE1,2026-02-09 19:00:00+00:00,2026-02-09 20:00:00+00:00,H
9716,ZONE1,2026-02-09 20:00:00+00:00,2026-02-09 21:00:00+00:00,H
9717,ZONE1,2026-02-09 21:00:00+00:00,2026-02-09 22:00:00+00:00,H
9718,ZONE1,2026-02-09 22:00:00+00:00,2026-02-09 23:00:00+00:00,H
9719,ZONE1,2026-02-09 23:00:00+00:00,2026-02-10 00:00:00+00:00,H
9720,ZONE1,2026-02-10 00:00:00+00:00,2026-02-10 01:00:00+00:00,H
9721,ZONE1,2026-02-10 01:00:00+00:00,2026-02-10 02:00:00+00:00,H
9722,ZONE1,2026-02-10 02:00:00+00:00,2026-02-10 03:00:00+00:00,H
9723,ZONE1,2026-02-10 03:00:00+00:00,2026-02-10 04:00:00+00:00,H
9724,ZONE1,2026-02-10 04:00:00+00:00,2026-02-10 05:00:00+00:00,H
9725,ZONE1,2026-02-10 05:00:00+00:00,2026-02-10 06:00:00+00:00,H
9726,ZONE1,2026-02-10 06:00:00+00:00,2026-02-10 07:00:00+00:00,H
9727,ZONE1,2026-02-10 07:00:00+00:00,2026-02-10 08:00:00+00:00,H
9728,ZONE1,2026-02-10 08:00:00+00:00,2026-02-10 09:00:00+00:00,H
9729,ZONE1,2026-02-10 09:00:00+00:00,2026-02-10 10:00:00+00:00,H
9730,ZONE1,2026-02-10 10:00:00+00:00,2026-02-10 11:00:00+00:00,H
9731,ZONE1,2026-02-10 11:00:00+00:00,2026-02-10 12:00:00+00:00,H
9732,ZONE1,2026-02-10 12:00:00+00:00,2026-02-10 13:00:00+00:00,H
9733,ZONE1,2026-02-10 13:00:00+00:00,2026-02-10 14:00:00+00:00,H
9734,ZONE1,2026-02-10 14:00:00+00:00,2026-02-10 15:00:00+00:00,H
9735,ZONE1,2026-02-10 15:00:00+00:00,2026-02-10 16:00:00+00:00,H
9736,ZONE1,2026-02-10 16:00:00+00:00,2026-02-10 17:00:00+00:00,H
9737,ZONE1,2026-02-10 17:00:00+00:00,2026-02-10 18:00:00+00:00,H
9738,ZONE1,2026-02-10 18:00:00+00:00,2026-02-10 19:00:00+00:00,H
9739,ZONE1,2026-02-10 19:00:00+00:00,2026-02-10 20:00:00+00:00,H
9740,ZONE1,2026-02-10 20:00:00+00:00,2026-02-10 21:00:00+00:00,H
9741,ZONE1,2026-02-10 21:00:00+00:00,2026-02-10 22:00:00+00:00,H
9742,ZONE1,2026-02-10 22:00:00+00:00,2026-02-10 23:00:00+00:00,H
9743,ZONE1,2026-02-10 23:00:00+00:00,2026-02-11 00:00:00+00:00,H
9744,ZONE1,2026-02-11 00:00:00+00:00,2026-02-11 01:00:00+00:00,H
9745,ZONE1,2026-02-11 01:00:00+00:00,2026-02-11 02:00:00+00:00,H
9746,ZONE1,2026-02-11 02:00:00+00:00,2026-02-11 03:00:00+00:00,H
9747,ZONE1,2026-02-11 03:00:00+00:00,2026-02-11 04:00:00+00:00,H
9748,ZONE1,2026-02-11 04:00:00+00:00,2026-02-11 05:00:00+00:00,H
9749,ZONE1,2026-02-11 05:00:00+00:00,2026-02-11 06:00:00+00:00,H
9750,ZONE1,2026-02-11 06:00:00+00:00,2026-02-11 07:00:00+00:00,H
9751,ZONE1,2026-02-11 07:00:00+00:00,2026-02-11 08:00:00+00:00,H
9752,ZONE1,2026-02-11 08:00:00+00:00,2026-02-11 09:00:00+00:00,H
9753,ZONE1,2026-02-11 09:00:00+00:00,2026-02-11 10:00:00+00:00,H
9754,ZONE1,2026-02-11 10:00:00+00:00,2026-02-11 11:00:00+00:00,H
9755,ZONE1,2026-02-11 11:00:00+00:00,2026-02-11 12:00:00+00:00,H
9756,ZONE1,2026-02-11 12:00:00+00:00,2026-02-11 13:00:00+00:00,H
9757,ZONE1,2026-02-11 13:00:00+00:00,2026-02-11 14:00:00+00:00,H
9758,ZONE1,2026-02-11 14:00:00+00:00,2026-02-11 15:00:00+00:00,H
9759,ZONE1,2026-02-11 15:00:00+00:00,2026-02-11 16:00:00+00:00,H
9760,ZONE1,2026-02-11 16:00:00+00:00,2026-02-11 17:00:00+00:00,H
9761,ZONE1,2026-02-11 17:00:00+00:00,2026-02-11 18:00:00+00:00,H
9762,ZONE1,2026-02-11 18:00:00+00:00,2026-02-11 19:00:00+00:00,H
9763,ZONE1,2026-02-11 19:00:00+00:00,2026-02-11 20:00:00+00:00,H
9764,ZONE1,2026-02-11 20:00:00+00:00,2026-02-11 21:00:00+00:00,H
9765,ZONE1,2026-02-11 21:00:00+00:00,2026-02-11 22:00:00+00:00,H
9766,ZONE1,2026-02-11 22:00:00+00:00,2026-02-11 23:00:00+00:00,H
9767,ZONE1,2026-02-11 23:00:00+00:00,2026-02-12 00:00:00+00:00,H
9768,ZONE1,2026-02-12 00:00:00+00:00,2026-02-12 01:00:00+00:00,H
9769,ZONE1,2026-02-12 01:00:00+00:00,2026-02-12 02:00:00+00:00,H
9770,ZONE1,2026-02-12 02:00:00+00:00,2026-02-12 03:00:00+00:00,H
9771,ZONE1,2026-02-12 03:00:00+00:00,2026-02-12 04:00:00+00:00,H
9772,ZONE1,2026-02-12 04:00:00+00:00,2026-02-12 05:00:00+00:00,H
9773,ZONE1,2026-02-12 05:00:00+00:00,2026-02-12 06:00:00+00:00,H
9774,ZONE1,2026-02-12 06:00:00+00:00,2026-02-12 07:00:00+00:00,H
9775,ZONE1,2026-02-12 07:00:00+00:00,2026-02-12 08:00:00+00:00,H
9776,ZONE1,2026-02-12 08:00:00+00:00,2026-02-12 09:00:00+00:00,H
9777,ZONE1,2026-02-12 09:00:00+00:00,2026-02-12 10:00:00+00:00,H
9778,ZONE1,2026-02-12 10:00:00+00:00,2026-02-12 11:00:00+00:00,H
9779,ZONE1,2026-02-12 11:00:00+00:00,2026-02-12 12:00:00+00:00,H
9780,ZONE1,2026-02-12 12:00:00+00:00,2026-02-12 13:00:00+00:00,H
9781,ZONE1,2026-02-12 13:00:00+00:00,2026-02-12 14:00:00+00:00,H
9782,ZONE1,2026-02-12 14:00:00+00:00,2026-02-12 15:00:00+00:00,H
9783,ZONE1,2026-02-12 15:00:00+00:00,2026-02-12 16:00:00+00:00,H
9784,ZONE1,2026-02-12 16:00:00+00:00,2026-02-12 17:00:00+00:00,H
9785,ZONE1,2026-02-12 17:00:00+00:00,2026-02-12 18:00:00+00:00,H
9786,ZONE1,2026-02-12 18:00:00+00:00,2026-02-12 19:00:00+00:00,H
9787,ZONE1,2026-02-12 19:00:00+00:00,2026-02-12 20:00:00+00:00,H
9788,ZONE1,2026-02-12 20:00:00+00:00,2026-02-12 21:00:00+00:00,H
9789,ZONE1,2026-02-12 21:00:00+00:00,2026-02-12 22:00:00+00:00,H
9790,ZONE1,2026-02-12 22:00:00+00:00,2026-02-12 23:00:00+00:00,H
9791,ZONE1,2026-02-12 23:00:00+00:00,2026-02-13 00:00:00+00:00,H
9792,ZONE1,2026-02-13 00:00:00+00:00,2026-02-13 01:00:00+00:00,H
9793,ZONE1,2026-02-13 01:00:00+00:00,2026-02-13 02:00:00+00:00,H
9794,ZONE1,2026-02-13 02:00:00+00:00,2026-02-13 03:00:00+00:00,H
9795,ZONE1,2026-02-13 03:00:00+00:00,2026-02-13 04:00:00+00:00,H
9796,ZONE1,2026-02-13 04:00:00+00:00,2026-02-13 05:00:00+00:00,H
9797,ZONE1,2026-02-13 05:00:00+00:00,2026-02-13 06:00:00+00:00,H
9798,ZONE1,2026-02-13 06:00:00+00:00,2026-02-13 07:00:00+00:00,H
9799,ZONE1,2026-02-13 07:00:00+00:00,2026-02-13 08:00:00+00:00,H
9800,ZONE1,2026-02-13 08:00:00+00:00,2026-02-13 09:00:00+00:00,H
9801,ZONE1,2026-02-13 09:00:00+00:00,2026-02-13 10:00:00+00:00,H
9802,ZONE1,2026-02-13 10:00:00+00:00,2026-02-13 11:00:00+00:00,H
9803,ZONE1,2026-02-13 11:00:00+00:00,2026-02-13 12:00:00+00:00,H
9804,ZONE1,2026-02-13 12:00:00+00:00,2026-02-13 13:00:00+00:00,H
9805,ZONE1,2026-02-13 13:00:00+00:00,2026-02-13 14:00:00+00:00,H
9806,ZONE1,2026-02-13 14:00:00+00:00,2026-02-13 15:00:00+00:00,H
9807,ZONE1,2026-02-13 15:00:00+00:00,2026-02-13 16:00:00+00:00,H
9808,ZONE1,2026-02-13 16:00:00+00:00,2026-02-13 17:00:00+00:00,H
9809,ZONE1,2026-02-13 17:00:00+00:00,2026-02-13 18:00:00+00:00,H
9810,ZONE1,2026-02-13 18:00:00+00:00,2026-02-13 19:00:00+00:00,H
9811,ZONE1,2026-02-13 19:00:00+00:00,2026-02-13 20:00:00+00:00,H
9812,ZONE1,2026-02-13 20:00:00+00:00,2026-02-13 21:00:00+00:00,H
9813,ZONE1,2026-02-13 21:00:00+00:00,2026-02-13 22:00:00+00:00,H
9814,ZONE1,2026-02-13 22:00:00+00:00,2026-02-13 23:00:00+00:00,H
9815,ZONE1,2026-02-13 23:00:00+00:00,2026-02-14 00:00:00+00:00,H
9816,ZONE1,2026-02-14 00:00:00+00:00,2026-02-14 01:00:00+00:00,H
9817,ZONE1,2026-02-14 01:00:00+00:00,2026-02-14 02:00:00+00:00,H
9818,ZONE1,2026-02-14 02:00:00+00:00,2026-02-14 03:00:00+00:00,H
9819,ZONE1,2026-02-14 03:00:00+00:00,2026-02-14 04:00:00+00:00,H
9820,ZONE1,2026-02-14 04:00:00+00:00,2026-02-14 05:00:00+00:00,H
9821,ZONE1,2026-02-14 05:00:00+00:00,2026-02-14 06:00:00+00:00,H
9822,ZONE1,2026-02-14 06:00:00+00:00,2026-02-14 07:00:00+00:00,H
9823,ZONE1,2026-02-14 07:00:00+00:00,2026-02-14 08:00:00+00:00,H
9824,ZONE1,2026-02-14 08:00:00+00:00,2026-02-14 09:00:00+00:00,H
9825,ZONE1,2026-02-14 09:00:00+00:00,2026-02-14 10:00:00+00:00,H
9826,ZONE1,2026-02-14 10:00:00+00:00,2026-02-14 11:00:00+00:00,H
9827,ZONE1,2026-02-14 11:00:00+00:00,2026-02-14 12:00:00+00:00,H
9828,ZONE1,2026-02-14 12:00:00+00:00,2026-02-14 13:00:00+00:00,H
9829,ZONE1,2026-02-14 13:00:00+00:00,2026-02-14 14:00:00+00:00,H
9830,ZONE1,2026-02-14 14:00:00+00:00,2026-02-14 15:00:00+00:00,H
9831,ZONE1,2026-02-14 15:00:00+00:00,2026-02-14 16:00:00+00:00,H
9832,ZONE1,2026-02-14 16:00:00+00:00,2026-02-14 17:00:00+00:00,H
9833,ZONE1,2026-02-14 17:00:00+00:00,2026-02-14 18:00:00+00:00,H
9834,ZONE1,2026-02-14 18:00:00+00:00,2026-02-14 19:00:00+00:00,H
9835,ZONE1,2026-02-14 19:00:00+00:00,2026-02-14 20:00:00+00:00,H
9836,ZONE1,2026-02-14 20:00:00+00:00,2026-02-14 21:00:00+00:00,H
9837,ZONE1,2026-02-14 21:00:00+00:00,2026-02-14 22:00:00+00:00,H
9838,ZONE1,2026-02-14 22:00:00+00:00,2026-02-14 23:00:00+00:00,H
9839,ZONE1,2026-02-14 23:00:00+00:00,2026-02-15 00:00:00+00:00,H
9840,ZONE1,2026-02-15 00:00:00+00:00,2026-02-15 01:00:00+00:00,H
9841,ZONE1,2026-02-15 01:00:00+00:00,2026-02-15 02:00:00+00:00,H
9842,ZONE1,2026-02-15 02:00:00+00:00,2026-02-15 03:00:00+00:00,H
9843,ZONE1,2026-02-15 03:00:00+00:00,2026-02-15 04:00:00+00:00,H
9844,ZONE1,2026-02-15 04:00:00+00:00,2026-02-15 05:00:00+00:00,H
9845,ZONE1,2026-02-15 05:00:00+00:00,2026-02-15 06:00:00+00:00,H
9846,ZONE1,2026-02-15 06:00:00+00:00,2026-02-15 07:00:00+00:00,H
9847,ZONE1,2026-02-15 07:00:00+00:00,2026-02-15 08:00:00+00:00,H
9848,ZONE1,2026-02-15 08:00:00+00:00,2026-02-15 09:00:00+00:00,H
9849,ZONE1,2026-02-15 09:00:00+00:00,2026-02-15 10:00:00+00:00,H
9850,ZONE1,2026-02-15 10:00:00+00:00,2026-02-15 11:00:00+00:00,H
9851,ZONE1,2026-02-15 11:00:00+00:00,2026-02-15 12:00:00+00:00,H
9852,ZONE1,2026-02-15 12:00:00+00:00,2026-02-15 13:00:00+00:00,H
9853,ZONE1,2026-02-15 13:00:00+00:00,2026-02-15 14:00:00+00:00,H
9854,ZONE1,2026-02-15 14:00:00+00:00,2026-02-15 15:00:00+00:00,H
9855,ZONE1,2026-02-15 15:00:00+00:00,2026-02-15 16:00:00+00:00,H
9856,ZONE1,2026-02-15 16:00:00+00:00,2026-02-15 17:00:00+00:00,H
9857,ZONE1,2026-02-15 17:00:00+00:00,2026-02-15 18:00:00+00:00,H
9858,ZONE1,2026-02-15 18:00:00+00:00,2026-02-15 19:00:00+00:00,H
9859,ZONE1,2026-02-15 19:00:00+00:00,2026-02-15 20:00:00+00:00,H
9860,ZONE1,2026-02-15 20:00:00+00:00,2026-02-15 21:00:00+00:00,H
9861,ZONE1,2026-02-15 21:00:00+00:00,2026-02-15 22:00:00+00:00,H
9862,ZONE1,2026-02-15 22:00:00+00:00,2026-02-15 23:00:00+00:00,H
9863,ZONE1,2026-02-15 23:00:00+00:00,2026-02-16 00:00:00+00:00,H
9864,ZONE1,2026-02-16 00:00:00+00:00,2026-02-16 01:00:00+00:00,H
9865,ZONE1,2026-02-16 01:00:00+00:00,2026-02-16 02:00:00+00:00,H
9866,ZONE1,2026-02-16 02:00:00+00:00,2026-02-16 03:00:00+00:00,H
9867,ZONE1,2026-02-16 03:00:00+00:00,2026-02-16 04:00:00+00:00,H
9868,ZONE1,2026-02-16 04:00:00+00:00,2026-02-16 05:00:00+00:00,H
9869,ZONE1,2026-02-16 05:00:00+00:00,2026-02-16 06:00:00+00:00,H
9870,ZONE1,2026-02-16 06:00:00+00:00,2026-02-16 07:00:00+00:00,H
9871,ZONE1,2026-02-16 07:00:00+00:00,2026-02-16 08:00:00+00:00,H
9872,ZONE1,2026-02-16 08:00:00+00:00,2026-02-16 09:00:00+00:00,H
9873,ZONE1,2026-02-16 09:00:00+00:00,2026-02-16 10:00:00+00:00,H
9874,ZONE1,2026-02-16 10:00:00+00:00,2026-02-16 11:00:00+00:00,H
9875,ZONE1,2026-02-16 11:00:00+00:00,2026-02-16 12:00:00+00:00,H
9876,ZONE1,2026-02-16 12:00:00+00:00,2026-02-16 13:00:00+00:00,H
9877,ZONE1,2026-02-16 13:00:00+00:00,2026-02-16 14:00:00+00:00,H
9878,ZONE1,2026-02-16 14:00:00+00:00,2026-02-16 15:00:00+00:00,H
9879,ZONE1,2026-02-16 15:00:00+00:00,2026-02-16 16:00:00+00:00,H
9880,ZONE1,2026-02-16 16:00:00+00:00,2026-02-16 17:00:00+00:00,H
9881,ZONE1,2026-02-16 17:00:00+00:00,2026-02-16 18:00:00+00:00,H
9882,ZONE1,2026-02-16 18:00:00+00:00,2026-02-16 19:00:00+00:00,H
9883,ZONE1,2026-02-16 19:00:00+00:00,2026-02-16 20:00:00+00:00,H
9884,ZONE1,2026-02-16 20:00:00+00:00,2026-02-16 21:00:00+00:00,H
9885,ZONE1,2026-02-16 21:00:00+00:00,2026-02-16 22:00:00+00:00,H
9886,ZONE1,2026-02-16 22:00:00+00:00,2026-02-16 23:00:00+00:00,H
9887,ZONE1,2026-02-16 23:00:00+00:00,2026-02-17 00:00:00+00:00,H
9888,ZONE1,2026-02-17 00:00:00+00:00,2026-02-17 01:00:00+00:00,H
9889,ZONE1,2026-02-17 01:00:00+00:00,2026-02-17 02:00:00+00:00,H
9890,ZONE1,2026-02-17 02:00:00+00:00,2026-02-17 03:00:00+00:00,H
9891,ZONE1,2026-02-17 03:00:00+00:00,2026-02-17 04:00:00+00:00,H
9892,ZONE1,2026-02-17 04:00:00+00:00,2026-02-17 05:00:00+00:00,H
9893,ZONE1,2026-02-17 05:00:00+00:00,2026-02-17 06:00:00+00:00,H
9894,ZONE1,2026-02-17 06:00:00+00:00,2026-02-17 07:00:00+00:00,H
9895,ZONE1,2026-02-17 07:00:00+00:00,2026-02-17 08:00:00+00:00,H
9896,ZONE1,2026-02-17 08:00:00+00:00,2026-02-17 09:00:00+00:00,H
9897,ZONE1,2026-02-17 09:00:00+00:00,2026-02-17 10:00:00+00:00,H
9898,ZONE1,2026-02-17 10:00:00+00:00,2026-02-17 11:00:00+00:00,H
9899,ZONE1,2026-02-17 11:00:00+00:00,2026-02-17 12:00:00+00:00,H
9900,ZONE1,2026-02-17 12:00:00+00:00,2026-02-17 13:00:00+00:00,H
9901,ZONE1,2026-02-17 13:00:00+00:00,2026-02-17 14:00:00+00:00,H
9902,ZONE1,2026-02-17 14:00:00+00:00,2026-02-17 15:00:00+00:00,H
9903,ZONE1,2026-02-17 15:00:00+00:00,2026-02-17 16:00:00+00:00,H
9904,ZONE1,2026-02-17 16:00:00+00:00,2026-02-17 17:00:00+00:00,H
9905,ZONE1,2026-02-17 17:00:00+00:00,2026-02-17 18:00:00+00:00,H
9906,ZONE1,2026-02-17 18:00:00+00:00,2026-02-17 19:00:00+00:00,H
9907,ZONE1,2026-02-17 19:00:00+00:00,2026-02-17 20:00:00+00:00,H
9908,ZONE1,2026-02-17 20:00:00+00:00,2026-02-17 21:00:00+00:00,H
9909,ZONE1,2026-02-17 21:00:00+00:00,2026-02-17 22:00:00+00:00,H
9910,ZONE1,2026-02-17 22:00:00+00:00,2026-02-17 23:00:00+00:00,H
9911,ZONE1,2026-02-17 23:00:00+00:00,2026-02-18 00:00:00+00:00,H
9912,ZONE1,2026-02-18 00:00:00+00:00,2026-02-18 01:00:00+00:00,H
9913,ZONE1,2026-02-18 01:00:00+00:00,2026-02-18 02:00:00+00:00,H
9914,ZONE1,2026-02-18 02:00:00+00:00,2026-02-18 03:00:00+00:00,H
9915,ZONE1,2026-02-18 03:00:00+00:00,2026-02-18 04:00:00+00:00,H
9916,ZONE1,2026-02-18 04:00:00+00:00,2026-02-18 05:00:00+00:00,H
9917,ZONE1,2026-02-18 05:00:00+00:00,2026-02-18 06:00:00+00:00,H
9918,ZONE1,2026-02-18 06:00:00+00:00,2026-02-18 07:00:00+00:00,H
9919,ZONE1,2026-02-18 07:00:00+00:00,2026-02-18 08:00:00+00:00,H
9920,ZONE1,2026-02-18 08:00:00+00:00,2026-02-18 09:00:00+00:00,H
9921,ZONE1,2026-02-18 09:00:00+00:00,2026-02-18 10:00:00+00:00,H
9922,ZONE1,2026-02-18 10:00:00+00:00,2026-02-18 11:00:00+00:00,H
9923,ZONE1,2026-02-18 11:00:00+00:00,2026-02-18 12:00:00+00:00,H
9924,ZONE1,2026-02-18 12:00:00+00:00,2026-02-18 13:00:00+00:00,H
9925,ZONE1,2026-02-18 13:00:00+00:00,2026-02-18 14:00:00+00:00,H
9926,ZONE1,2026-02-18 14:00:00+00:00,2026-02-18 15:00:00+00:00,H
9927,ZONE1,2026-02-18 15:00:00+00:00,2026-02-18 16:00:00+00:00,H
9928,ZONE1,2026-02-18 16:00:00+00:00,2026-02-18 17:00:00+00:00,H
9929,ZONE1,2026-02-18 17:00:00+00:00,2026-02-18 18:00:00+00:00,H
9930,ZONE1,2026-02-18 18:00:00+00:00,2026-02-18 19:00:00+00:00,H
9931,ZONE1,2026-02-18 19:00:00+00:00,2026-02-18 20:00:00+00:00,H
9932,ZONE1,2026-02-18 20:00:00+00:00,2026-02-18 21:00:00+00:00,H
9933,ZONE1,2026-02-18 21:00:00+00:00,2026-02-18 22:00:00+00:00,H
9934,ZONE1,2026-02-18 22:00:00+00:00,2026-02-18 23:00:00+00:00,H
9935,ZONE1,2026-02-18 23:00:00+00:00,2026-02-19 00:00:00+00:00,H
9936,ZONE1,2026-02-19 00:00:00+00:00,2026-02-19 01:00:00+00:00,H
9937,ZONE1,2026-02-19 01:00:00+00:00,2026-02-19 02:00:00+00:00,H
9938,ZONE1,2026-02-19 02:00:00+00:00,2026-02-19 03:00:00+00:00,H
9939,ZONE1,2026-02-19 03:00:00+00:00,2026-02-19 04:00:00+00:00,H
9940,ZONE1,2026-02-19 04:00:00+00:00,2026-02-19 05:00:00+00:00,H
9941,ZONE1,2026-02-19 05:00:00+00:00,2026-02-19 06:00:00+00:00,H
9942,ZONE1,2026-02-19 06:00:00+00:00,2026-02-19 07:00:00+00:00,H
9943,ZONE1,2026-02-19 07:00:00+00:00,2026-02-19 08:00:00+00:00,H
9944,ZONE1,2026-02-19 08:00:00+00:00,2026-02-19 09:00:00+00:00,H
9945,ZONE1,2026-02-19 09:00:00+00:00,2026-02-19 10:00:00+00:00,H
9946,ZONE1,2026-02-19 10:00:00+00:00,2026-02-19 11:00:00+00:00,H
9947,ZONE1,2026-02-19 11:00:00+00:00,2026-02-19 12:00:00+00:00,H
9948,ZONE1,2026-02-19 12:00:00+00:00,2026-02-19 13:00:00+00:00,H
9949,ZONE1,2026-02-19 13:00:00+00:00,2026-02-19 14:00:00+00:00,H
9950,ZONE1,2026-02-19 14:00:00+00:00,2026-02-19 15:00:00+00:00,H
9951,ZONE1,2026-02-19 15:00:00+00:00,2026-02-19 16:00:00+00:00,H
9952,ZONE1,2026-02-19 16:00:00+00:00,2026-02-19 17:00:00+00:00,H
9953,ZONE1,2026-02-19 17:00:00+00:00,2026-02-19 18:00:00+00:00,H
9954,ZONE1,2026-02-19 18:00:00+00:00,2026-02-19 19:00:00+00:00,H
9955,ZONE1,2026-02-19 19:00:00+00:00,2026-02-19 20:00:00+00:00,H
9956,ZONE1,2026-02-19 20:00:00+00:00,2026-02-19 21:00:00+00:00,H
9957,ZONE1,2026-02-19 21:00:00+00:00,2026-02-19 22:00:00+00:00,H
9958,ZONE1,2026-02-19 22:00:00+00:00,2026-02-19 23:00:00+00:00,H
9959,ZONE1,2026-02-19 23:00:00+00:00,2026-02-20 00:00:00+00:00,H
9960,ZONE1,2026-02-20 00:00:00+00:00,2026-02-20 01:00:00+00:00,H
9961,ZONE1,2026-02-20 01:00:00+00:00,2026-02-20 02:00:00+00:00,H
9962,ZONE1,2026-02-20 02:00:00+00:00,2026-02-20 03:00:00+00:00,H
9963,ZONE1,2026-02-20 03:00:00+00:00,2026-02-20 04:00:00+00:00,H
9964,ZONE1,2026-02-20 04:00:00+00:00,2026-02-20 05:00:00+00:00,H
9965,ZONE1,2026-02-20 05:00:00+00:00,2026-02-20 06:00:00+00:00,H
9966,ZONE1,2026-02-20 06:00:00+00:00,2026-02-20 07:00:00+00:00,H
9967,ZONE1,2026-02-20 07:00:00+00:00,2026-02-20 08:00:00+00:00,H
9968,ZONE1,2026-02-20 08:00:00+00:00,2026-02-20 09:00:00+00:00,H
9969,ZONE1,2026-02-20 09:00:00+00:00,2026-02-20 10:00:00+00:00,H
9970,ZONE1,2026-02-20 10:00:00+00:00,2026-02-20 11:00:00+00:00,H
9971,ZONE1,2026-02-20 11:00:00+00:00,2026-02-20 12:00:00+00:00,H
9972,ZONE1,2026-02-20 12:00:00+00:00,2026-02-20 13:00:00+00:00,H
9973,ZONE1,2026-02-20 13:00:00+00:00,2026-02-20 14:00:00+00:00,H
9974,ZONE1,2026-02-20 14:00:00+00:00,2026-02-20 15:00:00+00:00,H
9975,ZONE1,2026-02-20 15:00:00+00:00,2026-02-20 16:00:00+00:00,H
9976,ZONE1,2026-02-20 16:00:00+00:00,2026-02-20 17:00:00+00:00,H
9977,ZONE1,2026-02-20 17:00:00+00:00,2026-02-20 18:00:00+00:00,H
9978,ZONE1,2026-02-20 18:00:00+00:00,2026-02-20 19:00:00+00:00,H
9979,ZONE1,2026-02-20 19:00:00+00:00,2026-02-20 20:00:00+00:00,H
9980,ZONE1,2026-02-20 20:00:00+00:00,2026-02-20 21:00:00+00:00,H
9981,ZONE1,2026-02-20 21:00:00+00:00,2026-02-20 22:00:00+00:00,H
9982,ZONE1,2026-02-20 22:00:00+00:00,2026-02-20 23:00:00+00:00,H
9983,ZONE1,2026-02-20 23:00:00+00:00,2026-02-21 00:00:00+00:00,H
9984,ZONE1,2026-02-21 00:00:00+00:00,2026-02-21 01:00:00+00:00,H
9985,ZONE1,2026-02-21 01:00:00+00:00,2026-02-21 02:00:00+00:00,H
9986,ZONE1,2026-02-21 02:00:00+00:00,2026-02-21 03:00:00+00:00,H
9987,ZONE1,2026-02-21 03:00:00+00:00,2026-02-21 04:00:00+00:00,H
9988,ZONE1,2026-02-21 04:00:00+00:00,2026-02-21 05:00:00+00:00,H
9989,ZONE1,2026-02-21 05:00:00+00:00,2026-02-21 06:00:00+00:00,H
9990,ZONE1,2026-02-21 06:00:00+00:00,2026-02-21 07:00:00+00:00,H
9991,ZONE1,2026-02-21 07:00:00+00:00,2026-02-21 08:00:00+00:00,H
9992,ZONE1,2026-02-21 08:00:00+00:00,2026-02-21 09:00:00+00:00,H
9993,ZONE1,2026-02-21 09:00:00+00:00,2026-02-21 10:00:00+00:00,H
9994,ZONE1,2026-02-21 10:00:00+00:00,2026-02-21 11:00:00+00:00,H
9995,ZONE1,2026-02-21 11:00:00+00:00,2026-02-21 12:00:00+00:00,H
9996,ZONE1,2026-02-21 12:00:00+00:00,2026-02-21 13:00:00+00:00,H
9997,ZONE1,2026-02-21 13:00:00+00:00,2026-02-21 14:00:00+00:00,H
9998,ZONE1,2026-02-21 14:00:00+00:00,2026-02-21 15:00:00+00:00,H
9999,ZONE1,2026-02-21 15:00:00+00:00,2026-02-21 16:00:00+00:00,H
10000,ZONE1,2026-02-21 16:00:00+00:00,2026-02-21 17:00:00+00:00,H
10001,ZONE1,2026-02-21 17:00:00+00:00,2026-02-21 18:00:00+00:00,H
10002,ZONE1,2026-02-21 18:00:00+00:00,2026-02-21 19:00:00+00:00,H
10003,ZONE1,2026-02-21 19:00:00+00:00,2026-02-21 20:00:00+00:00,H
10004,ZONE1,2026-02-21 20:00:00+00:00,2026-02-21 21:00:00+00:00,H
10005,ZONE1,2026-02-21 21:00:00+00:00,2026-02-21 22:00:00+00:00,H
10006,ZONE1,2026-02-21 22:00:00+00:00,2026-02-21 23:00:00+00:00,H
10007,ZONE1,2026-02-21 23:00:00+00:00,2026-02-22 00:00:00+00:00,H
10008,ZONE1,2026-02-22 00:00:00+00:00,2026-02-22 01:00:00+00:00,H
10009,ZONE1,2026-02-22 01:00:00+00:00,2026-02-22 02:00:00+00:00,H
10010,ZONE1,2026-02-22 02:00:00+00:00,2026-02-22 03:00:00+00:00,H
10011,ZONE1,2026-02-22 03:00:00+00:00,2026-02-22 04:00:00+00:00,H
10012,ZONE1,2026-02-22 04:00:00+00:00,2026-02-22 05:00:00+00:00,H
10013,ZONE1,2026-02-22 05:00:00+00:00,2026-02-22 06:00:00+00:00,H
10014,ZONE1,2026-02-22 06:00:00+00:00,2026-02-22 07:00:00+00:00,H
10015,ZONE1,2026-02-22 07:00:00+00:00,2026-02-22 08:00:00+00:00,H
10016,ZONE1,2026-02-22 08:00:00+00:00,2026-02-22 09:00:00+00:00,H
10017,ZONE1,2026-02-22 09:00:00+00:00,2026-02-22 10:00:00+00:00,H
10018,ZONE1,2026-02-22 10:00:00+00:00,2026-02-22 11:00:00+00:00,H
10019,ZONE1,2026-02-22 11:00:00+00:00,2026-02-22 12:00:00+00:00,H
10020,ZONE1,2026-02-22 12:00:00+00:00,2026-02-22 13:00:00+00:00,H
10021,ZONE1,2026-02-22 13:00:00+00:00,2026-02-22 14:00:00+00:00,H
10022,ZONE1,2026-02-22 14:00:00+00:00,2026-02-22 15:00:00+00:00,H
10023,ZONE1,2026-02-22 15:00:00+00:00,2026-02-22 16:00:00+00:00,H
10024,ZONE1,2026-02-22 16:00:00+00:00,2026-02-22 17:00:00+00:00,H
10025,ZONE1,2026-02-22 17:00:00+00:00,2026-02-22 18:00:00+00:00,H
10026,ZONE1,2026-02-22 18:00:00+00:00,2026-02-22 19:00:00+00:00,H
10027,ZONE1,2026-02-22 19:00:00+00:00,2026-02-22 20:00:00+00:00,H
10028,ZONE1,2026-02-22 20:00:00+00:00,2026-02-22 21:00:00+00:00,H
10029,ZONE1,2026-02-22 21:00:00+00:00,2026-02-22 22:00:00+00:00,H
10030,ZONE1,2026-02-22 22:00:00+00:00,2026-02-22 23:00:00+00:00,H
10031,ZONE1,2026-02-22 23:00:00+00:00,2026-02-23 00:00:00+00:00,H
10032,ZONE1,2026-02-23 00:00:00+00:00,2026-02-23 01:00:00+00:00,H
10033,ZONE1,2026-02-23 01:00:00+00:00,2026-02-23 02:00:00+00:00,H
10034,ZONE1,2026-02-23 02:00:00+00:00,2026-02-23 03:00:00+00:00,H
10035,ZONE1,2026-02-23 03:00:00+00:00,2026-02-23 04:00:00+00:00,H
10036,ZONE1,2026-02-23 04:00:00+00:00,2026-02-23 05:00:00+00:00,H
10037,ZONE1,2026-02-23 05:00:00+00:00,2026-02-23 06:00:00+00:00,H
10038,ZONE1,2026-02-23 06:00:00+00:00,2026-02-23 07:00:00+00:00,H
10039,ZONE1,2026-02-23 07:00:00+00:00,2026-02-23 08:00:00+00:00,H
10040,ZONE1,2026-02-23 08:00:00+00:00,2026-02-23 09:00:00+00:00,H
10041,ZONE1,2026-02-23 09:00:00+00:00,2026-02-23 10:00:00+00:00,H
10042,ZONE1,2026-02-23 10:00:00+00:00,2026-02-23 11:00:00+00:00,H
10043,ZONE1,2026-02-23 11:00:00+00:00,2026-02-23 12:00:00+00:00,H
10044,ZONE1,2026-02-23 12:00:00+00:00,2026-02-23 13:00:00+00:00,H
10045,ZONE1,2026-02-23 13:00:00+00:00,2026-02-23 14:00:00+00:00,H
10046,ZONE1,2026-02-23 14:00:00+00:00,2026-02-23 15:00:00+00:00,H
10047,ZONE1,2026-02-23 15:00:00+00:00,2026-02-23 16:00:00+00:00,H
10048,ZONE1,2026-02-23 16:00:00+00:00,2026-02-23 17:00:00+00:00,H
10049,ZONE1,2026-02-23 17:00:00+00:00,2026-02-23 18:00:00+00:00,H
10050,ZONE1,2026-02-23 18:00:00+00:00,2026-02-23 19:00:00+00:00,H
10051,ZONE1,2026-02-23 19:00:00+00:00,2026-02-23 20:00:00+00:00,H
10052,ZONE1,2026-02-23 20:00:00+00:00,2026-02-23 21:00:00+00:00,H
10053,ZONE1,2026-02-23 21:00:00+00:00,2026-02-23 22:00:00+00:00,H
10054,ZONE1,2026-02-23 22:00:00+00:00,2026-02-23 23:00:00+00:00,H
10055,ZONE1,2026-02-23 23:00:00+00:00,2026-02-24 00:00:00+00:00,H
10056,ZONE1,2026-02-24 00:00:00+00:00,2026-02-24 01:00:00+00:00,H
10057,ZONE1,2026-02-24 01:00:00+00:00,2026-02-24 02:00:00+00:00,H
10058,ZONE1,2026-02-24 02:00:00+00:00,2026-02-24 03:00:00+00:00,H
10059,ZONE1,2026-02-24 03:00:00+00:00,2026-02-24 04:00:00+00:00,H
10060,ZONE1,2026-02-24 04:00:00+00:00,2026-02-24 05:00:00+00:00,H
10061,ZONE1,2026-02-24 05:00:00+00:00,2026-02-24 06:00:00+00:00,H
10062,ZONE1,2026-02-24 06:00:00+00:00,2026-02-24 07:00:00+00:00,H
10063,ZONE1,2026-02-24 07:00:00+00:00,2026-02-24 08:00:00+00:00,H
10064,ZONE1,2026-02-24 08:00:00+00:00,2026-02-24 09:00:00+00:00,H
10065,ZONE1,2026-02-24 09:00:00+00:00,2026-02-24 10:00:00+00:00,H
10066,ZONE1,2026-02-24 10:00:00+00:00,2026-02-24 11:00:00+00:00,H
10067,ZONE1,2026-02-24 11:00:00+00:00,2026-02-24 12:00:00+00:00,H
10068,ZONE1,2026-02-24 12:00:00+00:00,2026-02-24 13:00:00+00:00,H
10069,ZONE1,2026-02-24 13:00:00+00:00,2026-02-24 14:00:00+00:00,H
10070,ZONE1,2026-02-24 14:00:00+00:00,2026-02-24 15:00:00+00:00,H
10071,ZONE1,2026-02-24 15:00:00+00:00,2026-02-24 16:00:00+00:00,H
10072,ZONE1,2026-02-24 16:00:00+00:00,2026-02-24 17:00:00+00:00,H
10073,ZONE1,2026-02-24 17:00:00+00:00,2026-02-24 18:00:00+00:00,H
10074,ZONE1,2026-02-24 18:00:00+00:00,2026-02-24 19:00:00+00:00,H
10075,ZONE1,2026-02-24 19:00:00+00:00,2026-02-24 20:00:00+00:00,H
10076,ZONE1,2026-02-24 20:00:00+00:00,2026-02-24 21:00:00+00:00,H
10077,ZONE1,2026-02-24 21:00:00+00:00,2026-02-24 22:00:00+00:00,H
10078,ZONE1,2026-02-24 22:00:00+00:00,2026-02-24 23:00:00+00:00,H
10079,ZONE1,2026-02-24 23:00:00+00:00,2026-02-25 00:00:00+00:00,H
10080,ZONE1,2026-02-25 00:00:00+00:00,2026-02-25 01:00:00+00:00,H
10081,ZONE1,2026-02-25 01:00:00+00:00,2026-02-25 02:00:00+00:00,H
10082,ZONE1,2026-02-25 02:00:00+00:00,2026-02-25 03:00:00+00:00,H
10083,ZONE1,2026-02-25 03:00:00+00:00,2026-02-25 04:00:00+00:00,H
10084,ZONE1,2026-02-25 04:00:00+00:00,2026-02-25 05:00:00+00:00,H
10085,ZONE1,2026-02-25 05:00:00+00:00,2026-02-25 06:00:00+00:00,H
10086,ZONE1,2026-02-25 06:00:00+00:00,2026-02-25 07:00:00+00:00,H
10087,ZONE1,2026-02-25 07:00:00+00:00,2026-02-25 08:00:00+00:00,H
10088,ZONE1,2026-02-25 08:00:00+00:00,2026-02-25 09:00:00+00:00,H
10089,ZONE1,2026-02-25 09:00:00+00:00,2026-02-25 10:00:00+00:00,H
10090,ZONE1,2026-02-25 10:00:00+00:00,2026-02-25 11:00:00+00:00,H
10091,ZONE1,2026-02-25 11:00:00+00:00,2026-02-25 12:00:00+00:00,H
10092,ZONE1,2026-02-25 12:00:00+00:00,2026-02-25 13:00:00+00:00,H
10093,ZONE1,2026-02-25 13:00:00+00:00,2026-02-25 14:00:00+00:00,H
10094,ZONE1,2026-02-25 14:00:00+00:00,2026-02-25 15:00:00+00:00,H
10095,ZONE1,2026-02-25 15:00:00+00:00,2026-02-25 16:00:00+00:00,H
10096,ZONE1,2026-02-25 16:00:00+00:00,2026-02-25 17:00:00+00:00,H
10097,ZONE1,2026-02-25 17:00:00+00:00,2026-02-25 18:00:00+00:00,H
10098,ZONE1,2026-02-25 18:00:00+00:00,2026-02-25 19:00:00+00:00,H
10099,ZONE1,2026-02-25 19:00:00+00:00,2026-02-25 20:00:00+00:00,H
10100,ZONE1,2026-02-25 20:00:00+00:00,2026-02-25 21:00:00+00:00,H
10101,ZONE1,2026-02-25 21:00:00+00:00,2026-02-25 22:00:00+00:00,H
10102,ZONE1,2026-02-25 22:00:00+00:00,2026-02-25 23:00:00+00:00,H
10103,ZONE1,2026-02-25 23:00:00+00:00,2026-02-26 00:00:00+00:00,H
10104,ZONE1,2026-02-26 00:00:00+00:00,2026-02-26 01:00:00+00:00,H
10105,ZONE1,2026-02-26 01:00:00+00:00,2026-02-26 02:00:00+00:00,H
10106,ZONE1,2026-02-26 02:00:00+00:00,2026-02-26 03:00:00+00:00,H
10107,ZONE1,2026-02-26 03:00:00+00:00,2026-02-26 04:00:00+00:00,H
10108,ZONE1,2026-02-26 04:00:00+00:00,2026-02-26 05:00:00+00:00,H
10109,ZONE1,2026-02-26 05:00:00+00:00,2026-02-26 06:00:00+00:00,H
10110,ZONE1,2026-02-26 06:00:00+00:00,2026-02-26 07:00:00+00:00,H
10111,ZONE1,2026-02-26 07:00:00+00:00,2026-02-26 08:00:00+00:00,H
10112,ZONE1,2026-02-26 08:00:00+00:00,2026-02-26 09:00:00+00:00,H
10113,ZONE1,2026-02-26 09:00:00+00:00,2026-02-26 10:00:00+00:00,H
10114,ZONE1,2026-02-26 10:00:00+00:00,2026-02-26 11:00:00+00:00,H
10115,ZONE1,2026-02-26 11:00:00+00:00,2026-02-26 12:00:00+00:00,H
10116,ZONE1,2026-02-26 12:00:00+00:00,2026-02-26 13:00:00+00:00,H
10117,ZONE1,2026-02-26 13:00:00+00:00,2026-02-26 14:00:00+00:00,H
10118,ZONE1,2026-02-26 14:00:00+00:00,2026-02-26 15:00:00+00:00,H
10119,ZONE1,2026-02-26 15:00:00+00:00,2026-02-26 16:00:00+00:00,H
10120,ZONE1,2026-02-26 16:00:00+00:00,2026-02-26 17:00:00+00:00,H
10121,ZONE1,2026-02-26 17:00:00+00:00,2026-02-26 18:00:00+00:00,H
10122,ZONE1,2026-02-26 18:00:00+00:00,2026-02-26 19:00:00+00:00,H
10123,ZONE1,2026-02-26 19:00:00+00:00,2026-02-26 20:00:00+00:00,H
10124,ZONE1,2026-02-26 20:00:00+00:00,2026-02-26 21:00:00+00:00,H
10125,ZONE1,2026-02-26 21:00:00+00:00,2026-02-26 22:00:00+00:00,H
10126,ZONE1,2026-02-26 22:00:00+00:00,2026-02-26 23:00:00+00:00,H
10127,ZONE1,2026-02-26 23:00:00+00:00,2026-02-27 00:00:00+00:00,H
10128,ZONE1,2026-02-27 00:00:00+00:00,2026-02-27 01:00:00+00:00,H
10129,ZONE1,2026-02-27 01:00:00+00:00,2026-02-27 02:00:00+00:00,H
10130,ZONE1,2026-02-27 02:00:00+00:00,2026-02-27 03:00:00+00:00,H
10131,ZONE1,2026-02-27 03:00:00+00:00,2026-02-27 04:00:00+00:00,H
10132,ZONE1,2026-02-27 04:00:00+00:00,2026-02-27 05:00:00+00:00,H
10133,ZONE1,2026-02-27 05:00:00+00:00,2026-02-27 06:00:00+00:00,H
10134,ZONE1,2026-02-27 06:00:00+00:00,2026-02-27 07:00:00+00:00,H
10135,ZONE1,2026-02-27 07:00:00+00:00,2026-02-27 08:00:00+00:00,H
10136,ZONE1,2026-02-27 08:00:00+00:00,2026-02-27 09:00:00+00:00,H
10137,ZONE1,2026-02-27 09:00:00+00:00,2026-02-27 10:00:00+00:00,H
10138,ZONE1,2026-02-27 10:00:00+00:00,2026-02-27 11:00:00+00:00,H
10139,ZONE1,2026-02-27 11:00:00+00:00,2026-02-27 12:00:00+00:00,H
10140,ZONE1,2026-02-27 12:00:00+00:00,2026-02-27 13:00:00+00:00,H
10141,ZONE1,2026-02-27 13:00:00+00:00,2026-02-27 14:00:00+00:00,H
10142,ZONE1,2026-02-27 14:00:00+00:00,2026-02-27 15:00:00+00:00,H
10143,ZONE1,2026-02-27 15:00:00+00:00,2026-02-27 16:00:00+00:00,H
10144,ZONE1,2026-02-27 16:00:00+00:00,2026-02-27 17:00:00+00:00,H
10145,ZONE1,2026-02-27 17:00:00+00:00,2026-02-27 18:00:00+00:00,H
10146,ZONE1,2026-02-27 18:00:00+00:00,2026-02-27 19:00:00+00:00,H
10147,ZONE1,2026-02-27 19:00:00+00:00,2026-02-27 20:00:00+00:00,H
10148,ZONE1,2026-02-27 20:00:00+00:00,2026-02-27 21:00:00+00:00,H
10149,ZONE1,2026-02-27 21:00:00+00:00,2026-02-27 22:00:00+00:00,H
10150,ZONE1,2026-02-27 22:00:00+00:00,2026-02-27 23:00:00+00:00,H
10151,ZONE1,2026-02-27 23:00:00+00:00,2026-02-28 00:00:00+00:00,H
10152,ZONE1,2026-02-28 00:00:00+00:00,2026-02-28 01:00:00+00:00,H
10153,ZONE1,2026-02-28 01:00:00+00:00,2026-02-28 02:00:00+00:00,H
10154,ZONE1,2026-02-28 02:00:00+00:00,2026-02-28 03:00:00+00:00,H
10155,ZONE1,2026-02-28 03:00:00+00:00,2026-02-28 04:00:00+00:00,H
10156,ZONE1,2026-02-28 04:00:00+00:00,2026-02-28 05:00:00+00:00,H
10157,ZONE1,2026-02-28 05:00:00+00:00,2026-02-28 06:00:00+00:00,H
10158,ZONE1,2026-02-28 06:00:00+00:00,2026-02-28 07:00:00+00:00,H
10159,ZONE1,2026-02-28 07:00:00+00:00,2026-02-28 08:00:00+00:00,H
10160,ZONE1,2026-02-28 08:00:00+00:00,2026-02-28 09:00:00+00:00,H
10161,ZONE1,2026-02-28 09:00:00+00:00,2026-02-28 10:00:00+00:00,H
10162,ZONE1,2026-02-28 10:00:00+00:00,2026-02-28 11:00:00+00:00,H
10163,ZONE1,2026-02-28 11:00:00+00:00,2026-02-28 12:00:00+00:00,H
10164,ZONE1,2026-02-28 12:00:00+00:00,2026-02-28 13:00:00+00:00,H
10165,ZONE1,2026-02-28 13:00:00+00:00,2026-02-28 14:00:00+00:00,H
10166,ZONE1,2026-02-28 14:00:00+00:00,2026-02-28 15:00:00+00:00,H
10167,ZONE1,2026-02-28 15:00:00+00:00,2026-02-28 16:00:00+00:00,H
10168,ZONE1,2026-02-28 16:00:00+00:00,2026-02-28 17:00:00+00:00,H
10169,ZONE1,2026-02-28 17:00:00+00:00,2026-02-28 18:00:00+00:00,H
10170,ZONE1,2026-02-28 18:00:00+00:00,2026-02-28 19:00:00+00:00,H
10171,ZONE1,2026-02-28 19:00:00+00:00,2026-02-28 20:00:00+00:00,H
10172,ZONE1,2026-02-28 20:00:00+00:00,2026-02-28 21:00:00+00:00,H
10173,ZONE1,2026-02-28 21:00:00+00:00,2026-02-28 22:00:00+00:00,H
10174,ZONE1,2026-02-28 22:00:00+00:00,2026-02-28 23:00:00+00:00,H
10175,ZONE1,2026-02-28 23:00:00+00:00,2026-03-01 00:00:00+00:00,H
10176,ZONE1,2026-03-01 00:00:00+00:00,2026-03-01 01:00:00+00:00,H
10177,ZONE1,2026-03-01 01:00:00+00:00,2026-03-01 02:00:00+00:00,H
10178,ZONE1,2026-03-01 02:00:00+00:00,2026-03-01 03:00:00+00:00,H
10179,ZONE1,2026-03-01 03:00:00+00:00,2026-03-01 04:00:00+00:00,H
10180,ZONE1,2026-03-01 04:00:00+00:00,2026-03-01 05:00:00+00:00,H
10181,ZONE1,2026-03-01 05:00:00+00:00,2026-03-01 06:00:00+00:00,H
10182,ZONE1,2026-03-01 06:00:00+00:00,2026-03-01 07:00:00+00:00,H
10183,ZONE1,2026-03-01 07:00:00+00:00,2026-03-01 08:00:00+00:00,H
10184,ZONE1,2026-03-01 08:00:00+00:00,2026-03-01 09:00:00+00:00,H
10185,ZONE1,2026-03-01 09:00:00+00:00,2026-03-01 10:00:00+00:00,H
10186,ZONE1,2026-03-01 10:00:00+00:00,2026-03-01 11:00:00+00:00,H
10187,ZONE1,2026-03-01 11:00:00+00:00,2026-03-01 12:00:00+00:00,H
10188,ZONE1,2026-03-01 12:00:00+00:00,2026-03-01 13:00:00+00:00,H
10189,ZONE1,2026-03-01 13:00:00+00:00,2026-03-01 14:00:00+00:00,H
10190,ZONE1,2026-03-01 14:00:00+00:00,2026-03-01 15:00:00+00:00,H
10191,ZONE1,2026-03-01 15:00:00+00:00,2026-03-01 16:00:00+00:00,H
10192,ZONE1,2026-03-01 16:00:00+00:00,2026-03-01 17:00:00+00:00,H
10193,ZONE1,2026-03-01 17:00:00+00:00,2026-03-01 18:00:00+00:00,H
10194,ZONE1,2026-03-01 18:00:00+00:00,2026-03-01 19:00:00+00:00,H
10195,ZONE1,2026-03-01 19:00:00+00:00,2026-03-01 20:00:00+00:00,H
10196,ZONE1,2026-03-01 20:00:00+00:00,2026-03-01 21:00:00+00:00,H
10197,ZONE1,2026-03-01 21:00:00+00:00,2026-03-01 22:00:00+00:00,H
10198,ZONE1,2026-03-01 22:00:00+00:00,2026-03-01 23:00:00+00:00,H
10199,ZONE1,2026-03-01 23:00:00+00:00,2026-03-02 00:00:00+00:00,H
10200,ZONE1,2026-03-02 00:00:00+00:00,2026-03-02 01:00:00+00:00,H
10201,ZONE1,2026-03-02 01:00:00+00:00,2026-03-02 02:00:00+00:00,H
10202,ZONE1,2026-03-02 02:00:00+00:00,2026-03-02 03:00:00+00:00,H
10203,ZONE1,2026-03-02 03:00:00+00:00,2026-03-02 04:00:00+00:00,H
10204,ZONE1,2026-03-02 04:00:00+00:00,2026-03-02 05:00:00+00:00,H
10205,ZONE1,2026-03-02 05:00:00+00:00,2026-03-02 06:00:00+00:00,H
10206,ZONE1,2026-03-02 06:00:00+00:00,2026-03-02 07:00:00+00:00,H
10207,ZONE1,2026-03-02 07:00:00+00:00,2026-03-02 08:00:00+00:00,H
10208,ZONE1,2026-03-02 08:00:00+00:00,2026-03-02 09:00:00+00:00,H
10209,ZONE1,2026-03-02 09:00:00+00:00,2026-03-02 10:00:00+00:00,H
10210,ZONE1,2026-03-02 10:00:00+00:00,2026-03-02 11:00:00+00:00,H
10211,ZONE1,2026-03-02 11:00:00+00:00,2026-03-02 12:00:00+00:00,H
10212,ZONE1,2026-03-02 12:00:00+00:00,2026-03-02 13:00:00+00:00,H
10213,ZONE1,2026-03-02 13:00:00+00:00,2026-03-02 14:00:00+00:00,H
10214,ZONE1,2026-03-02 14:00:00+00:00,2026-03-02 15:00:00+00:00,H
10215,ZONE1,2026-03-02 15:00:00+00:00,2026-03-02 16:00:00+00:00,H
10216,ZONE1,2026-03-02 16:00:00+00:00,2026-03-02 17:00:00+00:00,H
10217,ZONE1,2026-03-02 17:00:00+00:00,2026-03-02 18:00:00+00:00,H
10218,ZONE1,2026-03-02 18:00:00+00:00,2026-03-02 19:00:00+00:00,H
10219,ZONE1,2026-03-02 19:00:00+00:00,2026-03-02 20:00:00+00:00,H
10220,ZONE1,2026-03-02 20:00:00+00:00,2026-03-02 21:00:00+00:00,H
10221,ZONE1,2026-03-02 21:00:00+00:00,2026-03-02 22:00:00+00:00,H
10222,ZONE1,2026-03-02 22:00:00+00:00,2026-03-02 23:00:00+00:00,H
10223,ZONE1,2026-03-02 23:00:00+00:00,2026-03-03 00:00:00+00:00,H
10224,ZONE1,2026-03-03 00:00:00+00:00,2026-03-03 01:00:00+00:00,H
10225,ZONE1,2026-03-03 01:00:00+00:00,2026-03-03 02:00:00+00:00,H
10226,ZONE1,2026-03-03 02:00:00+00:00,2026-03-03 03:00:00+00:00,H
10227,ZONE1,2026-03-03 03:00:00+00:00,2026-03-03 04:00:00+00:00,H
10228,ZONE1,2026-03-03 04:00:00+00:00,2026-03-03 05:00:00+00:00,H
10229,ZONE1,2026-03-03 05:00:00+00:00,2026-03-03 06:00:00+00:00,H
10230,ZONE1,2026-03-03 06:00:00+00:00,2026-03-03 07:00:00+00:00,H
10231,ZONE1,2026-03-03 07:00:00+00:00,2026-03-03 08:00:00+00:00,H
10232,ZONE1,2026-03-03 08:00:00+00:00,2026-03-03 09:00:00+00:00,H
10233,ZONE1,2026-03-03 09:00:00+00:00,2026-03-03 10:00:00+00:00,H
10234,ZONE1,2026-03-03 10:00:00+00:00,2026-03-03 11:00:00+00:00,H
10235,ZONE1,2026-03-03 11:00:00+00:00,2026-03-03 12:00:00+00:00,H
10236,ZONE1,2026-03-03 12:00:00+00:00,2026-03-03 13:00:00+00:00,H
10237,ZONE1,2026-03-03 13:00:00+00:00,2026-03-03 14:00:00+00:00,H
10238,ZONE1,2026-03-03 14:00:00+00:00,2026-03-03 15:00:00+00:00,H
10239,ZONE1,2026-03-03 15:00:00+00:00,2026-03-03 16:00:00+00:00,H
10240,ZONE1,2026-03-03 16:00:00+00:00,2026-03-03 17:00:00+00:00,H
10241,ZONE1,2026-03-03 17:00:00+00:00,2026-03-03 18:00:00+00:00,H
10242,ZONE1,2026-03-03 18:00:00+00:00,2026-03-03 19:00:00+00:00,H
10243,ZONE1,2026-03-03 19:00:00+00:00,2026-03-03 20:00:00+00:00,H
10244,ZONE1,2026-03-03 20:00:00+00:00,2026-03-03 21:00:00+00:00,H
10245,ZONE1,2026-03-03 21:00:00+00:00,2026-03-03 22:00:00+00:00,H
10246,ZONE1,2026-03-03 22:00:00+00:00,2026-03-03 23:00:00+00:00,H
10247,ZONE1,2026-03-03 23:00:00+00:00,2026-03-04 00:00:00+00:00,H
10248,ZONE1,2026-03-04 00:00:00+00:00,2026-03-04 01:00:00+00:00,H
10249,ZONE1,2026-03-04 01:00:00+00:00,2026-03-04 02:00:00+00:00,H
10250,ZONE1,2026-03-04 02:00:00+00:00,2026-03-04 03:00:00+00:00,H
10251,ZONE1,2026-03-04 03:00:00+00:00,2026-03-04 04:00:00+00:00,H
10252,ZONE1,2026-03-04 04:00:00+00:00,2026-03-04 05:00:00+00:00,H
10253,ZONE1,2026-03-04 05:00:00+00:00,2026-03-04 06:00:00+00:00,H
10254,ZONE1,2026-03-04 06:00:00+00:00,2026-03-04 07:00:00+00:00,H
10255,ZONE1,2026-03-04 07:00:00+00:00,2026-03-04 08:00:00+00:00,H
10256,ZONE1,2026-03-04 08:00:00+00:00,2026-03-04 09:00:00+00:00,H
10257,ZONE1,2026-03-04 09:00:00+00:00,2026-03-04 10:00:00+00:00,H
10258,ZONE1,2026-03-04 10:00:00+00:00,2026-03-04 11:00:00+00:00,H
10259,ZONE1,2026-03-04 11:00:00+00:00,2026-03-04 12:00:00+00:00,H
10260,ZONE1,2026-03-04 12:00:00+00:00,2026-03-04 13:00:00+00:00,H
10261,ZONE1,2026-03-04 13:00:00+00:00,2026-03-04 14:00:00+00:00,H
10262,ZONE1,2026-03-04 14:00:00+00:00,2026-03-04 15:00:00+00:00,H
10263,ZONE1,2026-03-04 15:00:00+00:00,2026-03-04 16:00:00+00:00,H
10264,ZONE1,2026-03-04 16:00:00+00:00,2026-03-04 17:00:00+00:00,H
10265,ZONE1,2026-03-04 17:00:00+00:00,2026-03-04 18:00:00+00:00,H
10266,ZONE1,2026-03-04 18:00:00+00:00,2026-03-04 19:00:00+00:00,H
10267,ZONE1,2026-03-04 19:00:00+00:00,2026-03-04 20:00:00+00:00,H
10268,ZONE1,2026-03-04 20:00:00+00:00,2026-03-04 21:00:00+00:00,H
10269,ZONE1,2026-03-04 21:00:00+00:00,2026-03-04 22:00:00+00:00,H
10270,ZONE1,2026-03-04 22:00:00+00:00,2026-03-04 23:00:00+00:00,H
10271,ZONE1,2026-03-04 23:00:00+00:00,2026-03-05 00:00:00+00:00,H
10272,ZONE1,2026-03-05 00:00:00+00:00,2026-03-05 01:00:00+00:00,H
10273,ZONE1,2026-03-05 01:00:00+00:00,2026-03-05 02:00:00+00:00,H
10274,ZONE1,2026-03-05 02:00:00+00:00,2026-03-05 03:00:00+00:00,H
10275,ZONE1,2026-03-05 03:00:00+00:00,2026-03-05 04:00:00+00:00,H
10276,ZONE1,2026-03-05 04:00:00+00:00,2026-03-05 05:00:00+00:00,H
10277,ZONE1,2026-03-05 05:00:00+00:00,2026-03-05 06:00:00+00:00,H
10278,ZONE1,2026-03-05 06:00:00+00:00,2026-03-05 07:00:00+00:00,H
10279,ZONE1,2026-03-05 07:00:00+00:00,2026-03-05 08:00:00+00:00,H
10280,ZONE1,2026-03-05 08:00:00+00:00,2026-03-05 09:00:00+00:00,H
10281,ZONE1,2026-03-05 09:00:00+00:00,2026-03-05 10:00:00+00:00,H
10282,ZONE1,2026-03-05 10:00:00+00:00,2026-03-05 11:00:00+00:00,H
10283,ZONE1,2026-03-05 11:00:00+00:00,2026-03-05 12:00:00+00:00,H
10284,ZONE1,2026-03-05 12:00:00+00:00,2026-03-05 13:00:00+00:00,H
10285,ZONE1,2026-03-05 13:00:00+00:00,2026-03-05 14:00:00+00:00,H
10286,ZONE1,2026-03-05 14:00:00+00:00,2026-03-05 15:00:00+00:00,H
10287,ZONE1,2026-03-05 15:00:00+00:00,2026-03-05 16:00:00+00:00,H
10288,ZONE1,2026-03-05 16:00:00+00:00,2026-03-05 17:00:00+00:00,H
10289,ZONE1,2026-03-05 17:00:00+00:00,2026-03-05 18:00:00+00:00,H
10290,ZONE1,2026-03-05 18:00:00+00:00,2026-03-05 19:00:00+00:00,H
10291,ZONE1,2026-03-05 19:00:00+00:00,2026-03-05 20:00:00+00:00,H
10292,ZONE1,2026-03-05 20:00:00+00:00,2026-03-05 21:00:00+00:00,H
10293,ZONE1,2026-03-05 21:00:00+00:00,2026-03-05 22:00:00+00:00,H
10294,ZONE1,2026-03-05 22:00:00+00:00,2026-03-05 23:00:00+00:00,H
10295,ZONE1,2026-03-05 23:00:00+00:00,2026-03-06 00:00:00+00:00,H
10296,ZONE1,2026-03-06 00:00:00+00:00,2026-03-06 01:00:00+00:00,H
10297,ZONE1,2026-03-06 01:00:00+00:00,2026-03-06 02:00:00+00:00,H
10298,ZONE1,2026-03-06 02:00:00+00:00,2026-03-06 03:00:00+00:00,H
10299,ZONE1,2026-03-06 03:00:00+00:00,2026-03-06 04:00:00+00:00,H
10300,ZONE1,2026-03-06 04:00:00+00:00,2026-03-06 05:00:00+00:00,H
10301,ZONE1,2026-03-06 05:00:00+00:00,2026-03-06 06:00:00+00:00,H
10302,ZONE1,2026-03-06 06:00:00+00:00,2026-03-06 07:00:00+00:00,H
10303,ZONE1,2026-03-06 07:00:00+00:00,2026-03-06 08:00:00+00:00,H
10304,ZONE1,2026-03-06 08:00:00+00:00,2026-03-06 09:00:00+00:00,H
10305,ZONE1,2026-03-06 09:00:00+00:00,2026-03-06 10:00:00+00:00,H
10306,ZONE1,2026-03-06 10:00:00+00:00,2026-03-06 11:00:00+00:00,H
10307,ZONE1,2026-03-06 11:00:00+00:00,2026-03-06 12:00:00+00:00,H
10308,ZONE1,2026-03-06 12:00:00+00:00,2026-03-06 13:00:00+00:00,H
10309,ZONE1,2026-03-06 13:00:00+00:00,2026-03-06 14:00:00+00:00,H
10310,ZONE1,2026-03-06 14:00:00+00:00,2026-03-06 15:00:00+00:00,H
10311,ZONE1,2026-03-06 15:00:00+00:00,2026-03-06 16:00:00+00:00,H
10312,ZONE1,2026-03-06 16:00:00+00:00,2026-03-06 17:00:00+00:00,H
10313,ZONE1,2026-03-06 17:00:00+00:00,2026-03-06 18:00:00+00:00,H
10314,ZONE1,2026-03-06 18:00:00+00:00,2026-03-06 19:00:00+00:00,H
10315,ZONE1,2026-03-06 19:00:00+00:00,2026-03-06 20:00:00+00:00,H
10316,ZONE1,2026-03-06 20:00:00+00:00,2026-03-06 21:00:00+00:00,H
10317,ZONE1,2026-03-06 21:00:00+00:00,2026-03-06 22:00:00+00:00,H
10318,ZONE1,2026-03-06 22:00:00+00:00,2026-03-06 23:00:00+00:00,H
10319,ZONE1,2026-03-06 23:00:00+00:00,2026-03-07 00:00:00+00:00,H
10320,ZONE1,2026-03-07 00:00:00+00:00,2026-03-07 01:00:00+00:00,H
10321,ZONE1,2026-03-07 01:00:00+00:00,2026-03-07 02:00:00+00:00,H
10322,ZONE1,2026-03-07 02:00:00+00:00,2026-03-07 03:00:00+00:00,H
10323,ZONE1,2026-03-07 03:00:00+00:00,2026-03-07 04:00:00+00:00,H
10324,ZONE1,2026-03-07 04:00:00+00:00,2026-03-07 05:00:00+00:00,H
10325,ZONE1,2026-03-07 05:00:00+00:00,2026-03-07 06:00:00+00:00,H
10326,ZONE1,2026-03-07 06:00:00+00:00,2026-03-07 07:00:00+00:00,H
10327,ZONE1,2026-03-07 07:00:00+00:00,2026-03-07 08:00:00+00:00,H
10328,ZONE1,2026-03-07 08:00:00+00:00,2026-03-07 09:00:00+00:00,H
10329,ZONE1,2026-03-07 09:00:00+00:00,2026-03-07 10:00:00+00:00,H
10330,ZONE1,2026-03-07 10:00:00+00:00,2026-03-07 11:00:00+00:00,H
10331,ZONE1,2026-03-07 11:00:00+00:00,2026-03-07 12:00:00+00:00,H
10332,ZONE1,2026-03-07 12:00:00+00:00,2026-03-07 13:00:00+00:00,H
10333,ZONE1,2026-03-07 13:00:00+00:00,2026-03-07 14:00:00+00:00,H
10334,ZONE1,2026-03-07 14:00:00+00:00,2026-03-07 15:00:00+00:00,H
10335,ZONE1,2026-03-07 15:00:00+00:00,2026-03-07 16:00:00+00:00,H
10336,ZONE1,2026-03-07 16:00:00+00:00,2026-03-07 17:00:00+00:00,H
10337,ZONE1,2026-03-07 17:00:00+00:00,2026-03-07 18:00:00+00:00,H
10338,ZONE1,2026-03-07 18:00:00+00:00,2026-03-07 19:00:00+00:00,H
10339,ZONE1,2026-03-07 19:00:00+00:00,2026-03-07 20:00:00+00:00,H
10340,ZONE1,2026-03-07 20:00:00+00:00,2026-03-07 21:00:00+00:00,H
10341,ZONE1,2026-03-07 21:00:00+00:00,2026-03-07 22:00:00+00:00,H
10342,ZONE1,2026-03-07 22:00:00+00:00,2026-03-07 23:00:00+00:00,H
10343,ZONE1,2026-03-07 23:00:00+00:00,2026-03-08 00:00:00+00:00,H
10344,ZONE1,2026-03-08 00:00:00+00:00,2026-03-08 01:00:00+00:00,H
10345,ZONE1,2026-03-08 01:00:00+00:00,2026-03-08 02:00:00+00:00,H
10346,ZONE1,2026-03-08 02:00:00+00:00,2026-03-08 03:00:00+00:00,H
10347,ZONE1,2026-03-08 03:00:00+00:00,2026-03-08 04:00:00+00:00,H
10348,ZONE1,2026-03-08 04:00:00+00:00,2026-03-08 05:00:00+00:00,H
10349,ZONE1,2026-03-08 05:00:00+00:00,2026-03-08 06:00:00+00:00,H
10350,ZONE1,2026-03-08 06:00:00+00:00,2026-03-08 07:00:00+00:00,H
10351,ZONE1,2026-03-08 07:00:00+00:00,2026-03-08 08:00:00+00:00,H
10352,ZONE1,2026-03-08 08:00:00+00:00,2026-03-08 09:00:00+00:00,H
10353,ZONE1,2026-03-08 09:00:00+00:00,2026-03-08 10:00:00+00:00,H
10354,ZONE1,2026-03-08 10:00:00+00:00,2026-03-08 11:00:00+00:00,H
10355,ZONE1,2026-03-08 11:00:00+00:00,2026-03-08 12:00:00+00:00,H
10356,ZONE1,2026-03-08 12:00:00+00:00,2026-03-08 13:00:00+00:00,H
10357,ZONE1,2026-03-08 13:00:00+00:00,2026-03-08 14:00:00+00:00,H
10358,ZONE1,2026-03-08 14:00:00+00:00,2026-03-08 15:00:00+00:00,H
10359,ZONE1,2026-03-08 15:00:00+00:00,2026-03-08 16:00:00+00:00,H
10360,ZONE1,2026-03-08 16:00:00+00:00,2026-03-08 17:00:00+00:00,H
10361,ZONE1,2026-03-08 17:00:00+00:00,2026-03-08 18:00:00+00:00,H
10362,ZONE1,2026-03-08 18:00:00+00:00,2026-03-08 19:00:00+00:00,H
10363,ZONE1,2026-03-08 19:00:00+00:00,2026-03-08 20:00:00+00:00,H
10364,ZONE1,2026-03-08 20:00:00+00:00,2026-03-08 21:00:00+00:00,H
10365,ZONE1,2026-03-08 21:00:00+00:00,2026-03-08 22:00:00+00:00,H
10366,ZONE1,2026-03-08 22:00:00+00:00,2026-03-08 23:00:00+00:00,H
10367,ZONE1,2026-03-08 23:00:00+00:00,2026-03-09 00:00:00+00:00,H
10368,ZONE1,2026-03-09 00:00:00+00:00,2026-03-09 01:00:00+00:00,H
10369,ZONE1,2026-03-09 01:00:00+00:00,2026-03-09 02:00:00+00:00,H
10370,ZONE1,2026-03-09 02:00:00+00:00,2026-03-09 03:00:00+00:00,H
10371,ZONE1,2026-03-09 03:00:00+00:00,2026-03-09 04:00:00+00:00,H
10372,ZONE1,2026-03-09 04:00:00+00:00,2026-03-09 05:00:00+00:00,H
10373,ZONE1,2026-03-09 05:00:00+00:00,2026-03-09 06:00:00+00:00,H
10374,ZONE1,2026-03-09 06:00:00+00:00,2026-03-09 07:00:00+00:00,H
10375,ZONE1,2026-03-09 07:00:00+00:00,2026-03-09 08:00:00+00:00,H
10376,ZONE1,2026-03-09 08:00:00+00:00,2026-03-09 09:00:00+00:00,H
10377,ZONE1,2026-03-09 09:00:00+00:00,2026-03-09 10:00:00+00:00,H
10378,ZONE1,2026-03-09 10:00:00+00:00,2026-03-09 11:00:00+00:00,H
10379,ZONE1,2026-03-09 11:00:00+00:00,2026-03-09 12:00:00+00:00,H
10380,ZONE1,2026-03-09 12:00:00+00:00,2026-03-09 13:00:00+00:00,H
10381,ZONE1,2026-03-09 13:00:00+00:00,2026-03-09 14:00:00+00:00,H
10382,ZONE1,2026-03-09 14:00:00+00:00,2026-03-09 15:00:00+00:00,H
10383,ZONE1,2026-03-09 15:00:00+00:00,2026-03-09 16:00:00+00:00,H
10384,ZONE1,2026-03-09 16:00:00+00:00,2026-03-09 17:00:00+00:00,H
10385,ZONE1,2026-03-09 17:00:00+00:00,2026-03-09 18:00:00+00:00,H
10386,ZONE1,2026-03-09 18:00:00+00:00,2026-03-09 19:00:00+00:00,H
10387,ZONE1,2026-03-09 19:00:00+00:00,2026-03-09 20:00:00+00:00,H
10388,ZONE1,2026-03-09 20:00:00+00:00,2026-03-09 21:00:00+00:00,H
10389,ZONE1,2026-03-09 21:00:00+00:00,2026-03-09 22:00:00+00:00,H
10390,ZONE1,2026-03-09 22:00:00+00:00,2026-03-09 23:00:00+00:00,H
10391,ZONE1,2026-03-09 23:00:00+00:00,2026-03-10 00:00:00+00:00,H
10392,ZONE1,2026-03-10 00:00:00+00:00,2026-03-10 01:00:00+00:00,H
10393,ZONE1,2026-03-10 01:00:00+00:00,2026-03-10 02:00:00+00:00,H
10394,ZONE1,2026-03-10 02:00:00+00:00,2026-03-10 03:00:00+00:00,H
10395,ZONE1,2026-03-10 03:00:00+00:00,2026-03-10 04:00:00+00:00,H
10396,ZONE1,2026-03-10 04:00:00+00:00,2026-03-10 05:00:00+00:00,H
10397,ZONE1,2026-03-10 05:00:00+00:00,2026-03-10 06:00:00+00:00,H
10398,ZONE1,2026-03-10 06:00:00+00:00,2026-03-10 07:00:00+00:00,H
10399,ZONE1,2026-03-10 07:00:00+00:00,2026-03-10 08:00:00+00:00,H
10400,ZONE1,2026-03-10 08:00:00+00:00,2026-03-10 09:00:00+00:00,H
10401,ZONE1,2026-03-10 09:00:00+00:00,2026-03-10 10:00:00+00:00,H
10402,ZONE1,2026-03-10 10:00:00+00:00,2026-03-10 11:00:00+00:00,H
10403,ZONE1,2026-03-10 11:00:00+00:00,2026-03-10 12:00:00+00:00,H
10404,ZONE1,2026-03-10 12:00:00+00:00,2026-03-10 13:00:00+00:00,H
10405,ZONE1,2026-03-10 13:00:00+00:00,2026-03-10 14:00:00+00:00,H
10406,ZONE1,2026-03-10 14:00:00+00:00,2026-03-10 15:00:00+00:00,H
10407,ZONE1,2026-03-10 15:00:00+00:00,2026-03-10 16:00:00+00:00,H
10408,ZONE1,2026-03-10 16:00:00+00:00,2026-03-10 17:00:00+00:00,H
10409,ZONE1,2026-03-10 17:00:00+00:00,2026-03-10 18:00:00+00:00,H
10410,ZONE1,2026-03-10 18:00:00+00:00,2026-03-10 19:00:00+00:00,H
10411,ZONE1,2026-03-10 19:00:00+00:00,2026-03-10 20:00:00+00:00,H
10412,ZONE1,2026-03-10 20:00:00+00:00,2026-03-10 21:00:00+00:00,H
10413,ZONE1,2026-03-10 21:00:00+00:00,2026-03-10 22:00:00+00:00,H
10414,ZONE1,2026-03-10 22:00:00+00:00,2026-03-10 23:00:00+00:00,H
10415,ZONE1,2026-03-10 23:00:00+00:00,2026-03-11 00:00:00+00:00,H
10416,ZONE1,2026-03-11 00:00:00+00:00,2026-03-11 01:00:00+00:00,H
10417,ZONE1,2026-03-11 01:00:00+00:00,2026-03-11 02:00:00+00:00,H
10418,ZONE1,2026-03-11 02:00:00+00:00,2026-03-11 03:00:00+00:00,H
10419,ZONE1,2026-03-11 03:00:00+00:00,2026-03-11 04:00:00+00:00,H
10420,ZONE1,2026-03-11 04:00:00+00:00,2026-03-11 05:00:00+00:00,H
10421,ZONE1,2026-03-11 05:00:00+00:00,2026-03-11 06:00:00+00:00,H
10422,ZONE1,2026-03-11 06:00:00+00:00,2026-03-11 07:00:00+00:00,H
10423,ZONE1,2026-03-11 07:00:00+00:00,2026-03-11 08:00:00+00:00,H
10424,ZONE1,2026-03-11 08:00:00+00:00,2026-03-11 09:00:00+00:00,H
10425,ZONE1,2026-03-11 09:00:00+00:00,2026-03-11 10:00:00+00:00,H
10426,ZONE1,2026-03-11 10:00:00+00:00,2026-03-11 11:00:00+00:00,H
10427,ZONE1,2026-03-11 11:00:00+00:00,2026-03-11 12:00:00+00:00,H
10428,ZONE1,2026-03-11 12:00:00+00:00,2026-03-11 13:00:00+00:00,H
10429,ZONE1,2026-03-11 13:00:00+00:00,2026-03-11 14:00:00+00:00,H
10430,ZONE1,2026-03-11 14:00:00+00:00,2026-03-11 15:00:00+00:00,H
10431,ZONE1,2026-03-11 15:00:00+00:00,2026-03-11 16:00:00+00:00,H
10432,ZONE1,2026-03-11 16:00:00+00:00,2026-03-11 17:00:00+00:00,H
10433,ZONE1,2026-03-11 17:00:00+00:00,2026-03-11 18:00:00+00:00,H
10434,ZONE1,2026-03-11 18:00:00+00:00,2026-03-11 19:00:00+00:00,H
10435,ZONE1,2026-03-11 19:00:00+00:00,2026-03-11 20:00:00+00:00,H
10436,ZONE1,2026-03-11 20:00:00+00:00,2026-03-11 21:00:00+00:00,H
10437,ZONE1,2026-03-11 21:00:00+00:00,2026-03-11 22:00:00+00:00,H
10438,ZONE1,2026-03-11 22:00:00+00:00,2026-03-11 23:00:00+00:00,H
10439,ZONE1,2026-03-11 23:00:00+00:00,2026-03-12 00:00:00+00:00,H
10440,ZONE1,2026-03-12 00:00:00+00:00,2026-03-12 01:00:00+00:00,H
10441,ZONE1,2026-03-12 01:00:00+00:00,2026-03-12 02:00:00+00:00,H
10442,ZONE1,2026-03-12 02:00:00+00:00,2026-03-12 03:00:00+00:00,H
10443,ZONE1,2026-03-12 03:00:00+00:00,2026-03-12 04:00:00+00:00,H
10444,ZONE1,2026-03-12 04:00:00+00:00,2026-03-12 05:00:00+00:00,H
10445,ZONE1,2026-03-12 05:00:00+00:00,2026-03-12 06:00:00+00:00,H
10446,ZONE1,2026-03-12 06:00:00+00:00,2026-03-12 07:00:00+00:00,H
10447,ZONE1,2026-03-12 07:00:00+00:00,2026-03-12 08:00:00+00:00,H
10448,ZONE1,2026-03-12 08:00:00+00:00,2026-03-12 09:00:00+00:00,H
10449,ZONE1,2026-03-12 09:00:00+00:00,2026-03-12 10:00:00+00:00,H
10450,ZONE1,2026-03-12 10:00:00+00:00,2026-03-12 11:00:00+00:00,H
10451,ZONE1,2026-03-12 11:00:00+00:00,2026-03-12 12:00:00+00:00,H
10452,ZONE1,2026-03-12 12:00:00+00:00,2026-03-12 13:00:00+00:00,H
10453,ZONE1,2026-03-12 13:00:00+00:00,2026-03-12 14:00:00+00:00,H
10454,ZONE1,2026-03-12 14:00:00+00:00,2026-03-12 15:00:00+00:00,H
10455,ZONE1,2026-03-12 15:00:00+00:00,2026-03-12 16:00:00+00:00,H
10456,ZONE1,2026-03-12 16:00:00+00:00,2026-03-12 17:00:00+00:00,H
10457,ZONE1,2026-03-12 17:00:00+00:00,2026-03-12 18:00:00+00:00,H
10458,ZONE1,2026-03-12 18:00:00+00:00,2026-03-12 19:00:00+00:00,H
10459,ZONE1,2026-03-12 19:00:00+00:00,2026-03-12 20:00:00+00:00,H
10460,ZONE1,2026-03-12 20:00:00+00:00,2026-03-12 21:00:00+00:00,H
10461,ZONE1,2026-03-12 21:00:00+00:00,2026-03-12 22:00:00+00:00,H
10462,ZONE1,2026-03-12 22:00:00+00:00,2026-03-12 23:00:00+00:00,H
10463,ZONE1,2026-03-12 23:00:00+00:00,2026-03-13 00:00:00+00:00,H
10464,ZONE1,2026-03-13 00:00:00+00:00,2026-03-13 01:00:00+00:00,H
10465,ZONE1,2026-03-13 01:00:00+00:00,2026-03-13 02:00:00+00:00,H
10466,ZONE1,2026-03-13 02:00:00+00:00,2026-03-13 03:00:00+00:00,H
10467,ZONE1,2026-03-13 03:00:00+00:00,2026-03-13 04:00:00+00:00,H
10468,ZONE1,2026-03-13 04:00:00+00:00,2026-03-13 05:00:00+00:00,H
10469,ZONE1,2026-03-13 05:00:00+00:00,2026-03-13 06:00:00+00:00,H
10470,ZONE1,2026-03-13 06:00:00+00:00,2026-03-13 07:00:00+00:00,H
10471,ZONE1,2026-03-13 07:00:00+00:00,2026-03-13 08:00:00+00:00,H
10472,ZONE1,2026-03-13 08:00:00+00:00,2026-03-13 09:00:00+00:00,H
10473,ZONE1,2026-03-13 09:00:00+00:00,2026-03-13 10:00:00+00:00,H
10474,ZONE1,2026-03-13 10:00:00+00:00,2026-03-13 11:00:00+00:00,H
10475,ZONE1,2026-03-13 11:00:00+00:00,2026-03-13 12:00:00+00:00,H
10476,ZONE1,2026-03-13 12:00:00+00:00,2026-03-13 13:00:00+00:00,H
10477,ZONE1,2026-03-13 13:00:00+00:00,2026-03-13 14:00:00+00:00,H
10478,ZONE1,2026-03-13 14:00:00+00:00,2026-03-13 15:00:00+00:00,H
10479,ZONE1,2026-03-13 15:00:00+00:00,2026-03-13 16:00:00+00:00,H
10480,ZONE1,2026-03-13 16:00:00+00:00,2026-03-13 17:00:00+00:00,H
10481,ZONE1,2026-03-13 17:00:00+00:00,2026-03-13 18:00:00+00:00,H
10482,ZONE1,2026-03-13 18:00:00+00:00,2026-03-13 19:00:00+00:00,H
10483,ZONE1,2026-03-13 19:00:00+00:00,2026-03-13 20:00:00+00:00,H
10484,ZONE1,2026-03-13 20:00:00+00:00,2026-03-13 21:00:00+00:00,H
10485,ZONE1,2026-03-13 21:00:00+00:00,2026-03-13 22:00:00+00:00,H
10486,ZONE1,2026-03-13 22:00:00+00:00,2026-03-13 23:00:00+00:00,H
10487,ZONE1,2026-03-13 23:00:00+00:00,2026-03-14 00:00:00+00:00,H
10488,ZONE1,2026-03-14 00:00:00+00:00,2026-03-14 01:00:00+00:00,H
10489,ZONE1,2026-03-14 01:00:00+00:00,2026-03-14 02:00:00+00:00,H
10490,ZONE1,2026-03-14 02:00:00+00:00,2026-03-14 03:00:00+00:00,H
10491,ZONE1,2026-03-14 03:00:00+00:00,2026-03-14 04:00:00+00:00,H
10492,ZONE1,2026-03-14 04:00:00+00:00,2026-03-14 05:00:00+00:00,H
10493,ZONE1,2026-03-14 05:00:00+00:00,2026-03-14 06:00:00+00:00,H
10494,ZONE1,2026-03-14 06:00:00+00:00,2026-03-14 07:00:00+00:00,H
10495,ZONE1,2026-03-14 07:00:00+00:00,2026-03-14 08:00:00+00:00,H
10496,ZONE1,2026-03-14 08:00:00+00:00,2026-03-14 09:00:00+00:00,H
10497,ZONE1,2026-03-14 09:00:00+00:00,2026-03-14 10:00:00+00:00,H
10498,ZONE1,2026-03-14 10:00:00+00:00,2026-03-14 11:00:00+00:00,H
10499,ZONE1,2026-03-14 11:00:00+00:00,2026-03-14 12:00:00+00:00,H
10500,ZONE1,2026-03-14 12:00:00+00:00,2026-03-14 13:00:00+00:00,H
10501,ZONE1,2026-03-14 13:00:00+00:00,2026-03-14 14:00:00+00:00,H
10502,ZONE1,2026-03-14 14:00:00+00:00,2026-03-14 15:00:00+00:00,H
10503,ZONE1,2026-03-14 15:00:00+00:00,2026-03-14 16:00:00+00:00,H
10504,ZONE1,2026-03-14 16:00:00+00:00,2026-03-14 17:00:00+00:00,H
10505,ZONE1,2026-03-14 17:00:00+00:00,2026-03-14 18:00:00+00:00,H
10506,ZONE1,2026-03-14 18:00:00+00:00,2026-03-14 19:00:00+00:00,H
10507,ZONE1,2026-03-14 19:00:00+00:00,2026-03-14 20:00:00+00:00,H
10508,ZONE1,2026-03-14 20:00:00+00:00,2026-03-14 21:00:00+00:00,H
10509,ZONE1,2026-03-14 21:00:00+00:00,2026-03-14 22:00:00+00:00,H
10510,ZONE1,2026-03-14 22:00:00+00:00,2026-03-14 23:00:00+00:00,H
10511,ZONE1,2026-03-14 23:00:00+00:00,2026-03-15 00:00:00+00:00,H
10512,ZONE1,2026-03-15 00:00:00+00:00,2026-03-15 01:00:00+00:00,H
10513,ZONE1,2026-03-15 01:00:00+00:00,2026-03-15 02:00:00+00:00,H
10514,ZONE1,2026-03-15 02:00:00+00:00,2026-03-15 03:00:00+00:00,H
10515,ZONE1,2026-03-15 03:00:00+00:00,2026-03-15 04:00:00+00:00,H
10516,ZONE1,2026-03-15 04:00:00+00:00,2026-03-15 05:00:00+00:00,H
10517,ZONE1,2026-03-15 05:00:00+00:00,2026-03-15 06:00:00+00:00,H
10518,ZONE1,2026-03-15 06:00:00+00:00,2026-03-15 07:00:00+00:00,H
10519,ZONE1,2026-03-15 07:00:00+00:00,2026-03-15 08:00:00+00:00,H
10520,ZONE1,2026-03-15 08:00:00+00:00,2026-03-15 09:00:00+00:00,H
10521,ZONE1,2026-03-15 09:00:00+00:00,2026-03-15 10:00:00+00:00,H
10522,ZONE1,2026-03-15 10:00:00+00:00,2026-03-15 11:00:00+00:00,H
10523,ZONE1,2026-03-15 11:00:00+00:00,2026-03-15 12:00:00+00:00,H
10524,ZONE1,2026-03-15 12:00:00+00:00,2026-03-15 13:00:00+00:00,H
10525,ZONE1,2026-03-15 13:00:00+00:00,2026-03-15 14:00:00+00:00,H
10526,ZONE1,2026-03-15 14:00:00+00:00,2026-03-15 15:00:00+00:00,H
10527,ZONE1,2026-03-15 15:00:00+00:00,2026-03-15 16:00:00+00:00,H
10528,ZONE1,2026-03-15 16:00:00+00:00,2026-03-15 17:00:00+00:00,H
10529,ZONE1,2026-03-15 17:00:00+00:00,2026-03-15 18:00:00+00:00,H
10530,ZONE1,2026-03-15 18:00:00+00:00,2026-03-15 19:00:00+00:00,H
10531,ZONE1,2026-03-15 19:00:00+00:00,2026-03-15 20:00:00+00:00,H
10532,ZONE1,2026-03-15 20:00:00+00:00,2026-03-15 21:00:00+00:00,H
10533,ZONE1,2026-03-15 21:00:00+00:00,2026-03-15 22:00:00+00:00,H
10534,ZONE1,2026-03-15 22:00:00+00:00,2026-03-15 23:00:00+00:00,H
10535,ZONE1,2026-03-15 23:00:00+00:00,2026-03-16 00:00:00+00:00,H
10536,ZONE1,2026-03-16 00:00:00+00:00,2026-03-16 01:00:00+00:00,H
10537,ZONE1,2026-03-16 01:00:00+00:00,2026-03-16 02:00:00+00:00,H
10538,ZONE1,2026-03-16 02:00:00+00:00,2026-03-16 03:00:00+00:00,H
10539,ZONE1,2026-03-16 03:00:00+00:00,2026-03-16 04:00:00+00:00,H
10540,ZONE1,2026-03-16 04:00:00+00:00,2026-03-16 05:00:00+00:00,H
10541,ZONE1,2026-03-16 05:00:00+00:00,2026-03-16 06:00:00+00:00,H
10542,ZONE1,2026-03-16 06:00:00+00:00,2026-03-16 07:00:00+00:00,H
10543,ZONE1,2026-03-16 07:00:00+00:00,2026-03-16 08:00:00+00:00,H
10544,ZONE1,2026-03-16 08:00:00+00:00,2026-03-16 09:00:00+00:00,H
10545,ZONE1,2026-03-16 09:00:00+00:00,2026-03-16 10:00:00+00:00,H
10546,ZONE1,2026-03-16 10:00:00+00:00,2026-03-16 11:00:00+00:00,H
10547,ZONE1,2026-03-16 11:00:00+00:00,2026-03-16 12:00:00+00:00,H
10548,ZONE1,2026-03-16 12:00:00+00:00,2026-03-16 13:00:00+00:00,H
10549,ZONE1,2026-03-16 13:00:00+00:00,2026-03-16 14:00:00+00:00,H
10550,ZONE1,2026-03-16 14:00:00+00:00,2026-03-16 15:00:00+00:00,H
10551,ZONE1,2026-03-16 15:00:00+00:00,2026-03-16 16:00:00+00:00,H
10552,ZONE1,2026-03-16 16:00:00+00:00,2026-03-16 17:00:00+00:00,H
10553,ZONE1,2026-03-16 17:00:00+00:00,2026-03-16 18:00:00+00:00,H
10554,ZONE1,2026-03-16 18:00:00+00:00,2026-03-16 19:00:00+00:00,H
10555,ZONE1,2026-03-16 19:00:00+00:00,2026-03-16 20:00:00+00:00,H
10556,ZONE1,2026-03-16 20:00:00+00:00,2026-03-16 21:00:00+00:00,H
10557,ZONE1,2026-03-16 21:00:00+00:00,2026-03-16 22:00:00+00:00,H
10558,ZONE1,2026-03-16 22:00:00+00:00,2026-03-16 23:00:00+00:00,H
10559,ZONE1,2026-03-16 23:00:00+00:00,2026-03-17 00:00:00+00:00,H
10560,ZONE1,2026-03-17 00:00:00+00:00,2026-03-17 01:00:00+00:00,H
10561,ZONE1,2026-03-17 01:00:00+00:00,2026-03-17 02:00:00+00:00,H
10562,ZONE1,2026-03-17 02:00:00+00:00,2026-03-17 03:00:00+00:00,H
10563,ZONE1,2026-03-17 03:00:00+00:00,2026-03-17 04:00:00+00:00,H
10564,ZONE1,2026-03-17 04:00:00+00:00,2026-03-17 05:00:00+00:00,H
10565,ZONE1,2026-03-17 05:00:00+00:00,2026-03-17 06:00:00+00:00,H
10566,ZONE1,2026-03-17 06:00:00+00:00,2026-03-17 07:00:00+00:00,H
10567,ZONE1,2026-03-17 07:00:00+00:00,2026-03-17 08:00:00+00:00,H
10568,ZONE1,2026-03-17 08:00:00+00:00,2026-03-17 09:00:00+00:00,H
10569,ZONE1,2026-03-17 09:00:00+00:00,2026-03-17 10:00:00+00:00,H
10570,ZONE1,2026-03-17 10:00:00+00:00,2026-03-17 11:00:00+00:00,H
10571,ZONE1,2026-03-17 11:00:00+00:00,2026-03-17 12:00:00+00:00,H
10572,ZONE1,2026-03-17 12:00:00+00:00,2026-03-17 13:00:00+00:00,H
10573,ZONE1,2026-03-17 13:00:00+00:00,2026-03-17 14:00:00+00:00,H
10574,ZONE1,2026-03-17 14:00:00+00:00,2026-03-17 15:00:00+00:00,H
10575,ZONE1,2026-03-17 15:00:00+00:00,2026-03-17 16:00:00+00:00,H
10576,ZONE1,2026-03-17 16:00:00+00:00,2026-03-17 17:00:00+00:00,H
10577,ZONE1,2026-03-17 17:00:00+00:00,2026-03-17 18:00:00+00:00,H
10578,ZONE1,2026-03-17 18:00:00+00:00,2026-03-17 19:00:00+00:00,H
10579,ZONE1,2026-03-17 19:00:00+00:00,2026-03-17 20:00:00+00:00,H
10580,ZONE1,2026-03-17 20:00:00+00:00,2026-03-17 21:00:00+00:00,H
10581,ZONE1,2026-03-17 21:00:00+00:00,2026-03-17 22:00:00+00:00,H
10582,ZONE1,2026-03-17 22:00:00+00:00,2026-03-17 23:00:00+00:00,H
10583,ZONE1,2026-03-17 23:00:00+00:00,2026-03-18 00:00:00+00:00,H
10584,ZONE1,2026-03-18 00:00:00+00:00,2026-03-18 01:00:00+00:00,H
10585,ZONE1,2026-03-18 01:00:00+00:00,2026-03-18 02:00:00+00:00,H
10586,ZONE1,2026-03-18 02:00:00+00:00,2026-03-18 03:00:00+00:00,H
10587,ZONE1,2026-03-18 03:00:00+00:00,2026-03-18 04:00:00+00:00,H
10588,ZONE1,2026-03-18 04:00:00+00:00,2026-03-18 05:00:00+00:00,H
10589,ZONE1,2026-03-18 05:00:00+00:00,2026-03-18 06:00:00+00:00,H
10590,ZONE1,2026-03-18 06:00:00+00:00,2026-03-18 07:00:00+00:00,H
10591,ZONE1,2026-03-18 07:00:00+00:00,2026-03-18 08:00:00+00:00,H
10592,ZONE1,2026-03-18 08:00:00+00:00,2026-03-18 09:00:00+00:00,H
10593,ZONE1,2026-03-18 09:00:00+00:00,2026-03-18 10:00:00+00:00,H
10594,ZONE1,2026-03-18 10:00:00+00:00,2026-03-18 11:00:00+00:00,H
10595,ZONE1,2026-03-18 11:00:00+00:00,2026-03-18 12:00:00+00:00,H
10596,ZONE1,2026-03-18 12:00:00+00:00,2026-03-18 13:00:00+00:00,H
10597,ZONE1,2026-03-18 13:00:00+00:00,2026-03-18 14:00:00+00:00,H
10598,ZONE1,2026-03-18 14:00:00+00:00,2026-03-18 15:00:00+00:00,H
10599,ZONE1,2026-03-18 15:00:00+00:00,2026-03-18 16:00:00+00:00,H
10600,ZONE1,2026-03-18 16:00:00+00:00,2026-03-18 17:00:00+00:00,H
10601,ZONE1,2026-03-18 17:00:00+00:00,2026-03-18 18:00:00+00:00,H
10602,ZONE1,2026-03-18 18:00:00+00:00,2026-03-18 19:00:00+00:00,H
10603,ZONE1,2026-03-18 19:00:00+00:00,2026-03-18 20:00:00+00:00,H
10604,ZONE1,2026-03-18 20:00:00+00:00,2026-03-18 21:00:00+00:00,H
10605,ZONE1,2026-03-18 21:00:00+00:00,2026-03-18 22:00:00+00:00,H
10606,ZONE1,2026-03-18 22:00:00+00:00,2026-03-18 23:00:00+00:00,H
10607,ZONE1,2026-03-18 23:00:00+00:00,2026-03-19 00:00:00+00:00,H
10608,ZONE1,2026-03-19 00:00:00+00:00,2026-03-19 01:00:00+00:00,H
10609,ZONE1,2026-03-19 01:00:00+00:00,2026-03-19 02:00:00+00:00,H
10610,ZONE1,2026-03-19 02:00:00+00:00,2026-03-19 03:00:00+00:00,H
10611,ZONE1,2026-03-19 03:00:00+00:00,2026-03-19 04:00:00+00:00,H
10612,ZONE1,2026-03-19 04:00:00+00:00,2026-03-19 05:00:00+00:00,H
10613,ZONE1,2026-03-19 05:00:00+00:00,2026-03-19 06:00:00+00:00,H
10614,ZONE1,2026-03-19 06:00:00+00:00,2026-03-19 07:00:00+00:00,H
10615,ZONE1,2026-03-19 07:00:00+00:00,2026-03-19 08:00:00+00:00,H
10616,ZONE1,2026-03-19 08:00:00+00:00,2026-03-19 09:00:00+00:00,H
10617,ZONE1,2026-03-19 09:00:00+00:00,2026-03-19 10:00:00+00:00,H
10618,ZONE1,2026-03-19 10:00:00+00:00,2026-03-19 11:00:00+00:00,H
10619,ZONE1,2026-03-19 11:00:00+00:00,2026-03-19 12:00:00+00:00,H
10620,ZONE1,2026-03-19 12:00:00+00:00,2026-03-19 13:00:00+00:00,H
10621,ZONE1,2026-03-19 13:00:00+00:00,2026-03-19 14:00:00+00:00,H
10622,ZONE1,2026-03-19 14:00:00+00:00,2026-03-19 15:00:00+00:00,H
10623,ZONE1,2026-03-19 15:00:00+00:00,2026-03-19 16:00:00+00:00,H
10624,ZONE1,2026-03-19 16:00:00+00:00,2026-03-19 17:00:00+00:00,H
10625,ZONE1,2026-03-19 17:00:00+00:00,2026-03-19 18:00:00+00:00,H
10626,ZONE1,2026-03-19 18:00:00+00:00,2026-03-19 19:00:00+00:00,H
10627,ZONE1,2026-03-19 19:00:00+00:00,2026-03-19 20:00:00+00:00,H
10628,ZONE1,2026-03-19 20:00:00+00:00,2026-03-19 21:00:00+00:00,H
10629,ZONE1,2026-03-19 21:00:00+00:00,2026-03-19 22:00:00+00:00,H
10630,ZONE1,2026-03-19 22:00:00+00:00,2026-03-19 23:00:00+00:00,H
10631,ZONE1,2026-03-19 23:00:00+00:00,2026-03-20 00:00:00+00:00,H
10632,ZONE1,2026-03-20 00:00:00+00:00,2026-03-20 01:00:00+00:00,H
10633,ZONE1,2026-03-20 01:00:00+00:00,2026-03-20 02:00:00+00:00,H
10634,ZONE1,2026-03-20 02:00:00+00:00,2026-03-20 03:00:00+00:00,H
10635,ZONE1,2026-03-20 03:00:00+00:00,2026-03-20 04:00:00+00:00,H
10636,ZONE1,2026-03-20 04:00:00+00:00,2026-03-20 05:00:00+00:00,H
10637,ZONE1,2026-03-20 05:00:00+00:00,2026-03-20 06:00:00+00:00,H
10638,ZONE1,2026-03-20 06:00:00+00:00,2026-03-20 07:00:00+00:00,H
10639,ZONE1,2026-03-20 07:00:00+00:00,2026-03-20 08:00:00+00:00,H
10640,ZONE1,2026-03-20 08:00:00+00:00,2026-03-20 09:00:00+00:00,H
10641,ZONE1,2026-03-20 09:00:00+00:00,2026-03-20 10:00:00+00:00,H
10642,ZONE1,2026-03-20 10:00:00+00:00,2026-03-20 11:00:00+00:00,H
10643,ZONE1,2026-03-20 11:00:00+00:00,2026-03-20 12:00:00+00:00,H
10644,ZONE1,2026-03-20 12:00:00+00:00,2026-03-20 13:00:00+00:00,H
10645,ZONE1,2026-03-20 13:00:00+00:00,2026-03-20 14:00:00+00:00,H
10646,ZONE1,2026-03-20 14:00:00+00:00,2026-03-20 15:00:00+00:00,H
10647,ZONE1,2026-03-20 15:00:00+00:00,2026-03-20 16:00:00+00:00,H
10648,ZONE1,2026-03-20 16:00:00+00:00,2026-03-20 17:00:00+00:00,H
10649,ZONE1,2026-03-20 17:00:00+00:00,2026-03-20 18:00:00+00:00,H
10650,ZONE1,2026-03-20 18:00:00+00:00,2026-03-20 19:00:00+00:00,H
10651,ZONE1,2026-03-20 19:00:00+00:00,2026-03-20 20:00:00+00:00,H
10652,ZONE1,2026-03-20 20:00:00+00:00,2026-03-20 21:00:00+00:00,H
10653,ZONE1,2026-03-20 21:00:00+00:00,2026-03-20 22:00:00+00:00,H
10654,ZONE1,2026-03-20 22:00:00+00:00,2026-03-20 23:00:00+00:00,H
10655,ZONE1,2026-03-20 23:00:00+00:00,2026-03-21 00:00:00+00:00,H
10656,ZONE1,2026-03-21 00:00:00+00:00,2026-03-21 01:00:00+00:00,H
10657,ZONE1,2026-03-21 01:00:00+00:00,2026-03-21 02:00:00+00:00,H
10658,ZONE1,2026-03-21 02:00:00+00:00,2026-03-21 03:00:00+00:00,H
10659,ZONE1,2026-03-21 03:00:00+00:00,2026-03-21 04:00:00+00:00,H
10660,ZONE1,2026-03-21 04:00:00+00:00,2026-03-21 05:00:00+00:00,H
10661,ZONE1,2026-03-21 05:00:00+00:00,2026-03-21 06:00:00+00:00,H
10662,ZONE1,2026-03-21 06:00:00+00:00,2026-03-21 07:00:00+00:00,H
10663,ZONE1,2026-03-21 07:00:00+00:00,2026-03-21 08:00:00+00:00,H
10664,ZONE1,2026-03-21 08:00:00+00:00,2026-03-21 09:00:00+00:00,H
10665,ZONE1,2026-03-21 09:00:00+00:00,2026-03-21 10:00:00+00:00,H
10666,ZONE1,2026-03-21 10:00:00+00:00,2026-03-21 11:00:00+00:00,H
10667,ZONE1,2026-03-21 11:00:00+00:00,2026-03-21 12:00:00+00:00,H
10668,ZONE1,2026-03-21 12:00:00+00:00,2026-03-21 13:00:00+00:00,H
10669,ZONE1,2026-03-21 13:00:00+00:00,2026-03-21 14:00:00+00:00,H
10670,ZONE1,2026-03-21 14:00:00+00:00,2026-03-21 15:00:00+00:00,H
10671,ZONE1,2026-03-21 15:00:00+00:00,2026-03-21 16:00:00+00:00,H
10672,ZONE1,2026-03-21 16:00:00+00:00,2026-03-21 17:00:00+00:00,H
10673,ZONE1,2026-03-21 17:00:00+00:00,2026-03-21 18:00:00+00:00,H
10674,ZONE1,2026-03-21 18:00:00+00:00,2026-03-21 19:00:00+00:00,H
10675,ZONE1,2026-03-21 19:00:00+00:00,2026-03-21 20:00:00+00:00,H
10676,ZONE1,2026-03-21 20:00:00+00:00,2026-03-21 21:00:00+00:00,H
10677,ZONE1,2026-03-21 21:00:00+00:00,2026-03-21 22:00:00+00:00,H
10678,ZONE1,2026-03-21 22:00:00+00:00,2026-03-21 23:00:00+00:00,H
10679,ZONE1,2026-03-21 23:00:00+00:00,2026-03-22 00:00:00+00:00,H
10680,ZONE1,2026-03-22 00:00:00+00:00,2026-03-22 01:00:00+00:00,H
10681,ZONE1,2026-03-22 01:00:00+00:00,2026-03-22 02:00:00+00:00,H
10682,ZONE1,2026-03-22 02:00:00+00:00,2026-03-22 03:00:00+00:00,H
10683,ZONE1,2026-03-22 03:00:00+00:00,2026-03-22 04:00:00+00:00,H
10684,ZONE1,2026-03-22 04:00:00+00:00,2026-03-22 05:00:00+00:00,H
10685,ZONE1,2026-03-22 05:00:00+00:00,2026-03-22 06:00:00+00:00,H
10686,ZONE1,2026-03-22 06:00:00+00:00,2026-03-22 07:00:00+00:00,H
10687,ZONE1,2026-03-22 07:00:00+00:00,2026-03-22 08:00:00+00:00,H
10688,ZONE1,2026-03-22 08:00:00+00:00,2026-03-22 09:00:00+00:00,H
10689,ZONE1,2026-03-22 09:00:00+00:00,2026-03-22 10:00:00+00:00,H
10690,ZONE1,2026-03-22 10:00:00+00:00,2026-03-22 11:00:00+00:00,H
10691,ZONE1,2026-03-22 11:00:00+00:00,2026-03-22 12:00:00+00:00,H
10692,ZONE1,2026-03-22 12:00:00+00:00,2026-03-22 13:00:00+00:00,H
10693,ZONE1,2026-03-22 13:00:00+00:00,2026-03-22 14:00:00+00:00,H
10694,ZONE1,2026-03-22 14:00:00+00:00,2026-03-22 15:00:00+00:00,H
10695,ZONE1,2026-03-22 15:00:00+00:00,2026-03-22 16:00:00+00:00,H
10696,ZONE1,2026-03-22 16:00:00+00:00,2026-03-22 17:00:00+00:00,H
10697,ZONE1,2026-03-22 17:00:00+00:00,2026-03-22 18:00:00+00:00,H
10698,ZONE1,2026-03-22 18:00:00+00:00,2026-03-22 19:00:00+00:00,H
10699,ZONE1,2026-03-22 19:00:00+00:00,2026-03-22 20:00:00+00:00,H
10700,ZONE1,2026-03-22 20:00:00+00:00,2026-03-22 21:00:00+00:00,H
10701,ZONE1,2026-03-22 21:00:00+00:00,2026-03-22 22:00:00+00:00,H
10702,ZONE1,2026-03-22 22:00:00+00:00,2026-03-22 23:00:00+00:00,H
10703,ZONE1,2026-03-22 23:00:00+00:00,2026-03-23 00:00:00+00:00,H
10704,ZONE1,2026-03-23 00:00:00+00:00,2026-03-23 01:00:00+00:00,H
10705,ZONE1,2026-03-23 01:00:00+00:00,2026-03-23 02:00:00+00:00,H
10706,ZONE1,2026-03-23 02:00:00+00:00,2026-03-23 03:00:00+00:00,H
10707,ZONE1,2026-03-23 03:00:00+00:00,2026-03-23 04:00:00+00:00,H
10708,ZONE1,2026-03-23 04:00:00+00:00,2026-03-23 05:00:00+00:00,H
10709,ZONE1,2026-03-23 05:00:00+00:00,2026-03-23 06:00:00+00:00,H
10710,ZONE1,2026-03-23 06:00:00+00:00,2026-03-23 07:00:00+00:00,H
10711,ZONE1,2026-03-23 07:00:00+00:00,2026-03-23 08:00:00+00:00,H
10712,ZONE1,2026-03-23 08:00:00+00:00,2026-03-23 09:00:00+00:00,H
10713,ZONE1,2026-03-23 09:00:00+00:00,2026-03-23 10:00:00+00:00,H
10714,ZONE1,2026-03-23 10:00:00+00:00,2026-03-23 11:00:00+00:00,H
10715,ZONE1,2026-03-23 11:00:00+00:00,2026-03-23 12:00:00+00:00,H
10716,ZONE1,2026-03-23 12:00:00+00:00,2026-03-23 13:00:00+00:00,H
10717,ZONE1,2026-03-23 13:00:00+00:00,2026-03-23 14:00:00+00:00,H
10718,ZONE1,2026-03-23 14:00:00+00:00,2026-03-23 15:00:00+00:00,H
10719,ZONE1,2026-03-23 15:00:00+00:00,2026-03-23 16:00:00+00:00,H
10720,ZONE1,2026-03-23 16:00:00+00:00,2026-03-23 17:00:00+00:00,H
10721,ZONE1,2026-03-23 17:00:00+00:00,2026-03-23 18:00:00+00:00,H
10722,ZONE1,2026-03-23 18:00:00+00:00,2026-03-23 19:00:00+00:00,H
10723,ZONE1,2026-03-23 19:00:00+00:00,2026-03-23 20:00:00+00:00,H
10724,ZONE1,2026-03-23 20:00:00+00:00,2026-03-23 21:00:00+00:00,H
10725,ZONE1,2026-03-23 21:00:00+00:00,2026-03-23 22:00:00+00:00,H
10726,ZONE1,2026-03-23 22:00:00+00:00,2026-03-23 23:00:00+00:00,H
10727,ZONE1,2026-03-23 23:00:00+00:00,2026-03-24 00:00:00+00:00,H
10728,ZONE1,2026-03-24 00:00:00+00:00,2026-03-24 01:00:00+00:00,H
10729,ZONE1,2026-03-24 01:00:00+00:00,2026-03-24 02:00:00+00:00,H
10730,ZONE1,2026-03-24 02:00:00+00:00,2026-03-24 03:00:00+00:00,H
10731,ZONE1,2026-03-24 03:00:00+00:00,2026-03-24 04:00:00+00:00,H
10732,ZONE1,2026-03-24 04:00:00+00:00,2026-03-24 05:00:00+00:00,H
10733,ZONE1,2026-03-24 05:00:00+00:00,2026-03-24 06:00:00+00:00,H
10734,ZONE1,2026-03-24 06:00:00+00:00,2026-03-24 07:00:00+00:00,H
10735,ZONE1,2026-03-24 07:00:00+00:00,2026-03-24 08:00:00+00:00,H
10736,ZONE1,2026-03-24 08:00:00+00:00,2026-03-24 09:00:00+00:00,H
10737,ZONE1,2026-03-24 09:00:00+00:00,2026-03-24 10:00:00+00:00,H
10738,ZONE1,2026-03-24 10:00:00+00:00,2026-03-24 11:00:00+00:00,H
10739,ZONE1,2026-03-24 11:00:00+00:00,2026-03-24 12:00:00+00:00,H
10740,ZONE1,2026-03-24 12:00:00+00:00,2026-03-24 13:00:00+00:00,H
10741,ZONE1,2026-03-24 13:00:00+00:00,2026-03-24 14:00:00+00:00,H
10742,ZONE1,2026-03-24 14:00:00+00:00,2026-03-24 15:00:00+00:00,H
10743,ZONE1,2026-03-24 15:00:00+00:00,2026-03-24 16:00:00+00:00,H
10744,ZONE1,2026-03-24 16:00:00+00:00,2026-03-24 17:00:00+00:00,H
10745,ZONE1,2026-03-24 17:00:00+00:00,2026-03-24 18:00:00+00:00,H
10746,ZONE1,2026-03-24 18:00:00+00:00,2026-03-24 19:00:00+00:00,H
10747,ZONE1,2026-03-24 19:00:00+00:00,2026-03-24 20:00:00+00:00,H
10748,ZONE1,2026-03-24 20:00:00+00:00,2026-03-24 21:00:00+00:00,H
10749,ZONE1,2026-03-24 21:00:00+00:00,2026-03-24 22:00:00+00:00,H
10750,ZONE1,2026-03-24 22:00:00+00:00,2026-03-24 23:00:00+00:00,H
10751,ZONE1,2026-03-24 23:00:00+00:00,2026-03-25 00:00:00+00:00,H
10752,ZONE1,2026-03-25 00:00:00+00:00,2026-03-25 01:00:00+00:00,H
10753,ZONE1,2026-03-25 01:00:00+00:00,2026-03-25 02:00:00+00:00,H
10754,ZONE1,2026-03-25 02:00:00+00:00,2026-03-25 03:00:00+00:00,H
10755,ZONE1,2026-03-25 03:00:00+00:00,2026-03-25 04:00:00+00:00,H
10756,ZONE1,2026-03-25 04:00:00+00:00,2026-03-25 05:00:00+00:00,H
10757,ZONE1,2026-03-25 05:00:00+00:00,2026-03-25 06:00:00+00:00,H
10758,ZONE1,2026-03-25 06:00:00+00:00,2026-03-25 07:00:00+00:00,H
10759,ZONE1,2026-03-25 07:00:00+00:00,2026-03-25 08:00:00+00:00,H
10760,ZONE1,2026-03-25 08:00:00+00:00,2026-03-25 09:00:00+00:00,H
10761,ZONE1,2026-03-25 09:00:00+00:00,2026-03-25 10:00:00+00:00,H
10762,ZONE1,2026-03-25 10:00:00+00:00,2026-03-25 11:00:00+00:00,H
10763,ZONE1,2026-03-25 11:00:00+00:00,2026-03-25 12:00:00+00:00,H
10764,ZONE1,2026-03-25 12:00:00+00:00,2026-03-25 13:00:00+00:00,H
10765,ZONE1,2026-03-25 13:00:00+00:00,2026-03-25 14:00:00+00:00,H
10766,ZONE1,2026-03-25 14:00:00+00:00,2026-03-25 15:00:00+00:00,H
10767,ZONE1,2026-03-25 15:00:00+00:00,2026-03-25 16:00:00+00:00,H
10768,ZONE1,2026-03-25 16:00:00+00:00,2026-03-25 17:00:00+00:00,H
10769,ZONE1,2026-03-25 17:00:00+00:00,2026-03-25 18:00:00+00:00,H
10770,ZONE1,2026-03-25 18:00:00+00:00,2026-03-25 19:00:00+00:00,H
10771,ZONE1,2026-03-25 19:00:00+00:00,2026-03-25 20:00:00+00:00,H
10772,ZONE1,2026-03-25 20:00:00+00:00,2026-03-25 21:00:00+00:00,H
10773,ZONE1,2026-03-25 21:00:00+00:00,2026-03-25 22:00:00+00:00,H
10774,ZONE1,2026-03-25 22:00:00+00:00,2026-03-25 23:00:00+00:00,H
10775,ZONE1,2026-03-25 23:00:00+00:00,2026-03-26 00:00:00+00:00,H
10776,ZONE1,2026-03-26 00:00:00+00:00,2026-03-26 01:00:00+00:00,H
10777,ZONE1,2026-03-26 01:00:00+00:00,2026-03-26 02:00:00+00:00,H
10778,ZONE1,2026-03-26 02:00:00+00:00,2026-03-26 03:00:00+00:00,H
10779,ZONE1,2026-03-26 03:00:00+00:00,2026-03-26 04:00:00+00:00,H
10780,ZONE1,2026-03-26 04:00:00+00:00,2026-03-26 05:00:00+00:00,H
10781,ZONE1,2026-03-26 05:00:00+00:00,2026-03-26 06:00:00+00:00,H
10782,ZONE1,2026-03-26 06:00:00+00:00,2026-03-26 07:00:00+00:00,H
10783,ZONE1,2026-03-26 07:00:00+00:00,2026-03-26 08:00:00+00:00,H
10784,ZONE1,2026-03-26 08:00:00+00:00,2026-03-26 09:00:00+00:00,H
10785,ZONE1,2026-03-26 09:00:00+00:00,2026-03-26 10:00:00+00:00,H
10786,ZONE1,2026-03-26 10:00:00+00:00,2026-03-26 11:00:00+00:00,H
10787,ZONE1,2026-03-26 11:00:00+00:00,2026-03-26 12:00:00+00:00,H
10788,ZONE1,2026-03-26 12:00:00+00:00,2026-03-26 13:00:00+00:00,H
10789,ZONE1,2026-03-26 13:00:00+00:00,2026-03-26 14:00:00+00:00,H
10790,ZONE1,2026-03-26 14:00:00+00:00,2026-03-26 15:00:00+00:00,H
10791,ZONE1,2026-03-26 15:00:00+00:00,2026-03-26 16:00:00+00:00,H
10792,ZONE1,2026-03-26 16:00:00+00:00,2026-03-26 17:00:00+00:00,H
10793,ZONE1,2026-03-26 17:00:00+00:00,2026-03-26 18:00:00+00:00,H
10794,ZONE1,2026-03-26 18:00:00+00:00,2026-03-26 19:00:00+00:00,H
10795,ZONE1,2026-03-26 19:00:00+00:00,2026-03-26 20:00:00+00:00,H
10796,ZONE1,2026-03-26 20:00:00+00:00,2026-03-26 21:00:00+00:00,H
10797,ZONE1,2026-03-26 21:00:00+00:00,2026-03-26 22:00:00+00:00,H
10798,ZONE1,2026-03-26 22:00:00+00:00,2026-03-26 23:00:00+00:00,H
10799,ZONE1,2026-03-26 23:00:00+00:00,2026-03-27 00:00:00+00:00,H
10800,ZONE1,2026-03-27 00:00:00+00:00,2026-03-27 01:00:00+00:00,H
10801,ZONE1,2026-03-27 01:00:00+00:00,2026-03-27 02:00:00+00:00,H
10802,ZONE1,2026-03-27 02:00:00+00:00,2026-03-27 03:00:00+00:00,H
10803,ZONE1,2026-03-27 03:00:00+00:00,2026-03-27 04:00:00+00:00,H
10804,ZONE1,2026-03-27 04:00:00+00:00,2026-03-27 05:00:00+00:00,H
10805,ZONE1,2026-03-27 05:00:00+00:00,2026-03-27 06:00:00+00:00,H
10806,ZONE1,2026-03-27 06:00:00+00:00,2026-03-27 07:00:00+00:00,H
10807,ZONE1,2026-03-27 07:00:00+00:00,2026-03-27 08:00:00+00:00,H
10808,ZONE1,2026-03-27 08:00:00+00:00,2026-03-27 09:00:00+00:00,H
10809,ZONE1,2026-03-27 09:00:00+00:00,2026-03-27 10:00:00+00:00,H
10810,ZONE1,2026-03-27 10:00:00+00:00,2026-03-27 11:00:00+00:00,H
10811,ZONE1,2026-03-27 11:00:00+00:00,2026-03-27 12:00:00+00:00,H
10812,ZONE1,2026-03-27 12:00:00+00:00,2026-03-27 13:00:00+00:00,H
10813,ZONE1,2026-03-27 13:00:00+00:00,2026-03-27 14:00:00+00:00,H
10814,ZONE1,2026-03-27 14:00:00+00:00,2026-03-27 15:00:00+00:00,H
10815,ZONE1,2026-03-27 15:00:00+00:00,2026-03-27 16:00:00+00:00,H
10816,ZONE1,2026-03-27 16:00:00+00:00,2026-03-27 17:00:00+00:00,H
10817,ZONE1,2026-03-27 17:00:00+00:00,2026-03-27 18:00:00+00:00,H
10818,ZONE1,2026-03-27 18:00:00+00:00,2026-03-27 19:00:00+00:00,H
10819,ZONE1,2026-03-27 19:00:00+00:00,2026-03-27 20:00:00+00:00,H
10820,ZONE1,2026-03-27 20:00:00+00:00,2026-03-27 21:00:00+00:00,H
10821,ZONE1,2026-03-27 21:00:00+00:00,2026-03-27 22:00:00+00:00,H
10822,ZONE1,2026-03-27 22:00:00+00:00,2026-03-27 23:00:00+00:00,H
10823,ZONE1,2026-03-27 23:00:00+00:00,2026-03-28 00:00:00+00:00,H
10824,ZONE1,2026-03-28 00:00:00+00:00,2026-03-28 01:00:00+00:00,H
10825,ZONE1,2026-03-28 01:00:00+00:00,2026-03-28 02:00:00+00:00,H
10826,ZONE1,2026-03-28 02:00:00+00:00,2026-03-28 03:00:00+00:00,H
10827,ZONE1,2026-03-28 03:00:00+00:00,2026-03-28 04:00:00+00:00,H
10828,ZONE1,2026-03-28 04:00:00+00:00,2026-03-28 05:00:00+00:00,H
10829,ZONE1,2026-03-28 05:00:00+00:00,2026-03-28 06:00:00+00:00,H
10830,ZONE1,2026-03-28 06:00:00+00:00,2026-03-28 07:00:00+00:00,H
10831,ZONE1,2026-03-28 07:00:00+00:00,2026-03-28 08:00:00+00:00,H
10832,ZONE1,2026-03-28 08:00:00+00:00,2026-03-28 09:00:00+00:00,H
10833,ZONE1,2026-03-28 09:00:00+00:00,2026-03-28 10:00:00+00:00,H
10834,ZONE1,2026-03-28 10:00:00+00:00,2026-03-28 11:00:00+00:00,H
10835,ZONE1,2026-03-28 11:00:00+00:00,2026-03-28 12:00:00+00:00,H
10836,ZONE1,2026-03-28 12:00:00+00:00,2026-03-28 13:00:00+00:00,H
10837,ZONE1,2026-03-28 13:00:00+00:00,2026-03-28 14:00:00+00:00,H
10838,ZONE1,2026-03-28 14:00:00+00:00,2026-03-28 15:00:00+00:00,H
10839,ZONE1,2026-03-28 15:00:00+00:00,2026-03-28 16:00:00+00:00,H
10840,ZONE1,2026-03-28 16:00:00+00:00,2026-03-28 17:00:00+00:00,H
10841,ZONE1,2026-03-28 17:00:00+00:00,2026-03-28 18:00:00+00:00,H
10842,ZONE1,2026-03-28 18:00:00+00:00,2026-03-28 19:00:00+00:00,H
10843,ZONE1,2026-03-28 19:00:00+00:00,2026-03-28 20:00:00+00:00,H
10844,ZONE1,2026-03-28 20:00:00+00:00,2026-03-28 21:00:00+00:00,H
10845,ZONE1,2026-03-28 21:00:00+00:00,2026-03-28 22:00:00+00:00,H
10846,ZONE1,2026-03-28 22:00:00+00:00,2026-03-28 23:00:00+00:00,H
10847,ZONE1,2026-03-28 23:00:00+00:00,2026-03-29 00:00:00+00:00,H
10848,ZONE1,2026-03-29 00:00:00+00:00,2026-03-29 01:00:00+00:00,H
10849,ZONE1,2026-03-29 01:00:00+00:00,2026-03-29 02:00:00+00:00,H
10850,ZONE1,2026-03-29 02:00:00+00:00,2026-03-29 03:00:00+00:00,H
10851,ZONE1,2026-03-29 03:00:00+00:00,2026-03-29 04:00:00+00:00,H
10852,ZONE1,2026-03-29 04:00:00+00:00,2026-03-29 05:00:00+00:00,H
10853,ZONE1,2026-03-29 05:00:00+00:00,2026-03-29 06:00:00+00:00,H
10854,ZONE1,2026-03-29 06:00:00+00:00,2026-03-29 07:00:00+00:00,H
10855,ZONE1,2026-03-29 07:00:00+00:00,2026-03-29 08:00:00+00:00,H
10856,ZONE1,2026-03-29 08:00:00+00:00,2026-03-29 09:00:00+00:00,H
10857,ZONE1,2026-03-29 09:00:00+00:00,2026-03-29 10:00:00+00:00,H
10858,ZONE1,2026-03-29 10:00:00+00:00,2026-03-29 11:00:00+00:00,H
10859,ZONE1,2026-03-29 11:00:00+00:00,2026-03-29 12:00:00+00:00,H
10860,ZONE1,2026-03-29 12:00:00+00:00,2026-03-29 13:00:00+00:00,H
10861,ZONE1,2026-03-29 13:00:00+00:00,2026-03-29 14:00:00+00:00,H
10862,ZONE1,2026-03-29 14:00:00+00:00,2026-03-29 15:00:00+00:00,H
10863,ZONE1,2026-03-29 15:00:00+00:00,2026-03-29 16:00:00+00:00,H
10864,ZONE1,2026-03-29 16:00:00+00:00,2026-03-29 17:00:00+00:00,H
10865,ZONE1,2026-03-29 17:00:00+00:00,2026-03-29 18:00:00+00:00,H
10866,ZONE1,2026-03-29 18:00:00+00:00,2026-03-29 19:00:00+00:00,H
10867,ZONE1,2026-03-29 19:00:00+00:00,2026-03-29 20:00:00+00:00,H
10868,ZONE1,2026-03-29 20:00:00+00:00,2026-03-29 21:00:00+00:00,H
10869,ZONE1,2026-03-29 21:00:00+00:00,2026-03-29 22:00:00+00:00,H
10870,ZONE1,2026-03-29 22:00:00+00:00,2026-03-29 23:00:00+00:00,H
10871,ZONE1,2026-03-29 23:00:00+00:00,2026-03-30 00:00:00+00:00,H
10872,ZONE1,2026-03-30 00:00:00+00:00,2026-03-30 01:00:00+00:00,H
10873,ZONE1,2026-03-30 01:00:00+00:00,2026-03-30 02:00:00+00:00,H
10874,ZONE1,2026-03-30 02:00:00+00:00,2026-03-30 03:00:00+00:00,H
10875,ZONE1,2026-03-30 03:00:00+00:00,2026-03-30 04:00:00+00:00,H
10876,ZONE1,2026-03-30 04:00:00+00:00,2026-03-30 05:00:00+00:00,H
10877,ZONE1,2026-03-30 05:00:00+00:00,2026-03-30 06:00:00+00:00,H
10878,ZONE1,2026-03-30 06:00:00+00:00,2026-03-30 07:00:00+00:00,H
10879,ZONE1,2026-03-30 07:00:00+00:00,2026-03-30 08:00:00+00:00,H
10880,ZONE1,2026-03-30 08:00:00+00:00,2026-03-30 09:00:00+00:00,H
10881,ZONE1,2026-03-30 09:00:00+00:00,2026-03-30 10:00:00+00:00,H
10882,ZONE1,2026-03-30 10:00:00+00:00,2026-03-30 11:00:00+00:00,H
10883,ZONE1,2026-03-30 11:00:00+00:00,2026-03-30 12:00:00+00:00,H
10884,ZONE1,2026-03-30 12:00:00+00:00,2026-03-30 13:00:00+00:00,H
10885,ZONE1,2026-03-30 13:00:00+00:00,2026-03-30 14:00:00+00:00,H
10886,ZONE1,2026-03-30 14:00:00+00:00,2026-03-30 15:00:00+00:00,H
10887,ZONE1,2026-03-30 15:00:00+00:00,2026-03-30 16:00:00+00:00,H
10888,ZONE1,2026-03-30 16:00:00+00:00,2026-03-30 17:00:00+00:00,H
10889,ZONE1,2026-03-30 17:00:00+00:00,2026-03-30 18:00:00+00:00,H
10890,ZONE1,2026-03-30 18:00:00+00:00,2026-03-30 19:00:00+00:00,H
10891,ZONE1,2026-03-30 19:00:00+00:00,2026-03-30 20:00:00+00:00,H
10892,ZONE1,2026-03-30 20:00:00+00:00,2026-03-30 21:00:00+00:00,H
10893,ZONE1,2026-03-30 21:00:00+00:00,2026-03-30 22:00:00+00:00,H
10894,ZONE1,2026-03-30 22:00:00+00:00,2026-03-30 23:00:00+00:00,H
10895,ZONE1,2026-03-30 23:00:00+00:00,2026-03-31 00:00:00+00:00,H
10896,ZONE1,2026-03-31 00:00:00+00:00,2026-03-31 01:00:00+00:00,H
10897,ZONE1,2026-03-31 01:00:00+00:00,2026-03-31 02:00:00+00:00,H
10898,ZONE1,2026-03-31 02:00:00+00:00,2026-03-31 03:00:00+00:00,H
10899,ZONE1,2026-03-31 03:00:00+00:00,2026-03-31 04:00:00+00:00,H
10900,ZONE1,2026-03-31 04:00:00+00:00,2026-03-31 05:00:00+00:00,H
10901,ZONE1,2026-03-31 05:00:00+00:00,2026-03-31 06:00:00+00:00,H
10902,ZONE1,2026-03-31 06:00:00+00:00,2026-03-31 07:00:00+00:00,H
10903,ZONE1,2026-03-31 07:00:00+00:00,2026-03-31 08:00:00+00:00,H
10904,ZONE1,2026-03-31 08:00:00+00:00,2026-03-31 09:00:00+00:00,H
10905,ZONE1,2026-03-31 09:00:00+00:00,2026-03-31 10:00:00+00:00,H
10906,ZONE1,2026-03-31 10:00:00+00:00,2026-03-31 11:00:00+00:00,H
10907,ZONE1,2026-03-31 11:00:00+00:00,2026-03-31 12:00:00+00:00,H
10908,ZONE1,2026-03-31 12:00:00+00:00,2026-03-31 13:00:00+00:00,H
10909,ZONE1,2026-03-31 13:00:00+00:00,2026-03-31 14:00:00+00:00,H
10910,ZONE1,2026-03-31 14:00:00+00:00,2026-03-31 15:00:00+00:00,H
10911,ZONE1,2026-03-31 15:00:00+00:00,2026-03-31 16:00:00+00:00,H
10912,ZONE1,2026-03-31 16:00:00+00:00,2026-03-31 17:00:00+00:00,H
10913,ZONE1,2026-03-31 17:00:00+00:00,2026-03-31 18:00:00+00:00,H
10914,ZONE1,2026-03-31 18:00:00+00:00,2026-03-31 19:00:00+00:00,H
10915,ZONE1,2026-03-31 19:00:00+00:00,2026-03-31 20:00:00+00:00,H
10916,ZONE1,2026-03-31 20:00:00+00:00,2026-03-31 21:00:00+00:00,H
10917,ZONE1,2026-03-31 21:00:00+00:00,2026-03-31 22:00:00+00:00,H
10918,ZONE1,2026-03-31 22:00:00+00:00,2026-03-31 23:00:00+00:00,H
10919,ZONE1,2026-03-31 23:00:00+00:00,2026-04-01 00:00:00+00:00,H
10920,ZONE1,2026-04-01 00:00:00+00:00,2026-04-01 01:00:00+00:00,H
10921,ZONE1,2026-04-01 01:00:00+00:00,2026-04-01 02:00:00+00:00,H
10922,ZONE1,2026-04-01 02:00:00+00:00,2026-04-01 03:00:00+00:00,H
10923,ZONE1,2026-04-01 03:00:00+00:00,2026-04-01 04:00:00+00:00,H
10924,ZONE1,2026-04-01 04:00:00+00:00,2026-04-01 05:00:00+00:00,H
10925,ZONE1,2026-04-01 05:00:00+00:00,2026-04-01 06:00:00+00:00,H
10926,ZONE1,2026-04-01 06:00:00+00:00,2026-04-01 07:00:00+00:00,H
10927,ZONE1,2026-04-01 07:00:00+00:00,2026-04-01 08:00:00+00:00,H
10928,ZONE1,2026-04-01 08:00:00+00:00,2026-04-01 09:00:00+00:00,H
10929,ZONE1,2026-04-01 09:00:00+00:00,2026-04-01 10:00:00+00:00,H
10930,ZONE1,2026-04-01 10:00:00+00:00,2026-04-01 11:00:00+00:00,H
10931,ZONE1,2026-04-01 11:00:00+00:00,2026-04-01 12:00:00+00:00,H
10932,ZONE1,2026-04-01 12:00:00+00:00,2026-04-01 13:00:00+00:00,H
10933,ZONE1,2026-04-01 13:00:00+00:00,2026-04-01 14:00:00+00:00,H
10934,ZONE1,2026-04-01 14:00:00+00:00,2026-04-01 15:00:00+00:00,H
10935,ZONE1,2026-04-01 15:00:00+00:00,2026-04-01 16:00:00+00:00,H
10936,ZONE1,2026-04-01 16:00:00+00:00,2026-04-01 17:00:00+00:00,H
10937,ZONE1,2026-04-01 17:00:00+00:00,2026-04-01 18:00:00+00:00,H
10938,ZONE1,2026-04-01 18:00:00+00:00,2026-04-01 19:00:00+00:00,H
10939,ZONE1,2026-04-01 19:00:00+00:00,2026-04-01 20:00:00+00:00,H
10940,ZONE1,2026-04-01 20:00:00+00:00,2026-04-01 21:00:00+00:00,H
10941,ZONE1,2026-04-01 21:00:00+00:00,2026-04-01 22:00:00+00:00,H
10942,ZONE1,2026-04-01 22:00:00+00:00,2026-04-01 23:00:00+00:00,H
10943,ZONE1,2026-04-01 23:00:00+00:00,2026-04-02 00:00:00+00:00,H
10944,ZONE1,2026-04-02 00:00:00+00:00,2026-04-02 01:00:00+00:00,H
10945,ZONE1,2026-04-02 01:00:00+00:00,2026-04-02 02:00:00+00:00,H
10946,ZONE1,2026-04-02 02:00:00+00:00,2026-04-02 03:00:00+00:00,H
10947,ZONE1,2026-04-02 03:00:00+00:00,2026-04-02 04:00:00+00:00,H
10948,ZONE1,2026-04-02 04:00:00+00:00,2026-04-02 05:00:00+00:00,H
10949,ZONE1,2026-04-02 05:00:00+00:00,2026-04-02 06:00:00+00:00,H
10950,ZONE1,2026-04-02 06:00:00+00:00,2026-04-02 07:00:00+00:00,H
10951,ZONE1,2026-04-02 07:00:00+00:00,2026-04-02 08:00:00+00:00,H
10952,ZONE1,2026-04-02 08:00:00+00:00,2026-04-02 09:00:00+00:00,H
10953,ZONE1,2026-04-02 09:00:00+00:00,2026-04-02 10:00:00+00:00,H
10954,ZONE1,2026-04-02 10:00:00+00:00,2026-04-02 11:00:00+00:00,H
10955,ZONE1,2026-04-02 11:00:00+00:00,2026-04-02 12:00:00+00:00,H
10956,ZONE1,2026-04-02 12:00:00+00:00,2026-04-02 13:00:00+00:00,H
10957,ZONE1,2026-04-02 13:00:00+00:00,2026-04-02 14:00:00+00:00,H
10958,ZONE1,2026-04-02 14:00:00+00:00,2026-04-02 15:00:00+00:00,H
10959,ZONE1,2026-04-02 15:00:00+00:00,2026-04-02 16:00:00+00:00,H
10960,ZONE1,2026-04-02 16:00:00+00:00,2026-04-02 17:00:00+00:00,H
10961,ZONE1,2026-04-02 17:00:00+00:00,2026-04-02 18:00:00+00:00,H
10962,ZONE1,2026-04-02 18:00:00+00:00,2026-04-02 19:00:00+00:00,H
10963,ZONE1,2026-04-02 19:00:00+00:00,2026-04-02 20:00:00+00:00,H
10964,ZONE1,2026-04-02 20:00:00+00:00,2026-04-02 21:00:00+00:00,H
10965,ZONE1,2026-04-02 21:00:00+00:00,2026-04-02 22:00:00+00:00,H
10966,ZONE1,2026-04-02 22:00:00+00:00,2026-04-02 23:00:00+00:00,H
10967,ZONE1,2026-04-02 23:00:00+00:00,2026-04-03 00:00:00+00:00,H
10968,ZONE1,2026-04-03 00:00:00+00:00,2026-04-03 01:00:00+00:00,H
10969,ZONE1,2026-04-03 01:00:00+00:00,2026-04-03 02:00:00+00:00,H
10970,ZONE1,2026-04-03 02:00:00+00:00,2026-04-03 03:00:00+00:00,H
10971,ZONE1,2026-04-03 03:00:00+00:00,2026-04-03 04:00:00+00:00,H
10972,ZONE1,2026-04-03 04:00:00+00:00,2026-04-03 05:00:00+00:00,H
10973,ZONE1,2026-04-03 05:00:00+00:00,2026-04-03 06:00:00+00:00,H
10974,ZONE1,2026-04-03 06:00:00+00:00,2026-04-03 07:00:00+00:00,H
10975,ZONE1,2026-04-03 07:00:00+00:00,2026-04-03 08:00:00+00:00,H
10976,ZONE1,2026-04-03 08:00:00+00:00,2026-04-03 09:00:00+00:00,H
10977,ZONE1,2026-04-03 09:00:00+00:00,2026-04-03 10:00:00+00:00,H
10978,ZONE1,2026-04-03 10:00:00+00:00,2026-04-03 11:00:00+00:00,H
10979,ZONE1,2026-04-03 11:00:00+00:00,2026-04-03 12:00:00+00:00,H
10980,ZONE1,2026-04-03 12:00:00+00:00,2026-04-03 13:00:00+00:00,H
10981,ZONE1,2026-04-03 13:00:00+00:00,2026-04-03 14:00:00+00:00,H
10982,ZONE1,2026-04-03 14:00:00+00:00,2026-04-03 15:00:00+00:00,H
10983,ZONE1,2026-04-03 15:00:00+00:00,2026-04-03 16:00:00+00:00,H
10984,ZONE1,2026-04-03 16:00:00+00:00,2026-04-03 17:00:00+00:00,H
10985,ZONE1,2026-04-03 17:00:00+00:00,2026-04-03 18:00:00+00:00,H
10986,ZONE1,2026-04-03 18:00:00+00:00,2026-04-03 19:00:00+00:00,H
10987,ZONE1,2026-04-03 19:00:00+00:00,2026-04-03 20:00:00+00:00,H
10988,ZONE1,2026-04-03 20:00:00+00:00,2026-04-03 21:00:00+00:00,H
10989,ZONE1,2026-04-03 21:00:00+00:00,2026-04-03 22:00:00+00:00,H
10990,ZONE1,2026-04-03 22:00:00+00:00,2026-04-03 23:00:00+00:00,H
10991,ZONE1,2026-04-03 23:00:00+00:00,2026-04-04 00:00:00+00:00,H
10992,ZONE1,2026-04-04 00:00:00+00:00,2026-04-04 01:00:00+00:00,H
10993,ZONE1,2026-04-04 01:00:00+00:00,2026-04-04 02:00:00+00:00,H
10994,ZONE1,2026-04-04 02:00:00+00:00,2026-04-04 03:00:00+00:00,H
10995,ZONE1,2026-04-04 03:00:00+00:00,2026-04-04 04:00:00+00:00,H
10996,ZONE1,2026-04-04 04:00:00+00:00,2026-04-04 05:00:00+00:00,H
10997,ZONE1,2026-04-04 05:00:00+00:00,2026-04-04 06:00:00+00:00,H
10998,ZONE1,2026-04-04 06:00:00+00:00,2026-04-04 07:00:00+00:00,H
10999,ZONE1,2026-04-04 07:00:00+00:00,2026-04-04 08:00:00+00:00,H
11000,ZONE1,2026-04-04 08:00:00+00:00,2026-04-04 09:00:00+00:00,H
11001,ZONE1,2026-04-04 09:00:00+00:00,2026-04-04 10:00:00+00:00,H
11002,ZONE1,2026-04-04 10:00:00+00:00,2026-04-04 11:00:00+00:00,H
11003,ZONE1,2026-04-04 11:00:00+00:00,2026-04-04 12:00:00+00:00,H
11004,ZONE1,2026-04-04 12:00:00+00:00,2026-04-04 13:00:00+00:00,H
11005,ZONE1,2026-04-04 13:00:00+00:00,2026-04-04 14:00:00+00:00,H
11006,ZONE1,2026-04-04 14:00:00+00:00,2026-04-04 15:00:00+00:00,H
11007,ZONE1,2026-04-04 15:00:00+00:00,2026-04-04 16:00:00+00:00,H
11008,ZONE1,2026-04-04 16:00:00+00:00,2026-04-04 17:00:00+00:00,H
11009,ZONE1,2026-04-04 17:00:00+00:00,2026-04-04 18:00:00+00:00,H
11010,ZONE1,2026-04-04 18:00:00+00:00,2026-04-04 19:00:00+00:00,H
11011,ZONE1,2026-04-04 19:00:00+00:00,2026-04-04 20:00:00+00:00,H
11012,ZONE1,2026-04-04 20:00:00+00:00,2026-04-04 21:00:00+00:00,H
11013,ZONE1,2026-04-04 21:00:00+00:00,2026-04-04 22:00:00+00:00,H
11014,ZONE1,2026-04-04 22:00:00+00:00,2026-04-04 23:00:00+00:00,H
11015,ZONE1,2026-04-04 23:00:00+00:00,2026-04-05 00:00:00+00:00,H
11016,ZONE1,2026-04-05 00:00:00+00:00,2026-04-05 01:00:00+00:00,H
11017,ZONE1,2026-04-05 01:00:00+00:00,2026-04-05 02:00:00+00:00,H
11018,ZONE1,2026-04-05 02:00:00+00:00,2026-04-05 03:00:00+00:00,H
11019,ZONE1,2026-04-05 03:00:00+00:00,2026-04-05 04:00:00+00:00,H
11020,ZONE1,2026-04-05 04:00:00+00:00,2026-04-05 05:00:00+00:00,H
11021,ZONE1,2026-04-05 05:00:00+00:00,2026-04-05 06:00:00+00:00,H
11022,ZONE1,2026-04-05 06:00:00+00:00,2026-04-05 07:00:00+00:00,H
11023,ZONE1,2026-04-05 07:00:00+00:00,2026-04-05 08:00:00+00:00,H
11024,ZONE1,2026-04-05 08:00:00+00:00,2026-04-05 09:00:00+00:00,H
11025,ZONE1,2026-04-05 09:00:00+00:00,2026-04-05 10:00:00+00:00,H
11026,ZONE1,2026-04-05 10:00:00+00:00,2026-04-05 11:00:00+00:00,H
11027,ZONE1,2026-04-05 11:00:00+00:00,2026-04-05 12:00:00+00:00,H
11028,ZONE1,2026-04-05 12:00:00+00:00,2026-04-05 13:00:00+00:00,H
11029,ZONE1,2026-04-05 13:00:00+00:00,2026-04-05 14:00:00+00:00,H
11030,ZONE1,2026-04-05 14:00:00+00:00,2026-04-05 15:00:00+00:00,H
11031,ZONE1,2026-04-05 15:00:00+00:00,2026-04-05 16:00:00+00:00,H
11032,ZONE1,2026-04-05 16:00:00+00:00,2026-04-05 17:00:00+00:00,H
11033,ZONE1,2026-04-05 17:00:00+00:00,2026-04-05 18:00:00+00:00,H
11034,ZONE1,2026-04-05 18:00:00+00:00,2026-04-05 19:00:00+00:00,H
11035,ZONE1,2026-04-05 19:00:00+00:00,2026-04-05 20:00:00+00:00,H
11036,ZONE1,2026-04-05 20:00:00+00:00,2026-04-05 21:00:00+00:00,H
11037,ZONE1,2026-04-05 21:00:00+00:00,2026-04-05 22:00:00+00:00,H
11038,ZONE1,2026-04-05 22:00:00+00:00,2026-04-05 23:00:00+00:00,H
11039,ZONE1,2026-04-05 23:00:00+00:00,2026-04-06 00:00:00+00:00,H
11040,ZONE1,2026-04-06 00:00:00+00:00,2026-04-06 01:00:00+00:00,H
11041,ZONE1,2026-04-06 01:00:00+00:00,2026-04-06 02:00:00+00:00,H
11042,ZONE1,2026-04-06 02:00:00+00:00,2026-04-06 03:00:00+00:00,H
11043,ZONE1,2026-04-06 03:00:00+00:00,2026-04-06 04:00:00+00:00,H
11044,ZONE1,2026-04-06 04:00:00+00:00,2026-04-06 05:00:00+00:00,H
11045,ZONE1,2026-04-06 05:00:00+00:00,2026-04-06 06:00:00+00:00,H
11046,ZONE1,2026-04-06 06:00:00+00:00,2026-04-06 07:00:00+00:00,H
11047,ZONE1,2026-04-06 07:00:00+00:00,2026-04-06 08:00:00+00:00,H
11048,ZONE1,2026-04-06 08:00:00+00:00,2026-04-06 09:00:00+00:00,H
11049,ZONE1,2026-04-06 09:00:00+00:00,2026-04-06 10:00:00+00:00,H
11050,ZONE1,2026-04-06 10:00:00+00:00,2026-04-06 11:00:00+00:00,H
11051,ZONE1,2026-04-06 11:00:00+00:00,2026-04-06 12:00:00+00:00,H
11052,ZONE1,2026-04-06 12:00:00+00:00,2026-04-06 13:00:00+00:00,H
11053,ZONE1,2026-04-06 13:00:00+00:00,2026-04-06 14:00:00+00:00,H
11054,ZONE1,2026-04-06 14:00:00+00:00,2026-04-06 15:00:00+00:00,H
11055,ZONE1,2026-04-06 15:00:00+00:00,2026-04-06 16:00:00+00:00,H
11056,ZONE1,2026-04-06 16:00:00+00:00,2026-04-06 17:00:00+00:00,H
11057,ZONE1,2026-04-06 17:00:00+00:00,2026-04-06 18:00:00+00:00,H
11058,ZONE1,2026-04-06 18:00:00+00:00,2026-04-06 19:00:00+00:00,H
11059,ZONE1,2026-04-06 19:00:00+00:00,2026-04-06 20:00:00+00:00,H
11060,ZONE1,2026-04-06 20:00:00+00:00,2026-04-06 21:00:00+00:00,H
11061,ZONE1,2026-04-06 21:00:00+00:00,2026-04-06 22:00:00+00:00,H
11062,ZONE1,2026-04-06 22:00:00+00:00,2026-04-06 23:00:00+00:00,H
11063,ZONE1,2026-04-06 23:00:00+00:00,2026-04-07 00:00:00+00:00,H
11064,ZONE1,2026-04-07 00:00:00+00:00,2026-04-07 01:00:00+00:00,H
11065,ZONE1,2026-04-07 01:00:00+00:00,2026-04-07 02:00:00+00:00,H
11066,ZONE1,2026-04-07 02:00:00+00:00,2026-04-07 03:00:00+00:00,H
11067,ZONE1,2026-04-07 03:00:00+00:00,2026-04-07 04:00:00+00:00,H
11068,ZONE1,2026-04-07 04:00:00+00:00,2026-04-07 05:00:00+00:00,H
11069,ZONE1,2026-04-07 05:00:00+00:00,2026-04-07 06:00:00+00:00,H
11070,ZONE1,2026-04-07 06:00:00+00:00,2026-04-07 07:00:00+00:00,H
11071,ZONE1,2026-04-07 07:00:00+00:00,2026-04-07 08:00:00+00:00,H
11072,ZONE1,2026-04-07 08:00:00+00:00,2026-04-07 09:00:00+00:00,H
11073,ZONE1,2026-04-07 09:00:00+00:00,2026-04-07 10:00:00+00:00,H
11074,ZONE1,2026-04-07 10:00:00+00:00,2026-04-07 11:00:00+00:00,H
11075,ZONE1,2026-04-07 11:00:00+00:00,2026-04-07 12:00:00+00:00,H
11076,ZONE1,2026-04-07 12:00:00+00:00,2026-04-07 13:00:00+00:00,H
11077,ZONE1,2026-04-07 13:00:00+00:00,2026-04-07 14:00:00+00:00,H
11078,ZONE1,2026-04-07 14:00:00+00:00,2026-04-07 15:00:00+00:00,H
11079,ZONE1,2026-04-07 15:00:00+00:00,2026-04-07 16:00:00+00:00,H
11080,ZONE1,2026-04-07 16:00:00+00:00,2026-04-07 17:00:00+00:00,H
11081,ZONE1,2026-04-07 17:00:00+00:00,2026-04-07 18:00:00+00:00,H
11082,ZONE1,2026-04-07 18:00:00+00:00,2026-04-07 19:00:00+00:00,H
11083,ZONE1,2026-04-07 19:00:00+00:00,2026-04-07 20:00:00+00:00,H
11084,ZONE1,2026-04-07 20:00:00+00:00,2026-04-07 21:00:00+00:00,H
11085,ZONE1,2026-04-07 21:00:00+00:00,2026-04-07 22:00:00+00:00,H
11086,ZONE1,2026-04-07 22:00:00+00:00,2026-04-07 23:00:00+00:00,H
11087,ZONE1,2026-04-07 23:00:00+00:00,2026-04-08 00:00:00+00:00,H
11088,ZONE1,2026-04-08 00:00:00+00:00,2026-04-08 01:00:00+00:00,H
11089,ZONE1,2026-04-08 01:00:00+00:00,2026-04-08 02:00:00+00:00,H
11090,ZONE1,2026-04-08 02:00:00+00:00,2026-04-08 03:00:00+00:00,H
11091,ZONE1,2026-04-08 03:00:00+00:00,2026-04-08 04:00:00+00:00,H
11092,ZONE1,2026-04-08 04:00:00+00:00,2026-04-08 05:00:00+00:00,H
11093,ZONE1,2026-04-08 05:00:00+00:00,2026-04-08 06:00:00+00:00,H
11094,ZONE1,2026-04-08 06:00:00+00:00,2026-04-08 07:00:00+00:00,H
11095,ZONE1,2026-04-08 07:00:00+00:00,2026-04-08 08:00:00+00:00,H
11096,ZONE1,2026-04-08 08:00:00+00:00,2026-04-08 09:00:00+00:00,H
11097,ZONE1,2026-04-08 09:00:00+00:00,2026-04-08 10:00:00+00:00,H
11098,ZONE1,2026-04-08 10:00:00+00:00,2026-04-08 11:00:00+00:00,H
11099,ZONE1,2026-04-08 11:00:00+00:00,2026-04-08 12:00:00+00:00,H
11100,ZONE1,2026-04-08 12:00:00+00:00,2026-04-08 13:00:00+00:00,H
11101,ZONE1,2026-04-08 13:00:00+00:00,2026-04-08 14:00:00+00:00,H
11102,ZONE1,2026-04-08 14:00:00+00:00,2026-04-08 15:00:00+00:00,H
11103,ZONE1,2026-04-08 15:00:00+00:00,2026-04-08 16:00:00+00:00,H
11104,ZONE1,2026-04-08 16:00:00+00:00,2026-04-08 17:00:00+00:00,H
11105,ZONE1,2026-04-08 17:00:00+00:00,2026-04-08 18:00:00+00:00,H
11106,ZONE1,2026-04-08 18:00:00+00:00,2026-04-08 19:00:00+00:00,H
11107,ZONE1,2026-04-08 19:00:00+00:00,2026-04-08 20:00:00+00:00,H
11108,ZONE1,2026-04-08 20:00:00+00:00,2026-04-08 21:00:00+00:00,H
11109,ZONE1,2026-04-08 21:00:00+00:00,2026-04-08 22:00:00+00:00,H
11110,ZONE1,2026-04-08 22:00:00+00:00,2026-04-08 23:00:00+00:00,H
11111,ZONE1,2026-04-08 23:00:00+00:00,2026-04-09 00:00:00+00:00,H
11112,ZONE1,2026-04-09 00:00:00+00:00,2026-04-09 01:00:00+00:00,H
11113,ZONE1,2026-04-09 01:00:00+00:00,2026-04-09 02:00:00+00:00,H
11114,ZONE1,2026-04-09 02:00:00+00:00,2026-04-09 03:00:00+00:00,H
11115,ZONE1,2026-04-09 03:00:00+00:00,2026-04-09 04:00:00+00:00,H
11116,ZONE1,2026-04-09 04:00:00+00:00,2026-04-09 05:00:00+00:00,H
11117,ZONE1,2026-04-09 05:00:00+00:00,2026-04-09 06:00:00+00:00,H
11118,ZONE1,2026-04-09 06:00:00+00:00,2026-04-09 07:00:00+00:00,H
11119,ZONE1,2026-04-09 07:00:00+00:00,2026-04-09 08:00:00+00:00,H
11120,ZONE1,2026-04-09 08:00:00+00:00,2026-04-09 09:00:00+00:00,H
11121,ZONE1,2026-04-09 09:00:00+00:00,2026-04-09 10:00:00+00:00,H
11122,ZONE1,2026-04-09 10:00:00+00:00,2026-04-09 11:00:00+00:00,H
11123,ZONE1,2026-04-09 11:00:00+00:00,2026-04-09 12:00:00+00:00,H
11124,ZONE1,2026-04-09 12:00:00+00:00,2026-04-09 13:00:00+00:00,H
11125,ZONE1,2026-04-09 13:00:00+00:00,2026-04-09 14:00:00+00:00,H
11126,ZONE1,2026-04-09 14:00:00+00:00,2026-04-09 15:00:00+00:00,H
11127,ZONE1,2026-04-09 15:00:00+00:00,2026-04-09 16:00:00+00:00,H
11128,ZONE1,2026-04-09 16:00:00+00:00,2026-04-09 17:00:00+00:00,H
11129,ZONE1,2026-04-09 17:00:00+00:00,2026-04-09 18:00:00+00:00,H
11130,ZONE1,2026-04-09 18:00:00+00:00,2026-04-09 19:00:00+00:00,H
11131,ZONE1,2026-04-09 19:00:00+00:00,2026-04-09 20:00:00+00:00,H
11132,ZONE1,2026-04-09 20:00:00+00:00,2026-04-09 21:00:00+00:00,H
11133,ZONE1,2026-04-09 21:00:00+00:00,2026-04-09 22:00:00+00:00,H
11134,ZONE1,2026-04-09 22:00:00+00:00,2026-04-09 23:00:00+00:00,H
11135,ZONE1,2026-04-09 23:00:00+00:00,2026-04-10 00:00:00+00:00,H
11136,ZONE1,2026-04-10 00:00:00+00:00,2026-04-10 01:00:00+00:00,H
11137,ZONE1,2026-04-10 01:00:00+00:00,2026-04-10 02:00:00+00:00,H
11138,ZONE1,2026-04-10 02:00:00+00:00,2026-04-10 03:00:00+00:00,H
11139,ZONE1,2026-04-10 03:00:00+00:00,2026-04-10 04:00:00+00:00,H
11140,ZONE1,2026-04-10 04:00:00+00:00,2026-04-10 05:00:00+00:00,H
11141,ZONE1,2026-04-10 05:00:00+00:00,2026-04-10 06:00:00+00:00,H
11142,ZONE1,2026-04-10 06:00:00+00:00,2026-04-10 07:00:00+00:00,H
11143,ZONE1,2026-04-10 07:00:00+00:00,2026-04-10 08:00:00+00:00,H
11144,ZONE1,2026-04-10 08:00:00+00:00,2026-04-10 09:00:00+00:00,H
11145,ZONE1,2026-04-10 09:00:00+00:00,2026-04-10 10:00:00+00:00,H
11146,ZONE1,2026-04-10 10:00:00+00:00,2026-04-10 11:00:00+00:00,H
11147,ZONE1,2026-04-10 11:00:00+00:00,2026-04-10 12:00:00+00:00,H
11148,ZONE1,2026-04-10 12:00:00+00:00,2026-04-10 13:00:00+00:00,H
11149,ZONE1,2026-04-10 13:00:00+00:00,2026-04-10 14:00:00+00:00,H
11150,ZONE1,2026-04-10 14:00:00+00:00,2026-04-10 15:00:00+00:00,H
11151,ZONE1,2026-04-10 15:00:00+00:00,2026-04-10 16:00:00+00:00,H
11152,ZONE1,2026-04-10 16:00:00+00:00,2026-04-10 17:00:00+00:00,H
11153,ZONE1,2026-04-10 17:00:00+00:00,2026-04-10 18:00:00+00:00,H
11154,ZONE1,2026-04-10 18:00:00+00:00,2026-04-10 19:00:00+00:00,H
11155,ZONE1,2026-04-10 19:00:00+00:00,2026-04-10 20:00:00+00:00,H
11156,ZONE1,2026-04-10 20:00:00+00:00,2026-04-10 21:00:00+00:00,H
11157,ZONE1,2026-04-10 21:00:00+00:00,2026-04-10 22:00:00+00:00,H
11158,ZONE1,2026-04-10 22:00:00+00:00,2026-04-10 23:00:00+00:00,H
11159,ZONE1,2026-04-10 23:00:00+00:00,2026-04-11 00:00:00+00:00,H
11160,ZONE1,2026-04-11 00:00:00+00:00,2026-04-11 01:00:00+00:00,H
11161,ZONE1,2026-04-11 01:00:00+00:00,2026-04-11 02:00:00+00:00,H
11162,ZONE1,2026-04-11 02:00:00+00:00,2026-04-11 03:00:00+00:00,H
11163,ZONE1,2026-04-11 03:00:00+00:00,2026-04-11 04:00:00+00:00,H
11164,ZONE1,2026-04-11 04:00:00+00:00,2026-04-11 05:00:00+00:00,H
11165,ZONE1,2026-04-11 05:00:00+00:00,2026-04-11 06:00:00+00:00,H
11166,ZONE1,2026-04-11 06:00:00+00:00,2026-04-11 07:00:00+00:00,H
11167,ZONE1,2026-04-11 07:00:00+00:00,2026-04-11 08:00:00+00:00,H
11168,ZONE1,2026-04-11 08:00:00+00:00,2026-04-11 09:00:00+00:00,H
11169,ZONE1,2026-04-11 09:00:00+00:00,2026-04-11 10:00:00+00:00,H
11170,ZONE1,2026-04-11 10:00:00+00:00,2026-04-11 11:00:00+00:00,H
11171,ZONE1,2026-04-11 11:00:00+00:00,2026-04-11 12:00:00+00:00,H
11172,ZONE1,2026-04-11 12:00:00+00:00,2026-04-11 13:00:00+00:00,H
11173,ZONE1,2026-04-11 13:00:00+00:00,2026-04-11 14:00:00+00:00,H
11174,ZONE1,2026-04-11 14:00:00+00:00,2026-04-11 15:00:00+00:00,H
11175,ZONE1,2026-04-11 15:00:00+00:00,2026-04-11 16:00:00+00:00,H
11176,ZONE1,2026-04-11 16:00:00+00:00,2026-04-11 17:00:00+00:00,H
11177,ZONE1,2026-04-11 17:00:00+00:00,2026-04-11 18:00:00+00:00,H
11178,ZONE1,2026-04-11 18:00:00+00:00,2026-04-11 19:00:00+00:00,H
11179,ZONE1,2026-04-11 19:00:00+00:00,2026-04-11 20:00:00+00:00,H
11180,ZONE1,2026-04-11 20:00:00+00:00,2026-04-11 21:00:00+00:00,H
11181,ZONE1,2026-04-11 21:00:00+00:00,2026-04-11 22:00:00+00:00,H
11182,ZONE1,2026-04-11 22:00:00+00:00,2026-04-11 23:00:00+00:00,H
11183,ZONE1,2026-04-11 23:00:00+00:00,2026-04-12 00:00:00+00:00,H
11184,ZONE1,2026-04-12 00:00:00+00:00,2026-04-12 01:00:00+00:00,H
11185,ZONE1,2026-04-12 01:00:00+00:00,2026-04-12 02:00:00+00:00,H
11186,ZONE1,2026-04-12 02:00:00+00:00,2026-04-12 03:00:00+00:00,H
11187,ZONE1,2026-04-12 03:00:00+00:00,2026-04-12 04:00:00+00:00,H
11188,ZONE1,2026-04-12 04:00:00+00:00,2026-04-12 05:00:00+00:00,H
11189,ZONE1,2026-04-12 05:00:00+00:00,2026-04-12 06:00:00+00:00,H
11190,ZONE1,2026-04-12 06:00:00+00:00,2026-04-12 07:00:00+00:00,H
11191,ZONE1,2026-04-12 07:00:00+00:00,2026-04-12 08:00:00+00:00,H
11192,ZONE1,2026-04-12 08:00:00+00:00,2026-04-12 09:00:00+00:00,H
11193,ZONE1,2026-04-12 09:00:00+00:00,2026-04-12 10:00:00+00:00,H
11194,ZONE1,2026-04-12 10:00:00+00:00,2026-04-12 11:00:00+00:00,H
11195,ZONE1,2026-04-12 11:00:00+00:00,2026-04-12 12:00:00+00:00,H
11196,ZONE1,2026-04-12 12:00:00+00:00,2026-04-12 13:00:00+00:00,H
11197,ZONE1,2026-04-12 13:00:00+00:00,2026-04-12 14:00:00+00:00,H
11198,ZONE1,2026-04-12 14:00:00+00:00,2026-04-12 15:00:00+00:00,H
11199,ZONE1,2026-04-12 15:00:00+00:00,2026-04-12 16:00:00+00:00,H
11200,ZONE1,2026-04-12 16:00:00+00:00,2026-04-12 17:00:00+00:00,H
11201,ZONE1,2026-04-12 17:00:00+00:00,2026-04-12 18:00:00+00:00,H
11202,ZONE1,2026-04-12 18:00:00+00:00,2026-04-12 19:00:00+00:00,H
11203,ZONE1,2026-04-12 19:00:00+00:00,2026-04-12 20:00:00+00:00,H
11204,ZONE1,2026-04-12 20:00:00+00:00,2026-04-12 21:00:00+00:00,H
11205,ZONE1,2026-04-12 21:00:00+00:00,2026-04-12 22:00:00+00:00,H
11206,ZONE1,2026-04-12 22:00:00+00:00,2026-04-12 23:00:00+00:00,H
11207,ZONE1,2026-04-12 23:00:00+00:00,2026-04-13 00:00:00+00:00,H
11208,ZONE1,2026-04-13 00:00:00+00:00,2026-04-13 01:00:00+00:00,H
11209,ZONE1,2026-04-13 01:00:00+00:00,2026-04-13 02:00:00+00:00,H
11210,ZONE1,2026-04-13 02:00:00+00:00,2026-04-13 03:00:00+00:00,H
11211,ZONE1,2026-04-13 03:00:00+00:00,2026-04-13 04:00:00+00:00,H
11212,ZONE1,2026-04-13 04:00:00+00:00,2026-04-13 05:00:00+00:00,H
11213,ZONE1,2026-04-13 05:00:00+00:00,2026-04-13 06:00:00+00:00,H
11214,ZONE1,2026-04-13 06:00:00+00:00,2026-04-13 07:00:00+00:00,H
11215,ZONE1,2026-04-13 07:00:00+00:00,2026-04-13 08:00:00+00:00,H
11216,ZONE1,2026-04-13 08:00:00+00:00,2026-04-13 09:00:00+00:00,H
11217,ZONE1,2026-04-13 09:00:00+00:00,2026-04-13 10:00:00+00:00,H
11218,ZONE1,2026-04-13 10:00:00+00:00,2026-04-13 11:00:00+00:00,H
11219,ZONE1,2026-04-13 11:00:00+00:00,2026-04-13 12:00:00+00:00,H
11220,ZONE1,2026-04-13 12:00:00+00:00,2026-04-13 13:00:00+00:00,H
11221,ZONE1,2026-04-13 13:00:00+00:00,2026-04-13 14:00:00+00:00,H
11222,ZONE1,2026-04-13 14:00:00+00:00,2026-04-13 15:00:00+00:00,H
11223,ZONE1,2026-04-13 15:00:00+00:00,2026-04-13 16:00:00+00:00,H
11224,ZONE1,2026-04-13 16:00:00+00:00,2026-04-13 17:00:00+00:00,H
11225,ZONE1,2026-04-13 17:00:00+00:00,2026-04-13 18:00:00+00:00,H
11226,ZONE1,2026-04-13 18:00:00+00:00,2026-04-13 19:00:00+00:00,H
11227,ZONE1,2026-04-13 19:00:00+00:00,2026-04-13 20:00:00+00:00,H
11228,ZONE1,2026-04-13 20:00:00+00:00,2026-04-13 21:00:00+00:00,H
11229,ZONE1,2026-04-13 21:00:00+00:00,2026-04-13 22:00:00+00:00,H
11230,ZONE1,2026-04-13 22:00:00+00:00,2026-04-13 23:00:00+00:00,H
11231,ZONE1,2026-04-13 23:00:00+00:00,2026-04-14 00:00:00+00:00,H
11232,ZONE1,2026-04-14 00:00:00+00:00,2026-04-14 01:00:00+00:00,H
11233,ZONE1,2026-04-14 01:00:00+00:00,2026-04-14 02:00:00+00:00,H
11234,ZONE1,2026-04-14 02:00:00+00:00,2026-04-14 03:00:00+00:00,H
11235,ZONE1,2026-04-14 03:00:00+00:00,2026-04-14 04:00:00+00:00,H
11236,ZONE1,2026-04-14 04:00:00+00:00,2026-04-14 05:00:00+00:00,H
11237,ZONE1,2026-04-14 05:00:00+00:00,2026-04-14 06:00:00+00:00,H
11238,ZONE1,2026-04-14 06:00:00+00:00,2026-04-14 07:00:00+00:00,H
11239,ZONE1,2026-04-14 07:00:00+00:00,2026-04-14 08:00:00+00:00,H
11240,ZONE1,2026-04-14 08:00:00+00:00,2026-04-14 09:00:00+00:00,H
11241,ZONE1,2026-04-14 09:00:00+00:00,2026-04-14 10:00:00+00:00,H
11242,ZONE1,2026-04-14 10:00:00+00:00,2026-04-14 11:00:00+00:00,H
11243,ZONE1,2026-04-14 11:00:00+00:00,2026-04-14 12:00:00+00:00,H
11244,ZONE1,2026-04-14 12:00:00+00:00,2026-04-14 13:00:00+00:00,H
11245,ZONE1,2026-04-14 13:00:00+00:00,2026-04-14 14:00:00+00:00,H
11246,ZONE1,2026-04-14 14:00:00+00:00,2026-04-14 15:00:00+00:00,H
11247,ZONE1,2026-04-14 15:00:00+00:00,2026-04-14 16:00:00+00:00,H
11248,ZONE1,2026-04-14 16:00:00+00:00,2026-04-14 17:00:00+00:00,H
11249,ZONE1,2026-04-14 17:00:00+00:00,2026-04-14 18:00:00+00:00,H
11250,ZONE1,2026-04-14 18:00:00+00:00,2026-04-14 19:00:00+00:00,H
11251,ZONE1,2026-04-14 19:00:00+00:00,2026-04-14 20:00:00+00:00,H
11252,ZONE1,2026-04-14 20:00:00+00:00,2026-04-14 21:00:00+00:00,H
11253,ZONE1,2026-04-14 21:00:00+00:00,2026-04-14 22:00:00+00:00,H
11254,ZONE1,2026-04-14 22:00:00+00:00,2026-04-14 23:00:00+00:00,H
11255,ZONE1,2026-04-14 23:00:00+00:00,2026-04-15 00:00:00+00:00,H
11256,ZONE1,2026-04-15 00:00:00+00:00,2026-04-15 01:00:00+00:00,H
11257,ZONE1,2026-04-15 01:00:00+00:00,2026-04-15 02:00:00+00:00,H
11258,ZONE1,2026-04-15 02:00:00+00:00,2026-04-15 03:00:00+00:00,H
11259,ZONE1,2026-04-15 03:00:00+00:00,2026-04-15 04:00:00+00:00,H
11260,ZONE1,2026-04-15 04:00:00+00:00,2026-04-15 05:00:00+00:00,H
11261,ZONE1,2026-04-15 05:00:00+00:00,2026-04-15 06:00:00+00:00,H
11262,ZONE1,2026-04-15 06:00:00+00:00,2026-04-15 07:00:00+00:00,H
11263,ZONE1,2026-04-15 07:00:00+00:00,2026-04-15 08:00:00+00:00,H
11264,ZONE1,2026-04-15 08:00:00+00:00,2026-04-15 09:00:00+00:00,H
11265,ZONE1,2026-04-15 09:00:00+00:00,2026-04-15 10:00:00+00:00,H
11266,ZONE1,2026-04-15 10:00:00+00:00,2026-04-15 11:00:00+00:00,H
11267,ZONE1,2026-04-15 11:00:00+00:00,2026-04-15 12:00:00+00:00,H
11268,ZONE1,2026-04-15 12:00:00+00:00,2026-04-15 13:00:00+00:00,H
11269,ZONE1,2026-04-15 13:00:00+00:00,2026-04-15 14:00:00+00:00,H
11270,ZONE1,2026-04-15 14:00:00+00:00,2026-04-15 15:00:00+00:00,H
11271,ZONE1,2026-04-15 15:00:00+00:00,2026-04-15 16:00:00+00:00,H
11272,ZONE1,2026-04-15 16:00:00+00:00,2026-04-15 17:00:00+00:00,H
11273,ZONE1,2026-04-15 17:00:00+00:00,2026-04-15 18:00:00+00:00,H
11274,ZONE1,2026-04-15 18:00:00+00:00,2026-04-15 19:00:00+00:00,H
11275,ZONE1,2026-04-15 19:00:00+00:00,2026-04-15 20:00:00+00:00,H
11276,ZONE1,2026-04-15 20:00:00+00:00,2026-04-15 21:00:00+00:00,H
11277,ZONE1,2026-04-15 21:00:00+00:00,2026-04-15 22:00:00+00:00,H
11278,ZONE1,2026-04-15 22:00:00+00:00,2026-04-15 23:00:00+00:00,H
11279,ZONE1,2026-04-15 23:00:00+00:00,2026-04-16 00:00:00+00:00,H
11280,ZONE1,2026-04-16 00:00:00+00:00,2026-04-16 01:00:00+00:00,H
11281,ZONE1,2026-04-16 01:00:00+00:00,2026-04-16 02:00:00+00:00,H
11282,ZONE1,2026-04-16 02:00:00+00:00,2026-04-16 03:00:00+00:00,H
11283,ZONE1,2026-04-16 03:00:00+00:00,2026-04-16 04:00:00+00:00,H
11284,ZONE1,2026-04-16 04:00:00+00:00,2026-04-16 05:00:00+00:00,H
11285,ZONE1,2026-04-16 05:00:00+00:00,2026-04-16 06:00:00+00:00,H
11286,ZONE1,2026-04-16 06:00:00+00:00,2026-04-16 07:00:00+00:00,H
11287,ZONE1,2026-04-16 07:00:00+00:00,2026-04-16 08:00:00+00:00,H
11288,ZONE1,2026-04-16 08:00:00+00:00,2026-04-16 09:00:00+00:00,H
11289,ZONE1,2026-04-16 09:00:00+00:00,2026-04-16 10:00:00+00:00,H
11290,ZONE1,2026-04-16 10:00:00+00:00,2026-04-16 11:00:00+00:00,H
11291,ZONE1,2026-04-16 11:00:00+00:00,2026-04-16 12:00:00+00:00,H
11292,ZONE1,2026-04-16 12:00:00+00:00,2026-04-16 13:00:00+00:00,H
11293,ZONE1,2026-04-16 13:00:00+00:00,2026-04-16 14:00:00+00:00,H
11294,ZONE1,2026-04-16 14:00:00+00:00,2026-04-16 15:00:00+00:00,H
11295,ZONE1,2026-04-16 15:00:00+00:00,2026-04-16 16:00:00+00:00,H
11296,ZONE1,2026-04-16 16:00:00+00:00,2026-04-16 17:00:00+00:00,H
11297,ZONE1,2026-04-16 17:00:00+00:00,2026-04-16 18:00:00+00:00,H
11298,ZONE1,2026-04-16 18:00:00+00:00,2026-04-16 19:00:00+00:00,H
11299,ZONE1,2026-04-16 19:00:00+00:00,2026-04-16 20:00:00+00:00,H
11300,ZONE1,2026-04-16 20:00:00+00:00,2026-04-16 21:00:00+00:00,H
11301,ZONE1,2026-04-16 21:00:00+00:00,2026-04-16 22:00:00+00:00,H
11302,ZONE1,2026-04-16 22:00:00+00:00,2026-04-16 23:00:00+00:00,H
11303,ZONE1,2026-04-16 23:00:00+00:00,2026-04-17 00:00:00+00:00,H
11304,ZONE1,2026-04-17 00:00:00+00:00,2026-04-17 01:00:00+00:00,H
11305,ZONE1,2026-04-17 01:00:00+00:00,2026-04-17 02:00:00+00:00,H
11306,ZONE1,2026-04-17 02:00:00+00:00,2026-04-17 03:00:00+00:00,H
11307,ZONE1,2026-04-17 03:00:00+00:00,2026-04-17 04:00:00+00:00,H
11308,ZONE1,2026-04-17 04:00:00+00:00,2026-04-17 05:00:00+00:00,H
11309,ZONE1,2026-04-17 05:00:00+00:00,2026-04-17 06:00:00+00:00,H
11310,ZONE1,2026-04-17 06:00:00+00:00,2026-04-17 07:00:00+00:00,H
11311,ZONE1,2026-04-17 07:00:00+00:00,2026-04-17 08:00:00+00:00,H
11312,ZONE1,2026-04-17 08:00:00+00:00,2026-04-17 09:00:00+00:00,H
11313,ZONE1,2026-04-17 09:00:00+00:00,2026-04-17 10:00:00+00:00,H
11314,ZONE1,2026-04-17 10:00:00+00:00,2026-04-17 11:00:00+00:00,H
11315,ZONE1,2026-04-17 11:00:00+00:00,2026-04-17 12:00:00+00:00,H
11316,ZONE1,2026-04-17 12:00:00+00:00,2026-04-17 13:00:00+00:00,H
11317,ZONE1,2026-04-17 13:00:00+00:00,2026-04-17 14:00:00+00:00,H
11318,ZONE1,2026-04-17 14:00:00+00:00,2026-04-17 15:00:00+00:00,H
11319,ZONE1,2026-04-17 15:00:00+00:00,2026-04-17 16:00:00+00:00,H
11320,ZONE1,2026-04-17 16:00:00+00:00,2026-04-17 17:00:00+00:00,H
11321,ZONE1,2026-04-17 17:00:00+00:00,2026-04-17 18:00:00+00:00,H
11322,ZONE1,2026-04-17 18:00:00+00:00,2026-04-17 19:00:00+00:00,H
11323,ZONE1,2026-04-17 19:00:00+00:00,2026-04-17 20:00:00+00:00,H
11324,ZONE1,2026-04-17 20:00:00+00:00,2026-04-17 21:00:00+00:00,H
11325,ZONE1,2026-04-17 21:00:00+00:00,2026-04-17 22:00:00+00:00,H
11326,ZONE1,2026-04-17 22:00:00+00:00,2026-04-17 23:00:00+00:00,H
11327,ZONE1,2026-04-17 23:00:00+00:00,2026-04-18 00:00:00+00:00,H
11328,ZONE1,2026-04-18 00:00:00+00:00,2026-04-18 01:00:00+00:00,H
11329,ZONE1,2026-04-18 01:00:00+00:00,2026-04-18 02:00:00+00:00,H
11330,ZONE1,2026-04-18 02:00:00+00:00,2026-04-18 03:00:00+00:00,H
11331,ZONE1,2026-04-18 03:00:00+00:00,2026-04-18 04:00:00+00:00,H
11332,ZONE1,2026-04-18 04:00:00+00:00,2026-04-18 05:00:00+00:00,H
11333,ZONE1,2026-04-18 05:00:00+00:00,2026-04-18 06:00:00+00:00,H
11334,ZONE1,2026-04-18 06:00:00+00:00,2026-04-18 07:00:00+00:00,H
11335,ZONE1,2026-04-18 07:00:00+00:00,2026-04-18 08:00:00+00:00,H
11336,ZONE1,2026-04-18 08:00:00+00:00,2026-04-18 09:00:00+00:00,H
11337,ZONE1,2026-04-18 09:00:00+00:00,2026-04-18 10:00:00+00:00,H
11338,ZONE1,2026-04-18 10:00:00+00:00,2026-04-18 11:00:00+00:00,H
11339,ZONE1,2026-04-18 11:00:00+00:00,2026-04-18 12:00:00+00:00,H
11340,ZONE1,2026-04-18 12:00:00+00:00,2026-04-18 13:00:00+00:00,H
11341,ZONE1,2026-04-18 13:00:00+00:00,2026-04-18 14:00:00+00:00,H
11342,ZONE1,2026-04-18 14:00:00+00:00,2026-04-18 15:00:00+00:00,H
11343,ZONE1,2026-04-18 15:00:00+00:00,2026-04-18 16:00:00+00:00,H
11344,ZONE1,2026-04-18 16:00:00+00:00,2026-04-18 17:00:00+00:00,H
11345,ZONE1,2026-04-18 17:00:00+00:00,2026-04-18 18:00:00+00:00,H
11346,ZONE1,2026-04-18 18:00:00+00:00,2026-04-18 19:00:00+00:00,H
11347,ZONE1,2026-04-18 19:00:00+00:00,2026-04-18 20:00:00+00:00,H
11348,ZONE1,2026-04-18 20:00:00+00:00,2026-04-18 21:00:00+00:00,H
11349,ZONE1,2026-04-18 21:00:00+00:00,2026-04-18 22:00:00+00:00,H
11350,ZONE1,2026-04-18 22:00:00+00:00,2026-04-18 23:00:00+00:00,H
11351,ZONE1,2026-04-18 23:00:00+00:00,2026-04-19 00:00:00+00:00,H
11352,ZONE1,2026-04-19 00:00:00+00:00,2026-04-19 01:00:00+00:00,H
11353,ZONE1,2026-04-19 01:00:00+00:00,2026-04-19 02:00:00+00:00,H
11354,ZONE1,2026-04-19 02:00:00+00:00,2026-04-19 03:00:00+00:00,H
11355,ZONE1,2026-04-19 03:00:00+00:00,2026-04-19 04:00:00+00:00,H
11356,ZONE1,2026-04-19 04:00:00+00:00,2026-04-19 05:00:00+00:00,H
11357,ZONE1,2026-04-19 05:00:00+00:00,2026-04-19 06:00:00+00:00,H
11358,ZONE1,2026-04-19 06:00:00+00:00,2026-04-19 07:00:00+00:00,H
11359,ZONE1,2026-04-19 07:00:00+00:00,2026-04-19 08:00:00+00:00,H
11360,ZONE1,2026-04-19 08:00:00+00:00,2026-04-19 09:00:00+00:00,H
11361,ZONE1,2026-04-19 09:00:00+00:00,2026-04-19 10:00:00+00:00,H
11362,ZONE1,2026-04-19 10:00:00+00:00,2026-04-19 11:00:00+00:00,H
11363,ZONE1,2026-04-19 11:00:00+00:00,2026-04-19 12:00:00+00:00,H
11364,ZONE1,2026-04-19 12:00:00+00:00,2026-04-19 13:00:00+00:00,H
11365,ZONE1,2026-04-19 13:00:00+00:00,2026-04-19 14:00:00+00:00,H
11366,ZONE1,2026-04-19 14:00:00+00:00,2026-04-19 15:00:00+00:00,H
11367,ZONE1,2026-04-19 15:00:00+00:00,2026-04-19 16:00:00+00:00,H
11368,ZONE1,2026-04-19 16:00:00+00:00,2026-04-19 17:00:00+00:00,H
11369,ZONE1,2026-04-19 17:00:00+00:00,2026-04-19 18:00:00+00:00,H
11370,ZONE1,2026-04-19 18:00:00+00:00,2026-04-19 19:00:00+00:00,H
11371,ZONE1,2026-04-19 19:00:00+00:00,2026-04-19 20:00:00+00:00,H
11372,ZONE1,2026-04-19 20:00:00+00:00,2026-04-19 21:00:00+00:00,H
11373,ZONE1,2026-04-19 21:00:00+00:00,2026-04-19 22:00:00+00:00,H
11374,ZONE1,2026-04-19 22:00:00+00:00,2026-04-19 23:00:00+00:00,H
11375,ZONE1,2026-04-19 23:00:00+00:00,2026-04-20 00:00:00+00:00,H
11376,ZONE1,2026-04-20 00:00:00+00:00,2026-04-20 01:00:00+00:00,H
11377,ZONE1,2026-04-20 01:00:00+00:00,2026-04-20 02:00:00+00:00,H
11378,ZONE1,2026-04-20 02:00:00+00:00,2026-04-20 03:00:00+00:00,H
11379,ZONE1,2026-04-20 03:00:00+00:00,2026-04-20 04:00:00+00:00,H
11380,ZONE1,2026-04-20 04:00:00+00:00,2026-04-20 05:00:00+00:00,H
11381,ZONE1,2026-04-20 05:00:00+00:00,2026-04-20 06:00:00+00:00,H
11382,ZONE1,2026-04-20 06:00:00+00:00,2026-04-20 07:00:00+00:00,H
11383,ZONE1,2026-04-20 07:00:00+00:00,2026-04-20 08:00:00+00:00,H
11384,ZONE1,2026-04-20 08:00:00+00:00,2026-04-20 09:00:00+00:00,H
11385,ZONE1,2026-04-20 09:00:00+00:00,2026-04-20 10:00:00+00:00,H
11386,ZONE1,2026-04-20 10:00:00+00:00,2026-04-20 11:00:00+00:00,H
11387,ZONE1,2026-04-20 11:00:00+00:00,2026-04-20 12:00:00+00:00,H
11388,ZONE1,2026-04-20 12:00:00+00:00,2026-04-20 13:00:00+00:00,H
11389,ZONE1,2026-04-20 13:00:00+00:00,2026-04-20 14:00:00+00:00,H
11390,ZONE1,2026-04-20 14:00:00+00:00,2026-04-20 15:00:00+00:00,H
11391,ZONE1,2026-04-20 15:00:00+00:00,2026-04-20 16:00:00+00:00,H
11392,ZONE1,2026-04-20 16:00:00+00:00,2026-04-20 17:00:00+00:00,H
11393,ZONE1,2026-04-20 17:00:00+00:00,2026-04-20 18:00:00+00:00,H
11394,ZONE1,2026-04-20 18:00:00+00:00,2026-04-20 19:00:00+00:00,H
11395,ZONE1,2026-04-20 19:00:00+00:00,2026-04-20 20:00:00+00:00,H
11396,ZONE1,2026-04-20 20:00:00+00:00,2026-04-20 21:00:00+00:00,H
11397,ZONE1,2026-04-20 21:00:00+00:00,2026-04-20 22:00:00+00:00,H
11398,ZONE1,2026-04-20 22:00:00+00:00,2026-04-20 23:00:00+00:00,H
11399,ZONE1,2026-04-20 23:00:00+00:00,2026-04-21 00:00:00+00:00,H
11400,ZONE1,2026-04-21 00:00:00+00:00,2026-04-21 01:00:00+00:00,H
11401,ZONE1,2026-04-21 01:00:00+00:00,2026-04-21 02:00:00+00:00,H
11402,ZONE1,2026-04-21 02:00:00+00:00,2026-04-21 03:00:00+00:00,H
11403,ZONE1,2026-04-21 03:00:00+00:00,2026-04-21 04:00:00+00:00,H
11404,ZONE1,2026-04-21 04:00:00+00:00,2026-04-21 05:00:00+00:00,H
11405,ZONE1,2026-04-21 05:00:00+00:00,2026-04-21 06:00:00+00:00,H
11406,ZONE1,2026-04-21 06:00:00+00:00,2026-04-21 07:00:00+00:00,H
11407,ZONE1,2026-04-21 07:00:00+00:00,2026-04-21 08:00:00+00:00,H
11408,ZONE1,2026-04-21 08:00:00+00:00,2026-04-21 09:00:00+00:00,H
11409,ZONE1,2026-04-21 09:00:00+00:00,2026-04-21 10:00:00+00:00,H
11410,ZONE1,2026-04-21 10:00:00+00:00,2026-04-21 11:00:00+00:00,H
11411,ZONE1,2026-04-21 11:00:00+00:00,2026-04-21 12:00:00+00:00,H
11412,ZONE1,2026-04-21 12:00:00+00:00,2026-04-21 13:00:00+00:00,H
11413,ZONE1,2026-04-21 13:00:00+00:00,2026-04-21 14:00:00+00:00,H
11414,ZONE1,2026-04-21 14:00:00+00:00,2026-04-21 15:00:00+00:00,H
11415,ZONE1,2026-04-21 15:00:00+00:00,2026-04-21 16:00:00+00:00,H
11416,ZONE1,2026-04-21 16:00:00+00:00,2026-04-21 17:00:00+00:00,H
11417,ZONE1,2026-04-21 17:00:00+00:00,2026-04-21 18:00:00+00:00,H
11418,ZONE1,2026-04-21 18:00:00+00:00,2026-04-21 19:00:00+00:00,H
11419,ZONE1,2026-04-21 19:00:00+00:00,2026-04-21 20:00:00+00:00,H
11420,ZONE1,2026-04-21 20:00:00+00:00,2026-04-21 21:00:00+00:00,H
11421,ZONE1,2026-04-21 21:00:00+00:00,2026-04-21 22:00:00+00:00,H
11422,ZONE1,2026-04-21 22:00:00+00:00,2026-04-21 23:00:00+00:00,H
11423,ZONE1,2026-04-21 23:00:00+00:00,2026-04-22 00:00:00+00:00,H
11424,ZONE1,2026-04-22 00:00:00+00:00,2026-04-22 01:00:00+00:00,H
11425,ZONE1,2026-04-22 01:00:00+00:00,2026-04-22 02:00:00+00:00,H
11426,ZONE1,2026-04-22 02:00:00+00:00,2026-04-22 03:00:00+00:00,H
11427,ZONE1,2026-04-22 03:00:00+00:00,2026-04-22 04:00:00+00:00,H
11428,ZONE1,2026-04-22 04:00:00+00:00,2026-04-22 05:00:00+00:00,H
11429,ZONE1,2026-04-22 05:00:00+00:00,2026-04-22 06:00:00+00:00,H
11430,ZONE1,2026-04-22 06:00:00+00:00,2026-04-22 07:00:00+00:00,H
11431,ZONE1,2026-04-22 07:00:00+00:00,2026-04-22 08:00:00+00:00,H
11432,ZONE1,2026-04-22 08:00:00+00:00,2026-04-22 09:00:00+00:00,H
11433,ZONE1,2026-04-22 09:00:00+00:00,2026-04-22 10:00:00+00:00,H
11434,ZONE1,2026-04-22 10:00:00+00:00,2026-04-22 11:00:00+00:00,H
11435,ZONE1,2026-04-22 11:00:00+00:00,2026-04-22 12:00:00+00:00,H
11436,ZONE1,2026-04-22 12:00:00+00:00,2026-04-22 13:00:00+00:00,H
11437,ZONE1,2026-04-22 13:00:00+00:00,2026-04-22 14:00:00+00:00,H
11438,ZONE1,2026-04-22 14:00:00+00:00,2026-04-22 15:00:00+00:00,H
11439,ZONE1,2026-04-22 15:00:00+00:00,2026-04-22 16:00:00+00:00,H
11440,ZONE1,2026-04-22 16:00:00+00:00,2026-04-22 17:00:00+00:00,H
11441,ZONE1,2026-04-22 17:00:00+00:00,2026-04-22 18:00:00+00:00,H
11442,ZONE1,2026-04-22 18:00:00+00:00,2026-04-22 19:00:00+00:00,H
11443,ZONE1,2026-04-22 19:00:00+00:00,2026-04-22 20:00:00+00:00,H
11444,ZONE1,2026-04-22 20:00:00+00:00,2026-04-22 21:00:00+00:00,H
11445,ZONE1,2026-04-22 21:00:00+00:00,2026-04-22 22:00:00+00:00,H
11446,ZONE1,2026-04-22 22:00:00+00:00,2026-04-22 23:00:00+00:00,H
11447,ZONE1,2026-04-22 23:00:00+00:00,2026-04-23 00:00:00+00:00,H
11448,ZONE1,2026-04-23 00:00:00+00:00,2026-04-23 01:00:00+00:00,H
11449,ZONE1,2026-04-23 01:00:00+00:00,2026-04-23 02:00:00+00:00,H
11450,ZONE1,2026-04-23 02:00:00+00:00,2026-04-23 03:00:00+00:00,H
11451,ZONE1,2026-04-23 03:00:00+00:00,2026-04-23 04:00:00+00:00,H
11452,ZONE1,2026-04-23 04:00:00+00:00,2026-04-23 05:00:00+00:00,H
11453,ZONE1,2026-04-23 05:00:00+00:00,2026-04-23 06:00:00+00:00,H
11454,ZONE1,2026-04-23 06:00:00+00:00,2026-04-23 07:00:00+00:00,H
11455,ZONE1,2026-04-23 07:00:00+00:00,2026-04-23 08:00:00+00:00,H
11456,ZONE1,2026-04-23 08:00:00+00:00,2026-04-23 09:00:00+00:00,H
11457,ZONE1,2026-04-23 09:00:00+00:00,2026-04-23 10:00:00+00:00,H
11458,ZONE1,2026-04-23 10:00:00+00:00,2026-04-23 11:00:00+00:00,H
11459,ZONE1,2026-04-23 11:00:00+00:00,2026-04-23 12:00:00+00:00,H
11460,ZONE1,2026-04-23 12:00:00+00:00,2026-04-23 13:00:00+00:00,H
11461,ZONE1,2026-04-23 13:00:00+00:00,2026-04-23 14:00:00+00:00,H
11462,ZONE1,2026-04-23 14:00:00+00:00,2026-04-23 15:00:00+00:00,H
11463,ZONE1,2026-04-23 15:00:00+00:00,2026-04-23 16:00:00+00:00,H
11464,ZONE1,2026-04-23 16:00:00+00:00,2026-04-23 17:00:00+00:00,H
11465,ZONE1,2026-04-23 17:00:00+00:00,2026-04-23 18:00:00+00:00,H
11466,ZONE1,2026-04-23 18:00:00+00:00,2026-04-23 19:00:00+00:00,H
11467,ZONE1,2026-04-23 19:00:00+00:00,2026-04-23 20:00:00+00:00,H
11468,ZONE1,2026-04-23 20:00:00+00:00,2026-04-23 21:00:00+00:00,H
11469,ZONE1,2026-04-23 21:00:00+00:00,2026-04-23 22:00:00+00:00,H
11470,ZONE1,2026-04-23 22:00:00+00:00,2026-04-23 23:00:00+00:00,H
11471,ZONE1,2026-04-23 23:00:00+00:00,2026-04-24 00:00:00+00:00,H
11472,ZONE1,2026-04-24 00:00:00+00:00,2026-04-24 01:00:00+00:00,H
11473,ZONE1,2026-04-24 01:00:00+00:00,2026-04-24 02:00:00+00:00,H
11474,ZONE1,2026-04-24 02:00:00+00:00,2026-04-24 03:00:00+00:00,H
11475,ZONE1,2026-04-24 03:00:00+00:00,2026-04-24 04:00:00+00:00,H
11476,ZONE1,2026-04-24 04:00:00+00:00,2026-04-24 05:00:00+00:00,H
11477,ZONE1,2026-04-24 05:00:00+00:00,2026-04-24 06:00:00+00:00,H
11478,ZONE1,2026-04-24 06:00:00+00:00,2026-04-24 07:00:00+00:00,H
11479,ZONE1,2026-04-24 07:00:00+00:00,2026-04-24 08:00:00+00:00,H
11480,ZONE1,2026-04-24 08:00:00+00:00,2026-04-24 09:00:00+00:00,H
11481,ZONE1,2026-04-24 09:00:00+00:00,2026-04-24 10:00:00+00:00,H
11482,ZONE1,2026-04-24 10:00:00+00:00,2026-04-24 11:00:00+00:00,H
11483,ZONE1,2026-04-24 11:00:00+00:00,2026-04-24 12:00:00+00:00,H
11484,ZONE1,2026-04-24 12:00:00+00:00,2026-04-24 13:00:00+00:00,H
11485,ZONE1,2026-04-24 13:00:00+00:00,2026-04-24 14:00:00+00:00,H
11486,ZONE1,2026-04-24 14:00:00+00:00,2026-04-24 15:00:00+00:00,H
11487,ZONE1,2026-04-24 15:00:00+00:00,2026-04-24 16:00:00+00:00,H
11488,ZONE1,2026-04-24 16:00:00+00:00,2026-04-24 17:00:00+00:00,H
11489,ZONE1,2026-04-24 17:00:00+00:00,2026-04-24 18:00:00+00:00,H
11490,ZONE1,2026-04-24 18:00:00+00:00,2026-04-24 19:00:00+00:00,H
11491,ZONE1,2026-04-24 19:00:00+00:00,2026-04-24 20:00:00+00:00,H
11492,ZONE1,2026-04-24 20:00:00+00:00,2026-04-24 21:00:00+00:00,H
11493,ZONE1,2026-04-24 21:00:00+00:00,2026-04-24 22:00:00+00:00,H
11494,ZONE1,2026-04-24 22:00:00+00:00,2026-04-24 23:00:00+00:00,H
11495,ZONE1,2026-04-24 23:00:00+00:00,2026-04-25 00:00:00+00:00,H
11496,ZONE1,2026-04-25 00:00:00+00:00,2026-04-25 01:00:00+00:00,H
11497,ZONE1,2026-04-25 01:00:00+00:00,2026-04-25 02:00:00+00:00,H
11498,ZONE1,2026-04-25 02:00:00+00:00,2026-04-25 03:00:00+00:00,H
11499,ZONE1,2026-04-25 03:00:00+00:00,2026-04-25 04:00:00+00:00,H
11500,ZONE1,2026-04-25 04:00:00+00:00,2026-04-25 05:00:00+00:00,H
11501,ZONE1,2026-04-25 05:00:00+00:00,2026-04-25 06:00:00+00:00,H
11502,ZONE1,2026-04-25 06:00:00+00:00,2026-04-25 07:00:00+00:00,H
11503,ZONE1,2026-04-25 07:00:00+00:00,2026-04-25 08:00:00+00:00,H
11504,ZONE1,2026-04-25 08:00:00+00:00,2026-04-25 09:00:00+00:00,H
11505,ZONE1,2026-04-25 09:00:00+00:00,2026-04-25 10:00:00+00:00,H
11506,ZONE1,2026-04-25 10:00:00+00:00,2026-04-25 11:00:00+00:00,H
11507,ZONE1,2026-04-25 11:00:00+00:00,2026-04-25 12:00:00+00:00,H
11508,ZONE1,2026-04-25 12:00:00+00:00,2026-04-25 13:00:00+00:00,H
11509,ZONE1,2026-04-25 13:00:00+00:00,2026-04-25 14:00:00+00:00,H
11510,ZONE1,2026-04-25 14:00:00+00:00,2026-04-25 15:00:00+00:00,H
11511,ZONE1,2026-04-25 15:00:00+00:00,2026-04-25 16:00:00+00:00,H
11512,ZONE1,2026-04-25 16:00:00+00:00,2026-04-25 17:00:00+00:00,H
11513,ZONE1,2026-04-25 17:00:00+00:00,2026-04-25 18:00:00+00:00,H
11514,ZONE1,2026-04-25 18:00:00+00:00,2026-04-25 19:00:00+00:00,H
11515,ZONE1,2026-04-25 19:00:00+00:00,2026-04-25 20:00:00+00:00,H
11516,ZONE1,2026-04-25 20:00:00+00:00,2026-04-25 21:00:00+00:00,H
11517,ZONE1,2026-04-25 21:00:00+00:00,2026-04-25 22:00:00+00:00,H
11518,ZONE1,2026-04-25 22:00:00+00:00,2026-04-25 23:00:00+00:00,H
11519,ZONE1,2026-04-25 23:00:00+00:00,2026-04-26 00:00:00+00:00,H
11520,ZONE1,2026-04-26 00:00:00+00:00,2026-04-26 01:00:00+00:00,H
11521,ZONE1,2026-04-26 01:00:00+00:00,2026-04-26 02:00:00+00:00,H
11522,ZONE1,2026-04-26 02:00:00+00:00,2026-04-26 03:00:00+00:00,H
11523,ZONE1,2026-04-26 03:00:00+00:00,2026-04-26 04:00:00+00:00,H
11524,ZONE1,2026-04-26 04:00:00+00:00,2026-04-26 05:00:00+00:00,H
11525,ZONE1,2026-04-26 05:00:00+00:00,2026-04-26 06:00:00+00:00,H
11526,ZONE1,2026-04-26 06:00:00+00:00,2026-04-26 07:00:00+00:00,H
11527,ZONE1,2026-04-26 07:00:00+00:00,2026-04-26 08:00:00+00:00,H
11528,ZONE1,2026-04-26 08:00:00+00:00,2026-04-26 09:00:00+00:00,H
11529,ZONE1,2026-04-26 09:00:00+00:00,2026-04-26 10:00:00+00:00,H
11530,ZONE1,2026-04-26 10:00:00+00:00,2026-04-26 11:00:00+00:00,H
11531,ZONE1,2026-04-26 11:00:00+00:00,2026-04-26 12:00:00+00:00,H
11532,ZONE1,2026-04-26 12:00:00+00:00,2026-04-26 13:00:00+00:00,H
11533,ZONE1,2026-04-26 13:00:00+00:00,2026-04-26 14:00:00+00:00,H
11534,ZONE1,2026-04-26 14:00:00+00:00,2026-04-26 15:00:00+00:00,H
11535,ZONE1,2026-04-26 15:00:00+00:00,2026-04-26 16:00:00+00:00,H
11536,ZONE1,2026-04-26 16:00:00+00:00,2026-04-26 17:00:00+00:00,H
11537,ZONE1,2026-04-26 17:00:00+00:00,2026-04-26 18:00:00+00:00,H
11538,ZONE1,2026-04-26 18:00:00+00:00,2026-04-26 19:00:00+00:00,H
11539,ZONE1,2026-04-26 19:00:00+00:00,2026-04-26 20:00:00+00:00,H
11540,ZONE1,2026-04-26 20:00:00+00:00,2026-04-26 21:00:00+00:00,H
11541,ZONE1,2026-04-26 21:00:00+00:00,2026-04-26 22:00:00+00:00,H
11542,ZONE1,2026-04-26 22:00:00+00:00,2026-04-26 23:00:00+00:00,H
11543,ZONE1,2026-04-26 23:00:00+00:00,2026-04-27 00:00:00+00:00,H
11544,ZONE1,2026-04-27 00:00:00+00:00,2026-04-27 01:00:00+00:00,H
11545,ZONE1,2026-04-27 01:00:00+00:00,2026-04-27 02:00:00+00:00,H
11546,ZONE1,2026-04-27 02:00:00+00:00,2026-04-27 03:00:00+00:00,H
11547,ZONE1,2026-04-27 03:00:00+00:00,2026-04-27 04:00:00+00:00,H
11548,ZONE1,2026-04-27 04:00:00+00:00,2026-04-27 05:00:00+00:00,H
11549,ZONE1,2026-04-27 05:00:00+00:00,2026-04-27 06:00:00+00:00,H
11550,ZONE1,2026-04-27 06:00:00+00:00,2026-04-27 07:00:00+00:00,H
11551,ZONE1,2026-04-27 07:00:00+00:00,2026-04-27 08:00:00+00:00,H
11552,ZONE1,2026-04-27 08:00:00+00:00,2026-04-27 09:00:00+00:00,H
11553,ZONE1,2026-04-27 09:00:00+00:00,2026-04-27 10:00:00+00:00,H
11554,ZONE1,2026-04-27 10:00:00+00:00,2026-04-27 11:00:00+00:00,H
11555,ZONE1,2026-04-27 11:00:00+00:00,2026-04-27 12:00:00+00:00,H
11556,ZONE1,2026-04-27 12:00:00+00:00,2026-04-27 13:00:00+00:00,H
11557,ZONE1,2026-04-27 13:00:00+00:00,2026-04-27 14:00:00+00:00,H
11558,ZONE1,2026-04-27 14:00:00+00:00,2026-04-27 15:00:00+00:00,H
11559,ZONE1,2026-04-27 15:00:00+00:00,2026-04-27 16:00:00+00:00,H
11560,ZONE1,2026-04-27 16:00:00+00:00,2026-04-27 17:00:00+00:00,H
11561,ZONE1,2026-04-27 17:00:00+00:00,2026-04-27 18:00:00+00:00,H
11562,ZONE1,2026-04-27 18:00:00+00:00,2026-04-27 19:00:00+00:00,H
11563,ZONE1,2026-04-27 19:00:00+00:00,2026-04-27 20:00:00+00:00,H
11564,ZONE1,2026-04-27 20:00:00+00:00,2026-04-27 21:00:00+00:00,H
11565,ZONE1,2026-04-27 21:00:00+00:00,2026-04-27 22:00:00+00:00,H
11566,ZONE1,2026-04-27 22:00:00+00:00,2026-04-27 23:00:00+00:00,H
11567,ZONE1,2026-04-27 23:00:00+00:00,2026-04-28 00:00:00+00:00,H
11568,ZONE1,2026-04-28 00:00:00+00:00,2026-04-28 01:00:00+00:00,H
11569,ZONE1,2026-04-28 01:00:00+00:00,2026-04-28 02:00:00+00:00,H
11570,ZONE1,2026-04-28 02:00:00+00:00,2026-04-28 03:00:00+00:00,H
11571,ZONE1,2026-04-28 03:00:00+00:00,2026-04-28 04:00:00+00:00,H
11572,ZONE1,2026-04-28 04:00:00+00:00,2026-04-28 05:00:00+00:00,H
11573,ZONE1,2026-04-28 05:00:00+00:00,2026-04-28 06:00:00+00:00,H
11574,ZONE1,2026-04-28 06:00:00+00:00,2026-04-28 07:00:00+00:00,H
11575,ZONE1,2026-04-28 07:00:00+00:00,2026-04-28 08:00:00+00:00,H
11576,ZONE1,2026-04-28 08:00:00+00:00,2026-04-28 09:00:00+00:00,H
11577,ZONE1,2026-04-28 09:00:00+00:00,2026-04-28 10:00:00+00:00,H
11578,ZONE1,2026-04-28 10:00:00+00:00,2026-04-28 11:00:00+00:00,H
11579,ZONE1,2026-04-28 11:00:00+00:00,2026-04-28 12:00:00+00:00,H
11580,ZONE1,2026-04-28 12:00:00+00:00,2026-04-28 13:00:00+00:00,H
11581,ZONE1,2026-04-28 13:00:00+00:00,2026-04-28 14:00:00+00:00,H
11582,ZONE1,2026-04-28 14:00:00+00:00,2026-04-28 15:00:00+00:00,H
11583,ZONE1,2026-04-28 15:00:00+00:00,2026-04-28 16:00:00+00:00,H
11584,ZONE1,2026-04-28 16:00:00+00:00,2026-04-28 17:00:00+00:00,H
11585,ZONE1,2026-04-28 17:00:00+00:00,2026-04-28 18:00:00+00:00,H
11586,ZONE1,2026-04-28 18:00:00+00:00,2026-04-28 19:00:00+00:00,H
11587,ZONE1,2026-04-28 19:00:00+00:00,2026-04-28 20:00:00+00:00,H
11588,ZONE1,2026-04-28 20:00:00+00:00,2026-04-28 21:00:00+00:00,H
11589,ZONE1,2026-04-28 21:00:00+00:00,2026-04-28 22:00:00+00:00,H
11590,ZONE1,2026-04-28 22:00:00+00:00,2026-04-28 23:00:00+00:00,H
11591,ZONE1,2026-04-28 23:00:00+00:00,2026-04-29 00:00:00+00:00,H
11592,ZONE1,2026-04-29 00:00:00+00:00,2026-04-29 01:00:00+00:00,H
11593,ZONE1,2026-04-29 01:00:00+00:00,2026-04-29 02:00:00+00:00,H
11594,ZONE1,2026-04-29 02:00:00+00:00,2026-04-29 03:00:00+00:00,H
11595,ZONE1,2026-04-29 03:00:00+00:00,2026-04-29 04:00:00+00:00,H
11596,ZONE1,2026-04-29 04:00:00+00:00,2026-04-29 05:00:00+00:00,H
11597,ZONE1,2026-04-29 05:00:00+00:00,2026-04-29 06:00:00+00:00,H
11598,ZONE1,2026-04-29 06:00:00+00:00,2026-04-29 07:00:00+00:00,H
11599,ZONE1,2026-04-29 07:00:00+00:00,2026-04-29 08:00:00+00:00,H
11600,ZONE1,2026-04-29 08:00:00+00:00,2026-04-29 09:00:00+00:00,H
11601,ZONE1,2026-04-29 09:00:00+00:00,2026-04-29 10:00:00+00:00,H
11602,ZONE1,2026-04-29 10:00:00+00:00,2026-04-29 11:00:00+00:00,H
11603,ZONE1,2026-04-29 11:00:00+00:00,2026-04-29 12:00:00+00:00,H
11604,ZONE1,2026-04-29 12:00:00+00:00,2026-04-29 13:00:00+00:00,H
11605,ZONE1,2026-04-29 13:00:00+00:00,2026-04-29 14:00:00+00:00,H
11606,ZONE1,2026-04-29 14:00:00+00:00,2026-04-29 15:00:00+00:00,H
11607,ZONE1,2026-04-29 15:00:00+00:00,2026-04-29 16:00:00+00:00,H
11608,ZONE1,2026-04-29 16:00:00+00:00,2026-04-29 17:00:00+00:00,H
11609,ZONE1,2026-04-29 17:00:00+00:00,2026-04-29 18:00:00+00:00,H
11610,ZONE1,2026-04-29 18:00:00+00:00,2026-04-29 19:00:00+00:00,H
11611,ZONE1,2026-04-29 19:00:00+00:00,2026-04-29 20:00:00+00:00,H
11612,ZONE1,2026-04-29 20:00:00+00:00,2026-04-29 21:00:00+00:00,H
11613,ZONE1,2026-04-29 21:00:00+00:00,2026-04-29 22:00:00+00:00,H
11614,ZONE1,2026-04-29 22:00:00+00:00,2026-04-29 23:00:00+00:00,H
11615,ZONE1,2026-04-29 23:00:00+00:00,2026-04-30 00:00:00+00:00,H
11616,ZONE1,2026-04-30 00:00:00+00:00,2026-04-30 01:00:00+00:00,H
11617,ZONE1,2026-04-30 01:00:00+00:00,2026-04-30 02:00:00+00:00,H
11618,ZONE1,2026-04-30 02:00:00+00:00,2026-04-30 03:00:00+00:00,H
11619,ZONE1,2026-04-30 03:00:00+00:00,2026-04-30 04:00:00+00:00,H
11620,ZONE1,2026-04-30 04:00:00+00:00,2026-04-30 05:00:00+00:00,H
11621,ZONE1,2026-04-30 05:00:00+00:00,2026-04-30 06:00:00+00:00,H
11622,ZONE1,2026-04-30 06:00:00+00:00,2026-04-30 07:00:00+00:00,H
11623,ZONE1,2026-04-30 07:00:00+00:00,2026-04-30 08:00:00+00:00,H
11624,ZONE1,2026-04-30 08:00:00+00:00,2026-04-30 09:00:00+00:00,H
11625,ZONE1,2026-04-30 09:00:00+00:00,2026-04-30 10:00:00+00:00,H
11626,ZONE1,2026-04-30 10:00:00+00:00,2026-04-30 11:00:00+00:00,H
11627,ZONE1,2026-04-30 11:00:00+00:00,2026-04-30 12:00:00+00:00,H
11628,ZONE1,2026-04-30 12:00:00+00:00,2026-04-30 13:00:00+00:00,H
11629,ZONE1,2026-04-30 13:00:00+00:00,2026-04-30 14:00:00+00:00,H
11630,ZONE1,2026-04-30 14:00:00+00:00,2026-04-30 15:00:00+00:00,H
11631,ZONE1,2026-04-30 15:00:00+00:00,2026-04-30 16:00:00+00:00,H
11632,ZONE1,2026-04-30 16:00:00+00:00,2026-04-30 17:00:00+00:00,H
11633,ZONE1,2026-04-30 17:00:00+00:00,2026-04-30 18:00:00+00:00,H
11634,ZONE1,2026-04-30 18:00:00+00:00,2026-04-30 19:00:00+00:00,H
11635,ZONE1,2026-04-30 19:00:00+00:00,2026-04-30 20:00:00+00:00,H
11636,ZONE1,2026-04-30 20:00:00+00:00,2026-04-30 21:00:00+00:00,H
11637,ZONE1,2026-04-30 21:00:00+00:00,2026-04-30 22:00:00+00:00,H
11638,ZONE1,2026-04-30 22:00:00+00:00,2026-04-30 23:00:00+00:00,H
11639,ZONE1,2026-04-30 23:00:00+00:00,2026-05-01 00:00:00+00:00,H
11640,ZONE1,2026-05-01 00:00:00+00:00,2026-05-01 01:00:00+00:00,H
11641,ZONE1,2026-05-01 01:00:00+00:00,2026-05-01 02:00:00+00:00,H
11642,ZONE1,2026-05-01 02:00:00+00:00,2026-05-01 03:00:00+00:00,H
11643,ZONE1,2026-05-01 03:00:00+00:00,2026-05-01 04:00:00+00:00,H
11644,ZONE1,2026-05-01 04:00:00+00:00,2026-05-01 05:00:00+00:00,H
11645,ZONE1,2026-05-01 05:00:00+00:00,2026-05-01 06:00:00+00:00,H
11646,ZONE1,2026-05-01 06:00:00+00:00,2026-05-01 07:00:00+00:00,H
11647,ZONE1,2026-05-01 07:00:00+00:00,2026-05-01 08:00:00+00:00,H
11648,ZONE1,2026-05-01 08:00:00+00:00,2026-05-01 09:00:00+00:00,H
11649,ZONE1,2026-05-01 09:00:00+00:00,2026-05-01 10:00:00+00:00,H
11650,ZONE1,2026-05-01 10:00:00+00:00,2026-05-01 11:00:00+00:00,H
11651,ZONE1,2026-05-01 11:00:00+00:00,2026-05-01 12:00:00+00:00,H
11652,ZONE1,2026-05-01 12:00:00+00:00,2026-05-01 13:00:00+00:00,H
11653,ZONE1,2026-05-01 13:00:00+00:00,2026-05-01 14:00:00+00:00,H
11654,ZONE1,2026-05-01 14:00:00+00:00,2026-05-01 15:00:00+00:00,H
11655,ZONE1,2026-05-01 15:00:00+00:00,2026-05-01 16:00:00+00:00,H
11656,ZONE1,2026-05-01 16:00:00+00:00,2026-05-01 17:00:00+00:00,H
11657,ZONE1,2026-05-01 17:00:00+00:00,2026-05-01 18:00:00+00:00,H
11658,ZONE1,2026-05-01 18:00:00+00:00,2026-05-01 19:00:00+00:00,H
11659,ZONE1,2026-05-01 19:00:00+00:00,2026-05-01 20:00:00+00:00,H
11660,ZONE1,2026-05-01 20:00:00+00:00,2026-05-01 21:00:00+00:00,H
11661,ZONE1,2026-05-01 21:00:00+00:00,2026-05-01 22:00:00+00:00,H
11662,ZONE1,2026-05-01 22:00:00+00:00,2026-05-01 23:00:00+00:00,H
11663,ZONE1,2026-05-01 23:00:00+00:00,2026-05-02 00:00:00+00:00,H
11664,ZONE1,2026-05-02 00:00:00+00:00,2026-05-02 01:00:00+00:00,H
11665,ZONE1,2026-05-02 01:00:00+00:00,2026-05-02 02:00:00+00:00,H
11666,ZONE1,2026-05-02 02:00:00+00:00,2026-05-02 03:00:00+00:00,H
11667,ZONE1,2026-05-02 03:00:00+00:00,2026-05-02 04:00:00+00:00,H
11668,ZONE1,2026-05-02 04:00:00+00:00,2026-05-02 05:00:00+00:00,H
11669,ZONE1,2026-05-02 05:00:00+00:00,2026-05-02 06:00:00+00:00,H
11670,ZONE1,2026-05-02 06:00:00+00:00,2026-05-02 07:00:00+00:00,H
11671,ZONE1,2026-05-02 07:00:00+00:00,2026-05-02 08:00:00+00:00,H
11672,ZONE1,2026-05-02 08:00:00+00:00,2026-05-02 09:00:00+00:00,H
11673,ZONE1,2026-05-02 09:00:00+00:00,2026-05-02 10:00:00+00:00,H
11674,ZONE1,2026-05-02 10:00:00+00:00,2026-05-02 11:00:00+00:00,H
11675,ZONE1,2026-05-02 11:00:00+00:00,2026-05-02 12:00:00+00:00,H
11676,ZONE1,2026-05-02 12:00:00+00:00,2026-05-02 13:00:00+00:00,H
11677,ZONE1,2026-05-02 13:00:00+00:00,2026-05-02 14:00:00+00:00,H
11678,ZONE1,2026-05-02 14:00:00+00:00,2026-05-02 15:00:00+00:00,H
11679,ZONE1,2026-05-02 15:00:00+00:00,2026-05-02 16:00:00+00:00,H
11680,ZONE1,2026-05-02 16:00:00+00:00,2026-05-02 17:00:00+00:00,H
11681,ZONE1,2026-05-02 17:00:00+00:00,2026-05-02 18:00:00+00:00,H
11682,ZONE1,2026-05-02 18:00:00+00:00,2026-05-02 19:00:00+00:00,H
11683,ZONE1,2026-05-02 19:00:00+00:00,2026-05-02 20:00:00+00:00,H
11684,ZONE1,2026-05-02 20:00:00+00:00,2026-05-02 21:00:00+00:00,H
11685,ZONE1,2026-05-02 21:00:00+00:00,2026-05-02 22:00:00+00:00,H
11686,ZONE1,2026-05-02 22:00:00+00:00,2026-05-02 23:00:00+00:00,H
11687,ZONE1,2026-05-02 23:00:00+00:00,2026-05-03 00:00:00+00:00,H
11688,ZONE1,2026-05-03 00:00:00+00:00,2026-05-03 01:00:00+00:00,H
11689,ZONE1,2026-05-03 01:00:00+00:00,2026-05-03 02:00:00+00:00,H
11690,ZONE1,2026-05-03 02:00:00+00:00,2026-05-03 03:00:00+00:00,H
11691,ZONE1,2026-05-03 03:00:00+00:00,2026-05-03 04:00:00+00:00,H
11692,ZONE1,2026-05-03 04:00:00+00:00,2026-05-03 05:00:00+00:00,H
11693,ZONE1,2026-05-03 05:00:00+00:00,2026-05-03 06:00:00+00:00,H
11694,ZONE1,2026-05-03 06:00:00+00:00,2026-05-03 07:00:00+00:00,H
11695,ZONE1,2026-05-03 07:00:00+00:00,2026-05-03 08:00:00+00:00,H
11696,ZONE1,2026-05-03 08:00:00+00:00,2026-05-03 09:00:00+00:00,H
11697,ZONE1,2026-05-03 09:00:00+00:00,2026-05-03 10:00:00+00:00,H
11698,ZONE1,2026-05-03 10:00:00+00:00,2026-05-03 11:00:00+00:00,H
11699,ZONE1,2026-05-03 11:00:00+00:00,2026-05-03 12:00:00+00:00,H
11700,ZONE1,2026-05-03 12:00:00+00:00,2026-05-03 13:00:00+00:00,H
11701,ZONE1,2026-05-03 13:00:00+00:00,2026-05-03 14:00:00+00:00,H
11702,ZONE1,2026-05-03 14:00:00+00:00,2026-05-03 15:00:00+00:00,H
11703,ZONE1,2026-05-03 15:00:00+00:00,2026-05-03 16:00:00+00:00,H
11704,ZONE1,2026-05-03 16:00:00+00:00,2026-05-03 17:00:00+00:00,H
11705,ZONE1,2026-05-03 17:00:00+00:00,2026-05-03 18:00:00+00:00,H
11706,ZONE1,2026-05-03 18:00:00+00:00,2026-05-03 19:00:00+00:00,H
11707,ZONE1,2026-05-03 19:00:00+00:00,2026-05-03 20:00:00+00:00,H
11708,ZONE1,2026-05-03 20:00:00+00:00,2026-05-03 21:00:00+00:00,H
11709,ZONE1,2026-05-03 21:00:00+00:00,2026-05-03 22:00:00+00:00,H
11710,ZONE1,2026-05-03 22:00:00+00:00,2026-05-03 23:00:00+00:00,H
11711,ZONE1,2026-05-03 23:00:00+00:00,2026-05-04 00:00:00+00:00,H
11712,ZONE1,2026-05-04 00:00:00+00:00,2026-05-04 01:00:00+00:00,H
11713,ZONE1,2026-05-04 01:00:00+00:00,2026-05-04 02:00:00+00:00,H
11714,ZONE1,2026-05-04 02:00:00+00:00,2026-05-04 03:00:00+00:00,H
11715,ZONE1,2026-05-04 03:00:00+00:00,2026-05-04 04:00:00+00:00,H
11716,ZONE1,2026-05-04 04:00:00+00:00,2026-05-04 05:00:00+00:00,H
11717,ZONE1,2026-05-04 05:00:00+00:00,2026-05-04 06:00:00+00:00,H
11718,ZONE1,2026-05-04 06:00:00+00:00,2026-05-04 07:00:00+00:00,H
11719,ZONE1,2026-05-04 07:00:00+00:00,2026-05-04 08:00:00+00:00,H
11720,ZONE1,2026-05-04 08:00:00+00:00,2026-05-04 09:00:00+00:00,H
11721,ZONE1,2026-05-04 09:00:00+00:00,2026-05-04 10:00:00+00:00,H
11722,ZONE1,2026-05-04 10:00:00+00:00,2026-05-04 11:00:00+00:00,H
11723,ZONE1,2026-05-04 11:00:00+00:00,2026-05-04 12:00:00+00:00,H
11724,ZONE1,2026-05-04 12:00:00+00:00,2026-05-04 13:00:00+00:00,H
11725,ZONE1,2026-05-04 13:00:00+00:00,2026-05-04 14:00:00+00:00,H
11726,ZONE1,2026-05-04 14:00:00+00:00,2026-05-04 15:00:00+00:00,H
11727,ZONE1,2026-05-04 15:00:00+00:00,2026-05-04 16:00:00+00:00,H
11728,ZONE1,2026-05-04 16:00:00+00:00,2026-05-04 17:00:00+00:00,H
11729,ZONE1,2026-05-04 17:00:00+00:00,2026-05-04 18:00:00+00:00,H
11730,ZONE1,2026-05-04 18:00:00+00:00,2026-05-04 19:00:00+00:00,H
11731,ZONE1,2026-05-04 19:00:00+00:00,2026-05-04 20:00:00+00:00,H
11732,ZONE1,2026-05-04 20:00:00+00:00,2026-05-04 21:00:00+00:00,H
11733,ZONE1,2026-05-04 21:00:00+00:00,2026-05-04 22:00:00+00:00,H
11734,ZONE1,2026-05-04 22:00:00+00:00,2026-05-04 23:00:00+00:00,H
11735,ZONE1,2026-05-04 23:00:00+00:00,2026-05-05 00:00:00+00:00,H
11736,ZONE1,2026-05-05 00:00:00+00:00,2026-05-05 01:00:00+00:00,H
11737,ZONE1,2026-05-05 01:00:00+00:00,2026-05-05 02:00:00+00:00,H
11738,ZONE1,2026-05-05 02:00:00+00:00,2026-05-05 03:00:00+00:00,H
11739,ZONE1,2026-05-05 03:00:00+00:00,2026-05-05 04:00:00+00:00,H
11740,ZONE1,2026-05-05 04:00:00+00:00,2026-05-05 05:00:00+00:00,H
11741,ZONE1,2026-05-05 05:00:00+00:00,2026-05-05 06:00:00+00:00,H
11742,ZONE1,2026-05-05 06:00:00+00:00,2026-05-05 07:00:00+00:00,H
11743,ZONE1,2026-05-05 07:00:00+00:00,2026-05-05 08:00:00+00:00,H
11744,ZONE1,2026-05-05 08:00:00+00:00,2026-05-05 09:00:00+00:00,H
11745,ZONE1,2026-05-05 09:00:00+00:00,2026-05-05 10:00:00+00:00,H
11746,ZONE1,2026-05-05 10:00:00+00:00,2026-05-05 11:00:00+00:00,H
11747,ZONE1,2026-05-05 11:00:00+00:00,2026-05-05 12:00:00+00:00,H
11748,ZONE1,2026-05-05 12:00:00+00:00,2026-05-05 13:00:00+00:00,H
11749,ZONE1,2026-05-05 13:00:00+00:00,2026-05-05 14:00:00+00:00,H
11750,ZONE1,2026-05-05 14:00:00+00:00,2026-05-05 15:00:00+00:00,H
11751,ZONE1,2026-05-05 15:00:00+00:00,2026-05-05 16:00:00+00:00,H
11752,ZONE1,2026-05-05 16:00:00+00:00,2026-05-05 17:00:00+00:00,H
11753,ZONE1,2026-05-05 17:00:00+00:00,2026-05-05 18:00:00+00:00,H
11754,ZONE1,2026-05-05 18:00:00+00:00,2026-05-05 19:00:00+00:00,H
11755,ZONE1,2026-05-05 19:00:00+00:00,2026-05-05 20:00:00+00:00,H
11756,ZONE1,2026-05-05 20:00:00+00:00,2026-05-05 21:00:00+00:00,H
11757,ZONE1,2026-05-05 21:00:00+00:00,2026-05-05 22:00:00+00:00,H
11758,ZONE1,2026-05-05 22:00:00+00:00,2026-05-05 23:00:00+00:00,H
11759,ZONE1,2026-05-05 23:00:00+00:00,2026-05-06 00:00:00+00:00,H
11760,ZONE1,2026-05-06 00:00:00+00:00,2026-05-06 01:00:00+00:00,H
11761,ZONE1,2026-05-06 01:00:00+00:00,2026-05-06 02:00:00+00:00,H
11762,ZONE1,2026-05-06 02:00:00+00:00,2026-05-06 03:00:00+00:00,H
11763,ZONE1,2026-05-06 03:00:00+00:00,2026-05-06 04:00:00+00:00,H
11764,ZONE1,2026-05-06 04:00:00+00:00,2026-05-06 05:00:00+00:00,H
11765,ZONE1,2026-05-06 05:00:00+00:00,2026-05-06 06:00:00+00:00,H
11766,ZONE1,2026-05-06 06:00:00+00:00,2026-05-06 07:00:00+00:00,H
11767,ZONE1,2026-05-06 07:00:00+00:00,2026-05-06 08:00:00+00:00,H
11768,ZONE1,2026-05-06 08:00:00+00:00,2026-05-06 09:00:00+00:00,H
11769,ZONE1,2026-05-06 09:00:00+00:00,2026-05-06 10:00:00+00:00,H
11770,ZONE1,2026-05-06 10:00:00+00:00,2026-05-06 11:00:00+00:00,H
11771,ZONE1,2026-05-06 11:00:00+00:00,2026-05-06 12:00:00+00:00,H
11772,ZONE1,2026-05-06 12:00:00+00:00,2026-05-06 13:00:00+00:00,H
11773,ZONE1,2026-05-06 13:00:00+00:00,2026-05-06 14:00:00+00:00,H
11774,ZONE1,2026-05-06 14:00:00+00:00,2026-05-06 15:00:00+00:00,H
11775,ZONE1,2026-05-06 15:00:00+00:00,2026-05-06 16:00:00+00:00,H
11776,ZONE1,2026-05-06 16:00:00+00:00,2026-05-06 17:00:00+00:00,H
11777,ZONE1,2026-05-06 17:00:00+00:00,2026-05-06 18:00:00+00:00,H
11778,ZONE1,2026-05-06 18:00:00+00:00,2026-05-06 19:00:00+00:00,H
11779,ZONE1,2026-05-06 19:00:00+00:00,2026-05-06 20:00:00+00:00,H
11780,ZONE1,2026-05-06 20:00:00+00:00,2026-05-06 21:00:00+00:00,H
11781,ZONE1,2026-05-06 21:00:00+00:00,2026-05-06 22:00:00+00:00,H
11782,ZONE1,2026-05-06 22:00:00+00:00,2026-05-06 23:00:00+00:00,H
11783,ZONE1,2026-05-06 23:00:00+00:00,2026-05-07 00:00:00+00:00,H
11784,ZONE1,2026-05-07 00:00:00+00:00,2026-05-07 01:00:00+00:00,H
11785,ZONE1,2026-05-07 01:00:00+00:00,2026-05-07 02:00:00+00:00,H
11786,ZONE1,2026-05-07 02:00:00+00:00,2026-05-07 03:00:00+00:00,H
11787,ZONE1,2026-05-07 03:00:00+00:00,2026-05-07 04:00:00+00:00,H
11788,ZONE1,2026-05-07 04:00:00+00:00,2026-05-07 05:00:00+00:00,H
11789,ZONE1,2026-05-07 05:00:00+00:00,2026-05-07 06:00:00+00:00,H
11790,ZONE1,2026-05-07 06:00:00+00:00,2026-05-07 07:00:00+00:00,H
11791,ZONE1,2026-05-07 07:00:00+00:00,2026-05-07 08:00:00+00:00,H
11792,ZONE1,2026-05-07 08:00:00+00:00,2026-05-07 09:00:00+00:00,H
11793,ZONE1,2026-05-07 09:00:00+00:00,2026-05-07 10:00:00+00:00,H
11794,ZONE1,2026-05-07 10:00:00+00:00,2026-05-07 11:00:00+00:00,H
11795,ZONE1,2026-05-07 11:00:00+00:00,2026-05-07 12:00:00+00:00,H
11796,ZONE1,2026-05-07 12:00:00+00:00,2026-05-07 13:00:00+00:00,H
11797,ZONE1,2026-05-07 13:00:00+00:00,2026-05-07 14:00:00+00:00,H
11798,ZONE1,2026-05-07 14:00:00+00:00,2026-05-07 15:00:00+00:00,H
11799,ZONE1,2026-05-07 15:00:00+00:00,2026-05-07 16:00:00+00:00,H
11800,ZONE1,2026-05-07 16:00:00+00:00,2026-05-07 17:00:00+00:00,H
11801,ZONE1,2026-05-07 17:00:00+00:00,2026-05-07 18:00:00+00:00,H
11802,ZONE1,2026-05-07 18:00:00+00:00,2026-05-07 19:00:00+00:00,H
11803,ZONE1,2026-05-07 19:00:00+00:00,2026-05-07 20:00:00+00:00,H
11804,ZONE1,2026-05-07 20:00:00+00:00,2026-05-07 21:00:00+00:00,H
11805,ZONE1,2026-05-07 21:00:00+00:00,2026-05-07 22:00:00+00:00,H
11806,ZONE1,2026-05-07 22:00:00+00:00,2026-05-07 23:00:00+00:00,H
11807,ZONE1,2026-05-07 23:00:00+00:00,2026-05-08 00:00:00+00:00,H
11808,ZONE1,2026-05-08 00:00:00+00:00,2026-05-08 01:00:00+00:00,H
11809,ZONE1,2026-05-08 01:00:00+00:00,2026-05-08 02:00:00+00:00,H
11810,ZONE1,2026-05-08 02:00:00+00:00,2026-05-08 03:00:00+00:00,H
11811,ZONE1,2026-05-08 03:00:00+00:00,2026-05-08 04:00:00+00:00,H
11812,ZONE1,2026-05-08 04:00:00+00:00,2026-05-08 05:00:00+00:00,H
11813,ZONE1,2026-05-08 05:00:00+00:00,2026-05-08 06:00:00+00:00,H
11814,ZONE1,2026-05-08 06:00:00+00:00,2026-05-08 07:00:00+00:00,H
11815,ZONE1,2026-05-08 07:00:00+00:00,2026-05-08 08:00:00+00:00,H
11816,ZONE1,2026-05-08 08:00:00+00:00,2026-05-08 09:00:00+00:00,H
11817,ZONE1,2026-05-08 09:00:00+00:00,2026-05-08 10:00:00+00:00,H
11818,ZONE1,2026-05-08 10:00:00+00:00,2026-05-08 11:00:00+00:00,H
11819,ZONE1,2026-05-08 11:00:00+00:00,2026-05-08 12:00:00+00:00,H
11820,ZONE1,2026-05-08 12:00:00+00:00,2026-05-08 13:00:00+00:00,H
11821,ZONE1,2026-05-08 13:00:00+00:00,2026-05-08 14:00:00+00:00,H
11822,ZONE1,2026-05-08 14:00:00+00:00,2026-05-08 15:00:00+00:00,H
11823,ZONE1,2026-05-08 15:00:00+00:00,2026-05-08 16:00:00+00:00,H
11824,ZONE1,2026-05-08 16:00:00+00:00,2026-05-08 17:00:00+00:00,H
11825,ZONE1,2026-05-08 17:00:00+00:00,2026-05-08 18:00:00+00:00,H
11826,ZONE1,2026-05-08 18:00:00+00:00,2026-05-08 19:00:00+00:00,H
11827,ZONE1,2026-05-08 19:00:00+00:00,2026-05-08 20:00:00+00:00,H
11828,ZONE1,2026-05-08 20:00:00+00:00,2026-05-08 21:00:00+00:00,H
11829,ZONE1,2026-05-08 21:00:00+00:00,2026-05-08 22:00:00+00:00,H
11830,ZONE1,2026-05-08 22:00:00+00:00,2026-05-08 23:00:00+00:00,H
11831,ZONE1,2026-05-08 23:00:00+00:00,2026-05-09 00:00:00+00:00,H
11832,ZONE1,2026-05-09 00:00:00+00:00,2026-05-09 01:00:00+00:00,H
11833,ZONE1,2026-05-09 01:00:00+00:00,2026-05-09 02:00:00+00:00,H
11834,ZONE1,2026-05-09 02:00:00+00:00,2026-05-09 03:00:00+00:00,H
11835,ZONE1,2026-05-09 03:00:00+00:00,2026-05-09 04:00:00+00:00,H
11836,ZONE1,2026-05-09 04:00:00+00:00,2026-05-09 05:00:00+00:00,H
11837,ZONE1,2026-05-09 05:00:00+00:00,2026-05-09 06:00:00+00:00,H
11838,ZONE1,2026-05-09 06:00:00+00:00,2026-05-09 07:00:00+00:00,H
11839,ZONE1,2026-05-09 07:00:00+00:00,2026-05-09 08:00:00+00:00,H
11840,ZONE1,2026-05-09 08:00:00+00:00,2026-05-09 09:00:00+00:00,H
11841,ZONE1,2026-05-09 09:00:00+00:00,2026-05-09 10:00:00+00:00,H
11842,ZONE1,2026-05-09 10:00:00+00:00,2026-05-09 11:00:00+00:00,H
11843,ZONE1,2026-05-09 11:00:00+00:00,2026-05-09 12:00:00+00:00,H
11844,ZONE1,2026-05-09 12:00:00+00:00,2026-05-09 13:00:00+00:00,H
11845,ZONE1,2026-05-09 13:00:00+00:00,2026-05-09 14:00:00+00:00,H
11846,ZONE1,2026-05-09 14:00:00+00:00,2026-05-09 15:00:00+00:00,H
11847,ZONE1,2026-05-09 15:00:00+00:00,2026-05-09 16:00:00+00:00,H
11848,ZONE1,2026-05-09 16:00:00+00:00,2026-05-09 17:00:00+00:00,H
11849,ZONE1,2026-05-09 17:00:00+00:00,2026-05-09 18:00:00+00:00,H
11850,ZONE1,2026-05-09 18:00:00+00:00,2026-05-09 19:00:00+00:00,H
11851,ZONE1,2026-05-09 19:00:00+00:00,2026-05-09 20:00:00+00:00,H
11852,ZONE1,2026-05-09 20:00:00+00:00,2026-05-09 21:00:00+00:00,H
11853,ZONE1,2026-05-09 21:00:00+00:00,2026-05-09 22:00:00+00:00,H
11854,ZONE1,2026-05-09 22:00:00+00:00,2026-05-09 23:00:00+00:00,H
11855,ZONE1,2026-05-09 23:00:00+00:00,2026-05-10 00:00:00+00:00,H
11856,ZONE1,2026-05-10 00:00:00+00:00,2026-05-10 01:00:00+00:00,H
11857,ZONE1,2026-05-10 01:00:00+00:00,2026-05-10 02:00:00+00:00,H
11858,ZONE1,2026-05-10 02:00:00+00:00,2026-05-10 03:00:00+00:00,H
11859,ZONE1,2026-05-10 03:00:00+00:00,2026-05-10 04:00:00+00:00,H
11860,ZONE1,2026-05-10 04:00:00+00:00,2026-05-10 05:00:00+00:00,H
11861,ZONE1,2026-05-10 05:00:00+00:00,2026-05-10 06:00:00+00:00,H
11862,ZONE1,2026-05-10 06:00:00+00:00,2026-05-10 07:00:00+00:00,H
11863,ZONE1,2026-05-10 07:00:00+00:00,2026-05-10 08:00:00+00:00,H
11864,ZONE1,2026-05-10 08:00:00+00:00,2026-05-10 09:00:00+00:00,H
11865,ZONE1,2026-05-10 09:00:00+00:00,2026-05-10 10:00:00+00:00,H
11866,ZONE1,2026-05-10 10:00:00+00:00,2026-05-10 11:00:00+00:00,H
11867,ZONE1,2026-05-10 11:00:00+00:00,2026-05-10 12:00:00+00:00,H
11868,ZONE1,2026-05-10 12:00:00+00:00,2026-05-10 13:00:00+00:00,H
11869,ZONE1,2026-05-10 13:00:00+00:00,2026-05-10 14:00:00+00:00,H
11870,ZONE1,2026-05-10 14:00:00+00:00,2026-05-10 15:00:00+00:00,H
11871,ZONE1,2026-05-10 15:00:00+00:00,2026-05-10 16:00:00+00:00,H
11872,ZONE1,2026-05-10 16:00:00+00:00,2026-05-10 17:00:00+00:00,H
11873,ZONE1,2026-05-10 17:00:00+00:00,2026-05-10 18:00:00+00:00,H
11874,ZONE1,2026-05-10 18:00:00+00:00,2026-05-10 19:00:00+00:00,H
11875,ZONE1,2026-05-10 19:00:00+00:00,2026-05-10 20:00:00+00:00,H
11876,ZONE1,2026-05-10 20:00:00+00:00,2026-05-10 21:00:00+00:00,H
11877,ZONE1,2026-05-10 21:00:00+00:00,2026-05-10 22:00:00+00:00,H
11878,ZONE1,2026-05-10 22:00:00+00:00,2026-05-10 23:00:00+00:00,H
11879,ZONE1,2026-05-10 23:00:00+00:00,2026-05-11 00:00:00+00:00,H
11880,ZONE1,2026-05-11 00:00:00+00:00,2026-05-11 01:00:00+00:00,H
11881,ZONE1,2026-05-11 01:00:00+00:00,2026-05-11 02:00:00+00:00,H
11882,ZONE1,2026-05-11 02:00:00+00:00,2026-05-11 03:00:00+00:00,H
11883,ZONE1,2026-05-11 03:00:00+00:00,2026-05-11 04:00:00+00:00,H
11884,ZONE1,2026-05-11 04:00:00+00:00,2026-05-11 05:00:00+00:00,H
11885,ZONE1,2026-05-11 05:00:00+00:00,2026-05-11 06:00:00+00:00,H
11886,ZONE1,2026-05-11 06:00:00+00:00,2026-05-11 07:00:00+00:00,H
11887,ZONE1,2026-05-11 07:00:00+00:00,2026-05-11 08:00:00+00:00,H
11888,ZONE1,2026-05-11 08:00:00+00:00,2026-05-11 09:00:00+00:00,H
11889,ZONE1,2026-05-11 09:00:00+00:00,2026-05-11 10:00:00+00:00,H
11890,ZONE1,2026-05-11 10:00:00+00:00,2026-05-11 11:00:00+00:00,H
11891,ZONE1,2026-05-11 11:00:00+00:00,2026-05-11 12:00:00+00:00,H
11892,ZONE1,2026-05-11 12:00:00+00:00,2026-05-11 13:00:00+00:00,H
11893,ZONE1,2026-05-11 13:00:00+00:00,2026-05-11 14:00:00+00:00,H
11894,ZONE1,2026-05-11 14:00:00+00:00,2026-05-11 15:00:00+00:00,H
11895,ZONE1,2026-05-11 15:00:00+00:00,2026-05-11 16:00:00+00:00,H
11896,ZONE1,2026-05-11 16:00:00+00:00,2026-05-11 17:00:00+00:00,H
11897,ZONE1,2026-05-11 17:00:00+00:00,2026-05-11 18:00:00+00:00,H
11898,ZONE1,2026-05-11 18:00:00+00:00,2026-05-11 19:00:00+00:00,H
11899,ZONE1,2026-05-11 19:00:00+00:00,2026-05-11 20:00:00+00:00,H
11900,ZONE1,2026-05-11 20:00:00+00:00,2026-05-11 21:00:00+00:00,H
11901,ZONE1,2026-05-11 21:00:00+00:00,2026-05-11 22:00:00+00:00,H
11902,ZONE1,2026-05-11 22:00:00+00:00,2026-05-11 23:00:00+00:00,H
11903,ZONE1,2026-05-11 23:00:00+00:00,2026-05-12 00:00:00+00:00,H
11904,ZONE1,2026-05-12 00:00:00+00:00,2026-05-12 01:00:00+00:00,H
11905,ZONE1,2026-05-12 01:00:00+00:00,2026-05-12 02:00:00+00:00,H
11906,ZONE1,2026-05-12 02:00:00+00:00,2026-05-12 03:00:00+00:00,H
11907,ZONE1,2026-05-12 03:00:00+00:00,2026-05-12 04:00:00+00:00,H
11908,ZONE1,2026-05-12 04:00:00+00:00,2026-05-12 05:00:00+00:00,H
11909,ZONE1,2026-05-12 05:00:00+00:00,2026-05-12 06:00:00+00:00,H
11910,ZONE1,2026-05-12 06:00:00+00:00,2026-05-12 07:00:00+00:00,H
11911,ZONE1,2026-05-12 07:00:00+00:00,2026-05-12 08:00:00+00:00,H
11912,ZONE1,2026-05-12 08:00:00+00:00,2026-05-12 09:00:00+00:00,H
11913,ZONE1,2026-05-12 09:00:00+00:00,2026-05-12 10:00:00+00:00,H
11914,ZONE1,2026-05-12 10:00:00+00:00,2026-05-12 11:00:00+00:00,H
11915,ZONE1,2026-05-12 11:00:00+00:00,2026-05-12 12:00:00+00:00,H
11916,ZONE1,2026-05-12 12:00:00+00:00,2026-05-12 13:00:00+00:00,H
11917,ZONE1,2026-05-12 13:00:00+00:00,2026-05-12 14:00:00+00:00,H
11918,ZONE1,2026-05-12 14:00:00+00:00,2026-05-12 15:00:00+00:00,H
11919,ZONE1,2026-05-12 15:00:00+00:00,2026-05-12 16:00:00+00:00,H
11920,ZONE1,2026-05-12 16:00:00+00:00,2026-05-12 17:00:00+00:00,H
11921,ZONE1,2026-05-12 17:00:00+00:00,2026-05-12 18:00:00+00:00,H
11922,ZONE1,2026-05-12 18:00:00+00:00,2026-05-12 19:00:00+00:00,H
11923,ZONE1,2026-05-12 19:00:00+00:00,2026-05-12 20:00:00+00:00,H
11924,ZONE1,2026-05-12 20:00:00+00:00,2026-05-12 21:00:00+00:00,H
11925,ZONE1,2026-05-12 21:00:00+00:00,2026-05-12 22:00:00+00:00,H
11926,ZONE1,2026-05-12 22:00:00+00:00,2026-05-12 23:00:00+00:00,H
11927,ZONE1,2026-05-12 23:00:00+00:00,2026-05-13 00:00:00+00:00,H
11928,ZONE1,2026-05-13 00:00:00+00:00,2026-05-13 01:00:00+00:00,H
11929,ZONE1,2026-05-13 01:00:00+00:00,2026-05-13 02:00:00+00:00,H
11930,ZONE1,2026-05-13 02:00:00+00:00,2026-05-13 03:00:00+00:00,H
11931,ZONE1,2026-05-13 03:00:00+00:00,2026-05-13 04:00:00+00:00,H
11932,ZONE1,2026-05-13 04:00:00+00:00,2026-05-13 05:00:00+00:00,H
11933,ZONE1,2026-05-13 05:00:00+00:00,2026-05-13 06:00:00+00:00,H
11934,ZONE1,2026-05-13 06:00:00+00:00,2026-05-13 07:00:00+00:00,H
11935,ZONE1,2026-05-13 07:00:00+00:00,2026-05-13 08:00:00+00:00,H
11936,ZONE1,2026-05-13 08:00:00+00:00,2026-05-13 09:00:00+00:00,H
11937,ZONE1,2026-05-13 09:00:00+00:00,2026-05-13 10:00:00+00:00,H
11938,ZONE1,2026-05-13 10:00:00+00:00,2026-05-13 11:00:00+00:00,H
11939,ZONE1,2026-05-13 11:00:00+00:00,2026-05-13 12:00:00+00:00,H
11940,ZONE1,2026-05-13 12:00:00+00:00,2026-05-13 13:00:00+00:00,H
11941,ZONE1,2026-05-13 13:00:00+00:00,2026-05-13 14:00:00+00:00,H
11942,ZONE1,2026-05-13 14:00:00+00:00,2026-05-13 15:00:00+00:00,H
11943,ZONE1,2026-05-13 15:00:00+00:00,2026-05-13 16:00:00+00:00,H
11944,ZONE1,2026-05-13 16:00:00+00:00,2026-05-13 17:00:00+00:00,H
11945,ZONE1,2026-05-13 17:00:00+00:00,2026-05-13 18:00:00+00:00,H
11946,ZONE1,2026-05-13 18:00:00+00:00,2026-05-13 19:00:00+00:00,H
11947,ZONE1,2026-05-13 19:00:00+00:00,2026-05-13 20:00:00+00:00,H
11948,ZONE1,2026-05-13 20:00:00+00:00,2026-05-13 21:00:00+00:00,H
11949,ZONE1,2026-05-13 21:00:00+00:00,2026-05-13 22:00:00+00:00,H
11950,ZONE1,2026-05-13 22:00:00+00:00,2026-05-13 23:00:00+00:00,H
11951,ZONE1,2026-05-13 23:00:00+00:00,2026-05-14 00:00:00+00:00,H
11952,ZONE1,2026-05-14 00:00:00+00:00,2026-05-14 01:00:00+00:00,H
11953,ZONE1,2026-05-14 01:00:00+00:00,2026-05-14 02:00:00+00:00,H
11954,ZONE1,2026-05-14 02:00:00+00:00,2026-05-14 03:00:00+00:00,H
11955,ZONE1,2026-05-14 03:00:00+00:00,2026-05-14 04:00:00+00:00,H
11956,ZONE1,2026-05-14 04:00:00+00:00,2026-05-14 05:00:00+00:00,H
11957,ZONE1,2026-05-14 05:00:00+00:00,2026-05-14 06:00:00+00:00,H
11958,ZONE1,2026-05-14 06:00:00+00:00,2026-05-14 07:00:00+00:00,H
11959,ZONE1,2026-05-14 07:00:00+00:00,2026-05-14 08:00:00+00:00,H
11960,ZONE1,2026-05-14 08:00:00+00:00,2026-05-14 09:00:00+00:00,H
11961,ZONE1,2026-05-14 09:00:00+00:00,2026-05-14 10:00:00+00:00,H
11962,ZONE1,2026-05-14 10:00:00+00:00,2026-05-14 11:00:00+00:00,H
11963,ZONE1,2026-05-14 11:00:00+00:00,2026-05-14 12:00:00+00:00,H
11964,ZONE1,2026-05-14 12:00:00+00:00,2026-05-14 13:00:00+00:00,H
11965,ZONE1,2026-05-14 13:00:00+00:00,2026-05-14 14:00:00+00:00,H
11966,ZONE1,2026-05-14 14:00:00+00:00,2026-05-14 15:00:00+00:00,H
11967,ZONE1,2026-05-14 15:00:00+00:00,2026-05-14 16:00:00+00:00,H
11968,ZONE1,2026-05-14 16:00:00+00:00,2026-05-14 17:00:00+00:00,H
11969,ZONE1,2026-05-14 17:00:00+00:00,2026-05-14 18:00:00+00:00,H
11970,ZONE1,2026-05-14 18:00:00+00:00,2026-05-14 19:00:00+00:00,H
11971,ZONE1,2026-05-14 19:00:00+00:00,2026-05-14 20:00:00+00:00,H
11972,ZONE1,2026-05-14 20:00:00+00:00,2026-05-14 21:00:00+00:00,H
11973,ZONE1,2026-05-14 21:00:00+00:00,2026-05-14 22:00:00+00:00,H
11974,ZONE1,2026-05-14 22:00:00+00:00,2026-05-14 23:00:00+00:00,H
11975,ZONE1,2026-05-14 23:00:00+00:00,2026-05-15 00:00:00+00:00,H
11976,ZONE1,2026-05-15 00:00:00+00:00,2026-05-15 01:00:00+00:00,H
11977,ZONE1,2026-05-15 01:00:00+00:00,2026-05-15 02:00:00+00:00,H
11978,ZONE1,2026-05-15 02:00:00+00:00,2026-05-15 03:00:00+00:00,H
11979,ZONE1,2026-05-15 03:00:00+00:00,2026-05-15 04:00:00+00:00,H
11980,ZONE1,2026-05-15 04:00:00+00:00,2026-05-15 05:00:00+00:00,H
11981,ZONE1,2026-05-15 05:00:00+00:00,2026-05-15 06:00:00+00:00,H
11982,ZONE1,2026-05-15 06:00:00+00:00,2026-05-15 07:00:00+00:00,H
11983,ZONE1,2026-05-15 07:00:00+00:00,2026-05-15 08:00:00+00:00,H
11984,ZONE1,2026-05-15 08:00:00+00:00,2026-05-15 09:00:00+00:00,H
11985,ZONE1,2026-05-15 09:00:00+00:00,2026-05-15 10:00:00+00:00,H
11986,ZONE1,2026-05-15 10:00:00+00:00,2026-05-15 11:00:00+00:00,H
11987,ZONE1,2026-05-15 11:00:00+00:00,2026-05-15 12:00:00+00:00,H
11988,ZONE1,2026-05-15 12:00:00+00:00,2026-05-15 13:00:00+00:00,H
11989,ZONE1,2026-05-15 13:00:00+00:00,2026-05-15 14:00:00+00:00,H
11990,ZONE1,2026-05-15 14:00:00+00:00,2026-05-15 15:00:00+00:00,H
11991,ZONE1,2026-05-15 15:00:00+00:00,2026-05-15 16:00:00+00:00,H
11992,ZONE1,2026-05-15 16:00:00+00:00,2026-05-15 17:00:00+00:00,H
11993,ZONE1,2026-05-15 17:00:00+00:00,2026-05-15 18:00:00+00:00,H
11994,ZONE1,2026-05-15 18:00:00+00:00,2026-05-15 19:00:00+00:00,H
11995,ZONE1,2026-05-15 19:00:00+00:00,2026-05-15 20:00:00+00:00,H
11996,ZONE1,2026-05-15 20:00:00+00:00,2026-05-15 21:00:00+00:00,H
11997,ZONE1,2026-05-15 21:00:00+00:00,2026-05-15 22:00:00+00:00,H
11998,ZONE1,2026-05-15 22:00:00+00:00,2026-05-15 23:00:00+00:00,H
11999,ZONE1,2026-05-15 23:00:00+00:00,2026-05-16 00:00:00+00:00,H
12000,ZONE1,2026-05-16 00:00:00+00:00,2026-05-16 01:00:00+00:00,H
12001,ZONE1,2026-05-16 01:00:00+00:00,2026-05-16 02:00:00+00:00,H
12002,ZONE1,2026-05-16 02:00:00+00:00,2026-05-16 03:00:00+00:00,H
12003,ZONE1,2026-05-16 03:00:00+00:00,2026-05-16 04:00:00+00:00,H
12004,ZONE1,2026-05-16 04:00:00+00:00,2026-05-16 05:00:00+00:00,H
12005,ZONE1,2026-05-16 05:00:00+00:00,2026-05-16 06:00:00+00:00,H
12006,ZONE1,2026-05-16 06:00:00+00:00,2026-05-16 07:00:00+00:00,H
12007,ZONE1,2026-05-16 07:00:00+00:00,2026-05-16 08:00:00+00:00,H
12008,ZONE1,2026-05-16 08:00:00+00:00,2026-05-16 09:00:00+00:00,H
12009,ZONE1,2026-05-16 09:00:00+00:00,2026-05-16 10:00:00+00:00,H
12010,ZONE1,2026-05-16 10:00:00+00:00,2026-05-16 11:00:00+00:00,H
12011,ZONE1,2026-05-16 11:00:00+00:00,2026-05-16 12:00:00+00:00,H
12012,ZONE1,2026-05-16 12:00:00+00:00,2026-05-16 13:00:00+00:00,H
12013,ZONE1,2026-05-16 13:00:00+00:00,2026-05-16 14:00:00+00:00,H
12014,ZONE1,2026-05-16 14:00:00+00:00,2026-05-16 15:00:00+00:00,H
12015,ZONE1,2026-05-16 15:00:00+00:00,2026-05-16 16:00:00+00:00,H
12016,ZONE1,2026-05-16 16:00:00+00:00,2026-05-16 17:00:00+00:00,H
12017,ZONE1,2026-05-16 17:00:00+00:00,2026-05-16 18:00:00+00:00,H
12018,ZONE1,2026-05-16 18:00:00+00:00,2026-05-16 19:00:00+00:00,H
12019,ZONE1,2026-05-16 19:00:00+00:00,2026-05-16 20:00:00+00:00,H
12020,ZONE1,2026-05-16 20:00:00+00:00,2026-05-16 21:00:00+00:00,H
12021,ZONE1,2026-05-16 21:00:00+00:00,2026-05-16 22:00:00+00:00,H
12022,ZONE1,2026-05-16 22:00:00+00:00,2026-05-16 23:00:00+00:00,H
12023,ZONE1,2026-05-16 23:00:00+00:00,2026-05-17 00:00:00+00:00,H
12024,ZONE1,2026-05-17 00:00:00+00:00,2026-05-17 01:00:00+00:00,H
12025,ZONE1,2026-05-17 01:00:00+00:00,2026-05-17 02:00:00+00:00,H
12026,ZONE1,2026-05-17 02:00:00+00:00,2026-05-17 03:00:00+00:00,H
12027,ZONE1,2026-05-17 03:00:00+00:00,2026-05-17 04:00:00+00:00,H
12028,ZONE1,2026-05-17 04:00:00+00:00,2026-05-17 05:00:00+00:00,H
12029,ZONE1,2026-05-17 05:00:00+00:00,2026-05-17 06:00:00+00:00,H
12030,ZONE1,2026-05-17 06:00:00+00:00,2026-05-17 07:00:00+00:00,H
12031,ZONE1,2026-05-17 07:00:00+00:00,2026-05-17 08:00:00+00:00,H
12032,ZONE1,2026-05-17 08:00:00+00:00,2026-05-17 09:00:00+00:00,H
12033,ZONE1,2026-05-17 09:00:00+00:00,2026-05-17 10:00:00+00:00,H
12034,ZONE1,2026-05-17 10:00:00+00:00,2026-05-17 11:00:00+00:00,H
12035,ZONE1,2026-05-17 11:00:00+00:00,2026-05-17 12:00:00+00:00,H
12036,ZONE1,2026-05-17 12:00:00+00:00,2026-05-17 13:00:00+00:00,H
12037,ZONE1,2026-05-17 13:00:00+00:00,2026-05-17 14:00:00+00:00,H
12038,ZONE1,2026-05-17 14:00:00+00:00,2026-05-17 15:00:00+00:00,H
12039,ZONE1,2026-05-17 15:00:00+00:00,2026-05-17 16:00:00+00:00,H
12040,ZONE1,2026-05-17 16:00:00+00:00,2026-05-17 17:00:00+00:00,H
12041,ZONE1,2026-05-17 17:00:00+00:00,2026-05-17 18:00:00+00:00,H
12042,ZONE1,2026-05-17 18:00:00+00:00,2026-05-17 19:00:00+00:00,H
12043,ZONE1,2026-05-17 19:00:00+00:00,2026-05-17 20:00:00+00:00,H
12044,ZONE1,2026-05-17 20:00:00+00:00,2026-05-17 21:00:00+00:00,H
12045,ZONE1,2026-05-17 21:00:00+00:00,2026-05-17 22:00:00+00:00,H
12046,ZONE1,2026-05-17 22:00:00+00:00,2026-05-17 23:00:00+00:00,H
12047,ZONE1,2026-05-17 23:00:00+00:00,2026-05-18 00:00:00+00:00,H
12048,ZONE1,2026-05-18 00:00:00+00:00,2026-05-18 01:00:00+00:00,H
12049,ZONE1,2026-05-18 01:00:00+00:00,2026-05-18 02:00:00+00:00,H
12050,ZONE1,2026-05-18 02:00:00+00:00,2026-05-18 03:00:00+00:00,H
12051,ZONE1,2026-05-18 03:00:00+00:00,2026-05-18 04:00:00+00:00,H
12052,ZONE1,2026-05-18 04:00:00+00:00,2026-05-18 05:00:00+00:00,H
12053,ZONE1,2026-05-18 05:00:00+00:00,2026-05-18 06:00:00+00:00,H
12054,ZONE1,2026-05-18 06:00:00+00:00,2026-05-18 07:00:00+00:00,H
12055,ZONE1,2026-05-18 07:00:00+00:00,2026-05-18 08:00:00+00:00,H
12056,ZONE1,2026-05-18 08:00:00+00:00,2026-05-18 09:00:00+00:00,H
12057,ZONE1,2026-05-18 09:00:00+00:00,2026-05-18 10:00:00+00:00,H
12058,ZONE1,2026-05-18 10:00:00+00:00,2026-05-18 11:00:00+00:00,H
12059,ZONE1,2026-05-18 11:00:00+00:00,2026-05-18 12:00:00+00:00,H
12060,ZONE1,2026-05-18 12:00:00+00:00,2026-05-18 13:00:00+00:00,H
12061,ZONE1,2026-05-18 13:00:00+00:00,2026-05-18 14:00:00+00:00,H
12062,ZONE1,2026-05-18 14:00:00+00:00,2026-05-18 15:00:00+00:00,H
12063,ZONE1,2026-05-18 15:00:00+00:00,2026-05-18 16:00:00+00:00,H
12064,ZONE1,2026-05-18 16:00:00+00:00,2026-05-18 17:00:00+00:00,H
12065,ZONE1,2026-05-18 17:00:00+00:00,2026-05-18 18:00:00+00:00,H
12066,ZONE1,2026-05-18 18:00:00+00:00,2026-05-18 19:00:00+00:00,H
12067,ZONE1,2026-05-18 19:00:00+00:00,2026-05-18 20:00:00+00:00,H
12068,ZONE1,2026-05-18 20:00:00+00:00,2026-05-18 21:00:00+00:00,H
12069,ZONE1,2026-05-18 21:00:00+00:00,2026-05-18 22:00:00+00:00,H
12070,ZONE1,2026-05-18 22:00:00+00:00,2026-05-18 23:00:00+00:00,H
12071,ZONE1,2026-05-18 23:00:00+00:00,2026-05-19 00:00:00+00:00,H
12072,ZONE1,2026-05-19 00:00:00+00:00,2026-05-19 01:00:00+00:00,H
12073,ZONE1,2026-05-19 01:00:00+00:00,2026-05-19 02:00:00+00:00,H
12074,ZONE1,2026-05-19 02:00:00+00:00,2026-05-19 03:00:00+00:00,H
12075,ZONE1,2026-05-19 03:00:00+00:00,2026-05-19 04:00:00+00:00,H
12076,ZONE1,2026-05-19 04:00:00+00:00,2026-05-19 05:00:00+00:00,H
12077,ZONE1,2026-05-19 05:00:00+00:00,2026-05-19 06:00:00+00:00,H
12078,ZONE1,2026-05-19 06:00:00+00:00,2026-05-19 07:00:00+00:00,H
12079,ZONE1,2026-05-19 07:00:00+00:00,2026-05-19 08:00:00+00:00,H
12080,ZONE1,2026-05-19 08:00:00+00:00,2026-05-19 09:00:00+00:00,H
12081,ZONE1,2026-05-19 09:00:00+00:00,2026-05-19 10:00:00+00:00,H
12082,ZONE1,2026-05-19 10:00:00+00:00,2026-05-19 11:00:00+00:00,H
12083,ZONE1,2026-05-19 11:00:00+00:00,2026-05-19 12:00:00+00:00,H
12084,ZONE1,2026-05-19 12:00:00+00:00,2026-05-19 13:00:00+00:00,H
12085,ZONE1,2026-05-19 13:00:00+00:00,2026-05-19 14:00:00+00:00,H
12086,ZONE1,2026-05-19 14:00:00+00:00,2026-05-19 15:00:00+00:00,H
12087,ZONE1,2026-05-19 15:00:00+00:00,2026-05-19 16:00:00+00:00,H
12088,ZONE1,2026-05-19 16:00:00+00:00,2026-05-19 17:00:00+00:00,H
12089,ZONE1,2026-05-19 17:00:00+00:00,2026-05-19 18:00:00+00:00,H
12090,ZONE1,2026-05-19 18:00:00+00:00,2026-05-19 19:00:00+00:00,H
12091,ZONE1,2026-05-19 19:00:00+00:00,2026-05-19 20:00:00+00:00,H
12092,ZONE1,2026-05-19 20:00:00+00:00,2026-05-19 21:00:00+00:00,H
12093,ZONE1,2026-05-19 21:00:00+00:00,2026-05-19 22:00:00+00:00,H
12094,ZONE1,2026-05-19 22:00:00+00:00,2026-05-19 23:00:00+00:00,H
12095,ZONE1,2026-05-19 23:00:00+00:00,2026-05-20 00:00:00+00:00,H
12096,ZONE1,2026-05-20 00:00:00+00:00,2026-05-20 01:00:00+00:00,H
12097,ZONE1,2026-05-20 01:00:00+00:00,2026-05-20 02:00:00+00:00,H
12098,ZONE1,2026-05-20 02:00:00+00:00,2026-05-20 03:00:00+00:00,H
12099,ZONE1,2026-05-20 03:00:00+00:00,2026-05-20 04:00:00+00:00,H
12100,ZONE1,2026-05-20 04:00:00+00:00,2026-05-20 05:00:00+00:00,H
12101,ZONE1,2026-05-20 05:00:00+00:00,2026-05-20 06:00:00+00:00,H
12102,ZONE1,2026-05-20 06:00:00+00:00,2026-05-20 07:00:00+00:00,H
12103,ZONE1,2026-05-20 07:00:00+00:00,2026-05-20 08:00:00+00:00,H
12104,ZONE1,2026-05-20 08:00:00+00:00,2026-05-20 09:00:00+00:00,H
12105,ZONE1,2026-05-20 09:00:00+00:00,2026-05-20 10:00:00+00:00,H
12106,ZONE1,2026-05-20 10:00:00+00:00,2026-05-20 11:00:00+00:00,H
12107,ZONE1,2026-05-20 11:00:00+00:00,2026-05-20 12:00:00+00:00,H
12108,ZONE1,2026-05-20 12:00:00+00:00,2026-05-20 13:00:00+00:00,H
12109,ZONE1,2026-05-20 13:00:00+00:00,2026-05-20 14:00:00+00:00,H
12110,ZONE1,2026-05-20 14:00:00+00:00,2026-05-20 15:00:00+00:00,H
12111,ZONE1,2026-05-20 15:00:00+00:00,2026-05-20 16:00:00+00:00,H
12112,ZONE1,2026-05-20 16:00:00+00:00,2026-05-20 17:00:00+00:00,H
12113,ZONE1,2026-05-20 17:00:00+00:00,2026-05-20 18:00:00+00:00,H
12114,ZONE1,2026-05-20 18:00:00+00:00,2026-05-20 19:00:00+00:00,H
12115,ZONE1,2026-05-20 19:00:00+00:00,2026-05-20 20:00:00+00:00,H
12116,ZONE1,2026-05-20 20:00:00+00:00,2026-05-20 21:00:00+00:00,H
12117,ZONE1,2026-05-20 21:00:00+00:00,2026-05-20 22:00:00+00:00,H
12118,ZONE1,2026-05-20 22:00:00+00:00,2026-05-20 23:00:00+00:00,H
12119,ZONE1,2026-05-20 23:00:00+00:00,2026-05-21 00:00:00+00:00,H
12120,ZONE1,2026-05-21 00:00:00+00:00,2026-05-21 01:00:00+00:00,H
12121,ZONE1,2026-05-21 01:00:00+00:00,2026-05-21 02:00:00+00:00,H
12122,ZONE1,2026-05-21 02:00:00+00:00,2026-05-21 03:00:00+00:00,H
12123,ZONE1,2026-05-21 03:00:00+00:00,2026-05-21 04:00:00+00:00,H
12124,ZONE1,2026-05-21 04:00:00+00:00,2026-05-21 05:00:00+00:00,H
12125,ZONE1,2026-05-21 05:00:00+00:00,2026-05-21 06:00:00+00:00,H
12126,ZONE1,2026-05-21 06:00:00+00:00,2026-05-21 07:00:00+00:00,H
12127,ZONE1,2026-05-21 07:00:00+00:00,2026-05-21 08:00:00+00:00,H
12128,ZONE1,2026-05-21 08:00:00+00:00,2026-05-21 09:00:00+00:00,H
12129,ZONE1,2026-05-21 09:00:00+00:00,2026-05-21 10:00:00+00:00,H
12130,ZONE1,2026-05-21 10:00:00+00:00,2026-05-21 11:00:00+00:00,H
12131,ZONE1,2026-05-21 11:00:00+00:00,2026-05-21 12:00:00+00:00,H
12132,ZONE1,2026-05-21 12:00:00+00:00,2026-05-21 13:00:00+00:00,H
12133,ZONE1,2026-05-21 13:00:00+00:00,2026-05-21 14:00:00+00:00,H
12134,ZONE1,2026-05-21 14:00:00+00:00,2026-05-21 15:00:00+00:00,H
12135,ZONE1,2026-05-21 15:00:00+00:00,2026-05-21 16:00:00+00:00,H
12136,ZONE1,2026-05-21 16:00:00+00:00,2026-05-21 17:00:00+00:00,H
12137,ZONE1,2026-05-21 17:00:00+00:00,2026-05-21 18:00:00+00:00,H
12138,ZONE1,2026-05-21 18:00:00+00:00,2026-05-21 19:00:00+00:00,H
12139,ZONE1,2026-05-21 19:00:00+00:00,2026-05-21 20:00:00+00:00,H
12140,ZONE1,2026-05-21 20:00:00+00:00,2026-05-21 21:00:00+00:00,H
12141,ZONE1,2026-05-21 21:00:00+00:00,2026-05-21 22:00:00+00:00,H
12142,ZONE1,2026-05-21 22:00:00+00:00,2026-05-21 23:00:00+00:00,H
12143,ZONE1,2026-05-21 23:00:00+00:00,2026-05-22 00:00:00+00:00,H
12144,ZONE1,2026-05-22 00:00:00+00:00,2026-05-22 01:00:00+00:00,H
12145,ZONE1,2026-05-22 01:00:00+00:00,2026-05-22 02:00:00+00:00,H
12146,ZONE1,2026-05-22 02:00:00+00:00,2026-05-22 03:00:00+00:00,H
12147,ZONE1,2026-05-22 03:00:00+00:00,2026-05-22 04:00:00+00:00,H
12148,ZONE1,2026-05-22 04:00:00+00:00,2026-05-22 05:00:00+00:00,H
12149,ZONE1,2026-05-22 05:00:00+00:00,2026-05-22 06:00:00+00:00,H
12150,ZONE1,2026-05-22 06:00:00+00:00,2026-05-22 07:00:00+00:00,H
12151,ZONE1,2026-05-22 07:00:00+00:00,2026-05-22 08:00:00+00:00,H
12152,ZONE1,2026-05-22 08:00:00+00:00,2026-05-22 09:00:00+00:00,H
12153,ZONE1,2026-05-22 09:00:00+00:00,2026-05-22 10:00:00+00:00,H
12154,ZONE1,2026-05-22 10:00:00+00:00,2026-05-22 11:00:00+00:00,H
12155,ZONE1,2026-05-22 11:00:00+00:00,2026-05-22 12:00:00+00:00,H
12156,ZONE1,2026-05-22 12:00:00+00:00,2026-05-22 13:00:00+00:00,H
12157,ZONE1,2026-05-22 13:00:00+00:00,2026-05-22 14:00:00+00:00,H
12158,ZONE1,2026-05-22 14:00:00+00:00,2026-05-22 15:00:00+00:00,H
12159,ZONE1,2026-05-22 15:00:00+00:00,2026-05-22 16:00:00+00:00,H
12160,ZONE1,2026-05-22 16:00:00+00:00,2026-05-22 17:00:00+00:00,H
12161,ZONE1,2026-05-22 17:00:00+00:00,2026-05-22 18:00:00+00:00,H
12162,ZONE1,2026-05-22 18:00:00+00:00,2026-05-22 19:00:00+00:00,H
12163,ZONE1,2026-05-22 19:00:00+00:00,2026-05-22 20:00:00+00:00,H
12164,ZONE1,2026-05-22 20:00:00+00:00,2026-05-22 21:00:00+00:00,H
12165,ZONE1,2026-05-22 21:00:00+00:00,2026-05-22 22:00:00+00:00,H
12166,ZONE1,2026-05-22 22:00:00+00:00,2026-05-22 23:00:00+00:00,H
12167,ZONE1,2026-05-22 23:00:00+00:00,2026-05-23 00:00:00+00:00,H
12168,ZONE1,2026-05-23 00:00:00+00:00,2026-05-23 01:00:00+00:00,H
12169,ZONE1,2026-05-23 01:00:00+00:00,2026-05-23 02:00:00+00:00,H
12170,ZONE1,2026-05-23 02:00:00+00:00,2026-05-23 03:00:00+00:00,H
12171,ZONE1,2026-05-23 03:00:00+00:00,2026-05-23 04:00:00+00:00,H
12172,ZONE1,2026-05-23 04:00:00+00:00,2026-05-23 05:00:00+00:00,H
12173,ZONE1,2026-05-23 05:00:00+00:00,2026-05-23 06:00:00+00:00,H
12174,ZONE1,2026-05-23 06:00:00+00:00,2026-05-23 07:00:00+00:00,H
12175,ZONE1,2026-05-23 07:00:00+00:00,2026-05-23 08:00:00+00:00,H
12176,ZONE1,2026-05-23 08:00:00+00:00,2026-05-23 09:00:00+00:00,H
12177,ZONE1,2026-05-23 09:00:00+00:00,2026-05-23 10:00:00+00:00,H
12178,ZONE1,2026-05-23 10:00:00+00:00,2026-05-23 11:00:00+00:00,H
12179,ZONE1,2026-05-23 11:00:00+00:00,2026-05-23 12:00:00+00:00,H
12180,ZONE1,2026-05-23 12:00:00+00:00,2026-05-23 13:00:00+00:00,H
12181,ZONE1,2026-05-23 13:00:00+00:00,2026-05-23 14:00:00+00:00,H
12182,ZONE1,2026-05-23 14:00:00+00:00,2026-05-23 15:00:00+00:00,H
12183,ZONE1,2026-05-23 15:00:00+00:00,2026-05-23 16:00:00+00:00,H
12184,ZONE1,2026-05-23 16:00:00+00:00,2026-05-23 17:00:00+00:00,H
12185,ZONE1,2026-05-23 17:00:00+00:00,2026-05-23 18:00:00+00:00,H
12186,ZONE1,2026-05-23 18:00:00+00:00,2026-05-23 19:00:00+00:00,H
12187,ZONE1,2026-05-23 19:00:00+00:00,2026-05-23 20:00:00+00:00,H
12188,ZONE1,2026-05-23 20:00:00+00:00,2026-05-23 21:00:00+00:00,H
12189,ZONE1,2026-05-23 21:00:00+00:00,2026-05-23 22:00:00+00:00,H
12190,ZONE1,2026-05-23 22:00:00+00:00,2026-05-23 23:00:00+00:00,H
12191,ZONE1,2026-05-23 23:00:00+00:00,2026-05-24 00:00:00+00:00,H
12192,ZONE1,2026-05-24 00:00:00+00:00,2026-05-24 01:00:00+00:00,H
12193,ZONE1,2026-05-24 01:00:00+00:00,2026-05-24 02:00:00+00:00,H
12194,ZONE1,2026-05-24 02:00:00+00:00,2026-05-24 03:00:00+00:00,H
12195,ZONE1,2026-05-24 03:00:00+00:00,2026-05-24 04:00:00+00:00,H
12196,ZONE1,2026-05-24 04:00:00+00:00,2026-05-24 05:00:00+00:00,H
12197,ZONE1,2026-05-24 05:00:00+00:00,2026-05-24 06:00:00+00:00,H
12198,ZONE1,2026-05-24 06:00:00+00:00,2026-05-24 07:00:00+00:00,H
12199,ZONE1,2026-05-24 07:00:00+00:00,2026-05-24 08:00:00+00:00,H
12200,ZONE1,2026-05-24 08:00:00+00:00,2026-05-24 09:00:00+00:00,H
12201,ZONE1,2026-05-24 09:00:00+00:00,2026-05-24 10:00:00+00:00,H
12202,ZONE1,2026-05-24 10:00:00+00:00,2026-05-24 11:00:00+00:00,H
12203,ZONE1,2026-05-24 11:00:00+00:00,2026-05-24 12:00:00+00:00,H
12204,ZONE1,2026-05-24 12:00:00+00:00,2026-05-24 13:00:00+00:00,H
12205,ZONE1,2026-05-24 13:00:00+00:00,2026-05-24 14:00:00+00:00,H
12206,ZONE1,2026-05-24 14:00:00+00:00,2026-05-24 15:00:00+00:00,H
12207,ZONE1,2026-05-24 15:00:00+00:00,2026-05-24 16:00:00+00:00,H
12208,ZONE1,2026-05-24 16:00:00+00:00,2026-05-24 17:00:00+00:00,H
12209,ZONE1,2026-05-24 17:00:00+00:00,2026-05-24 18:00:00+00:00,H
12210,ZONE1,2026-05-24 18:00:00+00:00,2026-05-24 19:00:00+00:00,H
12211,ZONE1,2026-05-24 19:00:00+00:00,2026-05-24 20:00:00+00:00,H
12212,ZONE1,2026-05-24 20:00:00+00:00,2026-05-24 21:00:00+00:00,H
12213,ZONE1,2026-05-24 21:00:00+00:00,2026-05-24 22:00:00+00:00,H
12214,ZONE1,2026-05-24 22:00:00+00:00,2026-05-24 23:00:00+00:00,H
12215,ZONE1,2026-05-24 23:00:00+00:00,2026-05-25 00:00:00+00:00,H
12216,ZONE1,2026-05-25 00:00:00+00:00,2026-05-25 01:00:00+00:00,H
12217,ZONE1,2026-05-25 01:00:00+00:00,2026-05-25 02:00:00+00:00,H
12218,ZONE1,2026-05-25 02:00:00+00:00,2026-05-25 03:00:00+00:00,H
12219,ZONE1,2026-05-25 03:00:00+00:00,2026-05-25 04:00:00+00:00,H
12220,ZONE1,2026-05-25 04:00:00+00:00,2026-05-25 05:00:00+00:00,H
12221,ZONE1,2026-05-25 05:00:00+00:00,2026-05-25 06:00:00+00:00,H
12222,ZONE1,2026-05-25 06:00:00+00:00,2026-05-25 07:00:00+00:00,H
12223,ZONE1,2026-05-25 07:00:00+00:00,2026-05-25 08:00:00+00:00,H
12224,ZONE1,2026-05-25 08:00:00+00:00,2026-05-25 09:00:00+00:00,H
12225,ZONE1,2026-05-25 09:00:00+00:00,2026-05-25 10:00:00+00:00,H
12226,ZONE1,2026-05-25 10:00:00+00:00,2026-05-25 11:00:00+00:00,H
12227,ZONE1,2026-05-25 11:00:00+00:00,2026-05-25 12:00:00+00:00,H
12228,ZONE1,2026-05-25 12:00:00+00:00,2026-05-25 13:00:00+00:00,H
12229,ZONE1,2026-05-25 13:00:00+00:00,2026-05-25 14:00:00+00:00,H
12230,ZONE1,2026-05-25 14:00:00+00:00,2026-05-25 15:00:00+00:00,H
12231,ZONE1,2026-05-25 15:00:00+00:00,2026-05-25 16:00:00+00:00,H
12232,ZONE1,2026-05-25 16:00:00+00:00,2026-05-25 17:00:00+00:00,H
12233,ZONE1,2026-05-25 17:00:00+00:00,2026-05-25 18:00:00+00:00,H
12234,ZONE1,2026-05-25 18:00:00+00:00,2026-05-25 19:00:00+00:00,H
12235,ZONE1,2026-05-25 19:00:00+00:00,2026-05-25 20:00:00+00:00,H
12236,ZONE1,2026-05-25 20:00:00+00:00,2026-05-25 21:00:00+00:00,H
12237,ZONE1,2026-05-25 21:00:00+00:00,2026-05-25 22:00:00+00:00,H
12238,ZONE1,2026-05-25 22:00:00+00:00,2026-05-25 23:00:00+00:00,H
12239,ZONE1,2026-05-25 23:00:00+00:00,2026-05-26 00:00:00+00:00,H
12240,ZONE1,2026-05-26 00:00:00+00:00,2026-05-26 01:00:00+00:00,H
12241,ZONE1,2026-05-26 01:00:00+00:00,2026-05-26 02:00:00+00:00,H
12242,ZONE1,2026-05-26 02:00:00+00:00,2026-05-26 03:00:00+00:00,H
12243,ZONE1,2026-05-26 03:00:00+00:00,2026-05-26 04:00:00+00:00,H
12244,ZONE1,2026-05-26 04:00:00+00:00,2026-05-26 05:00:00+00:00,H
12245,ZONE1,2026-05-26 05:00:00+00:00,2026-05-26 06:00:00+00:00,H
12246,ZONE1,2026-05-26 06:00:00+00:00,2026-05-26 07:00:00+00:00,H
12247,ZONE1,2026-05-26 07:00:00+00:00,2026-05-26 08:00:00+00:00,H
12248,ZONE1,2026-05-26 08:00:00+00:00,2026-05-26 09:00:00+00:00,H
12249,ZONE1,2026-05-26 09:00:00+00:00,2026-05-26 10:00:00+00:00,H
12250,ZONE1,2026-05-26 10:00:00+00:00,2026-05-26 11:00:00+00:00,H
12251,ZONE1,2026-05-26 11:00:00+00:00,2026-05-26 12:00:00+00:00,H
12252,ZONE1,2026-05-26 12:00:00+00:00,2026-05-26 13:00:00+00:00,H
12253,ZONE1,2026-05-26 13:00:00+00:00,2026-05-26 14:00:00+00:00,H
12254,ZONE1,2026-05-26 14:00:00+00:00,2026-05-26 15:00:00+00:00,H
12255,ZONE1,2026-05-26 15:00:00+00:00,2026-05-26 16:00:00+00:00,H
12256,ZONE1,2026-05-26 16:00:00+00:00,2026-05-26 17:00:00+00:00,H
12257,ZONE1,2026-05-26 17:00:00+00:00,2026-05-26 18:00:00+00:00,H
12258,ZONE1,2026-05-26 18:00:00+00:00,2026-05-26 19:00:00+00:00,H
12259,ZONE1,2026-05-26 19:00:00+00:00,2026-05-26 20:00:00+00:00,H
12260,ZONE1,2026-05-26 20:00:00+00:00,2026-05-26 21:00:00+00:00,H
12261,ZONE1,2026-05-26 21:00:00+00:00,2026-05-26 22:00:00+00:00,H
12262,ZONE1,2026-05-26 22:00:00+00:00,2026-05-26 23:00:00+00:00,H
12263,ZONE1,2026-05-26 23:00:00+00:00,2026-05-27 00:00:00+00:00,H
12264,ZONE1,2026-05-27 00:00:00+00:00,2026-05-27 01:00:00+00:00,H
12265,ZONE1,2026-05-27 01:00:00+00:00,2026-05-27 02:00:00+00:00,H
12266,ZONE1,2026-05-27 02:00:00+00:00,2026-05-27 03:00:00+00:00,H
12267,ZONE1,2026-05-27 03:00:00+00:00,2026-05-27 04:00:00+00:00,H
12268,ZONE1,2026-05-27 04:00:00+00:00,2026-05-27 05:00:00+00:00,H
12269,ZONE1,2026-05-27 05:00:00+00:00,2026-05-27 06:00:00+00:00,H
12270,ZONE1,2026-05-27 06:00:00+00:00,2026-05-27 07:00:00+00:00,H
12271,ZONE1,2026-05-27 07:00:00+00:00,2026-05-27 08:00:00+00:00,H
12272,ZONE1,2026-05-27 08:00:00+00:00,2026-05-27 09:00:00+00:00,H
12273,ZONE1,2026-05-27 09:00:00+00:00,2026-05-27 10:00:00+00:00,H
12274,ZONE1,2026-05-27 10:00:00+00:00,2026-05-27 11:00:00+00:00,H
12275,ZONE1,2026-05-27 11:00:00+00:00,2026-05-27 12:00:00+00:00,H
12276,ZONE1,2026-05-27 12:00:00+00:00,2026-05-27 13:00:00+00:00,H
12277,ZONE1,2026-05-27 13:00:00+00:00,2026-05-27 14:00:00+00:00,H
12278,ZONE1,2026-05-27 14:00:00+00:00,2026-05-27 15:00:00+00:00,H
12279,ZONE1,2026-05-27 15:00:00+00:00,2026-05-27 16:00:00+00:00,H
12280,ZONE1,2026-05-27 16:00:00+00:00,2026-05-27 17:00:00+00:00,H
12281,ZONE1,2026-05-27 17:00:00+00:00,2026-05-27 18:00:00+00:00,H
12282,ZONE1,2026-05-27 18:00:00+00:00,2026-05-27 19:00:00+00:00,H
12283,ZONE1,2026-05-27 19:00:00+00:00,2026-05-27 20:00:00+00:00,H
12284,ZONE1,2026-05-27 20:00:00+00:00,2026-05-27 21:00:00+00:00,H
12285,ZONE1,2026-05-27 21:00:00+00:00,2026-05-27 22:00:00+00:00,H
12286,ZONE1,2026-05-27 22:00:00+00:00,2026-05-27 23:00:00+00:00,H
12287,ZONE1,2026-05-27 23:00:00+00:00,2026-05-28 00:00:00+00:00,H
12288,ZONE1,2026-05-28 00:00:00+00:00,2026-05-28 01:00:00+00:00,H
12289,ZONE1,2026-05-28 01:00:00+00:00,2026-05-28 02:00:00+00:00,H
12290,ZONE1,2026-05-28 02:00:00+00:00,2026-05-28 03:00:00+00:00,H
12291,ZONE1,2026-05-28 03:00:00+00:00,2026-05-28 04:00:00+00:00,H
12292,ZONE1,2026-05-28 04:00:00+00:00,2026-05-28 05:00:00+00:00,H
12293,ZONE1,2026-05-28 05:00:00+00:00,2026-05-28 06:00:00+00:00,H
12294,ZONE1,2026-05-28 06:00:00+00:00,2026-05-28 07:00:00+00:00,H
12295,ZONE1,2026-05-28 07:00:00+00:00,2026-05-28 08:00:00+00:00,H
12296,ZONE1,2026-05-28 08:00:00+00:00,2026-05-28 09:00:00+00:00,H
12297,ZONE1,2026-05-28 09:00:00+00:00,2026-05-28 10:00:00+00:00,H
12298,ZONE1,2026-05-28 10:00:00+00:00,2026-05-28 11:00:00+00:00,H
12299,ZONE1,2026-05-28 11:00:00+00:00,2026-05-28 12:00:00+00:00,H
12300,ZONE1,2026-05-28 12:00:00+00:00,2026-05-28 13:00:00+00:00,H
12301,ZONE1,2026-05-28 13:00:00+00:00,2026-05-28 14:00:00+00:00,H
12302,ZONE1,2026-05-28 14:00:00+00:00,2026-05-28 15:00:00+00:00,H
12303,ZONE1,2026-05-28 15:00:00+00:00,2026-05-28 16:00:00+00:00,H
12304,ZONE1,2026-05-28 16:00:00+00:00,2026-05-28 17:00:00+00:00,H
12305,ZONE1,2026-05-28 17:00:00+00:00,2026-05-28 18:00:00+00:00,H
12306,ZONE1,2026-05-28 18:00:00+00:00,2026-05-28 19:00:00+00:00,H
12307,ZONE1,2026-05-28 19:00:00+00:00,2026-05-28 20:00:00+00:00,H
12308,ZONE1,2026-05-28 20:00:00+00:00,2026-05-28 21:00:00+00:00,H
12309,ZONE1,2026-05-28 21:00:00+00:00,2026-05-28 22:00:00+00:00,H
12310,ZONE1,2026-05-28 22:00:00+00:00,2026-05-28 23:00:00+00:00,H
12311,ZONE1,2026-05-28 23:00:00+00:00,2026-05-29 00:00:00+00:00,H
12312,ZONE1,2026-05-29 00:00:00+00:00,2026-05-29 01:00:00+00:00,H
12313,ZONE1,2026-05-29 01:00:00+00:00,2026-05-29 02:00:00+00:00,H
12314,ZONE1,2026-05-29 02:00:00+00:00,2026-05-29 03:00:00+00:00,H
12315,ZONE1,2026-05-29 03:00:00+00:00,2026-05-29 04:00:00+00:00,H
12316,ZONE1,2026-05-29 04:00:00+00:00,2026-05-29 05:00:00+00:00,H
12317,ZONE1,2026-05-29 05:00:00+00:00,2026-05-29 06:00:00+00:00,H
12318,ZONE1,2026-05-29 06:00:00+00:00,2026-05-29 07:00:00+00:00,H
12319,ZONE1,2026-05-29 07:00:00+00:00,2026-05-29 08:00:00+00:00,H
12320,ZONE1,2026-05-29 08:00:00+00:00,2026-05-29 09:00:00+00:00,H
12321,ZONE1,2026-05-29 09:00:00+00:00,2026-05-29 10:00:00+00:00,H
12322,ZONE1,2026-05-29 10:00:00+00:00,2026-05-29 11:00:00+00:00,H
12323,ZONE1,2026-05-29 11:00:00+00:00,2026-05-29 12:00:00+00:00,H
12324,ZONE1,2026-05-29 12:00:00+00:00,2026-05-29 13:00:00+00:00,H
12325,ZONE1,2026-05-29 13:00:00+00:00,2026-05-29 14:00:00+00:00,H
12326,ZONE1,2026-05-29 14:00:00+00:00,2026-05-29 15:00:00+00:00,H
12327,ZONE1,2026-05-29 15:00:00+00:00,2026-05-29 16:00:00+00:00,H
12328,ZONE1,2026-05-29 16:00:00+00:00,2026-05-29 17:00:00+00:00,H
12329,ZONE1,2026-05-29 17:00:00+00:00,2026-05-29 18:00:00+00:00,H
12330,ZONE1,2026-05-29 18:00:00+00:00,2026-05-29 19:00:00+00:00,H
12331,ZONE1,2026-05-29 19:00:00+00:00,2026-05-29 20:00:00+00:00,H
12332,ZONE1,2026-05-29 20:00:00+00:00,2026-05-29 21:00:00+00:00,H
12333,ZONE1,2026-05-29 21:00:00+00:00,2026-05-29 22:00:00+00:00,H
12334,ZONE1,2026-05-29 22:00:00+00:00,2026-05-29 23:00:00+00:00,H
12335,ZONE1,2026-05-29 23:00:00+00:00,2026-05-30 00:00:00+00:00,H
12336,ZONE1,2026-05-30 00:00:00+00:00,2026-05-30 01:00:00+00:00,H
12337,ZONE1,2026-05-30 01:00:00+00:00,2026-05-30 02:00:00+00:00,H
12338,ZONE1,2026-05-30 02:00:00+00:00,2026-05-30 03:00:00+00:00,H
12339,ZONE1,2026-05-30 03:00:00+00:00,2026-05-30 04:00:00+00:00,H
12340,ZONE1,2026-05-30 04:00:00+00:00,2026-05-30 05:00:00+00:00,H
12341,ZONE1,2026-05-30 05:00:00+00:00,2026-05-30 06:00:00+00:00,H
12342,ZONE1,2026-05-30 06:00:00+00:00,2026-05-30 07:00:00+00:00,H
12343,ZONE1,2026-05-30 07:00:00+00:00,2026-05-30 08:00:00+00:00,H
12344,ZONE1,2026-05-30 08:00:00+00:00,2026-05-30 09:00:00+00:00,H
12345,ZONE1,2026-05-30 09:00:00+00:00,2026-05-30 10:00:00+00:00,H
12346,ZONE1,2026-05-30 10:00:00+00:00,2026-05-30 11:00:00+00:00,H
12347,ZONE1,2026-05-30 11:00:00+00:00,2026-05-30 12:00:00+00:00,H
12348,ZONE1,2026-05-30 12:00:00+00:00,2026-05-30 13:00:00+00:00,H
12349,ZONE1,2026-05-30 13:00:00+00:00,2026-05-30 14:00:00+00:00,H
12350,ZONE1,2026-05-30 14:00:00+00:00,2026-05-30 15:00:00+00:00,H
12351,ZONE1,2026-05-30 15:00:00+00:00,2026-05-30 16:00:00+00:00,H
12352,ZONE1,2026-05-30 16:00:00+00:00,2026-05-30 17:00:00+00:00,H
12353,ZONE1,2026-05-30 17:00:00+00:00,2026-05-30 18:00:00+00:00,H
12354,ZONE1,2026-05-30 18:00:00+00:00,2026-05-30 19:00:00+00:00,H
12355,ZONE1,2026-05-30 19:00:00+00:00,2026-05-30 20:00:00+00:00,H
12356,ZONE1,2026-05-30 20:00:00+00:00,2026-05-30 21:00:00+00:00,H
12357,ZONE1,2026-05-30 21:00:00+00:00,2026-05-30 22:00:00+00:00,H
12358,ZONE1,2026-05-30 22:00:00+00:00,2026-05-30 23:00:00+00:00,H
12359,ZONE1,2026-05-30 23:00:00+00:00,2026-05-31 00:00:00+00:00,H
12360,ZONE1,2026-05-31 00:00:00+00:00,2026-05-31 01:00:00+00:00,H
12361,ZONE1,2026-05-31 01:00:00+00:00,2026-05-31 02:00:00+00:00,H
12362,ZONE1,2026-05-31 02:00:00+00:00,2026-05-31 03:00:00+00:00,H
12363,ZONE1,2026-05-31 03:00:00+00:00,2026-05-31 04:00:00+00:00,H
12364,ZONE1,2026-05-31 04:00:00+00:00,2026-05-31 05:00:00+00:00,H
12365,ZONE1,2026-05-31 05:00:00+00:00,2026-05-31 06:00:00+00:00,H
12366,ZONE1,2026-05-31 06:00:00+00:00,2026-05-31 07:00:00+00:00,H
12367,ZONE1,2026-05-31 07:00:00+00:00,2026-05-31 08:00:00+00:00,H
12368,ZONE1,2026-05-31 08:00:00+00:00,2026-05-31 09:00:00+00:00,H
12369,ZONE1,2026-05-31 09:00:00+00:00,2026-05-31 10:00:00+00:00,H
12370,ZONE1,2026-05-31 10:00:00+00:00,2026-05-31 11:00:00+00:00,H
12371,ZONE1,2026-05-31 11:00:00+00:00,2026-05-31 12:00:00+00:00,H
12372,ZONE1,2026-05-31 12:00:00+00:00,2026-05-31 13:00:00+00:00,H
12373,ZONE1,2026-05-31 13:00:00+00:00,2026-05-31 14:00:00+00:00,H
12374,ZONE1,2026-05-31 14:00:00+00:00,2026-05-31 15:00:00+00:00,H
12375,ZONE1,2026-05-31 15:00:00+00:00,2026-05-31 16:00:00+00:00,H
12376,ZONE1,2026-05-31 16:00:00+00:00,2026-05-31 17:00:00+00:00,H
12377,ZONE1,2026-05-31 17:00:00+00:00,2026-05-31 18:00:00+00:00,H
12378,ZONE1,2026-05-31 18:00:00+00:00,2026-05-31 19:00:00+00:00,H
12379,ZONE1,2026-05-31 19:00:00+00:00,2026-05-31 20:00:00+00:00,H
12380,ZONE1,2026-05-31 20:00:00+00:00,2026-05-31 21:00:00+00:00,H
12381,ZONE1,2026-05-31 21:00:00+00:00,2026-05-31 22:00:00+00:00,H
12382,ZONE1,2026-05-31 22:00:00+00:00,2026-05-31 23:00:00+00:00,H
12383,ZONE1,2026-05-31 23:00:00+00:00,2026-06-01 00:00:00+00:00,H
12384,ZONE1,2026-06-01 00:00:00+00:00,2026-06-01 01:00:00+00:00,H
12385,ZONE1,2026-06-01 01:00:00+00:00,2026-06-01 02:00:00+00:00,H
12386,ZONE1,2026-06-01 02:00:00+00:00,2026-06-01 03:00:00+00:00,H
12387,ZONE1,2026-06-01 03:00:00+00:00,2026-06-01 04:00:00+00:00,H
12388,ZONE1,2026-06-01 04:00:00+00:00,2026-06-01 05:00:00+00:00,H
12389,ZONE1,2026-06-01 05:00:00+00:00,2026-06-01 06:00:00+00:00,H
12390,ZONE1,2026-06-01 06:00:00+00:00,2026-06-01 07:00:00+00:00,H
12391,ZONE1,2026-06-01 07:00:00+00:00,2026-06-01 08:00:00+00:00,H
12392,ZONE1,2026-06-01 08:00:00+00:00,2026-06-01 09:00:00+00:00,H
12393,ZONE1,2026-06-01 09:00:00+00:00,2026-06-01 10:00:00+00:00,H
12394,ZONE1,2026-06-01 10:00:00+00:00,2026-06-01 11:00:00+00:00,H
12395,ZONE1,2026-06-01 11:00:00+00:00,2026-06-01 12:00:00+00:00,H
12396,ZONE1,2026-06-01 12:00:00+00:00,2026-06-01 13:00:00+00:00,H
12397,ZONE1,2026-06-01 13:00:00+00:00,2026-06-01 14:00:00+00:00,H
12398,ZONE1,2026-06-01 14:00:00+00:00,2026-06-01 15:00:00+00:00,H
12399,ZONE1,2026-06-01 15:00:00+00:00,2026-06-01 16:00:00+00:00,H
12400,ZONE1,2026-06-01 16:00:00+00:00,2026-06-01 17:00:00+00:00,H
12401,ZONE1,2026-06-01 17:00:00+00:00,2026-06-01 18:00:00+00:00,H
12402,ZONE1,2026-06-01 18:00:00+00:00,2026-06-01 19:00:00+00:00,H
12403,ZONE1,2026-06-01 19:00:00+00:00,2026-06-01 20:00:00+00:00,H
12404,ZONE1,2026-06-01 20:00:00+00:00,2026-06-01 21:00:00+00:00,H
12405,ZONE1,2026-06-01 21:00:00+00:00,2026-06-01 22:00:00+00:00,H
12406,ZONE1,2026-06-01 22:00:00+00:00,2026-06-01 23:00:00+00:00,H
12407,ZONE1,2026-06-01 23:00:00+00:00,2026-06-02 00:00:00+00:00,H
12408,ZONE1,2026-06-02 00:00:00+00:00,2026-06-02 01:00:00+00:00,H
12409,ZONE1,2026-06-02 01:00:00+00:00,2026-06-02 02:00:00+00:00,H
12410,ZONE1,2026-06-02 02:00:00+00:00,2026-06-02 03:00:00+00:00,H
12411,ZONE1,2026-06-02 03:00:00+00:00,2026-06-02 04:00:00+00:00,H
12412,ZONE1,2026-06-02 04:00:00+00:00,2026-06-02 05:00:00+00:00,H
12413,ZONE1,2026-06-02 05:00:00+00:00,2026-06-02 06:00:00+00:00,H
12414,ZONE1,2026-06-02 06:00:00+00:00,2026-06-02 07:00:00+00:00,H
12415,ZONE1,2026-06-02 07:00:00+00:00,2026-06-02 08:00:00+00:00,H
12416,ZONE1,2026-06-02 08:00:00+00:00,2026-06-02 09:00:00+00:00,H
12417,ZONE1,2026-06-02 09:00:00+00:00,2026-06-02 10:00:00+00:00,H
12418,ZONE1,2026-06-02 10:00:00+00:00,2026-06-02 11:00:00+00:00,H
12419,ZONE1,2026-06-02 11:00:00+00:00,2026-06-02 12:00:00+00:00,H
12420,ZONE1,2026-06-02 12:00:00+00:00,2026-06-02 13:00:00+00:00,H
12421,ZONE1,2026-06-02 13:00:00+00:00,2026-06-02 14:00:00+00:00,H
12422,ZONE1,2026-06-02 14:00:00+00:00,2026-06-02 15:00:00+00:00,H
12423,ZONE1,2026-06-02 15:00:00+00:00,2026-06-02 16:00:00+00:00,H
12424,ZONE1,2026-06-02 16:00:00+00:00,2026-06-02 17:00:00+00:00,H
12425,ZONE1,2026-06-02 17:00:00+00:00,2026-06-02 18:00:00+00:00,H
12426,ZONE1,2026-06-02 18:00:00+00:00,2026-06-02 19:00:00+00:00,H
12427,ZONE1,2026-06-02 19:00:00+00:00,2026-06-02 20:00:00+00:00,H
12428,ZONE1,2026-06-02 20:00:00+00:00,2026-06-02 21:00:00+00:00,H
12429,ZONE1,2026-06-02 21:00:00+00:00,2026-06-02 22:00:00+00:00,H
12430,ZONE1,2026-06-02 22:00:00+00:00,2026-06-02 23:00:00+00:00,H
12431,ZONE1,2026-06-02 23:00:00+00:00,2026-06-03 00:00:00+00:00,H
12432,ZONE1,2026-06-03 00:00:00+00:00,2026-06-03 01:00:00+00:00,H
12433,ZONE1,2026-06-03 01:00:00+00:00,2026-06-03 02:00:00+00:00,H
12434,ZONE1,2026-06-03 02:00:00+00:00,2026-06-03 03:00:00+00:00,H
12435,ZONE1,2026-06-03 03:00:00+00:00,2026-06-03 04:00:00+00:00,H
12436,ZONE1,2026-06-03 04:00:00+00:00,2026-06-03 05:00:00+00:00,H
12437,ZONE1,2026-06-03 05:00:00+00:00,2026-06-03 06:00:00+00:00,H
12438,ZONE1,2026-06-03 06:00:00+00:00,2026-06-03 07:00:00+00:00,H
12439,ZONE1,2026-06-03 07:00:00+00:00,2026-06-03 08:00:00+00:00,H
12440,ZONE1,2026-06-03 08:00:00+00:00,2026-06-03 09:00:00+00:00,H
12441,ZONE1,2026-06-03 09:00:00+00:00,2026-06-03 10:00:00+00:00,H
12442,ZONE1,2026-06-03 10:00:00+00:00,2026-06-03 11:00:00+00:00,H
12443,ZONE1,2026-06-03 11:00:00+00:00,2026-06-03 12:00:00+00:00,H
12444,ZONE1,2026-06-03 12:00:00+00:00,2026-06-03 13:00:00+00:00,H
12445,ZONE1,2026-06-03 13:00:00+00:00,2026-06-03 14:00:00+00:00,H
12446,ZONE1,2026-06-03 14:00:00+00:00,2026-06-03 15:00:00+00:00,H
12447,ZONE1,2026-06-03 15:00:00+00:00,2026-06-03 16:00:00+00:00,H
12448,ZONE1,2026-06-03 16:00:00+00:00,2026-06-03 17:00:00+00:00,H
12449,ZONE1,2026-06-03 17:00:00+00:00,2026-06-03 18:00:00+00:00,H
12450,ZONE1,2026-06-03 18:00:00+00:00,2026-06-03 19:00:00+00:00,H
12451,ZONE1,2026-06-03 19:00:00+00:00,2026-06-03 20:00:00+00:00,H
12452,ZONE1,2026-06-03 20:00:00+00:00,2026-06-03 21:00:00+00:00,H
12453,ZONE1,2026-06-03 21:00:00+00:00,2026-06-03 22:00:00+00:00,H
12454,ZONE1,2026-06-03 22:00:00+00:00,2026-06-03 23:00:00+00:00,H
12455,ZONE1,2026-06-03 23:00:00+00:00,2026-06-04 00:00:00+00:00,H
12456,ZONE1,2026-06-04 00:00:00+00:00,2026-06-04 01:00:00+00:00,H
12457,ZONE1,2026-06-04 01:00:00+00:00,2026-06-04 02:00:00+00:00,H
12458,ZONE1,2026-06-04 02:00:00+00:00,2026-06-04 03:00:00+00:00,H
12459,ZONE1,2026-06-04 03:00:00+00:00,2026-06-04 04:00:00+00:00,H
12460,ZONE1,2026-06-04 04:00:00+00:00,2026-06-04 05:00:00+00:00,H
12461,ZONE1,2026-06-04 05:00:00+00:00,2026-06-04 06:00:00+00:00,H
12462,ZONE1,2026-06-04 06:00:00+00:00,2026-06-04 07:00:00+00:00,H
12463,ZONE1,2026-06-04 07:00:00+00:00,2026-06-04 08:00:00+00:00,H
12464,ZONE1,2026-06-04 08:00:00+00:00,2026-06-04 09:00:00+00:00,H
12465,ZONE1,2026-06-04 09:00:00+00:00,2026-06-04 10:00:00+00:00,H
12466,ZONE1,2026-06-04 10:00:00+00:00,2026-06-04 11:00:00+00:00,H
12467,ZONE1,2026-06-04 11:00:00+00:00,2026-06-04 12:00:00+00:00,H
12468,ZONE1,2026-06-04 12:00:00+00:00,2026-06-04 13:00:00+00:00,H
12469,ZONE1,2026-06-04 13:00:00+00:00,2026-06-04 14:00:00+00:00,H
12470,ZONE1,2026-06-04 14:00:00+00:00,2026-06-04 15:00:00+00:00,H
12471,ZONE1,2026-06-04 15:00:00+00:00,2026-06-04 16:00:00+00:00,H
12472,ZONE1,2026-06-04 16:00:00+00:00,2026-06-04 17:00:00+00:00,H
12473,ZONE1,2026-06-04 17:00:00+00:00,2026-06-04 18:00:00+00:00,H
12474,ZONE1,2026-06-04 18:00:00+00:00,2026-06-04 19:00:00+00:00,H
12475,ZONE1,2026-06-04 19:00:00+00:00,2026-06-04 20:00:00+00:00,H
12476,ZONE1,2026-06-04 20:00:00+00:00,2026-06-04 21:00:00+00:00,H
12477,ZONE1,2026-06-04 21:00:00+00:00,2026-06-04 22:00:00+00:00,H
12478,ZONE1,2026-06-04 22:00:00+00:00,2026-06-04 23:00:00+00:00,H
12479,ZONE1,2026-06-04 23:00:00+00:00,2026-06-05 00:00:00+00:00,H
12480,ZONE1,2026-06-05 00:00:00+00:00,2026-06-05 01:00:00+00:00,H
12481,ZONE1,2026-06-05 01:00:00+00:00,2026-06-05 02:00:00+00:00,H
12482,ZONE1,2026-06-05 02:00:00+00:00,2026-06-05 03:00:00+00:00,H
12483,ZONE1,2026-06-05 03:00:00+00:00,2026-06-05 04:00:00+00:00,H
12484,ZONE1,2026-06-05 04:00:00+00:00,2026-06-05 05:00:00+00:00,H
12485,ZONE1,2026-06-05 05:00:00+00:00,2026-06-05 06:00:00+00:00,H
12486,ZONE1,2026-06-05 06:00:00+00:00,2026-06-05 07:00:00+00:00,H
12487,ZONE1,2026-06-05 07:00:00+00:00,2026-06-05 08:00:00+00:00,H
12488,ZONE1,2026-06-05 08:00:00+00:00,2026-06-05 09:00:00+00:00,H
12489,ZONE1,2026-06-05 09:00:00+00:00,2026-06-05 10:00:00+00:00,H
12490,ZONE1,2026-06-05 10:00:00+00:00,2026-06-05 11:00:00+00:00,H
12491,ZONE1,2026-06-05 11:00:00+00:00,2026-06-05 12:00:00+00:00,H
12492,ZONE1,2026-06-05 12:00:00+00:00,2026-06-05 13:00:00+00:00,H
12493,ZONE1,2026-06-05 13:00:00+00:00,2026-06-05 14:00:00+00:00,H
12494,ZONE1,2026-06-05 14:00:00+00:00,2026-06-05 15:00:00+00:00,H
12495,ZONE1,2026-06-05 15:00:00+00:00,2026-06-05 16:00:00+00:00,H
12496,ZONE1,2026-06-05 16:00:00+00:00,2026-06-05 17:00:00+00:00,H
12497,ZONE1,2026-06-05 17:00:00+00:00,2026-06-05 18:00:00+00:00,H
12498,ZONE1,2026-06-05 18:00:00+00:00,2026-06-05 19:00:00+00:00,H
12499,ZONE1,2026-06-05 19:00:00+00:00,2026-06-05 20:00:00+00:00,H
12500,ZONE1,2026-06-05 20:00:00+00:00,2026-06-05 21:00:00+00:00,H
12501,ZONE1,2026-06-05 21:00:00+00:00,2026-06-05 22:00:00+00:00,H
12502,ZONE1,2026-06-05 22:00:00+00:00,2026-06-05 23:00:00+00:00,H
12503,ZONE1,2026-06-05 23:00:00+00:00,2026-06-06 00:00:00+00:00,H
12504,ZONE1,2026-06-06 00:00:00+00:00,2026-06-06 01:00:00+00:00,H
12505,ZONE1,2026-06-06 01:00:00+00:00,2026-06-06 02:00:00+00:00,H
12506,ZONE1,2026-06-06 02:00:00+00:00,2026-06-06 03:00:00+00:00,H
12507,ZONE1,2026-06-06 03:00:00+00:00,2026-06-06 04:00:00+00:00,H
12508,ZONE1,2026-06-06 04:00:00+00:00,2026-06-06 05:00:00+00:00,H
12509,ZONE1,2026-06-06 05:00:00+00:00,2026-06-06 06:00:00+00:00,H
12510,ZONE1,2026-06-06 06:00:00+00:00,2026-06-06 07:00:00+00:00,H
12511,ZONE1,2026-06-06 07:00:00+00:00,2026-06-06 08:00:00+00:00,H
12512,ZONE1,2026-06-06 08:00:00+00:00,2026-06-06 09:00:00+00:00,H
12513,ZONE1,2026-06-06 09:00:00+00:00,2026-06-06 10:00:00+00:00,H
12514,ZONE1,2026-06-06 10:00:00+00:00,2026-06-06 11:00:00+00:00,H
12515,ZONE1,2026-06-06 11:00:00+00:00,2026-06-06 12:00:00+00:00,H
12516,ZONE1,2026-06-06 12:00:00+00:00,2026-06-06 13:00:00+00:00,H
12517,ZONE1,2026-06-06 13:00:00+00:00,2026-06-06 14:00:00+00:00,H
12518,ZONE1,2026-06-06 14:00:00+00:00,2026-06-06 15:00:00+00:00,H
12519,ZONE1,2026-06-06 15:00:00+00:00,2026-06-06 16:00:00+00:00,H
12520,ZONE1,2026-06-06 16:00:00+00:00,2026-06-06 17:00:00+00:00,H
12521,ZONE1,2026-06-06 17:00:00+00:00,2026-06-06 18:00:00+00:00,H
12522,ZONE1,2026-06-06 18:00:00+00:00,2026-06-06 19:00:00+00:00,H
12523,ZONE1,2026-06-06 19:00:00+00:00,2026-06-06 20:00:00+00:00,H
12524,ZONE1,2026-06-06 20:00:00+00:00,2026-06-06 21:00:00+00:00,H
12525,ZONE1,2026-06-06 21:00:00+00:00,2026-06-06 22:00:00+00:00,H
12526,ZONE1,2026-06-06 22:00:00+00:00,2026-06-06 23:00:00+00:00,H
12527,ZONE1,2026-06-06 23:00:00+00:00,2026-06-07 00:00:00+00:00,H
12528,ZONE1,2026-06-07 00:00:00+00:00,2026-06-07 01:00:00+00:00,H
12529,ZONE1,2026-06-07 01:00:00+00:00,2026-06-07 02:00:00+00:00,H
12530,ZONE1,2026-06-07 02:00:00+00:00,2026-06-07 03:00:00+00:00,H
12531,ZONE1,2026-06-07 03:00:00+00:00,2026-06-07 04:00:00+00:00,H
12532,ZONE1,2026-06-07 04:00:00+00:00,2026-06-07 05:00:00+00:00,H
12533,ZONE1,2026-06-07 05:00:00+00:00,2026-06-07 06:00:00+00:00,H
12534,ZONE1,2026-06-07 06:00:00+00:00,2026-06-07 07:00:00+00:00,H
12535,ZONE1,2026-06-07 07:00:00+00:00,2026-06-07 08:00:00+00:00,H
12536,ZONE1,2026-06-07 08:00:00+00:00,2026-06-07 09:00:00+00:00,H
12537,ZONE1,2026-06-07 09:00:00+00:00,2026-06-07 10:00:00+00:00,H
12538,ZONE1,2026-06-07 10:00:00+00:00,2026-06-07 11:00:00+00:00,H
12539,ZONE1,2026-06-07 11:00:00+00:00,2026-06-07 12:00:00+00:00,H
12540,ZONE1,2026-06-07 12:00:00+00:00,2026-06-07 13:00:00+00:00,H
12541,ZONE1,2026-06-07 13:00:00+00:00,2026-06-07 14:00:00+00:00,H
12542,ZONE1,2026-06-07 14:00:00+00:00,2026-06-07 15:00:00+00:00,H
12543,ZONE1,2026-06-07 15:00:00+00:00,2026-06-07 16:00:00+00:00,H
12544,ZONE1,2026-06-07 16:00:00+00:00,2026-06-07 17:00:00+00:00,H
12545,ZONE1,2026-06-07 17:00:00+00:00,2026-06-07 18:00:00+00:00,H
12546,ZONE1,2026-06-07 18:00:00+00:00,2026-06-07 19:00:00+00:00,H
12547,ZONE1,2026-06-07 19:00:00+00:00,2026-06-07 20:00:00+00:00,H
12548,ZONE1,2026-06-07 20:00:00+00:00,2026-06-07 21:00:00+00:00,H
12549,ZONE1,2026-06-07 21:00:00+00:00,2026-06-07 22:00:00+00:00,H
12550,ZONE1,2026-06-07 22:00:00+00:00,2026-06-07 23:00:00+00:00,H
12551,ZONE1,2026-06-07 23:00:00+00:00,2026-06-08 00:00:00+00:00,H
12552,ZONE1,2026-06-08 00:00:00+00:00,2026-06-08 01:00:00+00:00,H
12553,ZONE1,2026-06-08 01:00:00+00:00,2026-06-08 02:00:00+00:00,H
12554,ZONE1,2026-06-08 02:00:00+00:00,2026-06-08 03:00:00+00:00,H
12555,ZONE1,2026-06-08 03:00:00+00:00,2026-06-08 04:00:00+00:00,H
12556,ZONE1,2026-06-08 04:00:00+00:00,2026-06-08 05:00:00+00:00,H
12557,ZONE1,2026-06-08 05:00:00+00:00,2026-06-08 06:00:00+00:00,H
12558,ZONE1,2026-06-08 06:00:00+00:00,2026-06-08 07:00:00+00:00,H
12559,ZONE1,2026-06-08 07:00:00+00:00,2026-06-08 08:00:00+00:00,H
12560,ZONE1,2026-06-08 08:00:00+00:00,2026-06-08 09:00:00+00:00,H
12561,ZONE1,2026-06-08 09:00:00+00:00,2026-06-08 10:00:00+00:00,H
12562,ZONE1,2026-06-08 10:00:00+00:00,2026-06-08 11:00:00+00:00,H
12563,ZONE1,2026-06-08 11:00:00+00:00,2026-06-08 12:00:00+00:00,H
12564,ZONE1,2026-06-08 12:00:00+00:00,2026-06-08 13:00:00+00:00,H
12565,ZONE1,2026-06-08 13:00:00+00:00,2026-06-08 14:00:00+00:00,H
12566,ZONE1,2026-06-08 14:00:00+00:00,2026-06-08 15:00:00+00:00,H
12567,ZONE1,2026-06-08 15:00:00+00:00,2026-06-08 16:00:00+00:00,H
12568,ZONE1,2026-06-08 16:00:00+00:00,2026-06-08 17:00:00+00:00,H
12569,ZONE1,2026-06-08 17:00:00+00:00,2026-06-08 18:00:00+00:00,H
12570,ZONE1,2026-06-08 18:00:00+00:00,2026-06-08 19:00:00+00:00,H
12571,ZONE1,2026-06-08 19:00:00+00:00,2026-06-08 20:00:00+00:00,H
12572,ZONE1,2026-06-08 20:00:00+00:00,2026-06-08 21:00:00+00:00,H
12573,ZONE1,2026-06-08 21:00:00+00:00,2026-06-08 22:00:00+00:00,H
12574,ZONE1,2026-06-08 22:00:00+00:00,2026-06-08 23:00:00+00:00,H
12575,ZONE1,2026-06-08 23:00:00+00:00,2026-06-09 00:00:00+00:00,H
12576,ZONE1,2026-06-09 00:00:00+00:00,2026-06-09 01:00:00+00:00,H
12577,ZONE1,2026-06-09 01:00:00+00:00,2026-06-09 02:00:00+00:00,H
12578,ZONE1,2026-06-09 02:00:00+00:00,2026-06-09 03:00:00+00:00,H
12579,ZONE1,2026-06-09 03:00:00+00:00,2026-06-09 04:00:00+00:00,H
12580,ZONE1,2026-06-09 04:00:00+00:00,2026-06-09 05:00:00+00:00,H
12581,ZONE1,2026-06-09 05:00:00+00:00,2026-06-09 06:00:00+00:00,H
12582,ZONE1,2026-06-09 06:00:00+00:00,2026-06-09 07:00:00+00:00,H
12583,ZONE1,2026-06-09 07:00:00+00:00,2026-06-09 08:00:00+00:00,H
12584,ZONE1,2026-06-09 08:00:00+00:00,2026-06-09 09:00:00+00:00,H
12585,ZONE1,2026-06-09 09:00:00+00:00,2026-06-09 10:00:00+00:00,H
12586,ZONE1,2026-06-09 10:00:00+00:00,2026-06-09 11:00:00+00:00,H
12587,ZONE1,2026-06-09 11:00:00+00:00,2026-06-09 12:00:00+00:00,H
12588,ZONE1,2026-06-09 12:00:00+00:00,2026-06-09 13:00:00+00:00,H
12589,ZONE1,2026-06-09 13:00:00+00:00,2026-06-09 14:00:00+00:00,H
12590,ZONE1,2026-06-09 14:00:00+00:00,2026-06-09 15:00:00+00:00,H
12591,ZONE1,2026-06-09 15:00:00+00:00,2026-06-09 16:00:00+00:00,H
12592,ZONE1,2026-06-09 16:00:00+00:00,2026-06-09 17:00:00+00:00,H
12593,ZONE1,2026-06-09 17:00:00+00:00,2026-06-09 18:00:00+00:00,H
12594,ZONE1,2026-06-09 18:00:00+00:00,2026-06-09 19:00:00+00:00,H
12595,ZONE1,2026-06-09 19:00:00+00:00,2026-06-09 20:00:00+00:00,H
12596,ZONE1,2026-06-09 20:00:00+00:00,2026-06-09 21:00:00+00:00,H
12597,ZONE1,2026-06-09 21:00:00+00:00,2026-06-09 22:00:00+00:00,H
12598,ZONE1,2026-06-09 22:00:00+00:00,2026-06-09 23:00:00+00:00,H
12599,ZONE1,2026-06-09 23:00:00+00:00,2026-06-10 00:00:00+00:00,H
12600,ZONE1,2026-06-10 00:00:00+00:00,2026-06-10 01:00:00+00:00,H
12601,ZONE1,2026-06-10 01:00:00+00:00,2026-06-10 02:00:00+00:00,H
12602,ZONE1,2026-06-10 02:00:00+00:00,2026-06-10 03:00:00+00:00,H
12603,ZONE1,2026-06-10 03:00:00+00:00,2026-06-10 04:00:00+00:00,H
12604,ZONE1,2026-06-10 04:00:00+00:00,2026-06-10 05:00:00+00:00,H
12605,ZONE1,2026-06-10 05:00:00+00:00,2026-06-10 06:00:00+00:00,H
12606,ZONE1,2026-06-10 06:00:00+00:00,2026-06-10 07:00:00+00:00,H
12607,ZONE1,2026-06-10 07:00:00+00:00,2026-06-10 08:00:00+00:00,H
12608,ZONE1,2026-06-10 08:00:00+00:00,2026-06-10 09:00:00+00:00,H
12609,ZONE1,2026-06-10 09:00:00+00:00,2026-06-10 10:00:00+00:00,H
12610,ZONE1,2026-06-10 10:00:00+00:00,2026-06-10 11:00:00+00:00,H
12611,ZONE1,2026-06-10 11:00:00+00:00,2026-06-10 12:00:00+00:00,H
12612,ZONE1,2026-06-10 12:00:00+00:00,2026-06-10 13:00:00+00:00,H
12613,ZONE1,2026-06-10 13:00:00+00:00,2026-06-10 14:00:00+00:00,H
12614,ZONE1,2026-06-10 14:00:00+00:00,2026-06-10 15:00:00+00:00,H
12615,ZONE1,2026-06-10 15:00:00+00:00,2026-06-10 16:00:00+00:00,H
12616,ZONE1,2026-06-10 16:00:00+00:00,2026-06-10 17:00:00+00:00,H
12617,ZONE1,2026-06-10 17:00:00+00:00,2026-06-10 18:00:00+00:00,H
12618,ZONE1,2026-06-10 18:00:00+00:00,2026-06-10 19:00:00+00:00,H
12619,ZONE1,2026-06-10 19:00:00+00:00,2026-06-10 20:00:00+00:00,H
12620,ZONE1,2026-06-10 20:00:00+00:00,2026-06-10 21:00:00+00:00,H
12621,ZONE1,2026-06-10 21:00:00+00:00,2026-06-10 22:00:00+00:00,H
12622,ZONE1,2026-06-10 22:00:00+00:00,2026-06-10 23:00:00+00:00,H
12623,ZONE1,2026-06-10 23:00:00+00:00,2026-06-11 00:00:00+00:00,H
12624,ZONE1,2026-06-11 00:00:00+00:00,2026-06-11 01:00:00+00:00,H
12625,ZONE1,2026-06-11 01:00:00+00:00,2026-06-11 02:00:00+00:00,H
12626,ZONE1,2026-06-11 02:00:00+00:00,2026-06-11 03:00:00+00:00,H
12627,ZONE1,2026-06-11 03:00:00+00:00,2026-06-11 04:00:00+00:00,H
12628,ZONE1,2026-06-11 04:00:00+00:00,2026-06-11 05:00:00+00:00,H
12629,ZONE1,2026-06-11 05:00:00+00:00,2026-06-11 06:00:00+00:00,H
12630,ZONE1,2026-06-11 06:00:00+00:00,2026-06-11 07:00:00+00:00,H
12631,ZONE1,2026-06-11 07:00:00+00:00,2026-06-11 08:00:00+00:00,H
12632,ZONE1,2026-06-11 08:00:00+00:00,2026-06-11 09:00:00+00:00,H
12633,ZONE1,2026-06-11 09:00:00+00:00,2026-06-11 10:00:00+00:00,H
12634,ZONE1,2026-06-11 10:00:00+00:00,2026-06-11 11:00:00+00:00,H
12635,ZONE1,2026-06-11 11:00:00+00:00,2026-06-11 12:00:00+00:00,H
12636,ZONE1,2026-06-11 12:00:00+00:00,2026-06-11 13:00:00+00:00,H
12637,ZONE1,2026-06-11 13:00:00+00:00,2026-06-11 14:00:00+00:00,H
12638,ZONE1,2026-06-11 14:00:00+00:00,2026-06-11 15:00:00+00:00,H
12639,ZONE1,2026-06-11 15:00:00+00:00,2026-06-11 16:00:00+00:00,H
12640,ZONE1,2026-06-11 16:00:00+00:00,2026-06-11 17:00:00+00:00,H
12641,ZONE1,2026-06-11 17:00:00+00:00,2026-06-11 18:00:00+00:00,H
12642,ZONE1,2026-06-11 18:00:00+00:00,2026-06-11 19:00:00+00:00,H
12643,ZONE1,2026-06-11 19:00:00+00:00,2026-06-11 20:00:00+00:00,H
12644,ZONE1,2026-06-11 20:00:00+00:00,2026-06-11 21:00:00+00:00,H
12645,ZONE1,2026-06-11 21:00:00+00:00,2026-06-11 22:00:00+00:00,H
12646,ZONE1,2026-06-11 22:00:00+00:00,2026-06-11 23:00:00+00:00,H
12647,ZONE1,2026-06-11 23:00:00+00:00,2026-06-12 00:00:00+00:00,H
12648,ZONE1,2026-06-12 00:00:00+00:00,2026-06-12 01:00:00+00:00,H
12649,ZONE1,2026-06-12 01:00:00+00:00,2026-06-12 02:00:00+00:00,H
12650,ZONE1,2026-06-12 02:00:00+00:00,2026-06-12 03:00:00+00:00,H
12651,ZONE1,2026-06-12 03:00:00+00:00,2026-06-12 04:00:00+00:00,H
12652,ZONE1,2026-06-12 04:00:00+00:00,2026-06-12 05:00:00+00:00,H
12653,ZONE1,2026-06-12 05:00:00+00:00,2026-06-12 06:00:00+00:00,H
12654,ZONE1,2026-06-12 06:00:00+00:00,2026-06-12 07:00:00+00:00,H
12655,ZONE1,2026-06-12 07:00:00+00:00,2026-06-12 08:00:00+00:00,H
12656,ZONE1,2026-06-12 08:00:00+00:00,2026-06-12 09:00:00+00:00,H
12657,ZONE1,2026-06-12 09:00:00+00:00,2026-06-12 10:00:00+00:00,H
12658,ZONE1,2026-06-12 10:00:00+00:00,2026-06-12 11:00:00+00:00,H
12659,ZONE1,2026-06-12 11:00:00+00:00,2026-06-12 12:00:00+00:00,H
12660,ZONE1,2026-06-12 12:00:00+00:00,2026-06-12 13:00:00+00:00,H
12661,ZONE1,2026-06-12 13:00:00+00:00,2026-06-12 14:00:00+00:00,H
12662,ZONE1,2026-06-12 14:00:00+00:00,2026-06-12 15:00:00+00:00,H
12663,ZONE1,2026-06-12 15:00:00+00:00,2026-06-12 16:00:00+00:00,H
12664,ZONE1,2026-06-12 16:00:00+00:00,2026-06-12 17:00:00+00:00,H
12665,ZONE1,2026-06-12 17:00:00+00:00,2026-06-12 18:00:00+00:00,H
12666,ZONE1,2026-06-12 18:00:00+00:00,2026-06-12 19:00:00+00:00,H
12667,ZONE1,2026-06-12 19:00:00+00:00,2026-06-12 20:00:00+00:00,H
12668,ZONE1,2026-06-12 20:00:00+00:00,2026-06-12 21:00:00+00:00,H
12669,ZONE1,2026-06-12 21:00:00+00:00,2026-06-12 22:00:00+00:00,H
12670,ZONE1,2026-06-12 22:00:00+00:00,2026-06-12 23:00:00+00:00,H
12671,ZONE1,2026-06-12 23:00:00+00:00,2026-06-13 00:00:00+00:00,H
12672,ZONE1,2026-06-13 00:00:00+00:00,2026-06-13 01:00:00+00:00,H
12673,ZONE1,2026-06-13 01:00:00+00:00,2026-06-13 02:00:00+00:00,H
12674,ZONE1,2026-06-13 02:00:00+00:00,2026-06-13 03:00:00+00:00,H
12675,ZONE1,2026-06-13 03:00:00+00:00,2026-06-13 04:00:00+00:00,H
12676,ZONE1,2026-06-13 04:00:00+00:00,2026-06-13 05:00:00+00:00,H
12677,ZONE1,2026-06-13 05:00:00+00:00,2026-06-13 06:00:00+00:00,H
12678,ZONE1,2026-06-13 06:00:00+00:00,2026-06-13 07:00:00+00:00,H
12679,ZONE1,2026-06-13 07:00:00+00:00,2026-06-13 08:00:00+00:00,H
12680,ZONE1,2026-06-13 08:00:00+00:00,2026-06-13 09:00:00+00:00,H
12681,ZONE1,2026-06-13 09:00:00+00:00,2026-06-13 10:00:00+00:00,H
12682,ZONE1,2026-06-13 10:00:00+00:00,2026-06-13 11:00:00+00:00,H
12683,ZONE1,2026-06-13 11:00:00+00:00,2026-06-13 12:00:00+00:00,H
12684,ZONE1,2026-06-13 12:00:00+00:00,2026-06-13 13:00:00+00:00,H
12685,ZONE1,2026-06-13 13:00:00+00:00,2026-06-13 14:00:00+00:00,H
12686,ZONE1,2026-06-13 14:00:00+00:00,2026-06-13 15:00:00+00:00,H
12687,ZONE1,2026-06-13 15:00:00+00:00,2026-06-13 16:00:00+00:00,H
12688,ZONE1,2026-06-13 16:00:00+00:00,2026-06-13 17:00:00+00:00,H
12689,ZONE1,2026-06-13 17:00:00+00:00,2026-06-13 18:00:00+00:00,H
12690,ZONE1,2026-06-13 18:00:00+00:00,2026-06-13 19:00:00+00:00,H
12691,ZONE1,2026-06-13 19:00:00+00:00,2026-06-13 20:00:00+00:00,H
12692,ZONE1,2026-06-13 20:00:00+00:00,2026-06-13 21:00:00+00:00,H
12693,ZONE1,2026-06-13 21:00:00+00:00,2026-06-13 22:00:00+00:00,H
12694,ZONE1,2026-06-13 22:00:00+00:00,2026-06-13 23:00:00+00:00,H
12695,ZONE1,2026-06-13 23:00:00+00:00,2026-06-14 00:00:00+00:00,H
12696,ZONE1,2026-06-14 00:00:00+00:00,2026-06-14 01:00:00+00:00,H
12697,ZONE1,2026-06-14 01:00:00+00:00,2026-06-14 02:00:00+00:00,H
12698,ZONE1,2026-06-14 02:00:00+00:00,2026-06-14 03:00:00+00:00,H
12699,ZONE1,2026-06-14 03:00:00+00:00,2026-06-14 04:00:00+00:00,H
12700,ZONE1,2026-06-14 04:00:00+00:00,2026-06-14 05:00:00+00:00,H
12701,ZONE1,2026-06-14 05:00:00+00:00,2026-06-14 06:00:00+00:00,H
12702,ZONE1,2026-06-14 06:00:00+00:00,2026-06-14 07:00:00+00:00,H
12703,ZONE1,2026-06-14 07:00:00+00:00,2026-06-14 08:00:00+00:00,H
12704,ZONE1,2026-06-14 08:00:00+00:00,2026-06-14 09:00:00+00:00,H
12705,ZONE1,2026-06-14 09:00:00+00:00,2026-06-14 10:00:00+00:00,H
12706,ZONE1,2026-06-14 10:00:00+00:00,2026-06-14 11:00:00+00:00,H
12707,ZONE1,2026-06-14 11:00:00+00:00,2026-06-14 12:00:00+00:00,H
12708,ZONE1,2026-06-14 12:00:00+00:00,2026-06-14 13:00:00+00:00,H
12709,ZONE1,2026-06-14 13:00:00+00:00,2026-06-14 14:00:00+00:00,H
12710,ZONE1,2026-06-14 14:00:00+00:00,2026-06-14 15:00:00+00:00,H
12711,ZONE1,2026-06-14 15:00:00+00:00,2026-06-14 16:00:00+00:00,H
12712,ZONE1,2026-06-14 16:00:00+00:00,2026-06-14 17:00:00+00:00,H
12713,ZONE1,2026-06-14 17:00:00+00:00,2026-06-14 18:00:00+00:00,H
12714,ZONE1,2026-06-14 18:00:00+00:00,2026-06-14 19:00:00+00:00,H
12715,ZONE1,2026-06-14 19:00:00+00:00,2026-06-14 20:00:00+00:00,H
12716,ZONE1,2026-06-14 20:00:00+00:00,2026-06-14 21:00:00+00:00,H
12717,ZONE1,2026-06-14 21:00:00+00:00,2026-06-14 22:00:00+00:00,H
12718,ZONE1,2026-06-14 22:00:00+00:00,2026-06-14 23:00:00+00:00,H
12719,ZONE1,2026-06-14 23:00:00+00:00,2026-06-15 00:00:00+00:00,H
12720,ZONE1,2026-06-15 00:00:00+00:00,2026-06-15 01:00:00+00:00,H
12721,ZONE1,2026-06-15 01:00:00+00:00,2026-06-15 02:00:00+00:00,H
12722,ZONE1,2026-06-15 02:00:00+00:00,2026-06-15 03:00:00+00:00,H
12723,ZONE1,2026-06-15 03:00:00+00:00,2026-06-15 04:00:00+00:00,H
12724,ZONE1,2026-06-15 04:00:00+00:00,2026-06-15 05:00:00+00:00,H
12725,ZONE1,2026-06-15 05:00:00+00:00,2026-06-15 06:00:00+00:00,H
12726,ZONE1,2026-06-15 06:00:00+00:00,2026-06-15 07:00:00+00:00,H
12727,ZONE1,2026-06-15 07:00:00+00:00,2026-06-15 08:00:00+00:00,H
12728,ZONE1,2026-06-15 08:00:00+00:00,2026-06-15 09:00:00+00:00,H
12729,ZONE1,2026-06-15 09:00:00+00:00,2026-06-15 10:00:00+00:00,H
12730,ZONE1,2026-06-15 10:00:00+00:00,2026-06-15 11:00:00+00:00,H
12731,ZONE1,2026-06-15 11:00:00+00:00,2026-06-15 12:00:00+00:00,H
12732,ZONE1,2026-06-15 12:00:00+00:00,2026-06-15 13:00:00+00:00,H
12733,ZONE1,2026-06-15 13:00:00+00:00,2026-06-15 14:00:00+00:00,H
12734,ZONE1,2026-06-15 14:00:00+00:00,2026-06-15 15:00:00+00:00,H
12735,ZONE1,2026-06-15 15:00:00+00:00,2026-06-15 16:00:00+00:00,H
12736,ZONE1,2026-06-15 16:00:00+00:00,2026-06-15 17:00:00+00:00,H
12737,ZONE1,2026-06-15 17:00:00+00:00,2026-06-15 18:00:00+00:00,H
12738,ZONE1,2026-06-15 18:00:00+00:00,2026-06-15 19:00:00+00:00,H
12739,ZONE1,2026-06-15 19:00:00+00:00,2026-06-15 20:00:00+00:00,H
12740,ZONE1,2026-06-15 20:00:00+00:00,2026-06-15 21:00:00+00:00,H
12741,ZONE1,2026-06-15 21:00:00+00:00,2026-06-15 22:00:00+00:00,H
12742,ZONE1,2026-06-15 22:00:00+00:00,2026-06-15 23:00:00+00:00,H
12743,ZONE1,2026-06-15 23:00:00+00:00,2026-06-16 00:00:00+00:00,H
12744,ZONE1,2026-06-16 00:00:00+00:00,2026-06-16 01:00:00+00:00,H
12745,ZONE1,2026-06-16 01:00:00+00:00,2026-06-16 02:00:00+00:00,H
12746,ZONE1,2026-06-16 02:00:00+00:00,2026-06-16 03:00:00+00:00,H
12747,ZONE1,2026-06-16 03:00:00+00:00,2026-06-16 04:00:00+00:00,H
12748,ZONE1,2026-06-16 04:00:00+00:00,2026-06-16 05:00:00+00:00,H
12749,ZONE1,2026-06-16 05:00:00+00:00,2026-06-16 06:00:00+00:00,H
12750,ZONE1,2026-06-16 06:00:00+00:00,2026-06-16 07:00:00+00:00,H
12751,ZONE1,2026-06-16 07:00:00+00:00,2026-06-16 08:00:00+00:00,H
12752,ZONE1,2026-06-16 08:00:00+00:00,2026-06-16 09:00:00+00:00,H
12753,ZONE1,2026-06-16 09:00:00+00:00,2026-06-16 10:00:00+00:00,H
12754,ZONE1,2026-06-16 10:00:00+00:00,2026-06-16 11:00:00+00:00,H
12755,ZONE1,2026-06-16 11:00:00+00:00,2026-06-16 12:00:00+00:00,H
12756,ZONE1,2026-06-16 12:00:00+00:00,2026-06-16 13:00:00+00:00,H
12757,ZONE1,2026-06-16 13:00:00+00:00,2026-06-16 14:00:00+00:00,H
12758,ZONE1,2026-06-16 14:00:00+00:00,2026-06-16 15:00:00+00:00,H
12759,ZONE1,2026-06-16 15:00:00+00:00,2026-06-16 16:00:00+00:00,H
12760,ZONE1,2026-06-16 16:00:00+00:00,2026-06-16 17:00:00+00:00,H
12761,ZONE1,2026-06-16 17:00:00+00:00,2026-06-16 18:00:00+00:00,H
12762,ZONE1,2026-06-16 18:00:00+00:00,2026-06-16 19:00:00+00:00,H
12763,ZONE1,2026-06-16 19:00:00+00:00,2026-06-16 20:00:00+00:00,H
12764,ZONE1,2026-06-16 20:00:00+00:00,2026-06-16 21:00:00+00:00,H
12765,ZONE1,2026-06-16 21:00:00+00:00,2026-06-16 22:00:00+00:00,H
12766,ZONE1,2026-06-16 22:00:00+00:00,2026-06-16 23:00:00+00:00,H
12767,ZONE1,2026-06-16 23:00:00+00:00,2026-06-17 00:00:00+00:00,H
12768,ZONE1,2026-06-17 00:00:00+00:00,2026-06-17 01:00:00+00:00,H
12769,ZONE1,2026-06-17 01:00:00+00:00,2026-06-17 02:00:00+00:00,H
12770,ZONE1,2026-06-17 02:00:00+00:00,2026-06-17 03:00:00+00:00,H
12771,ZONE1,2026-06-17 03:00:00+00:00,2026-06-17 04:00:00+00:00,H
12772,ZONE1,2026-06-17 04:00:00+00:00,2026-06-17 05:00:00+00:00,H
12773,ZONE1,2026-06-17 05:00:00+00:00,2026-06-17 06:00:00+00:00,H
12774,ZONE1,2026-06-17 06:00:00+00:00,2026-06-17 07:00:00+00:00,H
12775,ZONE1,2026-06-17 07:00:00+00:00,2026-06-17 08:00:00+00:00,H
12776,ZONE1,2026-06-17 08:00:00+00:00,2026-06-17 09:00:00+00:00,H
12777,ZONE1,2026-06-17 09:00:00+00:00,2026-06-17 10:00:00+00:00,H
12778,ZONE1,2026-06-17 10:00:00+00:00,2026-06-17 11:00:00+00:00,H
12779,ZONE1,2026-06-17 11:00:00+00:00,2026-06-17 12:00:00+00:00,H
12780,ZONE1,2026-06-17 12:00:00+00:00,2026-06-17 13:00:00+00:00,H
12781,ZONE1,2026-06-17 13:00:00+00:00,2026-06-17 14:00:00+00:00,H
12782,ZONE1,2026-06-17 14:00:00+00:00,2026-06-17 15:00:00+00:00,H
12783,ZONE1,2026-06-17 15:00:00+00:00,2026-06-17 16:00:00+00:00,H
12784,ZONE1,2026-06-17 16:00:00+00:00,2026-06-17 17:00:00+00:00,H
12785,ZONE1,2026-06-17 17:00:00+00:00,2026-06-17 18:00:00+00:00,H
12786,ZONE1,2026-06-17 18:00:00+00:00,2026-06-17 19:00:00+00:00,H
12787,ZONE1,2026-06-17 19:00:00+00:00,2026-06-17 20:00:00+00:00,H
12788,ZONE1,2026-06-17 20:00:00+00:00,2026-06-17 21:00:00+00:00,H
12789,ZONE1,2026-06-17 21:00:00+00:00,2026-06-17 22:00:00+00:00,H
12790,ZONE1,2026-06-17 22:00:00+00:00,2026-06-17 23:00:00+00:00,H
12791,ZONE1,2026-06-17 23:00:00+00:00,2026-06-18 00:00:00+00:00,H
12792,ZONE1,2026-06-18 00:00:00+00:00,2026-06-18 01:00:00+00:00,H
12793,ZONE1,2026-06-18 01:00:00+00:00,2026-06-18 02:00:00+00:00,H
12794,ZONE1,2026-06-18 02:00:00+00:00,2026-06-18 03:00:00+00:00,H
12795,ZONE1,2026-06-18 03:00:00+00:00,2026-06-18 04:00:00+00:00,H
12796,ZONE1,2026-06-18 04:00:00+00:00,2026-06-18 05:00:00+00:00,H
12797,ZONE1,2026-06-18 05:00:00+00:00,2026-06-18 06:00:00+00:00,H
12798,ZONE1,2026-06-18 06:00:00+00:00,2026-06-18 07:00:00+00:00,H
12799,ZONE1,2026-06-18 07:00:00+00:00,2026-06-18 08:00:00+00:00,H
12800,ZONE1,2026-06-18 08:00:00+00:00,2026-06-18 09:00:00+00:00,H
12801,ZONE1,2026-06-18 09:00:00+00:00,2026-06-18 10:00:00+00:00,H
12802,ZONE1,2026-06-18 10:00:00+00:00,2026-06-18 11:00:00+00:00,H
12803,ZONE1,2026-06-18 11:00:00+00:00,2026-06-18 12:00:00+00:00,H
12804,ZONE1,2026-06-18 12:00:00+00:00,2026-06-18 13:00:00+00:00,H
12805,ZONE1,2026-06-18 13:00:00+00:00,2026-06-18 14:00:00+00:00,H
12806,ZONE1,2026-06-18 14:00:00+00:00,2026-06-18 15:00:00+00:00,H
12807,ZONE1,2026-06-18 15:00:00+00:00,2026-06-18 16:00:00+00:00,H
12808,ZONE1,2026-06-18 16:00:00+00:00,2026-06-18 17:00:00+00:00,H
12809,ZONE1,2026-06-18 17:00:00+00:00,2026-06-18 18:00:00+00:00,H
12810,ZONE1,2026-06-18 18:00:00+00:00,2026-06-18 19:00:00+00:00,H
12811,ZONE1,2026-06-18 19:00:00+00:00,2026-06-18 20:00:00+00:00,H
12812,ZONE1,2026-06-18 20:00:00+00:00,2026-06-18 21:00:00+00:00,H
12813,ZONE1,2026-06-18 21:00:00+00:00,2026-06-18 22:00:00+00:00,H
12814,ZONE1,2026-06-18 22:00:00+00:00,2026-06-18 23:00:00+00:00,H
12815,ZONE1,2026-06-18 23:00:00+00:00,2026-06-19 00:00:00+00:00,H
12816,ZONE1,2026-06-19 00:00:00+00:00,2026-06-19 01:00:00+00:00,H
12817,ZONE1,2026-06-19 01:00:00+00:00,2026-06-19 02:00:00+00:00,H
12818,ZONE1,2026-06-19 02:00:00+00:00,2026-06-19 03:00:00+00:00,H
12819,ZONE1,2026-06-19 03:00:00+00:00,2026-06-19 04:00:00+00:00,H
12820,ZONE1,2026-06-19 04:00:00+00:00,2026-06-19 05:00:00+00:00,H
12821,ZONE1,2026-06-19 05:00:00+00:00,2026-06-19 06:00:00+00:00,H
12822,ZONE1,2026-06-19 06:00:00+00:00,2026-06-19 07:00:00+00:00,H
12823,ZONE1,2026-06-19 07:00:00+00:00,2026-06-19 08:00:00+00:00,H
12824,ZONE1,2026-06-19 08:00:00+00:00,2026-06-19 09:00:00+00:00,H
12825,ZONE1,2026-06-19 09:00:00+00:00,2026-06-19 10:00:00+00:00,H
12826,ZONE1,2026-06-19 10:00:00+00:00,2026-06-19 11:00:00+00:00,H
12827,ZONE1,2026-06-19 11:00:00+00:00,2026-06-19 12:00:00+00:00,H
12828,ZONE1,2026-06-19 12:00:00+00:00,2026-06-19 13:00:00+00:00,H
12829,ZONE1,2026-06-19 13:00:00+00:00,2026-06-19 14:00:00+00:00,H
12830,ZONE1,2026-06-19 14:00:00+00:00,2026-06-19 15:00:00+00:00,H
12831,ZONE1,2026-06-19 15:00:00+00:00,2026-06-19 16:00:00+00:00,H
12832,ZONE1,2026-06-19 16:00:00+00:00,2026-06-19 17:00:00+00:00,H
12833,ZONE1,2026-06-19 17:00:00+00:00,2026-06-19 18:00:00+00:00,H
12834,ZONE1,2026-06-19 18:00:00+00:00,2026-06-19 19:00:00+00:00,H
12835,ZONE1,2026-06-19 19:00:00+00:00,2026-06-19 20:00:00+00:00,H
12836,ZONE1,2026-06-19 20:00:00+00:00,2026-06-19 21:00:00+00:00,H
12837,ZONE1,2026-06-19 21:00:00+00:00,2026-06-19 22:00:00+00:00,H
12838,ZONE1,2026-06-19 22:00:00+00:00,2026-06-19 23:00:00+00:00,H
12839,ZONE1,2026-06-19 23:00:00+00:00,2026-06-20 00:00:00+00:00,H
12840,ZONE1,2026-06-20 00:00:00+00:00,2026-06-20 01:00:00+00:00,H
12841,ZONE1,2026-06-20 01:00:00+00:00,2026-06-20 02:00:00+00:00,H
12842,ZONE1,2026-06-20 02:00:00+00:00,2026-06-20 03:00:00+00:00,H
12843,ZONE1,2026-06-20 03:00:00+00:00,2026-06-20 04:00:00+00:00,H
12844,ZONE1,2026-06-20 04:00:00+00:00,2026-06-20 05:00:00+00:00,H
12845,ZONE1,2026-06-20 05:00:00+00:00,2026-06-20 06:00:00+00:00,H
12846,ZONE1,2026-06-20 06:00:00+00:00,2026-06-20 07:00:00+00:00,H
12847,ZONE1,2026-06-20 07:00:00+00:00,2026-06-20 08:00:00+00:00,H
12848,ZONE1,2026-06-20 08:00:00+00:00,2026-06-20 09:00:00+00:00,H
12849,ZONE1,2026-06-20 09:00:00+00:00,2026-06-20 10:00:00+00:00,H
12850,ZONE1,2026-06-20 10:00:00+00:00,2026-06-20 11:00:00+00:00,H
12851,ZONE1,2026-06-20 11:00:00+00:00,2026-06-20 12:00:00+00:00,H
12852,ZONE1,2026-06-20 12:00:00+00:00,2026-06-20 13:00:00+00:00,H
12853,ZONE1,2026-06-20 13:00:00+00:00,2026-06-20 14:00:00+00:00,H
12854,ZONE1,2026-06-20 14:00:00+00:00,2026-06-20 15:00:00+00:00,H
12855,ZONE1,2026-06-20 15:00:00+00:00,2026-06-20 16:00:00+00:00,H
12856,ZONE1,2026-06-20 16:00:00+00:00,2026-06-20 17:00:00+00:00,H
12857,ZONE1,2026-06-20 17:00:00+00:00,2026-06-20 18:00:00+00:00,H
12858,ZONE1,2026-06-20 18:00:00+00:00,2026-06-20 19:00:00+00:00,H
12859,ZONE1,2026-06-20 19:00:00+00:00,2026-06-20 20:00:00+00:00,H
12860,ZONE1,2026-06-20 20:00:00+00:00,2026-06-20 21:00:00+00:00,H
12861,ZONE1,2026-06-20 21:00:00+00:00,2026-06-20 22:00:00+00:00,H
12862,ZONE1,2026-06-20 22:00:00+00:00,2026-06-20 23:00:00+00:00,H
12863,ZONE1,2026-06-20 23:00:00+00:00,2026-06-21 00:00:00+00:00,H
12864,ZONE1,2026-06-21 00:00:00+00:00,2026-06-21 01:00:00+00:00,H
12865,ZONE1,2026-06-21 01:00:00+00:00,2026-06-21 02:00:00+00:00,H
12866,ZONE1,2026-06-21 02:00:00+00:00,2026-06-21 03:00:00+00:00,H
12867,ZONE1,2026-06-21 03:00:00+00:00,2026-06-21 04:00:00+00:00,H
12868,ZONE1,2026-06-21 04:00:00+00:00,2026-06-21 05:00:00+00:00,H
12869,ZONE1,2026-06-21 05:00:00+00:00,2026-06-21 06:00:00+00:00,H
12870,ZONE1,2026-06-21 06:00:00+00:00,2026-06-21 07:00:00+00:00,H
12871,ZONE1,2026-06-21 07:00:00+00:00,2026-06-21 08:00:00+00:00,H
12872,ZONE1,2026-06-21 08:00:00+00:00,2026-06-21 09:00:00+00:00,H
12873,ZONE1,2026-06-21 09:00:00+00:00,2026-06-21 10:00:00+00:00,H
12874,ZONE1,2026-06-21 10:00:00+00:00,2026-06-21 11:00:00+00:00,H
12875,ZONE1,2026-06-21 11:00:00+00:00,2026-06-21 12:00:00+00:00,H
12876,ZONE1,2026-06-21 12:00:00+00:00,2026-06-21 13:00:00+00:00,H
12877,ZONE1,2026-06-21 13:00:00+00:00,2026-06-21 14:00:00+00:00,H
12878,ZONE1,2026-06-21 14:00:00+00:00,2026-06-21 15:00:00+00:00,H
12879,ZONE1,2026-06-21 15:00:00+00:00,2026-06-21 16:00:00+00:00,H
12880,ZONE1,2026-06-21 16:00:00+00:00,2026-06-21 17:00:00+00:00,H
12881,ZONE1,2026-06-21 17:00:00+00:00,2026-06-21 18:00:00+00:00,H
12882,ZONE1,2026-06-21 18:00:00+00:00,2026-06-21 19:00:00+00:00,H
12883,ZONE1,2026-06-21 19:00:00+00:00,2026-06-21 20:00:00+00:00,H
12884,ZONE1,2026-06-21 20:00:00+00:00,2026-06-21 21:00:00+00:00,H
12885,ZONE1,2026-06-21 21:00:00+00:00,2026-06-21 22:00:00+00:00,H
12886,ZONE1,2026-06-21 22:00:00+00:00,2026-06-21 23:00:00+00:00,H
12887,ZONE1,2026-06-21 23:00:00+00:00,2026-06-22 00:00:00+00:00,H
12888,ZONE1,2026-06-22 00:00:00+00:00,2026-06-22 01:00:00+00:00,H
12889,ZONE1,2026-06-22 01:00:00+00:00,2026-06-22 02:00:00+00:00,H
12890,ZONE1,2026-06-22 02:00:00+00:00,2026-06-22 03:00:00+00:00,H
12891,ZONE1,2026-06-22 03:00:00+00:00,2026-06-22 04:00:00+00:00,H
12892,ZONE1,2026-06-22 04:00:00+00:00,2026-06-22 05:00:00+00:00,H
12893,ZONE1,2026-06-22 05:00:00+00:00,2026-06-22 06:00:00+00:00,H
12894,ZONE1,2026-06-22 06:00:00+00:00,2026-06-22 07:00:00+00:00,H
12895,ZONE1,2026-06-22 07:00:00+00:00,2026-06-22 08:00:00+00:00,H
12896,ZONE1,2026-06-22 08:00:00+00:00,2026-06-22 09:00:00+00:00,H
12897,ZONE1,2026-06-22 09:00:00+00:00,2026-06-22 10:00:00+00:00,H
12898,ZONE1,2026-06-22 10:00:00+00:00,2026-06-22 11:00:00+00:00,H
12899,ZONE1,2026-06-22 11:00:00+00:00,2026-06-22 12:00:00+00:00,H
12900,ZONE1,2026-06-22 12:00:00+00:00,2026-06-22 13:00:00+00:00,H
12901,ZONE1,2026-06-22 13:00:00+00:00,2026-06-22 14:00:00+00:00,H
12902,ZONE1,2026-06-22 14:00:00+00:00,2026-06-22 15:00:00+00:00,H
12903,ZONE1,2026-06-22 15:00:00+00:00,2026-06-22 16:00:00+00:00,H
12904,ZONE1,2026-06-22 16:00:00+00:00,2026-06-22 17:00:00+00:00,H
12905,ZONE1,2026-06-22 17:00:00+00:00,2026-06-22 18:00:00+00:00,H
12906,ZONE1,2026-06-22 18:00:00+00:00,2026-06-22 19:00:00+00:00,H
12907,ZONE1,2026-06-22 19:00:00+00:00,2026-06-22 20:00:00+00:00,H
12908,ZONE1,2026-06-22 20:00:00+00:00,2026-06-22 21:00:00+00:00,H
12909,ZONE1,2026-06-22 21:00:00+00:00,2026-06-22 22:00:00+00:00,H
12910,ZONE1,2026-06-22 22:00:00+00:00,2026-06-22 23:00:00+00:00,H
12911,ZONE1,2026-06-22 23:00:00+00:00,2026-06-23 00:00:00+00:00,H
12912,ZONE1,2026-06-23 00:00:00+00:00,2026-06-23 01:00:00+00:00,H
12913,ZONE1,2026-06-23 01:00:00+00:00,2026-06-23 02:00:00+00:00,H
12914,ZONE1,2026-06-23 02:00:00+00:00,2026-06-23 03:00:00+00:00,H
12915,ZONE1,2026-06-23 03:00:00+00:00,2026-06-23 04:00:00+00:00,H
12916,ZONE1,2026-06-23 04:00:00+00:00,2026-06-23 05:00:00+00:00,H
12917,ZONE1,2026-06-23 05:00:00+00:00,2026-06-23 06:00:00+00:00,H
12918,ZONE1,2026-06-23 06:00:00+00:00,2026-06-23 07:00:00+00:00,H
12919,ZONE1,2026-06-23 07:00:00+00:00,2026-06-23 08:00:00+00:00,H
12920,ZONE1,2026-06-23 08:00:00+00:00,2026-06-23 09:00:00+00:00,H
12921,ZONE1,2026-06-23 09:00:00+00:00,2026-06-23 10:00:00+00:00,H
12922,ZONE1,2026-06-23 10:00:00+00:00,2026-06-23 11:00:00+00:00,H
12923,ZONE1,2026-06-23 11:00:00+00:00,2026-06-23 12:00:00+00:00,H
12924,ZONE1,2026-06-23 12:00:00+00:00,2026-06-23 13:00:00+00:00,H
12925,ZONE1,2026-06-23 13:00:00+00:00,2026-06-23 14:00:00+00:00,H
12926,ZONE1,2026-06-23 14:00:00+00:00,2026-06-23 15:00:00+00:00,H
12927,ZONE1,2026-06-23 15:00:00+00:00,2026-06-23 16:00:00+00:00,H
12928,ZONE1,2026-06-23 16:00:00+00:00,2026-06-23 17:00:00+00:00,H
12929,ZONE1,2026-06-23 17:00:00+00:00,2026-06-23 18:00:00+00:00,H
12930,ZONE1,2026-06-23 18:00:00+00:00,2026-06-23 19:00:00+00:00,H
12931,ZONE1,2026-06-23 19:00:00+00:00,2026-06-23 20:00:00+00:00,H
12932,ZONE1,2026-06-23 20:00:00+00:00,2026-06-23 21:00:00+00:00,H
12933,ZONE1,2026-06-23 21:00:00+00:00,2026-06-23 22:00:00+00:00,H
12934,ZONE1,2026-06-23 22:00:00+00:00,2026-06-23 23:00:00+00:00,H
12935,ZONE1,2026-06-23 23:00:00+00:00,2026-06-24 00:00:00+00:00,H
12936,ZONE1,2026-06-24 00:00:00+00:00,2026-06-24 01:00:00+00:00,H
12937,ZONE1,2026-06-24 01:00:00+00:00,2026-06-24 02:00:00+00:00,H
12938,ZONE1,2026-06-24 02:00:00+00:00,2026-06-24 03:00:00+00:00,H
12939,ZONE1,2026-06-24 03:00:00+00:00,2026-06-24 04:00:00+00:00,H
12940,ZONE1,2026-06-24 04:00:00+00:00,2026-06-24 05:00:00+00:00,H
12941,ZONE1,2026-06-24 05:00:00+00:00,2026-06-24 06:00:00+00:00,H
12942,ZONE1,2026-06-24 06:00:00+00:00,2026-06-24 07:00:00+00:00,H
12943,ZONE1,2026-06-24 07:00:00+00:00,2026-06-24 08:00:00+00:00,H
12944,ZONE1,2026-06-24 08:00:00+00:00,2026-06-24 09:00:00+00:00,H
12945,ZONE1,2026-06-24 09:00:00+00:00,2026-06-24 10:00:00+00:00,H
12946,ZONE1,2026-06-24 10:00:00+00:00,2026-06-24 11:00:00+00:00,H
12947,ZONE1,2026-06-24 11:00:00+00:00,2026-06-24 12:00:00+00:00,H
12948,ZONE1,2026-06-24 12:00:00+00:00,2026-06-24 13:00:00+00:00,H
12949,ZONE1,2026-06-24 13:00:00+00:00,2026-06-24 14:00:00+00:00,H
12950,ZONE1,2026-06-24 14:00:00+00:00,2026-06-24 15:00:00+00:00,H
12951,ZONE1,2026-06-24 15:00:00+00:00,2026-06-24 16:00:00+00:00,H
12952,ZONE1,2026-06-24 16:00:00+00:00,2026-06-24 17:00:00+00:00,H
12953,ZONE1,2026-06-24 17:00:00+00:00,2026-06-24 18:00:00+00:00,H
12954,ZONE1,2026-06-24 18:00:00+00:00,2026-06-24 19:00:00+00:00,H
12955,ZONE1,2026-06-24 19:00:00+00:00,2026-06-24 20:00:00+00:00,H
12956,ZONE1,2026-06-24 20:00:00+00:00,2026-06-24 21:00:00+00:00,H
12957,ZONE1,2026-06-24 21:00:00+00:00,2026-06-24 22:00:00+00:00,H
12958,ZONE1,2026-06-24 22:00:00+00:00,2026-06-24 23:00:00+00:00,H
12959,ZONE1,2026-06-24 23:00:00+00:00,2026-06-25 00:00:00+00:00,H
12960,ZONE1,2026-06-25 00:00:00+00:00,2026-06-25 01:00:00+00:00,H
12961,ZONE1,2026-06-25 01:00:00+00:00,2026-06-25 02:00:00+00:00,H
12962,ZONE1,2026-06-25 02:00:00+00:00,2026-06-25 03:00:00+00:00,H
12963,ZONE1,2026-06-25 03:00:00+00:00,2026-06-25 04:00:00+00:00,H
12964,ZONE1,2026-06-25 04:00:00+00:00,2026-06-25 05:00:00+00:00,H
12965,ZONE1,2026-06-25 05:00:00+00:00,2026-06-25 06:00:00+00:00,H
12966,ZONE1,2026-06-25 06:00:00+00:00,2026-06-25 07:00:00+00:00,H
12967,ZONE1,2026-06-25 07:00:00+00:00,2026-06-25 08:00:00+00:00,H
12968,ZONE1,2026-06-25 08:00:00+00:00,2026-06-25 09:00:00+00:00,H
12969,ZONE1,2026-06-25 09:00:00+00:00,2026-06-25 10:00:00+00:00,H
12970,ZONE1,2026-06-25 10:00:00+00:00,2026-06-25 11:00:00+00:00,H
12971,ZONE1,2026-06-25 11:00:00+00:00,2026-06-25 12:00:00+00:00,H
12972,ZONE1,2026-06-25 12:00:00+00:00,2026-06-25 13:00:00+00:00,H
12973,ZONE1,2026-06-25 13:00:00+00:00,2026-06-25 14:00:00+00:00,H
12974,ZONE1,2026-06-25 14:00:00+00:00,2026-06-25 15:00:00+00:00,H
12975,ZONE1,2026-06-25 15:00:00+00:00,2026-06-25 16:00:00+00:00,H
12976,ZONE1,2026-06-25 16:00:00+00:00,2026-06-25 17:00:00+00:00,H
12977,ZONE1,2026-06-25 17:00:00+00:00,2026-06-25 18:00:00+00:00,H
12978,ZONE1,2026-06-25 18:00:00+00:00,2026-06-25 19:00:00+00:00,H
12979,ZONE1,2026-06-25 19:00:00+00:00,2026-06-25 20:00:00+00:00,H
12980,ZONE1,2026-06-25 20:00:00+00:00,2026-06-25 21:00:00+00:00,H
12981,ZONE1,2026-06-25 21:00:00+00:00,2026-06-25 22:00:00+00:00,H
12982,ZONE1,2026-06-25 22:00:00+00:00,2026-06-25 23:00:00+00:00,H
12983,ZONE1,2026-06-25 23:00:00+00:00,2026-06-26 00:00:00+00:00,H
12984,ZONE1,2026-06-26 00:00:00+00:00,2026-06-26 01:00:00+00:00,H
12985,ZONE1,2026-06-26 01:00:00+00:00,2026-06-26 02:00:00+00:00,H
12986,ZONE1,2026-06-26 02:00:00+00:00,2026-06-26 03:00:00+00:00,H
12987,ZONE1,2026-06-26 03:00:00+00:00,2026-06-26 04:00:00+00:00,H
12988,ZONE1,2026-06-26 04:00:00+00:00,2026-06-26 05:00:00+00:00,H
12989,ZONE1,2026-06-26 05:00:00+00:00,2026-06-26 06:00:00+00:00,H
12990,ZONE1,2026-06-26 06:00:00+00:00,2026-06-26 07:00:00+00:00,H
12991,ZONE1,2026-06-26 07:00:00+00:00,2026-06-26 08:00:00+00:00,H
12992,ZONE1,2026-06-26 08:00:00+00:00,2026-06-26 09:00:00+00:00,H
12993,ZONE1,2026-06-26 09:00:00+00:00,2026-06-26 10:00:00+00:00,H
12994,ZONE1,2026-06-26 10:00:00+00:00,2026-06-26 11:00:00+00:00,H
12995,ZONE1,2026-06-26 11:00:00+00:00,2026-06-26 12:00:00+00:00,H
12996,ZONE1,2026-06-26 12:00:00+00:00,2026-06-26 13:00:00+00:00,H
12997,ZONE1,2026-06-26 13:00:00+00:00,2026-06-26 14:00:00+00:00,H
12998,ZONE1,2026-06-26 14:00:00+00:00,2026-06-26 15:00:00+00:00,H
12999,ZONE1,2026-06-26 15:00:00+00:00,2026-06-26 16:00:00+00:00,H
13000,ZONE1,2026-06-26 16:00:00+00:00,2026-06-26 17:00:00+00:00,H
13001,ZONE1,2026-06-26 17:00:00+00:00,2026-06-26 18:00:00+00:00,H
13002,ZONE1,2026-06-26 18:00:00+00:00,2026-06-26 19:00:00+00:00,H
13003,ZONE1,2026-06-26 19:00:00+00:00,2026-06-26 20:00:00+00:00,H
13004,ZONE1,2026-06-26 20:00:00+00:00,2026-06-26 21:00:00+00:00,H
13005,ZONE1,2026-06-26 21:00:00+00:00,2026-06-26 22:00:00+00:00,H
13006,ZONE1,2026-06-26 22:00:00+00:00,2026-06-26 23:00:00+00:00,H
13007,ZONE1,2026-06-26 23:00:00+00:00,2026-06-27 00:00:00+00:00,H
13008,ZONE1,2026-06-27 00:00:00+00:00,2026-06-27 01:00:00+00:00,H
13009,ZONE1,2026-06-27 01:00:00+00:00,2026-06-27 02:00:00+00:00,H
13010,ZONE1,2026-06-27 02:00:00+00:00,2026-06-27 03:00:00+00:00,H
13011,ZONE1,2026-06-27 03:00:00+00:00,2026-06-27 04:00:00+00:00,H
13012,ZONE1,2026-06-27 04:00:00+00:00,2026-06-27 05:00:00+00:00,H
13013,ZONE1,2026-06-27 05:00:00+00:00,2026-06-27 06:00:00+00:00,H
13014,ZONE1,2026-06-27 06:00:00+00:00,2026-06-27 07:00:00+00:00,H
13015,ZONE1,2026-06-27 07:00:00+00:00,2026-06-27 08:00:00+00:00,H
13016,ZONE1,2026-06-27 08:00:00+00:00,2026-06-27 09:00:00+00:00,H
13017,ZONE1,2026-06-27 09:00:00+00:00,2026-06-27 10:00:00+00:00,H
13018,ZONE1,2026-06-27 10:00:00+00:00,2026-06-27 11:00:00+00:00,H
13019,ZONE1,2026-06-27 11:00:00+00:00,2026-06-27 12:00:00+00:00,H
13020,ZONE1,2026-06-27 12:00:00+00:00,2026-06-27 13:00:00+00:00,H
13021,ZONE1,2026-06-27 13:00:00+00:00,2026-06-27 14:00:00+00:00,H
13022,ZONE1,2026-06-27 14:00:00+00:00,2026-06-27 15:00:00+00:00,H
13023,ZONE1,2026-06-27 15:00:00+00:00,2026-06-27 16:00:00+00:00,H
13024,ZONE1,2026-06-27 16:00:00+00:00,2026-06-27 17:00:00+00:00,H
13025,ZONE1,2026-06-27 17:00:00+00:00,2026-06-27 18:00:00+00:00,H
13026,ZONE1,2026-06-27 18:00:00+00:00,2026-06-27 19:00:00+00:00,H
13027,ZONE1,2026-06-27 19:00:00+00:00,2026-06-27 20:00:00+00:00,H
13028,ZONE1,2026-06-27 20:00:00+00:00,2026-06-27 21:00:00+00:00,H
13029,ZONE1,2026-06-27 21:00:00+00:00,2026-06-27 22:00:00+00:00,H
13030,ZONE1,2026-06-27 22:00:00+00:00,2026-06-27 23:00:00+00:00,H
13031,ZONE1,2026-06-27 23:00:00+00:00,2026-06-28 00:00:00+00:00,H
13032,ZONE1,2026-06-28 00:00:00+00:00,2026-06-28 01:00:00+00:00,H
13033,ZONE1,2026-06-28 01:00:00+00:00,2026-06-28 02:00:00+00:00,H
13034,ZONE1,2026-06-28 02:00:00+00:00,2026-06-28 03:00:00+00:00,H
13035,ZONE1,2026-06-28 03:00:00+00:00,2026-06-28 04:00:00+00:00,H
13036,ZONE1,2026-06-28 04:00:00+00:00,2026-06-28 05:00:00+00:00,H
13037,ZONE1,2026-06-28 05:00:00+00:00,2026-06-28 06:00:00+00:00,H
13038,ZONE1,2026-06-28 06:00:00+00:00,2026-06-28 07:00:00+00:00,H
13039,ZONE1,2026-06-28 07:00:00+00:00,2026-06-28 08:00:00+00:00,H
13040,ZONE1,2026-06-28 08:00:00+00:00,2026-06-28 09:00:00+00:00,H
13041,ZONE1,2026-06-28 09:00:00+00:00,2026-06-28 10:00:00+00:00,H
13042,ZONE1,2026-06-28 10:00:00+00:00,2026-06-28 11:00:00+00:00,H
13043,ZONE1,2026-06-28 11:00:00+00:00,2026-06-28 12:00:00+00:00,H
13044,ZONE1,2026-06-28 12:00:00+00:00,2026-06-28 13:00:00+00:00,H
13045,ZONE1,2026-06-28 13:00:00+00:00,2026-06-28 14:00:00+00:00,H
13046,ZONE1,2026-06-28 14:00:00+00:00,2026-06-28 15:00:00+00:00,H
13047,ZONE1,2026-06-28 15:00:00+00:00,2026-06-28 16:00:00+00:00,H
13048,ZONE1,2026-06-28 16:00:00+00:00,2026-06-28 17:00:00+00:00,H
13049,ZONE1,2026-06-28 17:00:00+00:00,2026-06-28 18:00:00+00:00,H
13050,ZONE1,2026-06-28 18:00:00+00:00,2026-06-28 19:00:00+00:00,H
13051,ZONE1,2026-06-28 19:00:00+00:00,2026-06-28 20:00:00+00:00,H
13052,ZONE1,2026-06-28 20:00:00+00:00,2026-06-28 21:00:00+00:00,H
13053,ZONE1,2026-06-28 21:00:00+00:00,2026-06-28 22:00:00+00:00,H
13054,ZONE1,2026-06-28 22:00:00+00:00,2026-06-28 23:00:00+00:00,H
13055,ZONE1,2026-06-28 23:00:00+00:00,2026-06-29 00:00:00+00:00,H
13056,ZONE1,2026-06-29 00:00:00+00:00,2026-06-29 01:00:00+00:00,H
13057,ZONE1,2026-06-29 01:00:00+00:00,2026-06-29 02:00:00+00:00,H
13058,ZONE1,2026-06-29 02:00:00+00:00,2026-06-29 03:00:00+00:00,H
13059,ZONE1,2026-06-29 03:00:00+00:00,2026-06-29 04:00:00+00:00,H
13060,ZONE1,2026-06-29 04:00:00+00:00,2026-06-29 05:00:00+00:00,H
13061,ZONE1,2026-06-29 05:00:00+00:00,2026-06-29 06:00:00+00:00,H
13062,ZONE1,2026-06-29 06:00:00+00:00,2026-06-29 07:00:00+00:00,H
13063,ZONE1,2026-06-29 07:00:00+00:00,2026-06-29 08:00:00+00:00,H
13064,ZONE1,2026-06-29 08:00:00+00:00,2026-06-29 09:00:00+00:00,H
13065,ZONE1,2026-06-29 09:00:00+00:00,2026-06-29 10:00:00+00:00,H
13066,ZONE1,2026-06-29 10:00:00+00:00,2026-06-29 11:00:00+00:00,H
13067,ZONE1,2026-06-29 11:00:00+00:00,2026-06-29 12:00:00+00:00,H
13068,ZONE1,2026-06-29 12:00:00+00:00,2026-06-29 13:00:00+00:00,H
13069,ZONE1,2026-06-29 13:00:00+00:00,2026-06-29 14:00:00+00:00,H
13070,ZONE1,2026-06-29 14:00:00+00:00,2026-06-29 15:00:00+00:00,H
13071,ZONE1,2026-06-29 15:00:00+00:00,2026-06-29 16:00:00+00:00,H
13072,ZONE1,2026-06-29 16:00:00+00:00,2026-06-29 17:00:00+00:00,H
13073,ZONE1,2026-06-29 17:00:00+00:00,2026-06-29 18:00:00+00:00,H
13074,ZONE1,2026-06-29 18:00:00+00:00,2026-06-29 19:00:00+00:00,H
13075,ZONE1,2026-06-29 19:00:00+00:00,2026-06-29 20:00:00+00:00,H
13076,ZONE1,2026-06-29 20:00:00+00:00,2026-06-29 21:00:00+00:00,H
13077,ZONE1,2026-06-29 21:00:00+00:00,2026-06-29 22:00:00+00:00,H
13078,ZONE1,2026-06-29 22:00:00+00:00,2026-06-29 23:00:00+00:00,H
13079,ZONE1,2026-06-29 23:00:00+00:00,2026-06-30 00:00:00+00:00,H
13080,ZONE1,2026-06-30 00:00:00+00:00,2026-06-30 01:00:00+00:00,H
13081,ZONE1,2026-06-30 01:00:00+00:00,2026-06-30 02:00:00+00:00,H
13082,ZONE1,2026-06-30 02:00:00+00:00,2026-06-30 03:00:00+00:00,H
13083,ZONE1,2026-06-30 03:00:00+00:00,2026-06-30 04:00:00+00:00,H
13084,ZONE1,2026-06-30 04:00:00+00:00,2026-06-30 05:00:00+00:00,H
13085,ZONE1,2026-06-30 05:00:00+00:00,2026-06-30 06:00:00+00:00,H
13086,ZONE1,2026-06-30 06:00:00+00:00,2026-06-30 07:00:00+00:00,H
13087,ZONE1,2026-06-30 07:00:00+00:00,2026-06-30 08:00:00+00:00,H
13088,ZONE1,2026-06-30 08:00:00+00:00,2026-06-30 09:00:00+00:00,H
13089,ZONE1,2026-06-30 09:00:00+00:00,2026-06-30 10:00:00+00:00,H
13090,ZONE1,2026-06-30 10:00:00+00:00,2026-06-30 11:00:00+00:00,H
13091,ZONE1,2026-06-30 11:00:00+00:00,2026-06-30 12:00:00+00:00,H
13092,ZONE1,2026-06-30 12:00:00+00:00,2026-06-30 13:00:00+00:00,H
13093,ZONE1,2026-06-30 13:00:00+00:00,2026-06-30 14:00:00+00:00,H
13094,ZONE1,2026-06-30 14:00:00+00:00,2026-06-30 15:00:00+00:00,H
13095,ZONE1,2026-06-30 15:00:00+00:00,2026-06-30 16:00:00+00:00,H
13096,ZONE1,2026-06-30 16:00:00+00:00,2026-06-30 17:00:00+00:00,H
13097,ZONE1,2026-06-30 17:00:00+00:00,2026-06-30 18:00:00+00:00,H
13098,ZONE1,2026-06-30 18:00:00+00:00,2026-06-30 19:00:00+00:00,H
13099,ZONE1,2026-06-30 19:00:00+00:00,2026-06-30 20:00:00+00:00,H
13100,ZONE1,2026-06-30 20:00:00+00:00,2026-06-30 21:00:00+00:00,H
13101,ZONE1,2026-06-30 21:00:00+00:00,2026-06-30 22:00:00+00:00,H
13102,ZONE1,2026-06-30 22:00:00+00:00,2026-06-30 23:00:00+00:00,H
13103,ZONE1,2026-06-30 23:00:00+00:00,2026-07-01 00:00:00+00:00,H
